{
    "content": "<p>By：TOM@JERRY</p>\n\n<p><br />\nDNF异界三散件附魔气息百分比成功的修改地方是在气息的那个文件里修改<br />\n那里有两个数值一个100一个11 把11修改成100就可以百分百成功了<br />\nconsumption_1254.stk&nbsp;&nbsp; &nbsp;</p>\n\n<p>&nbsp;&nbsp;&nbsp;&nbsp;&nbsp;&nbsp; 本来是这样的</p>\n\n<p>&nbsp;&nbsp;&nbsp;&nbsp;&nbsp;&nbsp; 把11成100后就100%成功了</p>\n\n<p><img alt=\"\" height=\"134\" src=\"/media/uploads/2023/04/24/image-20230424221941-1.png\" width=\"476\" /></p>\n\n<p>&nbsp;</p>\n",
    "auth_users": "学院搬运工",
    "img": "https://dafstatic.oss-cn-beijing.aliyuncs.com/static/title/level4.gif",
    "create_at": "2023-04-24T14:19:50.061",
    "view_num": 1234
}