{
    "content": "<p><span style=\"color:#0000ff; font-family:微软雅黑; font-size:small\">鬼剑士异界词缀<br />\n[character item check]<br />\n0&nbsp;1&nbsp;`weapon`<br />\n[/character item check]<br />\n[character item check]<br />\n0&nbsp;2&nbsp;`weapon`</span></p>\n\n<p><span style=\"color:#0000ff; font-family:微软雅黑; font-size:small\">[/character item check]<br />\n[character item check]<br />\n0&nbsp;3&nbsp;`weapon`</span></p>\n\n<p><span style=\"color:#0000ff; font-family:微软雅黑; font-size:small\">[/character item check]<br />\n[character item check]<br />\n0&nbsp;4&nbsp;`weapon`</span></p>\n\n<p><span style=\"color:#0000ff; font-family:微软雅黑; font-size:small\">[/character item check]</span></p>\n\n<p><span style=\"color:#0000ff; font-family:微软雅黑; font-size:small\">格斗家异界词缀<br />\n[character item check]<br />\n1&nbsp;1&nbsp;`weapon`<br />\n7&nbsp;1&nbsp;`weapon`</span></p>\n\n<p><span style=\"color:#0000ff; font-family:微软雅黑; font-size:small\">[/character item check]<br />\n[character item check]<br />\n1&nbsp;2&nbsp;`weapon`<br />\n7&nbsp;2&nbsp;`weapon`</span></p>\n\n<p><span style=\"color:#0000ff; font-family:微软雅黑; font-size:small\">[/character item check]<br />\n[character item check]<br />\n1&nbsp;3&nbsp;`weapon`<br />\n7&nbsp;3&nbsp;`weapon`</span></p>\n\n<p><span style=\"color:#0000ff; font-family:微软雅黑; font-size:small\">[/character item check]<br />\n[character item check]<br />\n1&nbsp;4&nbsp;`weapon`<br />\n7&nbsp;4&nbsp;`weapon`</span></p>\n\n<p><span style=\"color:#0000ff; font-family:微软雅黑; font-size:small\">[/character item check]</span></p>\n\n<p><span style=\"color:#0000ff; font-family:微软雅黑; font-size:small\">神枪手异界词缀<br />\n[character item check]<br />\n2&nbsp;1&nbsp;`weapon`<br />\n5&nbsp;1&nbsp;`weapon`</span></p>\n\n<p><span style=\"color:#0000ff; font-family:微软雅黑; font-size:small\">[/character item check]<br />\n[character item check]<br />\n2&nbsp;2&nbsp;`weapon`<br />\n5&nbsp;2&nbsp;`weapon`</span></p>\n\n<p><span style=\"color:#0000ff; font-family:微软雅黑; font-size:small\">[/character item check]<br />\n[character item check]<br />\n2&nbsp;3&nbsp;`weapon`<br />\n5&nbsp;3&nbsp;`weapon`</span></p>\n\n<p><span style=\"color:#0000ff; font-family:微软雅黑; font-size:small\">[/character item check]<br />\n[character item check]<br />\n2&nbsp;4&nbsp;`weapon`<br />\n5&nbsp;4&nbsp;`weapon`</span></p>\n\n<p><span style=\"color:#0000ff; font-family:微软雅黑; font-size:small\">[/character item check]</span></p>\n\n<p><span style=\"color:#0000ff; font-family:微软雅黑; font-size:small\">女法师异界词缀<br />\n[character item check]<br />\n3&nbsp;1&nbsp;`weapon`</span></p>\n\n<p><span style=\"color:#0000ff; font-family:微软雅黑; font-size:small\">[/character item check]<br />\n[character item check]<br />\n3&nbsp;2&nbsp;`weapon`</span></p>\n\n<p><span style=\"color:#0000ff; font-family:微软雅黑; font-size:small\">[/character item check]<br />\n[character item check]<br />\n3&nbsp;3&nbsp;`weapon`</span></p>\n\n<p><span style=\"color:#0000ff; font-family:微软雅黑; font-size:small\">[/character item check]<br />\n[character item check]<br />\n3&nbsp;4&nbsp;`weapon`</span></p>\n\n<p><span style=\"color:#0000ff; font-family:微软雅黑; font-size:small\">[/character item check]</span></p>\n\n<p><span style=\"color:#0000ff; font-family:微软雅黑; font-size:small\">男法师异界词缀<br />\n[character item check]<br />\n8&nbsp;1&nbsp;`weapon`</span></p>\n\n<p><span style=\"color:#0000ff; font-family:微软雅黑; font-size:small\">[/character item check]<br />\n[character item check]<br />\n8&nbsp;2&nbsp;`weapon`</span></p>\n\n<p><span style=\"color:#0000ff; font-family:微软雅黑; font-size:small\">[/character item check]</span></p>\n\n<p><span style=\"color:#0000ff; font-family:微软雅黑; font-size:small\">圣职者异界词缀<br />\n[character item check]<br />\n4&nbsp;1&nbsp;`weapon`</span></p>\n\n<p><span style=\"color:#0000ff; font-family:微软雅黑; font-size:small\">[/character item check]<br />\n[character item check]<br />\n4&nbsp;2&nbsp;`weapon`</span></p>\n\n<p><span style=\"color:#0000ff; font-family:微软雅黑; font-size:small\">[/character item check]<br />\n[character item check]<br />\n4&nbsp;3&nbsp;`weapon`</span></p>\n\n<p><span style=\"color:#0000ff; font-family:微软雅黑; font-size:small\">[/character item check]<br />\n[character item check]<br />\n4&nbsp;4&nbsp;`weapon`</span></p>\n\n<p><span style=\"color:#0000ff; font-family:微软雅黑; font-size:small\">[/character item check]</span></p>\n\n<p><span style=\"color:#0000ff; font-family:微软雅黑; font-size:small\">暗夜使者异界词缀<br />\n[character item check]<br />\n6&nbsp;1&nbsp;`weapon`</span></p>\n\n<p><span style=\"color:#0000ff; font-family:微软雅黑; font-size:small\">[/character item check]<br />\n[character item check]<br />\n6&nbsp;2&nbsp;`weapon`</span></p>\n\n<p><span style=\"color:#808080\"><span style=\"font-family:宋体\"><span style=\"color:#0000ff; font-family:微软雅黑; font-size:small\">[/character item check]</span></span></span></p>",
    "auth_users": "学院搬运工",
    "img": "https://dafstatic.oss-cn-beijing.aliyuncs.com/static/title/level4.gif",
    "create_at": "2023-05-05T22:22:43.822",
    "view_num": 1271
}