{
    "content": "<p>附加异常状态，目标对象具体得看设置，状态为混乱</p>\n\n<p>[active status]<br />\n`blind` 74 90 20<br />\n第一个数值：失明Lv：74<br />\n第二个数值：视野减少90%<br />\n第三个数值：命中率减少：20%<br />\n-----------------------------------------------------</p>\n\n<p>`lightning` 30 105<br />\n第一个数值：感电Lv：30<br />\n第二个数值：感电攻击力：105<br />\n-----------------------------------------------------</p>\n\n<p>`burn` 60 750 35 1 2000<br />\n第一个数值：灼伤Lv：60<br />\n第二个数值：对象（每0.5秒）灼伤总伤害值：750<br />\n第三个数值：对周围对象灼伤总伤害值：35<br />\n第四个数值：未知<br />\n第五个数值：对周围对象的灼伤伤害间隔时间：2秒</p>\n\n<p>注释：总伤害，需要除以间隔伤害得出灼伤攻击力<br />\n-----------------------------------------------------</p>\n\n<p>`freeze` 30<br />\n第一个数值：冰冻Lv：30<br />\n-----------------------------------------------------</p>\n\n<p>`hold` 69<br />\n第一个数值：束缚Lv：69<br />\n-----------------------------------------------------</p>\n\n<p>`sleep` 22<br />\n第一个数值：睡眠Lv：22<br />\n-----------------------------------------------------</p>\n\n<p>`bleeding` 65 1500<br />\n第一个数值：出血Lv：65<br />\n第二个数值：对象（每0.5秒）出血总伤害值：1500<br />\n-----------------------------------------------------</p>\n\n<p>`confuse` 64 1<br />\n第一个数值：混乱Lv：64<br />\n第二个数值：未知（写1就可以了）<br />\n-----------------------------------------------------</p>\n\n<p>`curse` 62 45 45 45 45<br />\n第一个数值：诅咒Lv：64<br />\n第二个数值：减少力量：45<br />\n第三个数值：减少体力：45<br />\n第四个数值：减少智力：45<br />\n第五个数值：减少精神：45<br />\n-----------------------------------------------------</p>\n\n<p>`stone` 24 450<br />\n第一个数值：石化Lv：60<br />\n第二个数值：解除时给予伤害的攻击力：450<br />\n-----------------------------------------------------</p>\n\n<p>`poison` 40 1800<br />\n第一个数值：中毒Lv：40<br />\n第二个数值：对象（每0.5秒）出血总伤害值：1500<br />\n-----------------------------------------------------</p>\n\n<p>`weapon break` 40 30<br />\n第一个数值：破武器Lv：40<br />\n第二个数值：暂时无法使用武器且耐久度消耗增加倍数：30倍<br />\n-----------------------------------------------------</p>\n\n<p>`armor break` 40 30<br />\n第一个数值：破甲Lv：40<br />\n第二个数值：暂时无法使用护甲且耐久度消耗增加倍数：30倍</p>\n\n<p>&nbsp;</p>\n\n<p>--------------------------------------------------------------------------------</p>\n\n<p>&nbsp;</p>\n\n<p>状态代码：</p>\n\n<p>失明：blind<br />\n感电：lightning<br />\n灼伤：burn<br />\n冰冻：freeze<br />\n束缚：hold<br />\n睡眠：sleep<br />\n出血：bleeding<br />\n混乱：confuse<br />\n诅咒：curse<br />\n石化：stone<br />\n晕眩：stun<br />\n中毒：posion<br />\n所有异常状态：all activestatus<br />\n随机：any<br />\n武器：weapon break<br />\n防具：armor break<br />\n增益状态：</p>\n\n<p>加速：haste<br />\n减速：slow<br />\n祝福：bless<br />\n其他状态：</p>\n\n<p>弱点Vital Point(未测试)</p>\n\n<p>&nbsp;</p>",
    "auth_users": "学院搬运工",
    "img": "https://dafstatic.oss-cn-beijing.aliyuncs.com/static/title/level4.gif",
    "create_at": "2023-04-16T12:45:52.302",
    "view_num": 522
}