{
    "content": "<p>&nbsp;</p>\n\n<p><br />\n装备物理攻击力（PS：最大值与最小值，受品级影响）</p>\n\n<p>[equipment physical attack]<br />\n214 198<br />\n装备魔法攻击力</p>\n\n<p>[equipment magical attack]<br />\n233 216<br />\n装备物理防御力</p>\n\n<p>[equipment physical defense]<br />\n30 30<br />\n装备魔法防御力</p>\n\n<p>[equipment magical defense]<br />\n30 30<br />\n装备独立攻击力</p>\n\n<p>[separate attack]<br />\n108 70<br />\n抗魔值</p>\n\n<p>[anti evil]<br />\n11</p>",
    "auth_users": "学院搬运工",
    "img": "https://dafstatic.oss-cn-beijing.aliyuncs.com/static/title/level4.gif",
    "create_at": "2023-04-16T09:16:10.754",
    "view_num": 1388
}