{
    "content": "<p>&nbsp;</p>\n\n<p>&nbsp;</p>\n\n<p>套装写法二：写的略显复杂，我们用简单几句话来概括一下。</p>\n\n<p>为套装中的每件装备赋予【套装属性文件的编号】并调用<br />\n书写套装属性内容<br />\n关于调用：</p>\n\n<p>[name]<br />\n&lt;3::name_106500499``&gt;</p>\n\n<p>[name2]<br />\n&lt;3::name2_106500499``&gt;</p>\n\n<p>[grade]<br />\n73<br />\n[rarity]<br />\n5<br />\n[part set index]<br />\n101</p>\n\n<p>设置装备套装属性项目编号为：101<br />\n注释：<br />\n编号：Script\\etc\\equipmentpartset.etc<br />\n属性：Script\\equipment\\character\\partset里对应的属性文件<br />\n[effect part set index]<br />\n2</p>\n\n<p>某些装备调用的特效编号：2<br />\n特效文件：Script\\equipment\\character\\partset里对应的属性文件<br />\n特效编号：Script\\etc\\additionaleffectlist.ect<br />\n[usable job]<br />\n`[swordman]`</p>\n\n<p><br />\n--------------------------------------------------------------------------------</p>\n\n<p>关于套装属性文件书写格式：Script\\equipment\\character\\partset</p>\n\n<p>[set name]<br />\n&lt;3::2choroset23_set_name`套装名称`&gt;</p>\n\n<p>[piece set ability]<br />\n3<br />\n【套装属性内容】</p>\n\n<p>[parameter basic explain]<br />\n&lt;3::2choroset23_partset3`引用描述信息`&gt;</p>\n\n<p>[/piece set ability]</p>\n\n<p>紫色部分的字相关说明：</p>\n\n<p>[piece set ability] ：开始设置所需部件的件数<br />\n套装属性内容可以自定义添加<br />\n例如：[skill data up]&nbsp; (技能数据提升<br />\n例如：[skill levelup]&nbsp; (技能等级提升<br />\n例如：[physical attack]&nbsp; (力量增加<br />\n[parameter basic explain]：装备描述信息引用<br />\n[/piece set ability]：部件属性设置结束</p>\n\n<p>--------------------------------------------------------------------------------</p>\n\n<p>参数相关</p>\n\n<p>攻击型：</p>\n\n<p>胜点：vp<br />\n火属性抵抗：fire element<br />\n暗属性抵抗：dark element<br />\n光属性抵抗：light element<br />\n水属性抵抗：water element<br />\n火属性强化：fire attack<br />\n暗属性强化：drak attack<br />\n光属性强化：light attack<br />\n水属性强化：water attack<br />\n【所有元素】：all elemental<br />\n力量值：physical attack<br />\n体力值：physical defense<br />\n智力值：magical attack<br />\n精神值：magical defense<br />\n攻击速度：attack speed<br />\n施放速度：cast speed<br />\n移动速度：move speed<br />\n跳跃力：jump power<br />\n装备物理攻击力：equipment physical attack<br />\n装备魔法攻击力：equipment magical attack<br />\n装备物理防御力：equipment physical defense<br />\n装备魔法防御力：equipment magical defense<br />\n装备独立攻击力：separate attack<br />\n物理暴击：physical critical hit (rate)<br />\n魔法暴击：magical critical hit (rate)<br />\n命中率（负数显示为正）：stuck<br />\n回避率（除以10）：stuck resistance<br />\n硬直：hit recovery<br />\n技能冷却时间：skill cool time<br />\n防御型：</p>\n\n<p><br />\nHP最大值增加：HP MAX<br />\nMP最大值增加：MP MAX<br />\nHP恢复速度：HP regen speed<br />\nMP恢复速度：MP regen speed<br />\n负重：inventory limit<br />\n火属性抗性：fire resistance<br />\n暗属性抗性：dark resistance]<br />\n光属性抗性：light resistance<br />\n水属性抗性：water resistance<br />\n所有属性抗性：all elemental resistance<br />\n失明抗性：blind resistance<br />\n感电抗性：lightning resistance<br />\n灼伤抗性：lightning resistance<br />\n冰冻抗性：freeze resistance<br />\n束缚抗性：hold resistance<br />\n睡眠抗性：sleep resistance<br />\n出血抗性：bleeding resistance<br />\n混乱抗性：confuse resistance<br />\n诅咒抗性：curse resistance<br />\n石化抗性：stone resistance<br />\n所有异常状态抗性：all activestatus resistance<br />\n随机：any</p>\n\n<p>&nbsp;</p>\n\n<p>--------------------------------------------------------------------------------</p>\n\n<p><br />\n关于套装编号文件格式：Script\\etc\\equipmentpartset.etc</p>\n\n<p><br />\n[equipment part set]<br />\n2 `character/partset/upperset.equ`<br />\n&lt;3::upperset_name_cap`引用装备描述`&gt; `[hat avatar]` 2 0 &nbsp;<br />\n&hellip;&hellip;【多件装备】&hellip;&hellip;<br />\n[/equipment part set]<br />\n注释说明：</p>\n\n<p>红字：套装编号<br />\n单件装备：<br />\n紫红字：装备描述信息引用<br />\n绿字：装备类型<br />\n蓝字：请参看下面参数相关说明，具体是什么不太确定<br />\n青色：多件装备时，按每件装备格式排序下去</p>\n\n<p>--------------------------------------------------------------------------------</p>\n\n<p>参数相关：</p>\n\n<p><br />\n装备类型相关：<br />\n首饰：<br />\n项链：amulet<br />\n手镯：wrist<br />\n戒指：ring<br />\n防具：<br />\n上衣：coat<br />\n下装：pants<br />\n护肩：shoulder<br />\n腰带：waist<br />\n靴子：shoes<br />\n武器：<br />\n武器：weapon<br />\n称号：</p>\n\n<p>称号：title<br />\n左右槽：<br />\n辅助装备：support<br />\n魔法石：agic stone<br />\n时装相关：<br />\n帽子：hat avatar<br />\n发型：hair avatar<br />\n脸部：face avatar<br />\n颈部：breast avatar<br />\n上衣：coat avatar<br />\n裤子：pants avatar<br />\n腰带：waist avatar<br />\n鞋子：shoes avatar<br />\n皮肤：skin avatar<br />\n光环：aurora avatar<br />\n宠物相关：<br />\n宠物：creature<br />\n宠物装备（蓝）：artifact blue<br />\n宠物装备（绿）：artifact green<br />\n宠物装备（红）：artifact red<br />\n关于蓝字数值</p>\n\n<p>第一个数值猜测是装备图层秩序:<br />\n&nbsp;最底层（普通装备）：0<br />\n&nbsp;第二层（普通时装）：1<br />\n&nbsp;第三层（高级时装）：2<br />\n&nbsp;第四层（稀有时装）：3</p>",
    "auth_users": "学院搬运工",
    "img": "https://dafstatic.oss-cn-beijing.aliyuncs.com/static/title/level4.gif",
    "create_at": "2023-04-16T09:17:13.851",
    "view_num": 1015
}