{
    "content": "<p>&nbsp;</p>\n\n<p><br />\n装备项目</p>\n\n<p>[equipment type]<br />\n装备类型</p>\n\n<p>[weapon]<br />\n22<br />\n子项目</p>\n\n<p>[sub type]<br />\n0<br />\n攻击速度</p>\n\n<p>[attack speed]<br />\n0<br />\n耐久度</p>\n\n<p>[durability]<br />\n35<br />\n售价</p>\n\n<p>[price]<br />\n4200<br />\n修复费用</p>\n\n<p>[repair price]<br />\n17600<br />\n回收价格</p>\n\n<p>[value]<br />\n3360<br />\n武器切换冷却时间</p>\n\n<p>[cool time]<br />\n10000</p>",
    "auth_users": "学院搬运工",
    "img": "https://dafstatic.oss-cn-beijing.aliyuncs.com/static/title/level4.gif",
    "create_at": "2023-04-16T09:16:28.008",
    "view_num": 1183
}