{
  "[waste]": {
    "0": [
      "[name]",
      "[name2]",
      "[grade]",
      "[attach type]",
      "[rarity]",
      "[icon mark]",
      "[usable job]",
      "[minimum level]",
      "[icon]",
      "[stackable type]",
      "[move wav]",
      "[explain]",
      "[flavor text]",
      "[field image]",
      "[cool time]",
      "[cooltime group]",
      "[npc gift disallowance]",
      "[cash]",
      "[auction free]",
      "[need material]",
      "[stack limit]",
      "[weight]",
      "[hp recovery]",
      "[mp recovery]",
      "[stat change]",
      "[stat change duration]",
      "[item group name]",
      "[active status recovery]",
      "[my status]",
      "[monster summons]",
      "[buff]",
      "[cooltime maintenance]",
      "[consume item]",
      "[effect maintenance]",
      "[price]",
      "[except status recovery]",
      "[int data]",
      "[string data]",
      "[appendage group]",
      "[summon apc]",
      "[expiration date]",
      "[exp bonus rate]",
      "[action type]",
      "[use item emoticon index]",
      "[usable period]",
      "[pc exp bonus rate]",
      "[expert type]",
      "[value]",
      "[sub type]",
      "[summon npc]",
      "[action usable place]",
      "[maximum level]",
      "[action usable server type]",
      "[bp recovery]",
      "[total usable count]",
      "[item category]",
      "[impossible contents]"
    ],
    "1": [
      "[name]",
      "[name2]",
      "[grade]",
      "[attach type]",
      "[rarity]",
      "[icon mark]",
      "[weight]",
      "[usable job]",
      "[minimum level]",
      "[stack limit]",
      "[icon]",
      "[field image]",
      "[stackable type]",
      "[price]",
      "[value]",
      "[cool time]",
      "[cooltime group]",
      "[move wav]",
      "[hp recovery]",
      "[mp recovery]",
      "[explain]",
      "[flavor text]",
      "[item group name]",
      "[medal]",
      "[active status recovery]",
      "[my status]",
      "[stat change]",
      "[stat change duration]",
      "[appendage group]",
      "[finish point price]",
      "[passive object in stackable]",
      "[expiration date]",
      "[buff]",
      "[monster summons]",
      "[use effect explain]",
      "[effect maintenance]",
      "[need material]",
      "[npc gift disallowance]",
      "[expert type]"
    ],
    "3": [
      "[name]",
      "[name2]",
      "[grade]",
      "[attach type]",
      "[rarity]",
      "[icon mark]",
      "[weight]",
      "[usable job]",
      "[minimum level]",
      "[stack limit]",
      "[icon]",
      "[field image]",
      "[stackable type]",
      "[item group name]",
      "[price]",
      "[cool time]",
      "[cooltime group]",
      "[move wav]",
      "[active status recovery]",
      "[stat change]",
      "[stat change duration]",
      "[explain]",
      "[hp recovery]",
      "[my status]",
      "[flavor text]"
    ],
    "4": [
      "[name]",
      "[name2]",
      "[grade]",
      "[attach type]",
      "[rarity]",
      "[icon mark]",
      "[weight]",
      "[usable job]",
      "[minimum level]",
      "[stack limit]",
      "[icon]",
      "[field image]",
      "[stackable type]",
      "[item group name]",
      "[price]",
      "[cool time]",
      "[cooltime group]",
      "[move wav]",
      "[hp recovery]",
      "[mp recovery]",
      "[value]",
      "[stat change]",
      "[stat change duration]",
      "[active status recovery]",
      "[flavor text]",
      "[appendage group]",
      "[need material]",
      "[explain]",
      "[my status]",
      "[monster summons]",
      "[daily delete item]"
    ],
    "5": [
      "[name]",
      "[name2]",
      "[grade]",
      "[attach type]",
      "[rarity]",
      "[icon mark]",
      "[weight]",
      "[usable job]",
      "[minimum level]",
      "[stack limit]",
      "[icon]",
      "[field image]",
      "[stackable type]",
      "[item group name]",
      "[price]",
      "[cool time]",
      "[cooltime group]",
      "[move wav]",
      "[hp recovery]",
      "[mp recovery]",
      "[explain]",
      "[monster summons]",
      "[flavor text]",
      "[value]",
      "[active status recovery]",
      "[stat change]",
      "[stat change duration]",
      "[my status]",
      "[expiration date]"
    ],
    "6": [
      "[name]",
      "[name2]",
      "[grade]",
      "[attach type]",
      "[rarity]",
      "[icon mark]",
      "[weight]",
      "[usable job]",
      "[minimum level]",
      "[stack limit]",
      "[icon]",
      "[field image]",
      "[stackable type]",
      "[item group name]",
      "[price]",
      "[cool time]",
      "[cooltime group]",
      "[move wav]",
      "[active status recovery]"
    ],
    "10": [
      "[name]",
      "[name2]",
      "[grade]",
      "[attach type]",
      "[rarity]",
      "[icon mark]",
      "[weight]",
      "[usable job]",
      "[minimum level]",
      "[stack limit]",
      "[icon]",
      "[field image]",
      "[stackable type]",
      "[item group name]",
      "[price]",
      "[cool time]",
      "[cooltime group]",
      "[move wav]",
      "[active status recovery]"
    ]
  },
  "[etc]": {
    "0": [
      "[name]",
      "[name2]",
      "[explain]",
      "[grade]",
      "[creation rate]",
      "[weight]",
      "[usable job]",
      "[minimum level]",
      "[icon]",
      "[stackable type]",
      "[attach type]",
      "[move wav]",
      "[flavor text]",
      "[rarity]",
      "[icon mark]",
      "[field image]",
      "[cash]",
      "[npc gift disallowance]",
      "[stack limit]",
      "[usable period]",
      "[item group name]",
      "[cool time]",
      "[price]",
      "[value]",
      "[guild power war point]",
      "[need material]",
      "[int data]",
      "[string data]",
      "[expiration date]",
      "[amplification random value]",
      "[increase status type]",
      "[maximum level]",
      "[action type]",
      "[action usable place]",
      "[minimum rank]",
      "[avatar select ability change]",
      "[avatar select ability except]",
      "[usable avatar index]",
      "[cooltime group]",
      "[use action packet]",
      "[daily delete item]",
      "[impossible contents]",
      "[use wav]",
      "[item category]"
    ],
    "1": [
      "[name]",
      "[explain]",
      "[grade]",
      "[attach type]",
      "[rarity]",
      "[icon mark]",
      "[usable job]",
      "[minimum level]",
      "[stack limit]",
      "[icon]",
      "[stackable type]",
      "[equipment reinforcement ticket]",
      "[move wav]",
      "[name2]",
      "[weight]",
      "[field image]",
      "[price]",
      "[use wav]",
      "[need material]",
      "[flavor text]",
      "[emancipate ticket]",
      "[type]",
      "[3choro enchant]",
      "[int data]",
      "[string data]",
      "[value]",
      "[usable period]",
      "[expiration date]",
      "[equipment amplify reinforcement ticket]",
      "[maximum level]",
      "[cool time]",
      "[usable game server type]",
      "[levelup range]",
      "[medal]",
      "[action usable place]",
      "[action type]",
      "[booster info]",
      "[check usable itemlevel]",
      "[npc gift disallowance]",
      "[levelup mode]",
      "[enchant random]"
    ],
    "8": [
      "[name]",
      "[name2]",
      "[explain]",
      "[grade]",
      "[attach type]",
      "[rarity]",
      "[icon mark]",
      "[weight]",
      "[usable job]",
      "[minimum level]",
      "[stack limit]",
      "[icon]",
      "[field image]",
      "[stackable type]",
      "[price]",
      "[move wav]",
      "[use wav]",
      "[need material]"
    ]
  },
  "[feed]": {
    "1": [
      "[name]",
      "[name2]",
      "[explain]",
      "[grade]",
      "[attach type]",
      "[creation rate]",
      "[rarity]",
      "[icon mark]",
      "[weight]",
      "[usable job]",
      "[creature minimum level]",
      "[icon]",
      "[field image]",
      "[stackable type]",
      "[cool time]",
      "[move wav]",
      "[int data]"
    ]
  },
  "[creature]": {
    "1": [
      "[name]",
      "[name2]",
      "[explain]",
      "[grade]",
      "[attach type]",
      "[creation rate]",
      "[rarity]",
      "[icon mark]",
      "[weight]",
      "[usable job]",
      "[creature minimum level]",
      "[icon]",
      "[field image]",
      "[stackable type]",
      "[cool time]",
      "[move wav]"
    ]
  },
  "[cera package]": {
    "0": [
      "[name]",
      "[name2]",
      "[explain]",
      "[grade]",
      "[attach type]",
      "[rarity]",
      "[icon mark]",
      "[usable job]",
      "[minimum level]",
      "[icon]",
      "[stackable type]",
      "[package data]",
      "[move wav]",
      "[npc gift disallowance]",
      "[suitable job]",
      "[flavor text]",
      "[avatar package preview info]",
      "[package data selection]",
      "[cool time]",
      "[need material]",
      "[stack limit]",
      "[impossible contents]",
      "[trade limit max]",
      "[weight]"
    ]
  },
  "[cera booster]": {
    "0": [
      "[name]",
      "[name2]",
      "[grade]",
      "[attach type]",
      "[rarity]",
      "[icon mark]",
      "[usable job]",
      "[minimum level]",
      "[icon]",
      "[stackable type]",
      "[booster info]",
      "[move wav]",
      "[npc gift disallowance]",
      "[explain]",
      "[suitable job]",
      "[expiration date]",
      "[flavor text]",
      "[stack limit]",
      "[cool time]",
      "[weight]",
      "[field image]"
    ],
    "1": [
      "[name]",
      "[name2]",
      "[flavor text]",
      "[grade]",
      "[attach type]",
      "[rarity]",
      "[icon mark]",
      "[weight]",
      "[usable job]",
      "[minimum level]",
      "[stack limit]",
      "[icon]",
      "[stackable type]",
      "[move wav]",
      "[booster info]"
    ]
  },
  "[unlimited waste]": {
    "0": [
      "[name]",
      "[name2]",
      "[explain]",
      "[grade]",
      "[attach type]",
      "[rarity]",
      "[icon mark]",
      "[usable job]",
      "[minimum level]",
      "[stack limit]",
      "[icon]",
      "[field image]",
      "[stackable type]",
      "[cool time]",
      "[cooltime group]",
      "[move wav]",
      "[npc gift disallowance]",
      "[flavor text]",
      "[weight]",
      "[cooltime maintenance]",
      "[consume item]",
      "[monster summons]",
      "[summon apc]",
      "[disable icon]",
      "[advance altar need gage]"
    ],
    "1": [
      "[name]",
      "[name2]",
      "[explain]",
      "[grade]",
      "[attach type]",
      "[rarity]",
      "[icon mark]",
      "[usable job]",
      "[minimum level]",
      "[stack limit]",
      "[icon]",
      "[stackable type]",
      "[price]",
      "[move wav]",
      "[cool time]",
      "[monster summons]"
    ]
  },
  "[booster]": {
    "0": [
      "[name]",
      "[name2]",
      "[explain]",
      "[grade]",
      "[attach type]",
      "[rarity]",
      "[icon mark]",
      "[usable job]",
      "[minimum level]",
      "[icon]",
      "[stackable type]",
      "[booster info]",
      "[move wav]",
      "[npc gift disallowance]",
      "[field image]",
      "[cool time]",
      "[flavor text]",
      "[expiration date]",
      "[stack limit]",
      "[weight]",
      "[minimum rank]",
      "[need material]",
      "[price]",
      "[usable period]",
      "[do not delete]",
      "[cooltime maintenance]",
      "[random option unseal]",
      "[maximum level]",
      "[value]",
      "[suitable job]",
      "[cash]"
    ],
    "1": [
      "[name]",
      "[name2]",
      "[explain]",
      "[flavor text]",
      "[grade]",
      "[attach type]",
      "[rarity]",
      "[icon mark]",
      "[usable job]",
      "[minimum level]",
      "[stack limit]",
      "[icon]",
      "[stackable type]",
      "[price]",
      "[cool time]",
      "[booster info]",
      "[move wav]",
      "[weight]"
    ]
  },
  "[unlimited etc]": {
    "0": [
      "[name]",
      "[name2]",
      "[explain]",
      "[flavor text]",
      "[grade]",
      "[attach type]",
      "[rarity]",
      "[icon mark]",
      "[usable job]",
      "[minimum level]",
      "[stack limit]",
      "[icon]",
      "[field image]",
      "[stackable type]",
      "[cool time]",
      "[move wav]",
      "[usable period]",
      "[npc gift disallowance]",
      "[expiration date]"
    ]
  },
  "[usable cera package]": {
    "0": [
      "[name]",
      "[grade]",
      "[rarity]",
      "[icon mark]",
      "[usable job]",
      "[attach type]",
      "[minimum level]",
      "[icon]",
      "[stackable type]",
      "[move wav]",
      "[npc gift disallowance]",
      "[package data]",
      "[suitable job]",
      "[stack limit]",
      "[name2]",
      "[explain]",
      "[trade limit max]",
      "[flavor text]",
      "[expiration date]",
      "[action usable place]",
      "[impossible contents]",
      "[weight]",
      "[cool time]",
      "[avatar booster preview]",
      "[tiankong]"
    ]
  },
  "[booster selection]": {
    "0": [
      "[name]",
      "[grade]",
      "[rarity]",
      "[icon mark]",
      "[usable job]",
      "[attach type]",
      "[minimum level]",
      "[icon]",
      "[stackable type]",
      "[move wav]",
      "[booster category num]",
      "[booster selection num]",
      "[booster select category]",
      "[booster category name]",
      "[explain]",
      "[flavor text]",
      "[need material]",
      "[npc gift disallowance]",
      "[price]",
      "[name2]",
      "[expiration date]",
      "[stack limit]",
      "[value]",
      "[cool time]",
      "[weight]",
      "[action usable place]",
      "[field image]",
      "[hide booster info]"
    ]
  },
  "[material]": {
    "0": [
      "[name]",
      "[name2]",
      "[explain]",
      "[flavor text]",
      "[grade]",
      "[attach type]",
      "[rarity]",
      "[icon mark]",
      "[usable job]",
      "[minimum level]",
      "[icon]",
      "[field image]",
      "[stackable type]",
      "[move wav]",
      "[weight]",
      "[item group name]",
      "[need material]",
      "[value]",
      "[price]",
      "[stack limit]",
      "[action type]",
      "[expiration date]",
      "[cool time]",
      "[cooltime group]",
      "[summon apc]",
      "[usable period]",
      "[impossible contents]"
    ],
    "1": [
      "[name]",
      "[explain]",
      "[grade]",
      "[attach type]",
      "[rarity]",
      "[icon mark]",
      "[usable job]",
      "[minimum level]",
      "[icon]",
      "[field image]",
      "[stackable type]",
      "[move wav]",
      "[weight]",
      "[item group name]",
      "[price]",
      "[value]",
      "[name2]",
      "[flavor text]",
      "[need material]",
      "[expiration date]",
      "[stack limit]"
    ],
    "2": [
      "[name]",
      "[name2]",
      "[explain]",
      "[flavor text]",
      "[grade]",
      "[attach type]",
      "[rarity]",
      "[icon mark]",
      "[weight]",
      "[usable job]",
      "[minimum level]",
      "[icon]",
      "[field image]",
      "[stackable type]",
      "[item group name]",
      "[price]",
      "[move wav]",
      "[value]",
      "[finish point price]"
    ],
    "3": [
      "[name]",
      "[explain]",
      "[grade]",
      "[attach type]",
      "[rarity]",
      "[weight]",
      "[usable job]",
      "[minimum level]",
      "[icon]",
      "[field image]",
      "[stackable type]",
      "[item group name]",
      "[price]",
      "[value]",
      "[move wav]",
      "[name2]",
      "[flavor text]",
      "[icon mark]",
      "[expiration date]",
      "[npc gift disallowance]",
      "[need material]"
    ],
    "4": [
      "[name]",
      "[explain]",
      "[grade]",
      "[attach type]",
      "[rarity]",
      "[weight]",
      "[usable job]",
      "[minimum level]",
      "[icon]",
      "[field image]",
      "[stackable type]",
      "[item group name]",
      "[price]",
      "[value]",
      "[move wav]",
      "[name2]",
      "[flavor text]",
      "[icon mark]",
      "[need material]",
      "[stack limit]"
    ],
    "5": [
      "[name]",
      "[name2]",
      "[explain]",
      "[flavor text]",
      "[grade]",
      "[attach type]",
      "[rarity]",
      "[icon mark]",
      "[weight]",
      "[usable job]",
      "[minimum level]",
      "[icon]",
      "[field image]",
      "[stackable type]",
      "[item group name]",
      "[price]",
      "[move wav]"
    ],
    "7": [
      "[name]",
      "[name2]",
      "[flavor text]",
      "[grade]",
      "[attach type]",
      "[rarity]",
      "[icon mark]",
      "[weight]",
      "[usable job]",
      "[minimum level]",
      "[icon]",
      "[field image]",
      "[stackable type]",
      "[price]",
      "[move wav]"
    ],
    "8": [
      "[name]",
      "[name2]",
      "[explain]",
      "[grade]",
      "[attach type]",
      "[rarity]",
      "[icon mark]",
      "[usable job]",
      "[minimum level]",
      "[icon]",
      "[field image]",
      "[stackable type]",
      "[item group name]",
      "[price]",
      "[value]",
      "[need material]",
      "[move wav]",
      "[weight]"
    ],
    "10": [
      "[name]",
      "[explain]",
      "[grade]",
      "[attach type]",
      "[rarity]",
      "[weight]",
      "[usable job]",
      "[minimum level]",
      "[icon]",
      "[field image]",
      "[stackable type]",
      "[item group name]",
      "[price]",
      "[value]",
      "[move wav]",
      "[name2]",
      "[flavor text]",
      "[icon mark]",
      "[need material]"
    ],
    "11": [
      "[name]",
      "[name2]",
      "[explain]",
      "[flavor text]",
      "[grade]",
      "[attach type]",
      "[rarity]",
      "[icon mark]",
      "[weight]",
      "[usable job]",
      "[minimum level]",
      "[icon]",
      "[field image]",
      "[stackable type]",
      "[item group name]",
      "[price]",
      "[move wav]"
    ]
  },
  "[expert town potion]": {
    "0": [
      "[name]",
      "[name2]",
      "[explain]",
      "[grade]",
      "[rarity]",
      "[icon mark]",
      "[usable job]",
      "[attach type]",
      "[minimum level]",
      "[weight]",
      "[cool time]",
      "[price]",
      "[value]",
      "[icon]",
      "[field image]",
      "[stackable type]",
      "[item group name]",
      "[move wav]",
      "[stack limit]",
      "[expert type]",
      "[action type]",
      "[cooltime maintenance]",
      "[action usable place]",
      "[use action packet]",
      "[usable period]",
      "[flavor text]",
      "[expiration date]",
      "[need material]",
      "[effect maintenance]",
      "[stat change duration]",
      "[shop doll]",
      "[monstercard bind]",
      "[npc gift disallowance]"
    ]
  },
  "[booster random]": {
    "0": [
      "[name]",
      "[name2]",
      "[explain]",
      "[grade]",
      "[attach type]",
      "[rarity]",
      "[icon mark]",
      "[usable job]",
      "[minimum level]",
      "[icon]",
      "[stackable type]",
      "[move wav]",
      "[booster info]",
      "[expiration date]",
      "[npc gift disallowance]",
      "[flavor text]",
      "[weight]",
      "[stack limit]",
      "[cool time]"
    ]
  },
  "[contract]": {
    "0": [
      "[name]",
      "[name2]",
      "[explain]",
      "[grade]",
      "[attach type]",
      "[rarity]",
      "[icon mark]",
      "[usable job]",
      "[minimum level]",
      "[icon]",
      "[stackable type]",
      "[move wav]",
      "[npc gift disallowance]",
      "[action type]"
    ]
  },
  "[multi upgradable legacy]": {
    "0": [
      "[name]",
      "[name2]",
      "[explain]",
      "[flavor text]",
      "[grade]",
      "[attach type]",
      "[rarity]",
      "[icon mark]",
      "[usable job]",
      "[minimum level]",
      "[icon]",
      "[field image]",
      "[stackable type]",
      "[random]",
      "[move wav]",
      "[expiration date]",
      "[weight]"
    ]
  },
  "[set]": {
    "1": [
      "[name]",
      "[name2]",
      "[explain]",
      "[grade]",
      "[attach type]",
      "[weight]",
      "[usable job]",
      "[minimum level]",
      "[icon]",
      "[field image]",
      "[stackable type]",
      "[cool time]",
      "[move wav]",
      "[int data]"
    ],
    "3": [
      "[name]",
      "[name2]",
      "[explain]",
      "[grade]",
      "[attach type]",
      "[rarity]",
      "[icon mark]",
      "[weight]",
      "[usable job]",
      "[minimum level]",
      "[icon]",
      "[field image]",
      "[stackable type]",
      "[price]",
      "[cool time]",
      "[move wav]",
      "[int data]"
    ]
  },
  "[legacy]": {
    "1": [
      "[name]",
      "[name2]",
      "[explain]",
      "[grade]",
      "[attach type]",
      "[rarity]",
      "[icon mark]",
      "[weight]",
      "[usable job]",
      "[minimum level]",
      "[icon]",
      "[field image]",
      "[stackable type]",
      "[price]",
      "[move wav]",
      "[int data]"
    ],
    "5": [
      "[name]",
      "[name2]",
      "[explain]",
      "[grade]",
      "[attach type]",
      "[weight]",
      "[usable job]",
      "[minimum level]",
      "[icon]",
      "[field image]",
      "[stackable type]",
      "[move wav]",
      "[int data]"
    ],
    "7": [
      "[name]",
      "[name2]",
      "[explain]",
      "[grade]",
      "[attach type]",
      "[weight]",
      "[usable job]",
      "[minimum level]",
      "[icon]",
      "[field image]",
      "[stackable type]",
      "[price]",
      "[move wav]",
      "[int data]"
    ],
    "10": [
      "[name]",
      "[name2]",
      "[explain]",
      "[grade]",
      "[attach type]",
      "[weight]",
      "[usable job]",
      "[minimum level]",
      "[icon]",
      "[field image]",
      "[stackable type]",
      "[price]",
      "[move wav]",
      "[int data]"
    ],
    "11": [
      "[name]",
      "[name2]",
      "[explain]",
      "[grade]",
      "[attach type]",
      "[weight]",
      "[usable job]",
      "[minimum level]",
      "[icon]",
      "[field image]",
      "[stackable type]",
      "[price]",
      "[move wav]",
      "[int data]"
    ],
    "12": [
      "[name]",
      "[name2]",
      "[explain]",
      "[grade]",
      "[attach type]",
      "[weight]",
      "[usable job]",
      "[minimum level]",
      "[icon]",
      "[field image]",
      "[stackable type]",
      "[price]",
      "[move wav]",
      "[int data]"
    ],
    "13": [
      "[name]",
      "[name2]",
      "[explain]",
      "[grade]",
      "[attach type]",
      "[weight]",
      "[usable job]",
      "[minimum level]",
      "[icon]",
      "[field image]",
      "[stackable type]",
      "[price]",
      "[move wav]",
      "[int data]"
    ],
    "14": [
      "[name]",
      "[name2]",
      "[explain]",
      "[grade]",
      "[attach type]",
      "[weight]",
      "[usable job]",
      "[minimum level]",
      "[icon]",
      "[field image]",
      "[stackable type]",
      "[price]",
      "[move wav]",
      "[int data]"
    ],
    "15": [
      "[name]",
      "[name2]",
      "[explain]",
      "[grade]",
      "[attach type]",
      "[weight]",
      "[usable job]",
      "[minimum level]",
      "[icon]",
      "[field image]",
      "[stackable type]",
      "[price]",
      "[move wav]",
      "[int data]"
    ],
    "16": [
      "[name]",
      "[name2]",
      "[explain]",
      "[grade]",
      "[attach type]",
      "[weight]",
      "[usable job]",
      "[minimum level]",
      "[icon]",
      "[field image]",
      "[stackable type]",
      "[price]",
      "[move wav]",
      "[int data]"
    ],
    "17": [
      "[name]",
      "[name2]",
      "[explain]",
      "[grade]",
      "[attach type]",
      "[weight]",
      "[usable job]",
      "[minimum level]",
      "[icon]",
      "[field image]",
      "[stackable type]",
      "[price]",
      "[move wav]",
      "[int data]"
    ],
    "18": [
      "[name]",
      "[name2]",
      "[explain]",
      "[grade]",
      "[attach type]",
      "[weight]",
      "[usable job]",
      "[minimum level]",
      "[icon]",
      "[field image]",
      "[stackable type]",
      "[price]",
      "[move wav]",
      "[int data]"
    ],
    "19": [
      "[name]",
      "[name2]",
      "[explain]",
      "[grade]",
      "[attach type]",
      "[weight]",
      "[usable job]",
      "[minimum level]",
      "[icon]",
      "[field image]",
      "[stackable type]",
      "[price]",
      "[move wav]",
      "[int data]"
    ],
    "20": [
      "[name]",
      "[name2]",
      "[explain]",
      "[grade]",
      "[attach type]",
      "[weight]",
      "[usable job]",
      "[minimum level]",
      "[icon]",
      "[field image]",
      "[stackable type]",
      "[price]",
      "[move wav]",
      "[int data]"
    ],
    "21": [
      "[name]",
      "[name2]",
      "[explain]",
      "[grade]",
      "[attach type]",
      "[weight]",
      "[usable job]",
      "[minimum level]",
      "[icon]",
      "[field image]",
      "[stackable type]",
      "[price]",
      "[move wav]",
      "[int data]"
    ],
    "24": [
      "[name]",
      "[name2]",
      "[explain]",
      "[grade]",
      "[attach type]",
      "[weight]",
      "[usable job]",
      "[minimum level]",
      "[icon]",
      "[field image]",
      "[stackable type]",
      "[price]",
      "[move wav]",
      "[int data]"
    ]
  },
  "[quest receive]": {
    "0": [
      "[name]",
      "[name2]",
      "[explain]",
      "[flavor text]",
      "[grade]",
      "[attach type]",
      "[rarity]",
      "[icon mark]",
      "[usable job]",
      "[minimum level]",
      "[stack limit]",
      "[icon]",
      "[field image]",
      "[stackable type]",
      "[cool time]",
      "[linking quest index]",
      "[move wav]",
      "[weight]"
    ]
  },
  "[recipe]": {
    "0": [
      "[name]",
      "[name2]",
      "[flavor text]",
      "[grade]",
      "[attach type]",
      "[rarity]",
      "[icon mark]",
      "[weight]",
      "[usable job]",
      "[minimum level]",
      "[stack limit]",
      "[icon]",
      "[stackable type]",
      "[cool time]",
      "[value]",
      "[move wav]",
      "[int data]",
      "[string data]",
      "[field image]",
      "[price]",
      "[explain]",
      "[sub type]",
      "[bead item]",
      "[success rate]",
      "[fail output]"
    ],
    "1": [
      "[name]",
      "[name2]",
      "[grade]",
      "[attach type]",
      "[rarity]",
      "[icon mark]",
      "[weight]",
      "[usable job]",
      "[minimum level]",
      "[icon]",
      "[field image]",
      "[stackable type]",
      "[value]",
      "[price]",
      "[move wav]",
      "[int data]",
      "[string data]",
      "[creation rate]",
      "[minimum itemmaking level]",
      "[explain]",
      "[sub type]",
      "[stack limit]",
      "[special monster drop]",
      "[difficulty for extra drop]",
      "[dungeon type for extra drop]",
      "[need material]",
      "[use 2nd upgrade table]",
      "[monster card id]",
      "[success rate]",
      "[maintain ability]",
      "[broadcast type]",
      "[fail output]"
    ],
    "2": [
      "[name]",
      "[name2]",
      "[grade]",
      "[attach type]",
      "[rarity]",
      "[icon mark]",
      "[weight]",
      "[usable job]",
      "[minimum level]",
      "[icon]",
      "[field image]",
      "[stackable type]",
      "[price]",
      "[move wav]",
      "[int data]",
      "[string data]"
    ],
    "5": [
      "[name]",
      "[name2]",
      "[grade]",
      "[attach type]",
      "[rarity]",
      "[icon mark]",
      "[weight]",
      "[usable job]",
      "[minimum level]",
      "[icon]",
      "[field image]",
      "[stackable type]",
      "[price]",
      "[move wav]",
      "[int data]",
      "[string data]"
    ]
  },
  "[avatar emblem]": {
    "0": [
      "[name]",
      "[name2]",
      "[grade]",
      "[attach type]",
      "[rarity]",
      "[usable job]",
      "[minimum level]",
      "[icon]",
      "[field image]",
      "[stackable type]",
      "[avatar emblem target type]",
      "[enchant]",
      "[move wav]",
      "[stack limit]",
      "[explain]",
      "[price]",
      "[value]",
      "[icon mark]",
      "[usable period]",
      "[weight]"
    ]
  },
  "[quest]": {
    "0": [
      "[name]",
      "[name2]",
      "[price]",
      "[grade]",
      "[attach type]",
      "[rarity]",
      "[icon mark]",
      "[usable job]",
      "[minimum level]",
      "[icon]",
      "[field image]",
      "[stackable type]",
      "[move wav]",
      "[explain]",
      "[flavor text]",
      "[weight]",
      "[need material]",
      "[stack limit]",
      "[daily delete item]",
      "[expiration date]",
      "[npc gift disallowance]",
      "[item group name]",
      "[value]"
    ],
    "2": [
      "[name]",
      "[name2]",
      "[price]",
      "[flavor text]",
      "[grade]",
      "[attach type]",
      "[rarity]",
      "[icon mark]",
      "[weight]",
      "[usable job]",
      "[minimum level]",
      "[icon]",
      "[stackable type]",
      "[move wav]"
    ],
    "3": [
      "[name]",
      "[name2]",
      "[grade]",
      "[attach type]",
      "[rarity]",
      "[icon mark]",
      "[weight]",
      "[usable job]",
      "[minimum level]",
      "[icon]",
      "[field image]",
      "[stackable type]",
      "[item group name]",
      "[price]",
      "[move wav]"
    ],
    "5": [
      "[name]",
      "[name2]",
      "[price]",
      "[grade]",
      "[attach type]",
      "[rarity]",
      "[icon mark]",
      "[weight]",
      "[usable job]",
      "[minimum level]",
      "[icon]",
      "[field image]",
      "[stackable type]",
      "[move wav]",
      "[flavor text]"
    ]
  },
  "[material expert job]": {
    "0": [
      "[name]",
      "[name2]",
      "[explain]",
      "[grade]",
      "[attach type]",
      "[rarity]",
      "[icon mark]",
      "[weight]",
      "[usable job]",
      "[price]",
      "[minimum level]",
      "[icon]",
      "[field image]",
      "[stackable type]",
      "[move wav]",
      "[expert type]",
      "[flavor text]",
      "[need material]"
    ],
    "1": [
      "[name]",
      "[name2]",
      "[explain]",
      "[grade]",
      "[attach type]",
      "[rarity]",
      "[icon mark]",
      "[weight]",
      "[usable job]",
      "[minimum level]",
      "[icon]",
      "[field image]",
      "[stackable type]",
      "[item group name]",
      "[price]",
      "[move wav]",
      "[flavor text]",
      "[sub type]",
      "[string data]",
      "[int data]",
      "[enchant]",
      "[value]",
      "[need material]",
      "[item category]",
      "[stat desc]",
      "[minimum rank]",
      "[unable use rarity]"
    ]
  },
  "[throw]": {
    "0": [
      "[name]",
      "[name2]",
      "[explain]",
      "[grade]",
      "[attach type]",
      "[rarity]",
      "[icon mark]",
      "[weight]",
      "[usable job]",
      "[minimum level]",
      "[icon]",
      "[stackable type]",
      "[move wav]",
      "[int data]",
      "[string data]"
    ],
    "1": [
      "[name]",
      "[name2]",
      "[explain]",
      "[flavor text]",
      "[grade]",
      "[attach type]",
      "[creation rate]",
      "[rarity]",
      "[icon mark]",
      "[weight]",
      "[usable job]",
      "[minimum level]",
      "[icon]",
      "[field image]",
      "[stackable type]",
      "[price]",
      "[cool time]",
      "[move wav]",
      "[int data]",
      "[string data]",
      "[expiration date]"
    ],
    "2": [
      "[name]",
      "[name2]",
      "[explain]",
      "[flavor text]",
      "[grade]",
      "[attach type]",
      "[creation rate]",
      "[rarity]",
      "[icon mark]",
      "[weight]",
      "[usable job]",
      "[minimum level]",
      "[icon]",
      "[field image]",
      "[stackable type]",
      "[price]",
      "[cool time]",
      "[move wav]",
      "[int data]",
      "[string data]",
      "[unlimited waste]"
    ],
    "3": [
      "[name]",
      "[name2]",
      "[explain]",
      "[flavor text]",
      "[grade]",
      "[attach type]",
      "[creation rate]",
      "[rarity]",
      "[icon mark]",
      "[weight]",
      "[usable job]",
      "[minimum level]",
      "[icon]",
      "[field image]",
      "[stackable type]",
      "[price]",
      "[cool time]",
      "[move wav]",
      "[int data]",
      "[string data]",
      "[stack limit]"
    ]
  },
  "[stackable legacy]": {
    "0": [
      "[name]",
      "[name2]",
      "[explain]",
      "[flavor text]",
      "[grade]",
      "[attach type]",
      "[rarity]",
      "[icon mark]",
      "[weight]",
      "[usable job]",
      "[stack limit]",
      "[icon]",
      "[stackable type]",
      "[int data]",
      "[move wav]"
    ],
    "1": [
      "[name]",
      "[name2]",
      "[explain]",
      "[grade]",
      "[attach type]",
      "[rarity]",
      "[icon mark]",
      "[weight]",
      "[usable job]",
      "[stack limit]",
      "[icon]",
      "[field image]",
      "[stackable type]",
      "[price]",
      "[move wav]",
      "[int data]",
      "[minimum level]"
    ]
  },
  "[upgradable legacy]": {
    "0": [
      "[name]",
      "[name2]",
      "[explain]",
      "[flavor text]",
      "[grade]",
      "[attach type]",
      "[rarity]",
      "[icon mark]",
      "[usable job]",
      "[minimum level]",
      "[stack limit]",
      "[icon]",
      "[stackable type]",
      "[int data]",
      "[move wav]",
      "[field image]",
      "[chat notice gold]",
      "[cool time]",
      "[weight]",
      "[expiration date]"
    ],
    "1": [
      "[name]",
      "[name2]",
      "[explain]",
      "[grade]",
      "[attach type]",
      "[rarity]",
      "[icon mark]",
      "[weight]",
      "[usable job]",
      "[minimum level]",
      "[icon]",
      "[field image]",
      "[stackable type]",
      "[price]",
      "[move wav]",
      "[int data]",
      "[flavor text]",
      "[stack limit]",
      "[cool time]",
      "[usable period]",
      "[need material]",
      "[lottery use cost]",
      "[expiration date]",
      "[value]",
      "[npc gift disallowance]"
    ]
  },
  "[disguise]": {
    "0": [
      "[name]",
      "[name2]",
      "[explain]",
      "[flavor text]",
      "[need material]",
      "[grade]",
      "[attach type]",
      "[rarity]",
      "[icon mark]",
      "[usable job]",
      "[minimum level]",
      "[stack limit]",
      "[icon]",
      "[stackable type]",
      "[cool time]",
      "[move wav]",
      "[string data]",
      "[int data]",
      "[field image]",
      "[weight]",
      "[price]",
      "[expiration date]",
      "[unlimited waste]"
    ]
  },
  "[global effect]": {
    "0": [
      "[name]",
      "[name2]",
      "[explain]",
      "[grade]",
      "[attach type]",
      "[rarity]",
      "[icon mark]",
      "[weight]",
      "[usable job]",
      "[minimum level]",
      "[stack limit]",
      "[icon]",
      "[stackable type]",
      "[move wav]",
      "[int data]"
    ]
  },
  "[only effect]": {
    "0": [
      "[name]",
      "[name2]",
      "[explain]",
      "[flavor text]",
      "[grade]",
      "[attach type]",
      "[rarity]",
      "[icon mark]",
      "[usable job]",
      "[minimum level]",
      "[icon]",
      "[stackable type]",
      "[cool time]",
      "[move wav]",
      "[string data]",
      "[shared effect]",
      "[weight]",
      "[price]",
      "[expiration date]"
    ]
  },
  "[upgrade limit cube]": {
    "0": [
      "[name]",
      "[explain]",
      "[grade]",
      "[attach type]",
      "[rarity]",
      "[icon mark]",
      "[usable job]",
      "[minimum level]",
      "[price]",
      "[value]",
      "[icon]",
      "[field image]",
      "[stackable type]",
      "[upgrade limit cube info]",
      "[move wav]",
      "[string data]",
      "[name2]",
      "[flavor text]"
    ]
  },
  "[creature expitem]": {
    "0": [
      "[name]",
      "[name2]",
      "[explain]",
      "[flavor text]",
      "[grade]",
      "[attach type]",
      "[rarity]",
      "[icon mark]",
      "[usable job]",
      "[minimum level]",
      "[stack limit]",
      "[icon]",
      "[field image]",
      "[stackable type]",
      "[cool time]",
      "[move wav]",
      "[expiration date]"
    ]
  },
  "[teleport potion]": {
    "0": [
      "[name]",
      "[name2]",
      "[explain]",
      "[grade]",
      "[attach type]",
      "[rarity]",
      "[icon mark]",
      "[weight]",
      "[usable job]",
      "[minimum level]",
      "[stack limit]",
      "[price]",
      "[value]",
      "[icon]",
      "[field image]",
      "[stackable type]",
      "[expert type]",
      "[item group name]",
      "[cool time]",
      "[int data]",
      "[move wav]"
    ]
  },
  "[enchant waste]": {
    "0": [
      "[name]",
      "[name2]",
      "[grade]",
      "[attach type]",
      "[rarity]",
      "[icon mark]",
      "[weight]",
      "[usable job]",
      "[minimum level]",
      "[stack limit]",
      "[icon]",
      "[field image]",
      "[stackable type]",
      "[expert type]",
      "[monster card id]",
      "[item group name]",
      "[cool time]",
      "[move wav]",
      "[need material]",
      "[price]",
      "[flavor text]",
      "[minimum rank]",
      "[usable world]",
      "[explain]",
      "[bead limited usable item]",
      "[expiration date]",
      "[target item id]",
      "[value]"
    ]
  },
  "[town and dungeon]": {
    "0": [
      "[name]",
      "[name2]",
      "[explain]",
      "[grade]",
      "[attach type]",
      "[rarity]",
      "[icon mark]",
      "[weight]",
      "[usable job]",
      "[minimum level]",
      "[stack limit]",
      "[icon]",
      "[field image]",
      "[stackable type]",
      "[expert type]",
      "[item group name]",
      "[cool time]",
      "[move wav]",
      "[unseal scroll level limit]",
      "[need material]",
      "[portable disjoint]",
      "[action type]",
      "[check usable itemlevel]",
      "[action usable place]"
    ]
  },
  "[unlimited town and dungeon]": {
    "0": [
      "[name]",
      "[name2]",
      "[explain]",
      "[grade]",
      "[attach type]",
      "[rarity]",
      "[icon mark]",
      "[weight]",
      "[usable job]",
      "[minimum level]",
      "[stack limit]",
      "[icon]",
      "[field image]",
      "[stackable type]",
      "[expert type]",
      "[item group name]",
      "[cool time]",
      "[move wav]",
      "[expertjob only]",
      "[alchemist extraction]",
      "[doll_controller extraction]",
      "[enchanter extraction]"
    ]
  },
  "[multi upgradable legacy bonus cera]": {
    "0": [
      "[name]",
      "[name2]",
      "[explain]",
      "[flavor text]",
      "[grade]",
      "[attach type]",
      "[rarity]",
      "[icon mark]",
      "[weight]",
      "[usable job]",
      "[minimum level]",
      "[icon]",
      "[field image]",
      "[stackable type]",
      "[random]",
      "[move wav]",
      "[expiration date]"
    ]
  },
  "[dye]": {
    "0": [
      "[name]",
      "[explain]",
      "[grade]",
      "[attach type]",
      "[rarity]",
      "[icon mark]",
      "[usable job]",
      "[minimum level]",
      "[stack limit]",
      "[icon]",
      "[stackable type]",
      "[dye type]",
      "[dye info]",
      "[move wav]",
      "[npc gift disallowance]",
      "[price]",
      "[value]",
      "[need material]"
    ]
  },
  "[disguise random]": {
    "0": [
      "[name]",
      "[explain]",
      "[flavor text]",
      "[grade]",
      "[attach type]",
      "[rarity]",
      "[icon mark]",
      "[usable job]",
      "[minimum level]",
      "[icon]",
      "[stackable type]",
      "[move wav]",
      "[string data]",
      "[int data]"
    ]
  }
}