{
    "content": "<p><span style=\"color:#333333\"><span style=\"font-family:&amp;quot\">还原强化蓝白装强化8以上即有概率破坏</span></span><br />\n<br />\n<br />\n<span style=\"color:#333333\"><span style=\"font-family:&amp;quot\">etc/upgrade.etc</span></span><br />\n<span style=\"color:#333333\"><span style=\"font-family:&amp;quot\">[destroy level by rarity]</span></span><br />\n<span style=\"color:#333333\"><span style=\"font-family:&amp;quot\">`common`</span></span><br />\n<span style=\"color:#333333\"><span style=\"font-family:&amp;quot\">`uncommon`</span></span><br />\n<br />\n<span style=\"color:#333333\"><span style=\"font-family:&amp;quot\">将10改为8即可</span></span></p>",
    "auth_users": "学院搬运工",
    "img": "https://dafstatic.oss-cn-beijing.aliyuncs.com/static/title/level4.gif",
    "create_at": "2024-04-10T16:54:46.208",
    "view_num": 309
}