﻿[
	{
		"Name":"韩服正式服",
		"Host":"http://d-fighter.dn.nexoncdn.co.kr/samsungdnf/neople/dnf_hg/",
		"Index":"package.lst",
		"Extension":".spk"
	},
	{
		"Name":"韩服体验服",
		"Host":"http://d-fighter.dn.nexoncdn.co.kr/samsungdnf/neople/dnf_open/",
		"Index":"package.lst",
		"Extension":".spk"
	},
	{
		"Name":"美服正式服",
		"Host":"http://download.dfoneople.com/Patch/",
		"Index":"package.lst",
		"Extension":".spk"
	},
	{
		"Name":"日服正式服",
		"Host":"http://webdown2.nexon.co.jp/arad/real/",
		"Index":"package.lst",
		"Extension":".spk"
	},
	{
		"Name":"西海岸1区",
		"Host":"http://down-update.qq.com/dnf/autopatch/dnf_exp/dnf.exp1.full.tct/",
		"Index":"auto.lst",
		"Extension":".tct"
	},
	{
		"Name":"西海岸2区",
		"Host":"http://down-update.qq.com/dnf/autopatch/dnf_exp/dnf.exp2.full.tct/",
		"Index":"auto.lst",
		"Extension":".tct"
	},
	{
		"Name":"天空之城",
		"Host":"http://down-update.qq.com/dnf/autopatch/dnf_exp/dnf.exp5.full.tct/",
		"Index":"auto.lst",
		"Extension":".tct"
	}
]
