{
    "content": "<p>&nbsp;</p>\n\n<p>&nbsp;</p>\n\n<p>如果正在施放技能（读条技能），对象为自己，然后为触发后的内容</p>\n\n<p>[if]</p>\n\n<p>[casting]<br />\n1<br />\n[/if]</p>\n\n<p>[then]</p>\n\n<p>[target]<br />\n&#39;myself&#39; -1<br />\n【特效内容】<br />\n[/then]</p>",
    "auth_users": "学院搬运工",
    "img": "https://dafstatic.oss-cn-beijing.aliyuncs.com/static/title/level4.gif",
    "create_at": "2023-04-16T09:25:10.818",
    "view_num": 573
}