{
    "content": "<p>&nbsp;</p>\n\n<p>&nbsp;</p>\n\n<p>代码写法一、</p>\n\n<p><br />\n--------------------------------------------------------------------------------</p>\n\n<p>[if]</p>\n\n<p>[my state]<br />\n&#39;jump attack&#39;<br />\n[attack success]<br />\n1<br />\n[/if]</p>\n\n<p>站立：stand<br />\n前冲：dash<br />\n攻击：attack<br />\n死亡：die<br />\n跳跃攻击：jump attack<br />\n普通攻击最后一击（即第三次攻击）：final attack<br />\n前冲攻击：dash attack<br />\n跳跃：jump（未测试）<br />\n（浮空后）下降、跌倒：down</p>\n\n<p><br />\n--------------------------------------------------------------------------------</p>\n\n<p><br />\n&nbsp;</p>\n\n<p>角色保持站立超过2秒后触发，前面的参数是角色行为状态，后面是时间计算。</p>\n\n<p>[keep my state]<br />\n&#39;stand&#39; 2000</p>\n\n<p><br />\n站立：stand<br />\n前冲：dash<br />\n跳跃：jump（未测试）<br />\n前冲：dash<br />\n死亡：die (应该无效)<br />\n攻击：attack<br />\n（浮空后）下降、跌倒：down<br />\n前冲攻击：dash attack</p>\n\n<p>--------------------------------------------------------------------------------</p>\n\n<p>代码写法二、</p>\n\n<p><br />\n--------------------------------------------------------------------------------</p>\n\n<p>&nbsp;跌倒時</p>\n\n<p>[if]<br />\n[module]<br />\n&#39;模块&#39; 【可选】<br />\n[/module]<br />\n[cooltime]<br />\n30000<br />\n[set my state]<br />\n1<br />\n[my state]<br />\n&#39;down&#39;<br />\n[/if]<br />\n[then]<br />\n【特效】<br />\n[/then]<br />\n前冲：dash<br />\n死亡：die<br />\n攻击：attack<br />\n跳跃攻击：jump attack<br />\n（浮空后）下降、跌倒：down<br />\n前冲攻击：dash attack</p>\n\n<p>&nbsp;</p>\n\n<p>--------------------------------------------------------------------------------</p>\n\n<p>&nbsp;</p>\n\n<p>&nbsp;</p>\n\n<p>代码写法三、</p>\n\n<p><br />\n--------------------------------------------------------------------------------</p>\n\n<p>每三分钟如何如何</p>\n\n<p>[if]<br />\n[time]<br />\n180000 1 5000<br />\n[my state]<br />\n&#39;stand&#39;<br />\n[/if]</p>\n\n<p>--------------------------------------------------------------------------------</p>\n\n<p><br />\n一段有趣的代码，先放到这里！</p>\n\n<p>[if]<br />\n[my state]<br />\n&#39;jump attack&#39;<br />\n[my appendage]<br />\n211<br />\n[event attack success]<br />\n1<br />\n[/if]<br />\n[then]<br />\n[target]<br />\n&#39;enemy&#39; -1<br />\n[increase damage]<br />\n&#39;%&#39; 5<br />\n[/then]</p>",
    "auth_users": "学院搬运工",
    "img": "https://dafstatic.oss-cn-beijing.aliyuncs.com/static/title/level4.gif",
    "create_at": "2023-04-16T09:26:49.802",
    "view_num": 495
}