{
    "content": "<p>&nbsp;</p>\n\n<p>&nbsp;</p>\n\n<p>冷却时间为4.5秒，攻击成功，设置目标为敌人</p>\n\n<p>[if]<br />\n[cooltime]<br />\n4500<br />\n[attack success]<br />\n1<br />\n[/if]</p>\n\n<p>[then]<br />\n[target]<br />\n&#39;enemy&#39; -1<br />\n【特效内容】<br />\n[/then]</p>",
    "auth_users": "学院搬运工",
    "img": "https://dafstatic.oss-cn-beijing.aliyuncs.com/static/title/level4.gif",
    "create_at": "2023-04-16T09:25:49.566",
    "view_num": 314
}