{
    "content": "<p>&nbsp;</p>\n\n<p>&nbsp;</p>\n\n<p>攻击对象某种异常（例中为出血）状态时</p>\n\n<p>[if]<br />\n[cooltime]<br />\n20000<br />\n[target active status]<br />\n&#39;bleeding&#39;<br />\n[attack success]<br />\n1<br />\n[/if]<br />\n&nbsp;</p>\n\n<p><br />\n--------------------------------------------------------------------------------</p>\n\n<p><br />\n状态代码：</p>\n\n<p>失明：blind<br />\n感电：lightning<br />\n灼伤：burn<br />\n冰冻：freeze<br />\n束缚：hold<br />\n睡眠：sleep<br />\n出血：bleeding<br />\n混乱：confuse<br />\n诅咒：curse<br />\n石化：stone<br />\n晕眩：stun<br />\n中毒：posion<br />\n所有异常状态：all activestatus<br />\n随机：any<br />\n武器：weapon break<br />\n防具：armor break<br />\n增益状态：</p>\n\n<p>加速：haste<br />\n减速：slow<br />\n祝福：bless<br />\n其他状态：</p>\n\n<p>弱点Vital Point(未测试)<br />\n元素Elemental(未测试)</p>",
    "auth_users": "学院搬运工",
    "img": "https://dafstatic.oss-cn-beijing.aliyuncs.com/static/title/level4.gif",
    "create_at": "2023-04-16T09:28:11.386",
    "view_num": 275
}