{
    "content": "<p>&nbsp;</p>\n\n<p>&nbsp;</p>\n\n<p>HP最大值增加</p>\n\n<p>[HP MAX]<br />\n90<br />\nMP最大值增加</p>\n\n<p>[MP MAX]<br />\n90<br />\nHP恢复速度</p>\n\n<p>[HP regen speed]<br />\n3<br />\nMP恢复速度</p>\n\n<p>[MP regen speed]<br />\n3<br />\n负重</p>\n\n<p>[inventory limit]<br />\n3000</p>",
    "auth_users": "学院搬运工",
    "img": "https://dafstatic.oss-cn-beijing.aliyuncs.com/static/title/level4.gif",
    "create_at": "2023-04-16T09:17:57.467",
    "view_num": 710
}