{
    "content": "<p>&nbsp;</p>\n\n<p>&nbsp;</p>\n\n<p>火属性抗性</p>\n\n<p>[fire resistance]<br />\n10<br />\n元素代码修改相关：</p>\n\n<p>火：fire<br />\n暗：dark<br />\n光：light<br />\n水：water<br />\n所有属性：all elemental<br />\n【其他属性自行更换】</p>\n\n<p>抗魔值</p>\n\n<p>[anti evil]<br />\n12</p>",
    "auth_users": "学院搬运工",
    "img": "https://dafstatic.oss-cn-beijing.aliyuncs.com/static/title/level4.gif",
    "create_at": "2023-04-16T09:18:23.065",
    "view_num": 629
}