{
    "content": "<p>&nbsp;</p>\n\n<p>&nbsp;</p>\n\n<p>火属性攻击</p>\n\n<p>[elemental property]<br />\n&#39;[fire element]&#39;<br />\n火属性强化</p>\n\n<p>[fire attack]<br />\n20<br />\n元素代码修改相关：</p>\n\n<p>火：fire<br />\n暗：dark<br />\n光：light<br />\n水：water<br />\n所有属性：all elemental<br />\n【其他属性自行更换】</p>",
    "auth_users": "学院搬运工",
    "img": "https://dafstatic.oss-cn-beijing.aliyuncs.com/static/title/level4.gif",
    "create_at": "2023-04-16T09:18:15.512",
    "view_num": 923
}