{
    "content": "<p>&nbsp;</p>\n\n<p>&nbsp;</p>\n\n<p>可以添加多个参数或全部参数。</p>\n\n<p>不可分解：</p>\n\n<p>[impossible contents]<br />\n&#39;disjoint&#39;<br />\n[/impossible contents]</p>\n\n<p>相关参数</p>\n\n<p>分解：disjoint<br />\n强化：upgrade<br />\n增幅：amplify upgrade<br />\n赠送：gift<br />\n锻造：separate upgrade<br />\n存入仓库：charac cargo</p>",
    "auth_users": "学院搬运工",
    "img": "https://dafstatic.oss-cn-beijing.aliyuncs.com/static/title/level4.gif",
    "create_at": "2023-04-16T09:18:52.302",
    "view_num": 506
}