﻿{
	"Name": "English",
	"LCID": 1033,
	"Author": [
		"Spacefish",
		"5972",
		"Kritsu"
	],
	"Group": {
		"Dictionary": {
			"CheckAll": "Check All",
			"ReverseCheck": "Reverse Checkmarks",
			"DeleteCheck": "Delete Checked",
			"ClearList": "Clear List",
			"GamePath": "Game Path",
			"HandleObject": "Processing Object ",
			"CheckImg": "Selected IMG",
			"AllImg": "All IMG",
			"CheckImage": "Selected Image",
			"AllImage": "All Images",
			"Position": "Coordinates",
			"AddFile": "Add File",
			"RenameLayer": "Rename Layer",
			"AddLayer": "Add To Layer List",
			"CanvasWidth": "Canvas Width",
			"CanvasHeight": "Canvas Height",
			"CanvasSize": "Canvas Size",
			"ColorBits": "Color Bit",
			"RealativePosition": "Relative Coordinates",
			"AbsolutePosition": "Absolute Coordinates",
			"AdjustPosition": "Adjust Coordinates",
			"Tips": "Prompt",
			"Profession": "Subclass",
			"ReplaceFromGif": "Replace From Gif",
			"TargetIndex": "Link to ",
			"SaveAs": "Save As",
			"OpenDir": "Open Folder",
			"SaveDir": "Save to Folder",
			"Classify": "Categorize",
			"DisplayRuler": "Display Ruler",
			"DisplayRulerCrosshair": "Display Crosshair",
			"LockRuler": "Lock Ruler",
			"ResetRuler": "Reset Ruler",
			"MutipleLayer": "Mutiple Layer Mode",
			"Model": "Mod",
			"ClearModel": "Clear Mod",
			"SearchModel": "Search Mod",
			"DressingRoom": "Dressing Room",
			"Macro": "Action",
			"ColorChart": "Palette",
			"Contiune": "Resume",
			"FeedBack": "Feedback",
			"CanvasScale": "Zoom",
			"ChangeBackground": "Change Background",
			"RealPosition": "True Coordinates",
			"Flash": "Play Animation",
			"OnionSkin": "Onion skin",
			"LineDodge": "Line Dodge",
			"NewFile": "New File",
			"ReplaceFile": "Replace File",
			"HideFile": "Hide FileSprites",
			"RepairFile": "Repair File",
			"SplitFile": "Split File",
			"MixFile": "Mix File",
			"CutFile": "Cut File",
			"PasteFile": "Paste File",
			"MoveFile": "Move File",
			"DeleteFile": "Delete File",
			"Rename": "Rename",
			"ConvertVersion": "Convert Version",
			"Encrypt": "Password Protection",
			"DeletePassword": "Remove Password",
			"NewImage": "New Sprite",
			"ReplaceImage": "Replace Sprite",
			"SaveImage": "Save Sprite",
			"SaveAllImage": "Save All Sprites",
			"SaveGif": "Export GIF",
			"HideImage": "Hide Sprites",
			"ChangeImagePosition": "Modify Coordinates",
			"LinkImage": "Link Sprites",
			"MoveImage": "Move Image",
			"CutImage": "Cut Image",
			"PasteImage": "Paste Image",
			"DeleteImage": "Delete Image",
			"Tools": "Tools",
			"MoveTool": "Move Tool",
			"CanvasImage": "Add Canvas",
			"UnCanvasImage": "Remove Canvas",
			"Path": "File Path",
			"ImageCount": "Sprites Count",
			"Offset": "Offset",
			"Splice": "Merge",
			"AddMerge": "Add to Merge Queue",
			"RunMerge": "Perform Merge",
			"RunSpliceToNew": "Perform Merge To New File",
			"AddOutsideMerge": "Add External File",
			"UseOutsideRule": "Use other rule",
			"ClearMerge": "Clear Merge Queue",
			"RemoveMerge": "Remove IMG From Queue",
			"MoveMerge": "Move Merge Queue",
			"MoveUp": "Move Up",
			"MoveDown": "Move Down",
			"UpdateTime": "Updated",
			"ExpireTime": "Valid Until",
			"Remark": "Comment",
			"CanExtract": "Can be Extracted",
			"CanRead": "Can be Viewed",
			"Copyright": "Copyrighted",
			"Submit": "Submit",
			"Keyword": "Keywords",
			"MatchAll": "Match All",
			"UseDictionary": "Use Dictionary",
			"IgnoreModel": "Ignore Mod",
			"DisplayNPK": "Show NPK",
			"DisplayImg": "Show IMG",
			"AddNPK": "Add NPK to List",
			"Search": "Search",
			"ClearMode": "Clean Mode",
			"SimpleClear": "Simple Clean Up",
			"DepthClear": "In-Depth Clean Up",
			"Clear": "Clear",
			"Backup": "Backup",
			"Cap": "Hat",
			"AddListHideImage": "Hide Sprite when add list.",
			"ClearSplice": "Clear Queue when add to Merge Queue.",
			"BanImg": "(tn)|(18) Prefix IMG",
			"MaskImg": "mask Suffix IMG",
			"AddList": "Add List",
			"LoadModel": "Load Template",
			"AddWeapon": "Add Weapon IMG",
			"AddSkin": "Add Skin IMG",
			"AutoSave": "Autosave",
			"GridGap": "Grid Spacing",
			"SaveImageTips": "Prompt When Extracting",
			"FlashSpeed": "Animation Speed",
			"AutoUpdate": "Autoupdate",
			"CheckUpdate": "Check Updates",
			"PluginList": "Plugin List",
			"SaveImagePath": "Path of the save sprites",
			"AutoIncrement": "Auto Increment",
			"ProgramExceptions": "There are some exceptions in program.",
			"SubmitFeedback": "Submit feedback to author.",
			"SubmitBugLog": "Submit log to the server.",
			"NoTips": "Don\"t remind me again.",
			"FunctionDeprecated": "Function deprecated.",
			"NeedUpdateTips": "An update is found! Update now?",
			"NeedNotUpdateTips": "Current version is up to date.",
			"EmptyMergeTips": "Merging Queue is empty!",
			"NotSelectImgTips": "Specified IMG not selected",
			"SaveTips": "The file has been modified.Save changes?",
			"DeleteTips": "Are you sure you want delete checked files?",
			"HideTips": "Are you sure you want hide checked files\"s sprites?",
			"DeletePasswordTips": "Are you sure you want remove checked file\"s passwords?",
			"NotHandleFile": "This operation cannot be performed on this file",
			"InputTarget": "Please input the target index.",
			"SelectPathIsInvalid": "Select path is invalid,please reselect. ",
			"SelectPathTips": "Please select the path",
			"FileIsInvalid": "File is invalid!",
			"InputCannotEmpty": "The input text Cant empty",
			"FileNameCannotEmpty": "The filename cant empty",
			"NotExistCommand": "Command isnt exist",
			"ActionTips": "Do action for all sprites？",
			"SavePathTips": "Add IMG FullPath",
			"ActionRecord": "Recording has been started!",
			"ActionPause": "Recording has been stoped!",
			"ActionRun": "Action success.",
			"ImageResources": "Image Resources",
			"SoundResources": "Sound Resources",
			"UnCheckAll": "Uncheck All.",
			"ClearRecent": "Clear Records",
			"SortFile": "Sort File",
			"LastLayer": "Last Layer",
			"CurrentLayer": "Current Layer",
			"DisplayRulerSpan": "Display Span",
			"AddAction": "Add to Action List",
			"ChangeColor": "Change this Color",
			"ChangeToCurrentColor": "Change to Current Color",
			"SaveFile": "Save File",
			"AutoSort": "Auto Sort",
			"CompletedHide": "Closing the window after completion.",
			"FrameCount": "Frame Count",
			"SelectHide": "Check All Empty Sprites",
			"SelectLink": "Check All LINK's Sprites",
			"SelectThisLink": "Check this Sprite's Links",
			"SelectThisTarget": "Goto this Sprite's Target",
			"NewLayer": "New Layer ",
			"ChangeLayerPosition": "Change Layer's ",
			"AddOutside": "Add Outside's File",
			"UseDefaultScale": "Use default scale",
			"RenameLayerTips": "Only custom layers can be renamed"
		}
	}
}