{
    "content": "<p>&nbsp;</p>\n\n<p><br />\nby:gee00123<br />\nhttp://tieba.baidu.com/p/4073703789?see_lz=1&nbsp;&nbsp; &nbsp;</p>\n\n<p><br />\n类型分为以下几种。</p>\n\n<p>1、攻击直接触发</p>\n\n<p>2、击中敌人触发</p>\n\n<p>3、每秒自动触发</p>\n\n<p>4、被攻击触发</p>\n\n<p>还有我说一点 [cooltime]是冷却 [probability]是触发几率 可以自己改。</p>\n\n<p>粘贴某个触发</p>\n\n<p>代码到你用的武器上然后再Decrypt.exe导入到pvf</p>\n\n<p>============================================================================</p>\n\n<p>设置自己状态为1，状态为攻击，冷却时间为0.1秒</p>\n\n<p>[if]</p>\n\n<p>[set my state] 设置状态<br />\n1&nbsp;&nbsp; &nbsp;<br />\n[my state] 状态<br />\n`attack`</p>\n\n<p>[cooltime] 冷却时间<br />\n100&nbsp;&nbsp; &nbsp;<br />\n[/if]</p>\n\n<p>============================================================================</p>\n\n<p>击中敌人触发 &nbsp;</p>\n\n<p>代码<br />\n[if]</p>\n\n<p>[cooltime] 冷却时间<br />\n100&nbsp;&nbsp; &nbsp; &nbsp;<br />\n[attack success] 攻击成功<br />\n1&nbsp;&nbsp; &nbsp;<br />\n[/if]</p>\n\n<p>[then]</p>\n\n<p>[target] 目标<br />\n`enemy`<br />\n-1&nbsp;&nbsp; &nbsp;<br />\n[probability] 几率<br />\n100&nbsp;&nbsp; &nbsp;<br />\n[passive object] 特效<br />\n48150&nbsp;&nbsp; &nbsp;0&nbsp;&nbsp; &nbsp;0&nbsp;&nbsp; &nbsp;0&nbsp;&nbsp; &nbsp;0&nbsp;&nbsp; &nbsp;0&nbsp;&nbsp; &nbsp;``</p>\n\n<p>[/passive object]</p>\n\n<p>============================================================================</p>\n\n<p>每秒自动触发</p>\n\n<p>[if]</p>\n\n<p>[time] 时间<br />\n180000&nbsp;&nbsp; &nbsp;1&nbsp;&nbsp; &nbsp;5000<br />\n[my state] 状态<br />\n`stand`</p>\n\n<p>[/if]</p>\n\n<p>[then]</p>\n\n<p>[consume item] 消耗物品<br />\n3037&nbsp;&nbsp; &nbsp;2&nbsp;&nbsp; &nbsp;<br />\n[target]目标<br />\n`myself`<br />\n-1&nbsp;&nbsp; &nbsp;<br />\n[passive object] 特效<br />\n8095&nbsp;&nbsp; &nbsp;70&nbsp;&nbsp; &nbsp;0&nbsp;&nbsp; &nbsp;60&nbsp;&nbsp; &nbsp;46&nbsp;&nbsp; &nbsp;0&nbsp;&nbsp; &nbsp;``</p>\n\n<p>[/passive object]</p>\n\n<p>============================================================================</p>\n\n<p>被攻击触发&nbsp; &nbsp;</p>\n\n<p>代码</p>\n\n<p>[if]</p>\n\n<p>[cooltime] 冷却时间<br />\n100&nbsp;&nbsp; &nbsp;<br />\n[hit] 被攻击次数<br />\n1&nbsp;&nbsp; &nbsp;<br />\n[/if]</p>\n\n<p>[then]</p>\n\n<p>[probability] 几率<br />\n100&nbsp;&nbsp; &nbsp;<br />\n[reduce probability to human armor at pvp module] 决斗场为90%<br />\n90&nbsp;&nbsp; &nbsp;<br />\n[perform skill] 施放技能<br />\n`fighter`<br />\n69&nbsp;&nbsp; &nbsp;30&nbsp;&nbsp; &nbsp;10&nbsp;&nbsp; &nbsp;<br />\n[/then]</p>",
    "auth_users": "学院搬运工",
    "img": "https://dafstatic.oss-cn-beijing.aliyuncs.com/static/title/level4.gif",
    "create_at": "2023-04-16T13:00:23.047",
    "view_num": 583
}