{
    "content": "<p>剑舞<br />\r\n攻击直接触发</p>\r\n\r\n<p>&nbsp;</p>\r\n\r\n<p>代码<br />\r\n[if]</p>\r\n\r\n<p>[set my state]<br />\r\n1&nbsp;&nbsp; &nbsp;<br />\r\n[my state]<br />\r\n`attack`</p>\r\n\r\n<p>[cooltime]<br />\r\n100&nbsp;&nbsp; &nbsp;<br />\r\n[/if]</p>\r\n\r\n<p>[then]</p>\r\n\r\n<p>[target]<br />\r\n`all enemy`<br />\r\n-1&nbsp;&nbsp; &nbsp;<br />\r\n[passive object]<br />\r\n20065&nbsp;&nbsp; &nbsp;0&nbsp;&nbsp; &nbsp;0&nbsp;&nbsp; &nbsp;0&nbsp;&nbsp; &nbsp;0&nbsp;&nbsp; &nbsp;0&nbsp;&nbsp; &nbsp;`Straight3.ptl`</p>\r\n\r\n<p>[/passive object]</p>\r\n\r\n<p>[/then]</p>",
    "auth_users": "学院搬运工",
    "img": "https://dafstatic.oss-cn-beijing.aliyuncs.com/static/title/level4.gif",
    "create_at": "2023-04-16T13:00:30.259",
    "view_num": 1323
}