{
    "content": "<p>光炎<br />\n攻击直接触发</p>\n\n<p><br />\n代码<br />\n[if]</p>\n\n<p>[set my state]<br />\n1&nbsp;&nbsp; &nbsp;<br />\n[my state]<br />\n`attack`</p>\n\n<p>[/if]</p>\n\n<p>[then]</p>\n\n<p>[target]<br />\n`myself`<br />\n-1&nbsp;&nbsp; &nbsp;<br />\n[passive object]<br />\n8085&nbsp;&nbsp; &nbsp;0&nbsp;&nbsp; &nbsp;0&nbsp;&nbsp; &nbsp;50&nbsp;&nbsp; &nbsp;55&nbsp;&nbsp; &nbsp;0&nbsp;&nbsp; &nbsp;`DragonHeadEnergyBall.ptl`</p>\n\n<p>[/passive object]</p>\n\n<p>[/then]</p>",
    "auth_users": "学院搬运工",
    "img": "https://dafstatic.oss-cn-beijing.aliyuncs.com/static/title/level4.gif",
    "create_at": "2023-04-16T13:01:11.107",
    "view_num": 680
}