{
    "content": "<p>墓地邪龙锁链<br />\n击中敌人触发</p>\n\n<p>&nbsp;</p>\n\n<p>代码<br />\n[if]</p>\n\n<p>[cooltime]<br />\n100&nbsp;&nbsp; &nbsp;<br />\n[attack success]<br />\n1&nbsp;&nbsp; &nbsp;<br />\n[/if]</p>\n\n<p>[then]</p>\n\n<p>[target]<br />\n`myself`<br />\n-1&nbsp;&nbsp; &nbsp;<br />\n[probability]<br />\n100&nbsp;&nbsp; &nbsp;<br />\n[reduce probability to human armor at pvp module]<br />\n80&nbsp;&nbsp; &nbsp;<br />\n[passive object]<br />\n48194&nbsp;&nbsp; &nbsp;0&nbsp;&nbsp; &nbsp;0&nbsp;&nbsp; &nbsp;0&nbsp;&nbsp; &nbsp;0&nbsp;&nbsp; &nbsp;0&nbsp;&nbsp; &nbsp;``</p>\n\n<p>[/passive object]</p>\n\n<p>[/then]</p>",
    "auth_users": "学院搬运工",
    "img": "https://dafstatic.oss-cn-beijing.aliyuncs.com/static/title/level4.gif",
    "create_at": "2023-04-16T13:01:39.288",
    "view_num": 336
}