{
    "content": "<p>无头骑士幻影<br />\n每秒自动触发</p>\n\n<p>&nbsp;</p>\n\n<p>代码<br />\n[if]</p>\n\n<p>[time]<br />\n1000&nbsp;&nbsp; &nbsp;2&nbsp;&nbsp; &nbsp;1000&nbsp;&nbsp; &nbsp;<br />\n[/if]</p>\n\n<p>[then]</p>\n\n<p>[target]<br />\n`myself`<br />\n-1&nbsp;&nbsp; &nbsp;<br />\n[passive object]<br />\n48190&nbsp;&nbsp; &nbsp;0&nbsp;&nbsp; &nbsp;0&nbsp;&nbsp; &nbsp;0&nbsp;&nbsp; &nbsp;0&nbsp;&nbsp; &nbsp;0&nbsp;&nbsp; &nbsp;``</p>\n\n<p>[/passive object]</p>\n\n<p>[/then]</p>",
    "auth_users": "学院搬运工",
    "img": "https://dafstatic.oss-cn-beijing.aliyuncs.com/static/title/level4.gif",
    "create_at": "2023-04-16T13:02:43.443",
    "view_num": 228
}