{
    "content": "<p>召唤僵尸<br />\n每秒自动触发</p>\n\n<p><br />\n代码<br />\n[if]</p>\n\n<p>[time]<br />\n100&nbsp;&nbsp; &nbsp;1&nbsp;&nbsp; &nbsp;5000&nbsp;&nbsp; &nbsp;<br />\n[my state]<br />\n`stand`</p>\n\n<p>[/if]</p>\n\n<p>[then]</p>\n\n<p>[target]<br />\n`myself`<br />\n-1&nbsp;&nbsp; &nbsp;<br />\n[duration]<br />\n60000&nbsp;&nbsp; &nbsp;<br />\n[summon monster]<br />\n65002&nbsp;&nbsp; &nbsp;90&nbsp;&nbsp; &nbsp;1&nbsp;&nbsp; &nbsp;<br />\n[/then]</p>",
    "auth_users": "学院搬运工",
    "img": "https://dafstatic.oss-cn-beijing.aliyuncs.com/static/title/level4.gif",
    "create_at": "2023-04-16T13:04:50.350",
    "view_num": 199
}