{
    "content": "<p>被攻击出气功分身<br />\n被攻击时触发</p>\n\n<p><br />\n代码<br />\n[if]</p>\n\n<p>[cooltime]<br />\n100&nbsp;&nbsp; &nbsp;<br />\n[hit]<br />\n1&nbsp;&nbsp; &nbsp;<br />\n[/if]</p>\n\n<p>[then]</p>\n\n<p>[probability]<br />\n100&nbsp;&nbsp; &nbsp;<br />\n[reduce probability to human armor at pvp module]<br />\n90&nbsp;&nbsp; &nbsp;<br />\n[perform skill]<br />\n`fighter`<br />\n69&nbsp;&nbsp; &nbsp;30&nbsp;&nbsp; &nbsp;10&nbsp;&nbsp; &nbsp;<br />\n[/then]</p>",
    "auth_users": "学院搬运工",
    "img": "https://dafstatic.oss-cn-beijing.aliyuncs.com/static/title/level4.gif",
    "create_at": "2023-04-16T13:05:16.027",
    "view_num": 152
}