{
    "content": "<p>召唤异界怪物<br />\n击中敌人触发</p>\n\n<p><br />\n代码<br />\n[if]</p>\n\n<p>[cooltime]<br />\n100&nbsp;&nbsp; &nbsp;<br />\n[attack success]<br />\n1&nbsp;&nbsp; &nbsp;<br />\n[/if]</p>\n\n<p>[multiple then]</p>\n\n<p>[then]</p>\n\n<p>[target]<br />\n`myself`<br />\n-1&nbsp;&nbsp; &nbsp;<br />\n[duration]<br />\n100000&nbsp;&nbsp; &nbsp;<br />\n[probability]<br />\n30&nbsp;&nbsp; &nbsp;<br />\n[summon monster]<br />\n65006&nbsp;&nbsp; &nbsp;65&nbsp;&nbsp; &nbsp;1&nbsp;&nbsp; &nbsp;<br />\n[then probability]<br />\n30.000000&nbsp;&nbsp; &nbsp;<br />\n[/then]</p>\n\n<p>[then]</p>\n\n<p>[target]<br />\n`myself`<br />\n-1&nbsp;&nbsp; &nbsp;<br />\n[duration]<br />\n100000&nbsp;&nbsp; &nbsp;<br />\n[probability]<br />\n30&nbsp;&nbsp; &nbsp;<br />\n[summon monster]<br />\n65007&nbsp;&nbsp; &nbsp;65&nbsp;&nbsp; &nbsp;1&nbsp;&nbsp; &nbsp;<br />\n[then probability]<br />\n30.000000&nbsp;&nbsp; &nbsp;<br />\n[/then]</p>\n\n<p>[then]</p>\n\n<p>[target]<br />\n`myself`<br />\n-1&nbsp;&nbsp; &nbsp;<br />\n[duration]<br />\n100000&nbsp;&nbsp; &nbsp;<br />\n[probability]<br />\n30&nbsp;&nbsp; &nbsp;<br />\n[summon monster]<br />\n65003&nbsp;&nbsp; &nbsp;65&nbsp;&nbsp; &nbsp;1&nbsp;&nbsp; &nbsp;<br />\n[then probability]<br />\n30.000000&nbsp;&nbsp; &nbsp;<br />\n[/then]</p>\n\n<p>[then]</p>\n\n<p>[target]<br />\n`myself`<br />\n-1&nbsp;&nbsp; &nbsp;<br />\n[duration]<br />\n100000&nbsp;&nbsp; &nbsp;<br />\n[probability]<br />\n30&nbsp;&nbsp; &nbsp;<br />\n[summon monster]<br />\n65006&nbsp;&nbsp; &nbsp;65&nbsp;&nbsp; &nbsp;1&nbsp;&nbsp; &nbsp;<br />\n[summon monster]<br />\n65007&nbsp;&nbsp; &nbsp;65&nbsp;&nbsp; &nbsp;1&nbsp;&nbsp; &nbsp;<br />\n[then probability]<br />\n30.000000&nbsp;&nbsp; &nbsp;<br />\n[/then]</p>\n\n<p>[then]</p>\n\n<p>[target]<br />\n`myself`<br />\n-1&nbsp;&nbsp; &nbsp;<br />\n[duration]<br />\n100000&nbsp;&nbsp; &nbsp;<br />\n[probability]<br />\n30&nbsp;&nbsp; &nbsp;<br />\n[summon monster]<br />\n65008&nbsp;&nbsp; &nbsp;65&nbsp;&nbsp; &nbsp;1&nbsp;&nbsp; &nbsp;<br />\n[then probability]<br />\n30.000000&nbsp;&nbsp; &nbsp;<br />\n[/then]</p>\n\n<p>[then]</p>\n\n<p>[target]<br />\n`myself`<br />\n-1&nbsp;&nbsp; &nbsp;<br />\n[duration]<br />\n100000&nbsp;&nbsp; &nbsp;<br />\n[probability]<br />\n30&nbsp;&nbsp; &nbsp;<br />\n[summon monster]<br />\n65009&nbsp;&nbsp; &nbsp;65&nbsp;&nbsp; &nbsp;1&nbsp;&nbsp; &nbsp;<br />\n[then probability]<br />\n30.000000&nbsp;&nbsp; &nbsp;<br />\n[/then]</p>\n\n<p>[then]</p>\n\n<p>[target]<br />\n`myself`<br />\n-1&nbsp;&nbsp; &nbsp;<br />\n[duration]<br />\n100000&nbsp;&nbsp; &nbsp;<br />\n[probability]<br />\n30&nbsp;&nbsp; &nbsp;<br />\n[summon monster]<br />\n65005&nbsp;&nbsp; &nbsp;65&nbsp;&nbsp; &nbsp;1&nbsp;&nbsp; &nbsp;<br />\n[then probability]<br />\n30.000000&nbsp;&nbsp; &nbsp;<br />\n[/then]</p>\n\n<p>[then]</p>\n\n<p>[target]<br />\n`myself`<br />\n-1&nbsp;&nbsp; &nbsp;<br />\n[duration]<br />\n100000&nbsp;&nbsp; &nbsp;<br />\n[probability]<br />\n30&nbsp;&nbsp; &nbsp;<br />\n[summon monster]<br />\n65004&nbsp;&nbsp; &nbsp;65&nbsp;&nbsp; &nbsp;1&nbsp;&nbsp; &nbsp;<br />\n[then probability]<br />\n30.000000&nbsp;&nbsp; &nbsp;<br />\n[/then]</p>",
    "auth_users": "学院搬运工",
    "img": "https://dafstatic.oss-cn-beijing.aliyuncs.com/static/title/level4.gif",
    "create_at": "2023-04-16T13:06:54.745",
    "view_num": 225
}