{
    "content": "<p>波浪<br />\n击中敌人触发（重要：代码[passive object] 到[/passive object]的中间那一大段是一行的 ）</p>\n\n<p><br />\n代码<br />\n[if]</p>\n\n<p>[cooltime]<br />\n100&nbsp;&nbsp; &nbsp;<br />\n[module]<br />\n`[dungeon]`</p>\n\n<p>[/module]</p>\n\n<p>[attack success]<br />\n1&nbsp;&nbsp; &nbsp;<br />\n[/if]</p>\n\n<p>[then]</p>\n\n<p>[target]<br />\n`myself`<br />\n-1&nbsp;&nbsp; &nbsp;<br />\n[passive object]<br />\n8745&nbsp;&nbsp; &nbsp;0&nbsp;&nbsp; &nbsp;-10&nbsp;&nbsp; &nbsp;30&nbsp;&nbsp; &nbsp;0&nbsp;&nbsp; &nbsp;0&nbsp;&nbsp; &nbsp;`../../../Monster/Act8/congcong/particle/eel.ptl`<br />\n62001&nbsp;&nbsp; &nbsp;200&nbsp;&nbsp; &nbsp;0&nbsp;&nbsp; &nbsp;0&nbsp;&nbsp; &nbsp;0&nbsp;&nbsp; &nbsp;0&nbsp;&nbsp; &nbsp;`../../../Monster/Act8/congcong/particle/wave.ptl`<br />\n8745&nbsp;&nbsp; &nbsp;0&nbsp;&nbsp; &nbsp;10&nbsp;&nbsp; &nbsp;60&nbsp;&nbsp; &nbsp;0&nbsp;&nbsp; &nbsp;0&nbsp;&nbsp; &nbsp;`../../../Monster/Act8/congcong/particle/eel2.ptl`<br />\n62002&nbsp;&nbsp; &nbsp;0&nbsp;&nbsp; &nbsp;0&nbsp;&nbsp; &nbsp;40&nbsp;&nbsp; &nbsp;0&nbsp;&nbsp; &nbsp;0&nbsp;&nbsp; &nbsp;`../../../Monster/Act8/congcong/particle/medusa2.ptl`<br />\n8746&nbsp;&nbsp; &nbsp;0&nbsp;&nbsp; &nbsp;0&nbsp;&nbsp; &nbsp;10&nbsp;&nbsp; &nbsp;0&nbsp;&nbsp; &nbsp;0&nbsp;&nbsp; &nbsp;`../../../Monster/Act8/congcong/particle/marlin.ptl`<br />\n8748&nbsp;&nbsp; &nbsp;0&nbsp;&nbsp; &nbsp;0&nbsp;&nbsp; &nbsp;40&nbsp;&nbsp; &nbsp;0&nbsp;&nbsp; &nbsp;0&nbsp;&nbsp; &nbsp;`../../../Monster/Act8/congcong/particle/octo.ptl`<br />\n8752&nbsp;&nbsp; &nbsp;0&nbsp;&nbsp; &nbsp;-1&nbsp;&nbsp; &nbsp;30&nbsp;&nbsp; &nbsp;0&nbsp;&nbsp; &nbsp;0&nbsp;&nbsp; &nbsp;`../../../Monster/Act8/congcong/particle/octo.ptl`<br />\n8748&nbsp;&nbsp; &nbsp;-30&nbsp;&nbsp; &nbsp;0&nbsp;&nbsp; &nbsp;60&nbsp;&nbsp; &nbsp;0&nbsp;&nbsp; &nbsp;0&nbsp;&nbsp; &nbsp;`../../../Monster/Act8/congcong/particle/octo.ptl`<br />\n8748&nbsp;&nbsp; &nbsp;-20&nbsp;&nbsp; &nbsp;0&nbsp;&nbsp; &nbsp;50&nbsp;&nbsp; &nbsp;0&nbsp;&nbsp; &nbsp;0&nbsp;&nbsp; &nbsp;`../../../Monster/Act8/congcong/particle/octo.ptl`<br />\n8752&nbsp;&nbsp; &nbsp;-40&nbsp;&nbsp; &nbsp;1&nbsp;&nbsp; &nbsp;30&nbsp;&nbsp; &nbsp;0&nbsp;&nbsp; &nbsp;0&nbsp;&nbsp; &nbsp;`../../../Monster/Act8/congcong/particle/octo.ptl`<br />\n62002&nbsp;&nbsp; &nbsp;0&nbsp;&nbsp; &nbsp;0&nbsp;&nbsp; &nbsp;80&nbsp;&nbsp; &nbsp;0&nbsp;&nbsp; &nbsp;0&nbsp;&nbsp; &nbsp;`../../../Monster/Act8/congcong/particle/medusa.ptl`<br />\n8752&nbsp;&nbsp; &nbsp;30&nbsp;&nbsp; &nbsp;-1&nbsp;&nbsp; &nbsp;30&nbsp;&nbsp; &nbsp;0&nbsp;&nbsp; &nbsp;0&nbsp;&nbsp; &nbsp;`../../../Monster/Act8/congcong/particle/octo.ptl`</p>\n\n<p>[/passive object]</p>\n\n<p>[probability]<br />\n100&nbsp;&nbsp; &nbsp;<br />\n[/then]</p>",
    "auth_users": "学院搬运工",
    "img": "https://dafstatic.oss-cn-beijing.aliyuncs.com/static/title/level4.gif",
    "create_at": "2023-04-16T13:06:46.189",
    "view_num": 134
}