{
    "content": "<p>定时炸弹<br />\n每秒自动触发</p>\n\n<p><br />\n代码<br />\n[if]</p>\n\n<p>[module]<br />\n`[dungeon type]`<br />\n`[war room]`<br />\n`[assault]`</p>\n\n<p>[/module]</p>\n\n<p>[time]<br />\n100&nbsp;&nbsp; &nbsp;1&nbsp;&nbsp; &nbsp;100&nbsp;&nbsp; &nbsp;<br />\n[/if]</p>\n\n<p>[then]</p>\n\n<p>[target]<br />\n`myself`<br />\n-1&nbsp;&nbsp; &nbsp;<br />\n[passive object]<br />\n48500&nbsp;&nbsp; &nbsp;0&nbsp;&nbsp; &nbsp;0&nbsp;&nbsp; &nbsp;50&nbsp;&nbsp; &nbsp;0&nbsp;&nbsp; &nbsp;0&nbsp;&nbsp; &nbsp;`440364.ptl`</p>\n\n<p>[/passive object]</p>\n\n<p>[/then]</p>",
    "auth_users": "学院搬运工",
    "img": "https://dafstatic.oss-cn-beijing.aliyuncs.com/static/title/level4.gif",
    "create_at": "2023-04-16T13:08:14.337",
    "view_num": 118
}