{
    "content": "<p>布鲁的怨灵<br />\n击中敌人触发（冷却要调高高高）</p>\n\n<p><br />\n代码<br />\n[if]</p>\n\n<p>[module]<br />\n`[dungeon type]`</p>\n\n<p>[/module]</p>\n\n<p>[cooltime]<br />\n2000&nbsp;&nbsp; &nbsp;<br />\n[attack success]<br />\n1&nbsp;&nbsp; &nbsp;<br />\n[/if]</p>\n\n<p>[then]</p>\n\n<p>[target]<br />\n`myself`<br />\n-1&nbsp;&nbsp; &nbsp;<br />\n[probability]<br />\n10&nbsp;&nbsp; &nbsp;<br />\n[passive object]<br />\n9104&nbsp;&nbsp; &nbsp;0&nbsp;&nbsp; &nbsp;0&nbsp;&nbsp; &nbsp;0&nbsp;&nbsp; &nbsp;70&nbsp;&nbsp; &nbsp;0&nbsp;&nbsp; &nbsp;``</p>\n\n<p>[/passive object]</p>\n\n<p>[/then]</p>",
    "auth_users": "学院搬运工",
    "img": "https://dafstatic.oss-cn-beijing.aliyuncs.com/static/title/level4.gif",
    "create_at": "2023-04-16T13:09:57.981",
    "view_num": 169
}