{
    "content": "<p>炮击<br />\n攻击直接触发（注：[passive object] 和[/passive object] 之间内容为一行 ）</p>\n\n<p><br />\n代码<br />\n[if]</p>\n\n<p>[cooltime]<br />\n100&nbsp;&nbsp; &nbsp;<br />\n[set my state]<br />\n1&nbsp;&nbsp; &nbsp;<br />\n[my state]<br />\n`attack`</p>\n\n<p>[/if]</p>\n\n<p>[then]</p>\n\n<p>[target]<br />\n`myself`<br />\n-1&nbsp;&nbsp; &nbsp;</p>\n\n<p>[probability]<br />\n100&nbsp;&nbsp; &nbsp;<br />\n[reduce probability to human armor at pvp module]<br />\n90&nbsp;&nbsp; &nbsp;<br />\n[passive object]<br />\n48537&nbsp;&nbsp; &nbsp;100&nbsp;&nbsp; &nbsp;0&nbsp;&nbsp; &nbsp;400&nbsp;&nbsp; &nbsp;0&nbsp;&nbsp; &nbsp;0&nbsp;&nbsp; &nbsp;`440364.ptl`<br />\n48537&nbsp;&nbsp; &nbsp;-100&nbsp;&nbsp; &nbsp;0&nbsp;&nbsp; &nbsp;400&nbsp;&nbsp; &nbsp;0&nbsp;&nbsp; &nbsp;0&nbsp;&nbsp; &nbsp;`440364.ptl`<br />\n48537&nbsp;&nbsp; &nbsp;50&nbsp;&nbsp; &nbsp;50&nbsp;&nbsp; &nbsp;400&nbsp;&nbsp; &nbsp;0&nbsp;&nbsp; &nbsp;0&nbsp;&nbsp; &nbsp;`440364.ptl`<br />\n48537&nbsp;&nbsp; &nbsp;50&nbsp;&nbsp; &nbsp;-50&nbsp;&nbsp; &nbsp;400&nbsp;&nbsp; &nbsp;0&nbsp;&nbsp; &nbsp;0&nbsp;&nbsp; &nbsp;`440364.ptl`<br />\n48537&nbsp;&nbsp; &nbsp;-50&nbsp;&nbsp; &nbsp;50&nbsp;&nbsp; &nbsp;400&nbsp;&nbsp; &nbsp;0&nbsp;&nbsp; &nbsp;0&nbsp;&nbsp; &nbsp;`440364.ptl`<br />\n48537&nbsp;&nbsp; &nbsp;-50&nbsp;&nbsp; &nbsp;-50&nbsp;&nbsp; &nbsp;400&nbsp;&nbsp; &nbsp;0&nbsp;&nbsp; &nbsp;0&nbsp;&nbsp; &nbsp;`440364.ptl`</p>\n\n<p>[/passive object]</p>\n\n<p>[/then][/then]</p>",
    "auth_users": "学院搬运工",
    "img": "https://dafstatic.oss-cn-beijing.aliyuncs.com/static/title/level4.gif",
    "create_at": "2023-04-16T13:12:07.597",
    "view_num": 197
}