{
    "content": "<p>落雷<br />\n攻击直接触发（冷却调高不然你懂的）</p>\n\n<p><br />\n代码<br />\n[if]</p>\n\n<p>[cooltime]<br />\n100&nbsp;&nbsp; &nbsp;<br />\n[my state]<br />\n`attack`</p>\n\n<p>[set my state]<br />\n1&nbsp;&nbsp; &nbsp;<br />\n[/if]</p>\n\n<p>[then]</p>\n\n<p>[target]<br />\n`myself`<br />\n-1&nbsp;&nbsp; &nbsp;<br />\n[passive object]<br />\n48232&nbsp;&nbsp; &nbsp;0&nbsp;&nbsp; &nbsp;0&nbsp;&nbsp; &nbsp;0&nbsp;&nbsp; &nbsp;99&nbsp;&nbsp; &nbsp;0&nbsp;&nbsp; &nbsp;``</p>\n\n<p>[/passive object]</p>\n\n<p>[/then]</p>",
    "auth_users": "学院搬运工",
    "img": "https://dafstatic.oss-cn-beijing.aliyuncs.com/static/title/level4.gif",
    "create_at": "2023-04-16T13:12:27.749",
    "view_num": 362
}