{
    "content": "<p>&nbsp;</p>\n\n<p><br />\n60024&nbsp;&nbsp; &nbsp;四叔</p>\n\n<p>代码<br />\n`Satelaser.ptl`<br />\n卫星射线的ptl<br />\n11133&nbsp;&nbsp; &nbsp;速度快一些的剑舞剑气<br />\n但是没伤害<br />\n417&nbsp;&nbsp; &nbsp;阿甘左 冰龙图伤害8888<br />\n419&nbsp;&nbsp; &nbsp;阿甘左 400<br />\n410&nbsp;&nbsp; &nbsp;阿甘左 500伤害</p>\n\n<p>60018&nbsp;&nbsp; &nbsp;闪电连 3个固定面性<br />\n60021&nbsp;&nbsp; &nbsp;黑属性雾<br />\n60022&nbsp;&nbsp; &nbsp;黑属性圈<br />\n60023&nbsp;&nbsp; &nbsp;黑属性技能<br />\n60025&nbsp;&nbsp; &nbsp;喷黑雾召唤地域黑烟<br />\n60027&nbsp;&nbsp; &nbsp;黑暗炼狱欣赏<br />\n60030-33&nbsp;&nbsp; &nbsp;落下来的石头</p>\n\n<p>8022&nbsp;&nbsp; &nbsp;冻伤<br />\n8024&nbsp;&nbsp; &nbsp;绿色念气波<br />\n8025&nbsp;&nbsp; &nbsp;同上<br />\n8026&nbsp;&nbsp; &nbsp;不多的球好看<br />\n8617&nbsp;&nbsp; &nbsp;新风<br />\n8937&nbsp;&nbsp; &nbsp;60级哥布林<br />\n8125&nbsp;&nbsp; &nbsp;50级班图战士<br />\n8581&nbsp;&nbsp; &nbsp;秒杀追击者</p>\n\n<p>30523&nbsp;&nbsp; &nbsp;小火爆炸<br />\n30524&nbsp;&nbsp; &nbsp;脚下小刀<br />\n30525&nbsp;&nbsp; &nbsp;藤蔓生长有效果无攻击<br />\n30526&nbsp;&nbsp; &nbsp;盗贼划刀<br />\n30527&nbsp;&nbsp; &nbsp;蜷缩的溜蛋虫转动有人说屎壳郎滚粪球<br />\n30528&nbsp;&nbsp; &nbsp;深渊柱子困..<br />\n30529&nbsp;&nbsp; &nbsp;垃圾桶物质泥怪物碰卡死<br />\n30530&nbsp;&nbsp; &nbsp;迷乱boss蝴蝶转冰属性？<br />\n30531&nbsp;&nbsp; &nbsp;蝴蝶脚下定<br />\n30532&nbsp;&nbsp; &nbsp;垃圾泥穿越<br />\n30533&nbsp;&nbsp; &nbsp;垃圾桶物质泥怪物碰卡死<br />\n30534&nbsp;&nbsp; &nbsp;小老鼠高地<br />\n30535&nbsp;&nbsp; &nbsp;地下插雷管?假冒伪劣<br />\n30536&nbsp;&nbsp; &nbsp;石雕像的炸弹<br />\n30537&nbsp;&nbsp; &nbsp;狗替身<br />\n30538&nbsp;&nbsp; &nbsp;女盗贼替身变无限前压腿被打解除<br />\n30539&nbsp;&nbsp; &nbsp;脚下时闪－无效果<br />\n30540&nbsp;&nbsp; &nbsp;狗屁卡掉<br />\n30541&nbsp;&nbsp; &nbsp;老鼠召唤<br />\n30542&nbsp;&nbsp; &nbsp;老鼠召唤<br />\n30543&nbsp;&nbsp; &nbsp;无头技能定骑士一人一次效果<br />\n30544&nbsp;&nbsp; &nbsp;大毛雷浮空爆<br />\n30545&nbsp;&nbsp; &nbsp;<br />\n30546&nbsp;&nbsp; &nbsp;小射光水激光没用<br />\n30547&nbsp;&nbsp; &nbsp;好像小震,无效果<br />\n30548&nbsp;&nbsp; &nbsp;头上冒※无效果</p>",
    "auth_users": "学院搬运工",
    "img": "https://dafstatic.oss-cn-beijing.aliyuncs.com/static/title/level4.gif",
    "create_at": "2023-04-16T13:13:10.978",
    "view_num": 685
}