﻿{
	"Name": "中文(简体)",
	"LCID": 2052,
	"Group": {
		"Dictionary":{
			"Builder":"生成器",
			"Code":"代码",
			"Import":"导入",
			"UseListFile":"使用列表文件",
			"OutputPattern":"输出文件命名规则",
			"OutputDirectory":"输出目录",
			"ReplaceToSkin":"替换到皮肤",
			"FullDress":"全时装",
			"Transfer":"转职",
			"MaskLayer":"染色图层",
			"CompletedExplorer":"完成后打开目录",
			"CompletedOpenFile":"完成后打开文件",
			"HandleGlowLayer":"处理发光图层",
			"CustomDress":"自定义时装",
			"CodeErrorTips":"无法识别的代码"
		},
		"Alias":{			
			"swordman": "鬼剑士(男)/黑暗武士",
			"swordman_at": "鬼剑士(女)",
			"fighter_at": "格斗家(男)",
			"fighter": "格斗家(女)",
			"mage_at": "魔法师(男)",
			"mage": "魔法师(女)/缔造者",
			"gunner": "神枪手(男)",
			"gunner_at": "神枪手(女)",
			"priest": "圣职者(男)",
			"priest_at": "圣职者(女)",
			"thief": "暗夜使者(女)",
			"knight": "守护者(女)",
			"demoniclancer": "魔枪士(男)",
			"gunblader":"枪剑士(男)",
			"untransfer":"未转职",
			"weaponmaster":"剑魂",
			"berserker":"狂战士",
			"asura":"阿修罗",
			"soulbringer":"鬼泣",
			"swordmaster":"驭剑士",
			"demonslayer":"契魔者",
			"darktemplar":"暗殿骑士",
			"vegabond":"流浪武士",
			"grappler":"柔道家",
			"striker":"散打",
			"nenmaster":"气功师",
			"streetfighter":"街霸",
			"ranger":"漫游枪手",
			"launcher":"枪炮师",
			"mechanic":"机械师",
			"spitfire":"弹药专家",
			"creator":"缔造者",
			"witch":"魔道学者",
			"magiciant":"元素师",
			"battlemage":"战斗法师",
			"summoner":"召唤师",
			"glacialmaster":"冰结师",
			"elementalbomber":"元素爆破师",
			"dimensionwalker":"次元行者",
			"swiftmaster":"逐风者",
			"bloodmage":"血法师",
			"infighter":"蓝拳圣使",
			"taoisthermit":"驱魔师",
			"saint":"圣骑士",
			"justice":"复仇者",
			"atcrusader":"圣骑士",
			"inquistor":"异端审判者",
			"temptress":"诱魔者",
			"sorceress":"巫女",
			"necromencer":"死灵术士",
			"kunoichi":"忍者",
			"shadowdancer":"影舞者",
			"assassin":"刺客",
			"elvenknight":"精灵骑士",
			"paladin":"帕拉丁",
			"chaos":"混沌魔灵",
			"dragonknight":"龙骑士",
			"darklancer":"暗枪士",
			"dragonianlancer":"狩猎者",
			"duelist":"决战者",
			"vanguard":"征战者",
			"agent":"特工",
			"hitman":"暗刃",
			"specialist":"源能专家",
			"troubleshooter":"战线佣兵",
			"hair": "头发",
			"cap": "帽子",
			"face": "脸部",
			"neck": "胸部",
			"coat": "上衣",
			"skin": "皮肤",
			"belt": "腰带",
			"pants": "裤子",
			"shoes": "鞋子",
			"katana": "太刀",
			"sswd": "短剑",
			"lswd": "巨剑",
			"lgswd": "西洋剑",
			"lswd_teen": "钝剑",
			"mswd": "重剑",
			"club": "钝器",
			"lkatana": "长太刀",
			"gemswd": "宝石剑",
			"beamswd": "光剑",
			"bswd": "骨剑",
			"tonfa": "东方棍",
			"glove": "手套",
			"knuckle": "指虎",
			"claw": "爪",
			"gauntlet": "长手套",
			"bglove": "拳套",
			"arm": "臂铠",
			"bclaw": "宝石爪",
			"rev": "左轮枪",
			"musket": "步枪",
			"bowgun": "手弩",
			"hcan": "手炮",
			"auto": "自动手枪",
			"staff": "法杖",
			"spear": "矛",
			"rod": "魔杖",
			"pole": "棍棒",
			"broom": "扫把",
			"totem": "图腾",
			"scythe": "镰刀",
			"rosary": "念珠",
			"cross": "十字架",
			"axe": "战斧",
			"wand": "权杖",
			"twinswd": "双剑",
			"dagger": "匕首",
			"chakraweapon": "苦无",
			"pike": "枪",
			"halberd": "戟",
			"javelin": "暗矛",
			"beamspear": "光枪",
			"sblade":"小太刀",
			"coreswd":"源能剑",
			"lblade":"长刀"
		}
	}
}