{
    "content": "<p>24001 翔击（浮空）<br />\n24002 意念驱动光效<br />\n24003 恶魔之手<br />\n24004 -<br />\n24005 光球爆炸<br />\n24006 锤击（地震）<br />\n24007 -<br />\n24008 天前飓风<br />\n24009 破魔符<br />\n24010 压制符光效<br />\n24011 雷电符光效<br />\n24012 雷电符闪电<br />\n24013 雷电符闪电<br />\n24014 巨旋风<br />\n24015 驱魔某个技能<br />\n24016 扩散（第浮空）<br />\n24017 破魔击<br />\n24018 扩散（低浮空）<br />\n24019 玄武特效<br />\n24020 白虎特效<br />\n24021 白虎攻击球（闪退）<br />\n24022 胜利之矛<br />\n24023 圣骑45光效<br />\n24024 捶地<br />\n24025 -<br />\n24026 -<br />\n24027 黑线（没伤害）<br />\n24028 黄痕<br />\n24029 -<br />\n24030 背景变化<br />\n24031 -<br />\n24032 浮空阵<br />\n24033 驱魔技能（黄刃）<br />\n24034 -<br />\n24035 火爆炸<br />\n24036 驱魔某技能1（组<br />\n24037 驱魔某技能2 合）<br />\n24038 朱雀符<br />\n24039 火爆炸<br />\n24040 圣骑十字阵<br />\n24041 浮空<br />\n24100 -<br />\n24101 -<br />\n24102 复仇35爆炸<br />\n24103 复仇地刺<br />\n24104-6 复仇虚影zxc<br />\n24107&nbsp; 复仇45光效<br />\n24108 复仇45爆炸<br />\n24109 复仇60ex<br />\n24010 复仇70ex<br />\n20116 神光球爆炸ex<br />\n20117 神光球碎屑<br />\n20124 爆炸<br />\n20128 -<br />\n20129 爆炸（华丽</p>\n\n<p>&nbsp;</p>",
    "auth_users": "学院搬运工",
    "img": "https://dafstatic.oss-cn-beijing.aliyuncs.com/static/title/level4.gif",
    "create_at": "2023-04-16T12:48:11.347",
    "view_num": 239
}