{
    "content": "<p>[passive object]<br />\n48077 0 0 0 64 0 &quot;&quot;</p>\n\n<p>注释说明：</p>\n\n<p>特效编号<br />\nX轴坐标<br />\nY轴坐标<br />\nZ轴坐标 （说明：坐标貌似只有调用了ptl才能用<br />\n特效等级<br />\n出现方式 （相关参数：<br />\n-1：跟随人物<br />\n0：正常<br />\n1：流星落出场方式<br />\n3：垂直出场方式</p>",
    "auth_users": "学院搬运工",
    "img": "https://dafstatic.oss-cn-beijing.aliyuncs.com/static/title/level4.gif",
    "create_at": "2023-04-16T12:47:25.250",
    "view_num": 586
}