{
    "content": "<p>20001&nbsp;&nbsp; 地裂波动剑<br />\n20002~7 冰刃波动<br />\n20008&nbsp;&nbsp; 修罗邪光斩<br />\n20009&nbsp;&nbsp; 怒气爆发<br />\n20010&nbsp;&nbsp; 怒气的气浪<br />\n20011&nbsp;&nbsp; 红阵<br />\n20012&nbsp;&nbsp; 冰阵<br />\n20013&nbsp;&nbsp; 绿阵<br />\n20014&nbsp;&nbsp; 墓碑1<br />\n20015&nbsp;&nbsp; 墓碑2<br />\n20016&nbsp;&nbsp; 银光落刃<br />\n20017&nbsp;&nbsp; 噬魂之手<br />\n20018&nbsp;&nbsp; 上挑<br />\n20019&nbsp;&nbsp; 邪光<br />\n20020&nbsp;&nbsp; 光剑-刺击特效<br />\n20021&nbsp;&nbsp; 邪光波动阵<br />\n20022&nbsp;&nbsp; 裂波斩<br />\n20023&nbsp;&nbsp; -<br />\n20024&nbsp; 爆炎波动剑1<br />\n20025&nbsp; 爆炎波动剑2<br />\n20026&nbsp; 鬼影闪剑痕<br />\n20027&nbsp; 无双波爆破<br />\n20028&nbsp; 十字斩<br />\n20029&nbsp;&nbsp;&nbsp;&nbsp; -<br />\n20030&nbsp;&nbsp; 钝器李鬼捶地<br />\n20031&nbsp;&nbsp; 怒气爆发浮空前兆<br />\n20032&nbsp;&nbsp; 鬼印珠<br />\n20033~7 剑舞剑刃<br />\n20038&nbsp;&nbsp; 不动明王珠子（闪效）<br />\n20039&nbsp;&nbsp; 剑气格挡<br />\n20040&nbsp;&nbsp; 紫阵<br />\n20041&nbsp; 大吸最后挥砍<br />\n20042&nbsp; -<br />\n20043&nbsp; 大崩砸地（闪退)<br />\n20044&nbsp; 弹开<br />\n20045&nbsp; 卡洛幽魂弹<br />\n20046&nbsp; 卡洛幽魂弹结尾<br />\n20047&nbsp; 卡洛冥炎<br />\n20048&nbsp; 雷光爆炸<br />\n20049&nbsp; 雷光爆炸2<br />\n20050&nbsp; 崩山击气浪<br />\n20051&nbsp; 光效<br />\n20052&nbsp; 光效<br />\n20053&nbsp; 布拉修沼泽<br />\n20054&nbsp; 布拉修沼泽<br />\n20055&nbsp; 波动眼光矛<br />\n20056&nbsp; 波动眼刺<br />\n20057&nbsp; 波动眼轮<br />\n20058&nbsp; 终结波动眼<br />\n20059&nbsp; 钝器厉鬼气浪<br />\n20060&nbsp; 大墓碑<br />\n20061&nbsp; 大墓碑爆炸<br />\n20062&nbsp; EX冰阵<br />\n20063&nbsp; -（闪烁）<br />\n20064&nbsp; 大拔刀剑气（）<br />\n20065&nbsp; 剑舞剑气<br />\n20066&nbsp; 血剑最后爆炸<br />\n20067&nbsp; 大拔刀剑气<br />\n20068&nbsp; 黒武-裂波<br />\n20069&nbsp; 黒武-十字<br />\n20070&nbsp; 黒武 - 地裂<br />\n20071&nbsp; 黒武 - 砸地气浪<br />\n20072&nbsp; 黒武 - 噬魂手<br />\n20073&nbsp; 黒武 - 噬魂手喷射<br />\n20074&nbsp; 黒武 - 大崩（闪退）<br />\n20075&nbsp; 击中特效<br />\n20076&nbsp; 地震浮空<br />\n20077&nbsp; 黒武 - 怒气<br />\n20078&nbsp; 黒武 - 怒气2<br />\n20079&nbsp; 黒武 - 血剑最后一击<br />\n20080&nbsp; 黒武 - 血剑最后一击2<br />\n20081&nbsp; 黒武 - 墓碑<br />\n20082&nbsp; 黒武 - 不动旋转（无限转动）<br />\n20083~7&nbsp; 黒武 - 剑舞剑刃 （7；闪退）<br />\n20088&nbsp; 崩山气浪<br />\n20089&nbsp; 黒武 - 大吸最后一击<br />\n20090&nbsp;&nbsp; 黒武 -&nbsp; 鬼闪十字特效<br />\n20091&nbsp; 黒武 - 怒气浮空效果<br />\n20092&nbsp; 黒武 - 黑色气浪<br />\n20093&nbsp; 黒武 - 黑色气浪2<br />\n20094&nbsp; 黒武 - 邪光波动阵抓取（闪烁）<br />\n20095&nbsp; 黒武 - 鬼印珠<br />\n20096&nbsp; 黒武 - 卡洛最后一下<br />\n20097&nbsp; 黒武 - 邪光、<br />\n20098&nbsp; -<br />\n20099 &nbsp;<br />\n20100 ex 爆炎波动剑<br />\n20101 ex 爆炎波动最后暴击<br />\n20102 ex 怒气<br />\n20103 ex 怒气2<br />\n20104 ex 怒气3<br />\n20105~10 ex 极冰波动剑冰刃<br />\n20115 ex 噬魂手爆发<br />\n20147 剑舞钝器最后一击<br />\n20148 怒气气浪</p>\n\n<p>&nbsp;</p>",
    "auth_users": "学院搬运工",
    "img": "https://dafstatic.oss-cn-beijing.aliyuncs.com/static/title/level4.gif",
    "create_at": "2023-04-16T12:47:39.216",
    "view_num": 665
}