{
    "content": "<p>23001 替身草人<br />\n23002 -<br />\n23003 -<br />\n23004<br />\n23007 魔法星单<br />\n23008 - 11 初级四系法术<br />\n23012&nbsp; 虚无之球<br />\n23013 大杰克爆弹<br />\n23014 大杰克爆炸<br />\n23015 &nbsp;<br />\n23016 灼烧特效<br />\n23017 舒露露（无限召唤）<br />\n23018 miss<br />\n23019 雷击<br />\n23020 天雷<br />\n23021 冰墙<br />\n23022<br />\n23023 烈焰冲击<br />\n23024 爆炸<br />\n23025 黑洞<br />\n23026 冰属性爆炸<br />\n23027 冰阵<br />\n23028&nbsp; 气浪<br />\n23029<br />\n23030 强压爆炸<br />\n23031 爆炸（比较好看）<br />\n23032 爆炸<br />\n23033 元素觉醒火陨石<br />\n23034 元素觉醒冰陨石<br />\n23035 元素觉醒暗陨石<br />\n23036 元素觉醒光陨石<br />\n23037 炫纹强压（闪烁）<br />\n23038 火爆炸<br />\n23039 光爆炸<br />\n23040 气浪(华丽)<br />\n23041<br />\n23042 酸雨的电光<br />\n23043 (闪退)<br />\n23044 熔炉地热<br />\n23045&nbsp; 火爆炸<br />\n23046 丢（弹开）<br />\n23047 浮空机械<br />\n23048<br />\n23049 暗属性气浪<br />\n23050 光爆炸<br />\n23051 光属性爆炸<br />\n23052 （闪退）<br />\n23053 气浪（华丽）<br />\n23054 （闪退）<br />\n23055 光爆炸<br />\n23056 熔炉无伤害<br />\n23057 光爆炸<br />\n23058<br />\n23059 火爆炸<br />\n23060 火爆炸<br />\n23061 火爆炸<br />\n23062 浮空机械爆炸<br />\n23063 熔炉爆炸<br />\n23064 或爆炸<br />\n23065 雪人机械爆炸<br />\n23066<br />\n23067 猫爪爆炸<br />\n23068 虚无火山坠落（闪退）<br />\n23069 虚无火山小熔岩<br />\n23070 (闪烁)<br />\n23071 暗爆炸<br />\n23072 虚无火山爆发（闪退)<br />\n23073 光效<br />\n23074 光效<br />\n23075<br />\n23076 爆炸（无伤害）<br />\n23501 缔造者-陨石爆炸<br />\n23502 缔造者-陨石爆炸碎屑<br />\n23503 缔造者-冰球<br />\n23504 缔造者-冰棺<br />\n23505 缔造者-冰块（无伤害）</p>\n\n<p>&nbsp;</p>",
    "auth_users": "学院搬运工",
    "img": "https://dafstatic.oss-cn-beijing.aliyuncs.com/static/title/level4.gif",
    "create_at": "2023-04-16T12:48:02.021",
    "view_num": 271
}