{
    "content": "<p>22001 子弹<br />\n22002 子弹被击中<br />\n22003 子弹<br />\n22004 子弹<br />\n22005 子弹<br />\n22006 子弹<br />\n22007 子弹<br />\n22008 子弹<br />\n22009 子弹<br />\n22010 子弹<br />\n22011 子弹<br />\n22016 毒蛇炮子弹（闪退<br />\n22017 -<br />\n22018 子弹<br />\n22019 子弹<br />\n22020 子弹<br />\n22203 狙击子弹<br />\n22204 爆炎弹特效<br />\n22205 震动碎屑<br />\n22206 量子炸弹<br />\n22207 踢<br />\n22208 光属性爆炸<br />\n22209 （闪退）<br />\n22210 地狱烈焰1<br />\n22211 卫星射线标志<br />\n22213 火焰爆炸<br />\n22214 火焰爆炸<br />\n22215 火焰爆炸<br />\n22216 火焰爆炸<br />\n22217 格林上角度射击<br />\n22218 火焰爆炸<br />\n22219 毛雷<br />\n22220 电雷<br />\n22221 冰雷<br />\n22222 火焰爆炸<br />\n22223 机械支援飞机剪影<br />\n22224 （闪退）<br />\n22225&nbsp; 子弹<br />\n22226 爆破<br />\n22227 爆破<br />\n22228 波盖加之拳<br />\n22229 黑玫瑰特种队 （闪退）<br />\n22230 -<br />\n22231 -<br />\n22235 子弹<br />\n22236 火爆炸<br />\n22237 黑圈扩散（华丽）<br />\n22238 （闪烁）<br />\n22239 爆炸<br />\n22240 （闪退）<br />\n22241 （闪退）、<br />\n22242 地雷无伤害<br />\n22243 地雷爆炸<br />\n22244 闪烁<br />\n22245 闪烁<br />\n22246 狙击碎屏<br />\n22247<br />\n22248 G1击中<br />\n22249<br />\n22250<br />\n22251<br />\n22252 （闪退）<br />\n22253 霰弹枪<br />\n22254 霰弹枪<br />\n22255 鸟巢爆发<br />\n22256<br />\n22257 火爆炸<br />\n22258 （闪退）<br />\n22259 女枪45 电磁爆炸<br />\n22260&nbsp; （闪退）<br />\n22261 （闪退）<br />\n22262&nbsp; 雷爆炸<br />\n22263&nbsp; 刀刃（999999999）<br />\n22264&nbsp; 刀刃（999999999）<br />\n22265&nbsp; 刀刃（999999999）<br />\n22266&nbsp; 刀刃（999999999）<br />\n22267&nbsp; 刀刃（999999999）<br />\n22268&nbsp; 刀刃（999999999）<br />\n22269<br />\n22270 大爆炸（有点吊）<br />\n22271 导弹（图形）<br />\n22272 导弹（图形）<br />\n22273 飞刀（99999）<br />\n22274&nbsp; 刀刃（99999）<br />\n22275 爆炸（华丽9999999）<br />\n22276 子弹<br />\n22277 子弹<br />\n22278 母鸡觉醒<br />\n22279 -<br />\n22280 地裂（持续伤害）<br />\n22281 母鸡觉醒（爆裂）<br />\n22282 -<br />\n22283 45<br />\n22284 地雷（没伤害）<br />\n22285 光效<br />\n22286 冰属性伤害<br />\n22287 （闪退）<br />\n22288&nbsp; （闪退）<br />\n22289 （闪退）<br />\n22290 （闪退）<br />\n22291 伤害<br />\n22292 火伤害<br />\n22293 火伤害<br />\n22294 冰伤害<br />\n22295 小爆炸<br />\n22296 光谱<br />\n22297 光谱2<br />\n22298 子弹（没用）</p>\n\n<p>&nbsp;</p>",
    "auth_users": "学院搬运工",
    "img": "https://dafstatic.oss-cn-beijing.aliyuncs.com/static/title/level4.gif",
    "create_at": "2023-04-16T12:47:50.200",
    "view_num": 294
}