{
    "content": "<p>&nbsp;</p>\n\n<p>&nbsp; 1&nbsp;&nbsp; &nbsp;近身攻擊時以3%的機率1秒內讓敵人進入出血狀態，每0.5秒以250的攻擊力給予傷害。<br />\n（比Lv84高的目標陷入狀態機率較低，比 Lv84低的目標陷入狀態機率較高。）</p>\n\n<p><br />\n[if]</p>\n\n<p>[attacker]<br />\n`character`<br />\n-1&nbsp;&nbsp; &nbsp;<br />\n[cooltime]<br />\n1000&nbsp;&nbsp; &nbsp;<br />\n[attack success]<br />\n1&nbsp;&nbsp; &nbsp;</p>\n\n<p>[/if]</p>\n\n<p>[then]</p>\n\n<p>[target]<br />\n`enemy`<br />\n-1&nbsp;&nbsp; &nbsp;<br />\n[duration]<br />\n1000&nbsp;&nbsp; &nbsp;<br />\n[probability]<br />\n3&nbsp;&nbsp; &nbsp;<br />\n[reduce probability to human armor at pvp module]<br />\n80&nbsp;&nbsp; &nbsp;<br />\n[active status]<br />\n`bleeding`<br />\n84&nbsp;&nbsp; &nbsp;500&nbsp;&nbsp; &nbsp;<br />\n[/then]</p>\n\n<p>&nbsp;</p>\n\n<p>&nbsp;</p>",
    "auth_users": "学院搬运工",
    "img": "https://dafstatic.oss-cn-beijing.aliyuncs.com/static/title/level4.gif",
    "create_at": "2023-04-16T13:15:13.134",
    "view_num": 796
}