{
    "content": "<p>&nbsp;</p>\n\n<p>&nbsp; 11&nbsp;&nbsp; &nbsp;攻擊時以3%的機率在20秒內讓敵人陷入詛咒狀態，力量減少6，體力減少6，智能減少6，精神力減少6。<br />\n(若敵人高於Lv10，則減少進入異常狀態的機率；反之，則增加機率。)</p>\n\n<p><br />\n[if]</p>\n\n<p>[cooltime]<br />\n30000&nbsp;&nbsp; &nbsp;<br />\n[attack success]<br />\n1&nbsp;&nbsp; &nbsp;</p>\n\n<p>[/if]</p>\n\n<p>[then]</p>\n\n<p>[target]<br />\n`enemy`<br />\n-1&nbsp;&nbsp; &nbsp;<br />\n[duration]<br />\n20000&nbsp;&nbsp; &nbsp;<br />\n[probability]<br />\n3&nbsp;&nbsp; &nbsp;<br />\n[active status]<br />\n`curse`<br />\n10&nbsp;&nbsp; &nbsp;6&nbsp;&nbsp; &nbsp;6&nbsp;&nbsp; &nbsp;6&nbsp;&nbsp; &nbsp;6&nbsp;&nbsp; &nbsp;<br />\n[/then]</p>",
    "auth_users": "学院搬运工",
    "img": "https://dafstatic.oss-cn-beijing.aliyuncs.com/static/title/level4.gif",
    "create_at": "2023-04-16T13:16:55.514",
    "view_num": 183
}