{
    "content": "<p>&nbsp;</p>\n\n<p>&nbsp; 6&nbsp;&nbsp; &nbsp;普通攻擊時，有4%的機率使敵人進入失明狀態9秒；失明狀態下，減少90%%視野和20%%命中率。<br />\n(若敵人高於Lv50&nbsp;&nbsp; &nbsp;，則減少進入異常狀態的機率和效果；反之，則增加機率和效果。決鬥場內修正為4&nbsp;&nbsp; &nbsp;.5秒)</p>\n\n<p><br />\n[if]</p>\n\n<p>[cooltime]<br />\n1000&nbsp;&nbsp; &nbsp;<br />\n[my state]<br />\n`attack`<br />\n[attack success]<br />\n1&nbsp;&nbsp; &nbsp;</p>\n\n<p>[/if]</p>\n\n<p>[then]</p>\n\n<p>[target]<br />\n`enemy`<br />\n-1&nbsp;&nbsp; &nbsp;<br />\n[duration]<br />\n9000&nbsp;&nbsp; &nbsp;<br />\n[reduce duration to human armor at pvp module]<br />\n50&nbsp;&nbsp; &nbsp;<br />\n[probability]<br />\n4&nbsp;&nbsp; &nbsp;<br />\n[active status]<br />\n`blind`<br />\n50&nbsp;&nbsp; &nbsp;90&nbsp;&nbsp; &nbsp;20&nbsp;&nbsp; &nbsp;<br />\n[/then]</p>",
    "auth_users": "学院搬运工",
    "img": "https://dafstatic.oss-cn-beijing.aliyuncs.com/static/title/level4.gif",
    "create_at": "2023-04-16T13:16:07.249",
    "view_num": 244
}