{
    "content": "<p>&nbsp;</p>\n\n<p>&nbsp; 12&nbsp;&nbsp; &nbsp;攻擊時，有2%的機率使所有敵人進入束縛狀態3秒。<br />\n(若敵人高於Lv70，則減少進入異常狀態的機率和效果；反之，則增加機率和效果)</p>\n\n<p><br />\n[if]</p>\n\n<p>[cooltime]<br />\n10000&nbsp;&nbsp; &nbsp;<br />\n[attack success]<br />\n1&nbsp;&nbsp; &nbsp;</p>\n\n<p>[/if]</p>\n\n<p>[then]</p>\n\n<p>[target]<br />\n`all enemy`<br />\n-1&nbsp;&nbsp; &nbsp;<br />\n[duration]<br />\n3000&nbsp;&nbsp; &nbsp;<br />\n[reduce duration to human armor at pvp module]<br />\n60&nbsp;&nbsp; &nbsp;<br />\n[probability]<br />\n5&nbsp;&nbsp; &nbsp;<br />\n[reduce probability to human armor at pvp module]<br />\n80&nbsp;&nbsp; &nbsp;<br />\n[active status]<br />\n`hold`<br />\n70&nbsp;&nbsp; &nbsp;<br />\n[/then]</p>",
    "auth_users": "学院搬运工",
    "img": "https://dafstatic.oss-cn-beijing.aliyuncs.com/static/title/level4.gif",
    "create_at": "2023-04-16T13:17:06.429",
    "view_num": 194
}