{
    "content": "<p>&nbsp;</p>\n\n<p>&nbsp; 17&nbsp;&nbsp; &nbsp;攻擊時，以5%的機率出現紅色十字架。</p>\n\n<p><br />\n[if]</p>\n\n<p>[cooltime]<br />\n1000&nbsp;&nbsp; &nbsp;<br />\n[attack success]<br />\n1&nbsp;&nbsp; &nbsp;</p>\n\n<p>[/if]</p>\n\n<p>[then]</p>\n\n<p>[target]<br />\n`myself`<br />\n-1&nbsp;&nbsp; &nbsp;<br />\n[probability]<br />\n5&nbsp;&nbsp; &nbsp;<br />\n[passive object]<br />\n48073&nbsp;&nbsp; &nbsp;120&nbsp;&nbsp; &nbsp;0&nbsp;&nbsp; &nbsp;60&nbsp;&nbsp; &nbsp;25&nbsp;&nbsp; &nbsp;0&nbsp;&nbsp; &nbsp;`DragonHeadEnergyBall.ptl`</p>\n\n<p>[/passive object]</p>\n\n<p>[/then]</p>",
    "auth_users": "学院搬运工",
    "img": "https://dafstatic.oss-cn-beijing.aliyuncs.com/static/title/level4.gif",
    "create_at": "2023-04-16T13:17:58.231",
    "view_num": 184
}