{
    "content": "<p>&nbsp;</p>\n\n<p>&nbsp; 19&nbsp;&nbsp; &nbsp;攻擊時以2%的機率讓敵人20秒內呈現鈍化狀態，移動速度減少10%，攻擊速度減少10%。<br />\n（高於Lv25的對象得到的機率和效果減少，低於Lv25的對象則會增加）</p>\n\n<p><br />\n[if]</p>\n\n<p>[cooltime]<br />\n32000&nbsp;&nbsp; &nbsp;<br />\n[attack success]<br />\n1&nbsp;&nbsp; &nbsp;</p>\n\n<p>[/if]</p>\n\n<p>[then]</p>\n\n<p>[target]<br />\n`enemy`<br />\n-1&nbsp;&nbsp; &nbsp;<br />\n[duration]<br />\n20000&nbsp;&nbsp; &nbsp;<br />\n[probability]<br />\n2&nbsp;&nbsp; &nbsp;<br />\n[active status]<br />\n`slow`<br />\n25&nbsp;&nbsp; &nbsp;10&nbsp;&nbsp; &nbsp;10&nbsp;&nbsp; &nbsp;<br />\n[/then]</p>",
    "auth_users": "学院搬运工",
    "img": "https://dafstatic.oss-cn-beijing.aliyuncs.com/static/title/level4.gif",
    "create_at": "2023-04-16T13:18:18.708",
    "view_num": 179
}