{
    "content": "<p>&nbsp;</p>\n\n<p>&nbsp; 15&nbsp;&nbsp; &nbsp;攻擊時，以3%的機率使自身增加35&nbsp;&nbsp; &nbsp;點力量、體力、智力和精神，效果持續20秒。</p>\n\n<p><br />\n[if]</p>\n\n<p>[cooltime]<br />\n30000&nbsp;&nbsp; &nbsp;<br />\n[attack success]<br />\n1&nbsp;&nbsp; &nbsp;</p>\n\n<p>[/if]</p>\n\n<p>[then]</p>\n\n<p>[target]<br />\n`myself`<br />\n-1&nbsp;&nbsp; &nbsp;<br />\n[duration]<br />\n20000&nbsp;&nbsp; &nbsp;<br />\n[probability]<br />\n3&nbsp;&nbsp; &nbsp;<br />\n[stat]<br />\n`physical attack`<br />\n`+`<br />\n35&nbsp;&nbsp; &nbsp;<br />\n[stat]<br />\n`physical defense`<br />\n`+`<br />\n35&nbsp;&nbsp; &nbsp;<br />\n[stat]<br />\n`magical attack`<br />\n`+`<br />\n35&nbsp;&nbsp; &nbsp;<br />\n[stat]<br />\n`magical defense`<br />\n`+`<br />\n35&nbsp;&nbsp; &nbsp;<br />\n[/then]</p>",
    "auth_users": "学院搬运工",
    "img": "https://dafstatic.oss-cn-beijing.aliyuncs.com/static/title/level4.gif",
    "create_at": "2023-04-16T13:17:40.619",
    "view_num": 201
}