{
    "content": "<p>&nbsp;</p>\n\n<p>&nbsp; 14&nbsp;&nbsp; &nbsp;攻擊時，以2%的機率使自身恢復3%的HP和2%的MP。</p>\n\n<p><br />\n[if]</p>\n\n<p>[cooltime]<br />\n5000&nbsp;&nbsp; &nbsp;<br />\n[attack success]<br />\n1&nbsp;&nbsp; &nbsp;</p>\n\n<p>[/if]</p>\n\n<p>[then]</p>\n\n<p>[target]<br />\n`myself`<br />\n-1&nbsp;&nbsp; &nbsp;<br />\n[probability]<br />\n2&nbsp;&nbsp; &nbsp;<br />\n[restore]<br />\n`hp`<br />\n`%`<br />\n3&nbsp;&nbsp; &nbsp;0&nbsp;&nbsp; &nbsp;<br />\n[restore]<br />\n`mp`<br />\n`%`<br />\n2&nbsp;&nbsp; &nbsp;0&nbsp;&nbsp; &nbsp;<br />\n[/then]</p>",
    "auth_users": "学院搬运工",
    "img": "https://dafstatic.oss-cn-beijing.aliyuncs.com/static/title/level4.gif",
    "create_at": "2023-04-16T13:17:27.354",
    "view_num": 208
}