{
    "content": "<p>&nbsp;</p>\n\n<p>&nbsp; 28&nbsp;&nbsp; &nbsp;爆擊傷害增加20%</p>\n\n<p><br />\n[if]</p>\n\n<p>[event attack success]<br />\n1&nbsp;&nbsp; &nbsp;</p>\n\n<p>[/if]</p>\n\n<p>[then]</p>\n\n<p>[target]<br />\n`enemy`<br />\n-1&nbsp;&nbsp; &nbsp;<br />\n[increase critical damage]<br />\n`%`<br />\n20&nbsp;&nbsp; &nbsp;<br />\n[/then]</p>",
    "auth_users": "学院搬运工",
    "img": "https://dafstatic.oss-cn-beijing.aliyuncs.com/static/title/level4.gif",
    "create_at": "2023-04-16T13:19:41.981",
    "view_num": 229
}