{
    "content": "<p>&nbsp;</p>\n\n<p>&nbsp; 24&nbsp;&nbsp; &nbsp;攻擊時以10%機率敵人1200的附加傷害</p>\n\n<p><br />\n[if]</p>\n\n<p>[attack success]<br />\n1&nbsp;&nbsp; &nbsp;</p>\n\n<p>[/if]</p>\n\n<p>[then]</p>\n\n<p>[target]<br />\n`enemy`<br />\n-1&nbsp;&nbsp; &nbsp;<br />\n[probability]<br />\n10&nbsp;&nbsp; &nbsp;<br />\n[add absolute damage]<br />\n`all`<br />\n`+`<br />\n1200&nbsp;&nbsp; &nbsp;<br />\n[/then]</p>",
    "auth_users": "学院搬运工",
    "img": "https://dafstatic.oss-cn-beijing.aliyuncs.com/static/title/level4.gif",
    "create_at": "2023-04-16T13:19:05.535",
    "view_num": 200
}