{
    "content": "<p>&nbsp;</p>\n\n<p>&nbsp; 30&nbsp;&nbsp; &nbsp;攻擊時，附加30%的傷害。</p>\n\n<p><br />\n[if]</p>\n\n<p>[attack success]<br />\n1&nbsp;&nbsp; &nbsp;</p>\n\n<p>[/if]</p>\n\n<p>[then]</p>\n\n<p>[target]<br />\n`enemy`<br />\n-1&nbsp;&nbsp; &nbsp;<br />\n[add absolute damage]<br />\n`all`<br />\n`%`<br />\n30&nbsp;&nbsp; &nbsp;<br />\n[/then]</p>",
    "auth_users": "学院搬运工",
    "img": "https://dafstatic.oss-cn-beijing.aliyuncs.com/static/title/level4.gif",
    "create_at": "2023-04-16T13:19:57.174",
    "view_num": 300
}