{
    "content": "<p>&nbsp;</p>\n\n<p>&nbsp; 23&nbsp;&nbsp; &nbsp;攻擊時以2%的機率5秒內讓敵人進入石化狀態，解除時以1550的攻擊力給予傷害。<br />\n（比Lv65高的目標陷入狀態機率較低，比 Lv65低的目標陷入狀態機率較高。決鬥場修正為 2.5秒）</p>\n\n<p><br />\n[if]</p>\n\n<p>[cooltime]<br />\n7500&nbsp;&nbsp; &nbsp;<br />\n[attack success]<br />\n1&nbsp;&nbsp; &nbsp;</p>\n\n<p>[/if]</p>\n\n<p>[then]</p>\n\n<p>[target]<br />\n`enemy`<br />\n-1&nbsp;&nbsp; &nbsp;<br />\n[duration]<br />\n5000&nbsp;&nbsp; &nbsp;<br />\n[reduce duration to human armor at pvp module]<br />\n50&nbsp;&nbsp; &nbsp;<br />\n[probability]<br />\n2&nbsp;&nbsp; &nbsp;<br />\n[reduce probability to human armor at pvp module]<br />\n80&nbsp;&nbsp; &nbsp;<br />\n[active status]<br />\n`stone`<br />\n65&nbsp;&nbsp; &nbsp;1550&nbsp;&nbsp; &nbsp;<br />\n[/then]</p>",
    "auth_users": "学院搬运工",
    "img": "https://dafstatic.oss-cn-beijing.aliyuncs.com/static/title/level4.gif",
    "create_at": "2023-04-16T13:18:57.454",
    "view_num": 176
}