{
    "content": "<p>&nbsp;</p>\n\n<p>&nbsp; 27&nbsp;&nbsp; &nbsp;攻擊時，以4%的機率出現布魯之怨靈。</p>\n\n<p><br />\n[if]</p>\n\n<p>[module]<br />\n`[dungeon type]`<br />\n[/module]<br />\n[cooltime]<br />\n20000&nbsp;&nbsp; &nbsp;<br />\n[attack success]<br />\n1&nbsp;&nbsp; &nbsp;</p>\n\n<p>[/if]</p>\n\n<p>[then]</p>\n\n<p>[target]<br />\n`myself`<br />\n-1&nbsp;&nbsp; &nbsp;<br />\n[probability]<br />\n4&nbsp;&nbsp; &nbsp;<br />\n[passive object]<br />\n9104&nbsp;&nbsp; &nbsp;0&nbsp;&nbsp; &nbsp;0&nbsp;&nbsp; &nbsp;0&nbsp;&nbsp; &nbsp;70&nbsp;&nbsp; &nbsp;0&nbsp;&nbsp; &nbsp;``</p>\n\n<p>[/passive object]</p>\n\n<p>[/then]</p>",
    "auth_users": "学院搬运工",
    "img": "https://dafstatic.oss-cn-beijing.aliyuncs.com/static/title/level4.gif",
    "create_at": "2023-04-16T13:19:34.895",
    "view_num": 198
}