{
    "content": "<p>&nbsp;</p>\n\n<p>&nbsp; 32&nbsp;&nbsp; &nbsp;[鬼神冰霜薩亞]範圍增加30px<br />\n其他职业技能类似</p>\n\n<p><br />\n[skill data up]<br />\n`[swordman]`<br />\n36&nbsp;&nbsp; &nbsp;`[all]`<br />\n`[static]`<br />\n1&nbsp;&nbsp; &nbsp;<br />\n`+`<br />\n30&nbsp;&nbsp; &nbsp;<br />\n[/skill data up]</p>",
    "auth_users": "学院搬运工",
    "img": "https://dafstatic.oss-cn-beijing.aliyuncs.com/static/title/level4.gif",
    "create_at": "2023-04-16T13:20:14.676",
    "view_num": 213
}