{
    "content": "<p>&nbsp;</p>\n\n<p>&nbsp; 33&nbsp;&nbsp; &nbsp;攻擊時，以2%機率7秒內使敵人陷入睡眠狀態。<br />\n(若敵人高於Lv25，則減少進入異常狀態的機率和效果；反之，則增加機率和效果)<br />\n敵人進入睡眠狀態時，有5%的機率使自身進入睡眠狀態5秒，並恢復100點HP。</p>\n\n<p><br />\n[if]</p>\n\n<p>[cooltime]<br />\n12600&nbsp;&nbsp; &nbsp;<br />\n[attack success]<br />\n1&nbsp;&nbsp; &nbsp;</p>\n\n<p>[/if]</p>\n\n<p>[then]</p>\n\n<p>[target]<br />\n`enemy`<br />\n-1&nbsp;&nbsp; &nbsp;<br />\n[duration]<br />\n7000&nbsp;&nbsp; &nbsp;<br />\n[reduce duration to human armor at pvp module]<br />\n75&nbsp;&nbsp; &nbsp;<br />\n[probability]<br />\n2&nbsp;&nbsp; &nbsp;<br />\n[active status]<br />\n`sleep`<br />\n25&nbsp;&nbsp; &nbsp;<br />\n[/then]</p>",
    "auth_users": "学院搬运工",
    "img": "https://dafstatic.oss-cn-beijing.aliyuncs.com/static/title/level4.gif",
    "create_at": "2023-04-16T13:20:24.022",
    "view_num": 162
}