{
    "content": "<p>&nbsp;</p>\n\n<p>&nbsp; 37&nbsp;&nbsp; &nbsp;普通攻擊時，以2%的機率向敵人發射念氣波。<br />\n凯利的梦想终于实现了！！！</p>\n\n<p><br />\n[if]</p>\n\n<p>[cooltime]<br />\n1000&nbsp;&nbsp; &nbsp;<br />\n[my state]<br />\n`attack`<br />\n[attack success]<br />\n1&nbsp;&nbsp; &nbsp;</p>\n\n<p>[/if]</p>\n\n<p>[then]</p>\n\n<p>[target]<br />\n`myself`<br />\n-1&nbsp;&nbsp; &nbsp;<br />\n[probability]<br />\n2&nbsp;&nbsp; &nbsp;<br />\n[passive object]<br />\n30082&nbsp;&nbsp; &nbsp;120&nbsp;&nbsp; &nbsp;0&nbsp;&nbsp; &nbsp;90&nbsp;&nbsp; &nbsp;25&nbsp;&nbsp; &nbsp;0&nbsp;&nbsp; &nbsp;`DragonHeadEnergyBall.ptl`</p>\n\n<p>[/passive object]</p>\n\n<p>[/then]</p>",
    "auth_users": "学院搬运工",
    "img": "https://dafstatic.oss-cn-beijing.aliyuncs.com/static/title/level4.gif",
    "create_at": "2023-04-16T13:21:04.403",
    "view_num": 202
}