{
    "content": "<p>&nbsp;</p>\n\n<p>&nbsp; 44&nbsp;&nbsp; &nbsp;施放技能時，有10%的機率使自身進入霸體狀態10秒。</p>\n\n<p><br />\n[if]</p>\n\n<p>[cooltime]<br />\n20000&nbsp;&nbsp; &nbsp;<br />\n[casting]<br />\n1&nbsp;&nbsp; &nbsp;</p>\n\n<p>[/if]</p>\n\n<p>[then]</p>\n\n<p>[target]<br />\n`myself`<br />\n-1&nbsp;&nbsp; &nbsp;<br />\n[duration]<br />\n10000&nbsp;&nbsp; &nbsp;<br />\n[probability]<br />\n10&nbsp;&nbsp; &nbsp;<br />\n[buff]<br />\n`superarmor`<br />\n[/then]</p>",
    "auth_users": "学院搬运工",
    "img": "https://dafstatic.oss-cn-beijing.aliyuncs.com/static/title/level4.gif",
    "create_at": "2023-04-16T13:22:13.667",
    "view_num": 304
}