{
    "content": "<p>&nbsp;</p>\n\n<p>&nbsp; 42&nbsp;&nbsp; &nbsp;被攻擊時，有20%的機率召喚出1隻Lv55的瑟冥特克協助召喚者攻擊敵人，瑟冥特克存在100秒。<br />\n（召喚的怪物最大可同時存在1隻，受到許多傷害時，就會和召喚時間無關消失。）</p>\n\n<p><br />\n[if]</p>\n\n<p>[cooltime]<br />\n100000&nbsp;&nbsp; &nbsp;<br />\n[hit]<br />\n1&nbsp;&nbsp; &nbsp;</p>\n\n<p>[/if]</p>\n\n<p>[then]</p>\n\n<p>[target]<br />\n`myself`<br />\n-1&nbsp;&nbsp; &nbsp;<br />\n[duration]<br />\n100000&nbsp;&nbsp; &nbsp;<br />\n[reduce duration at pvp module]<br />\n75&nbsp;&nbsp; &nbsp;<br />\n[probability]<br />\n20&nbsp;&nbsp; &nbsp;<br />\n[summon monster]<br />\n60113&nbsp;&nbsp; &nbsp;55&nbsp;&nbsp; &nbsp;1&nbsp;&nbsp; &nbsp;<br />\n[/then]</p>\n\n<p><br />\n干萝莉全家: 突然想到，如果把代码换成其他怪物，比如boss或者GSD索罗德斯什么的，也可以实现召唤吧。<br />\n2015-10-7 11:04 回复</p>\n\n<p>遗忘sunrise: apc召唤改成[summon apc]</p>",
    "auth_users": "学院搬运工",
    "img": "https://dafstatic.oss-cn-beijing.aliyuncs.com/static/title/level4.gif",
    "create_at": "2023-04-16T13:21:54.245",
    "view_num": 199
}