{
    "content": "<p>&nbsp;</p>\n\n<p>&nbsp; 43&nbsp;&nbsp; &nbsp;自身死亡時，對最近的敵人發動極大威力的火焰爆炸。(決鬥場、打鬥吧無效)</p>\n\n<p><br />\n[if]</p>\n\n<p>[module]<br />\n`[dungeon]`<br />\n`[tournament dungeon]`<br />\n`[dead tower]`<br />\n`[war room]`<br />\n`[blood system]`<br />\n[/module]</p>\n\n<p>[cooltime]<br />\n1000&nbsp;&nbsp; &nbsp;<br />\n[set my state]<br />\n1&nbsp;&nbsp; &nbsp;<br />\n[my state]<br />\n`die`</p>\n\n<p>[/if]</p>\n\n<p>[then]</p>\n\n<p>[target]<br />\n`enemy near`<br />\n300&nbsp;&nbsp; &nbsp;<br />\n[probability]<br />\n100&nbsp;&nbsp; &nbsp;<br />\n[passive object]<br />\n48072&nbsp;&nbsp; &nbsp;0&nbsp;&nbsp; &nbsp;0&nbsp;&nbsp; &nbsp;0&nbsp;&nbsp; &nbsp;52&nbsp;&nbsp; &nbsp;0&nbsp;&nbsp; &nbsp;``</p>\n\n<p>[/passive object]</p>\n\n<p>[/then]</p>",
    "auth_users": "学院搬运工",
    "img": "https://dafstatic.oss-cn-beijing.aliyuncs.com/static/title/level4.gif",
    "create_at": "2023-04-16T13:22:03.048",
    "view_num": 268
}