{
    "content": "<p>&nbsp;</p>\n\n<p>&nbsp; 45&nbsp;&nbsp; &nbsp;攻擊時，以5%的機率召喚出埃斯頓的移動冰柱。<br />\n这个没看懂 不知道正不正确</p>\n\n<p><br />\n[hardcoding cooltime]<br />\n5000&nbsp;&nbsp; &nbsp;<br />\n[int data]<br />\n50&nbsp;&nbsp; &nbsp;10000&nbsp;&nbsp; &nbsp;150&nbsp;&nbsp; &nbsp;500&nbsp;&nbsp; &nbsp;1000&nbsp;&nbsp; &nbsp;500&nbsp;&nbsp; &nbsp;48080&nbsp;&nbsp; &nbsp;<br />\n[/int data]</p>",
    "auth_users": "学院搬运工",
    "img": "https://dafstatic.oss-cn-beijing.aliyuncs.com/static/title/level4.gif",
    "create_at": "2023-04-16T13:22:23.084",
    "view_num": 265
}