{
    "content": "<p>&nbsp;</p>\n\n<p>&nbsp; 48&nbsp;&nbsp; &nbsp;每分鐘消耗1個無色小晶塊30秒內自己的魔法武器攻擊力增加50點。</p>\n\n<p><br />\n[if]</p>\n\n<p>[time]<br />\n60000&nbsp;&nbsp; &nbsp;1&nbsp;&nbsp; &nbsp;1000&nbsp;&nbsp; &nbsp;</p>\n\n<p>[/if]</p>\n\n<p>[then]</p>\n\n<p>[consume item]<br />\n3037&nbsp;&nbsp; &nbsp;1&nbsp;&nbsp; &nbsp;<br />\n[target]<br />\n`myself`<br />\n-1&nbsp;&nbsp; &nbsp;<br />\n[duration]<br />\n30000&nbsp;&nbsp; &nbsp;<br />\n[stat]<br />\n`equipment magical attack`<br />\n`+`<br />\n50&nbsp;&nbsp; &nbsp;<br />\n[/then]</p>",
    "auth_users": "学院搬运工",
    "img": "https://dafstatic.oss-cn-beijing.aliyuncs.com/static/title/level4.gif",
    "create_at": "2023-04-16T13:22:49.774",
    "view_num": 404
}