{
    "content": "<p>&nbsp;</p>\n\n<p>&nbsp; 47&nbsp;&nbsp; &nbsp;被攻擊時以5%的機率將受到傷害的10%還給敵人。</p>\n\n<p><br />\n[if]</p>\n\n<p>[hit]<br />\n1&nbsp;&nbsp; &nbsp;</p>\n\n<p>[/if]</p>\n\n<p>[then]</p>\n\n<p>[target]<br />\n`enemy`<br />\n-1&nbsp;&nbsp; &nbsp;<br />\n[probability]<br />\n5&nbsp;&nbsp; &nbsp;<br />\n[thorn]<br />\n10&nbsp;&nbsp; &nbsp;<br />\n[/then]<br />\n&nbsp;</p>",
    "auth_users": "学院搬运工",
    "img": "https://dafstatic.oss-cn-beijing.aliyuncs.com/static/title/level4.gif",
    "create_at": "2023-04-16T13:22:39.736",
    "view_num": 235
}