{
    "content": "<p>[basic explain]<br />\n<code>被击时，以2%%的机率使敌人进入中毒状态。</code></p>\n\n<p>[detail explain]<br />\n<code>攻击时以2%%的机率5秒内让敌人呈现中毒状态，每0.5秒以150的攻击力给予伤害。 (若敌人高于Lv40，则减少进入异常状态的机率；反之，则增加机率)</code></p>\n\n<pre>\n<code>\n[if]\n    [cooltime]\n        7500\n    [attack success]\n        1\n[/if]\n\n[then]\n    [target]\n        `enemy`    -1\n    [duration]\n        5000\n    [probability]\n        2\n    [active status]\n        `poison`    40    1500\n[/then]</code></pre>",
    "auth_users": "玲珑",
    "img": "https://dafstatic.oss-cn-beijing.aliyuncs.com/static/title/level6.gif",
    "create_at": "2023-10-08T22:47:36.016",
    "view_num": 123
}