{
    "content": "<p>[basic explain]<br />\n<code>攻击时，以2%%的机率使敌人进入感电状态。</code></p>\n\n<p>[detail explain]<br />\n<code>攻击时以2%%的机率5秒内让敌人呈现触电状态，每次击时以155的攻击力给予追加伤害. (高于Lv60的对象得到的机率减少，低于Lv60的对象则会增加。)</code></p>\n\n<pre>\n<code>[if]\n    [cooltime]\n        7500\n    [attack success]\n        1\n[/if]\n\n[then]\n    [target]\n        `enemy`    -1\n    [duration]\n        5000\n    [probability]\n        2\n    [reduce probability to human armor at pvp module]\n        80\n    [active status]\n        `lightning`    60    155\n[/then]</code></pre>",
    "auth_users": "玲珑",
    "img": "https://dafstatic.oss-cn-beijing.aliyuncs.com/static/title/level6.gif",
    "create_at": "2023-10-08T22:45:48.233",
    "view_num": 136
}