{
    "content": "<p>[basic explain]<br />\n<code>攻击时，以2%%的机率使敌人进入石化状态。</code></p>\n\n<p>[detail explain]<br />\n<code>攻击时以 2%% 的机率6秒内让敌人进入石化状态，解除时以1150的攻击力给予伤害。 (若敌人高于Lv35，则减少进入异常状态的机率；反之，则增加机率)</code></p>\n\n<pre>\n<code>\n[if]\n    [cooltime]\n        12000\n    [attack success]\n        1\n[/if]\n\n[then]\n    [target]\n        `enemy`    -1\n    [duration]\n        6000\n    [reduce duration to human armor at pvp module]\n        75\n    [probability]\n        2\n    [active status]\n        `stone`    35    1150\n[/then]</code></pre>",
    "auth_users": "玲珑",
    "img": "https://dafstatic.oss-cn-beijing.aliyuncs.com/static/title/level6.gif",
    "create_at": "2023-10-08T22:46:09.629",
    "view_num": 135
}