{
    "content": "<p>[basic explain]<br />\n<code>攻击时，以15%%的机率使敌人减少6点所有属性抗性，效果持续10秒。</code></p>\n\n<pre>\n<code>[if]\n    [cooltime]\n        5000\n    [attack success]\n        1\n[/if]\n\n[then]\n    [target]\n        `enemy`    -1\n    [duration]\n        10000\n    [probability]\n        15\n    [stat]\n        `all elemental resistance`\n        `+`    -6\n[/then]</code></pre>",
    "auth_users": "玲珑",
    "img": "https://dafstatic.oss-cn-beijing.aliyuncs.com/static/title/level6.gif",
    "create_at": "2023-10-08T22:59:03.766",
    "view_num": 127
}