{
    "content": "<p>[basic explain]<br />\n<code>攻击时，以2%%的机率使敌人进入灼伤状态。 对灼伤状态下敌人的伤害增加10%%</code></p>\n\n<p>[detail explain]<br />\n<code>攻击时以2%%的机率12秒内让敌人陷入灼伤状态，每0.5秒以30的攻击力给予伤害，四周的敌人每3秒以150的攻击力给予伤害。 (若敌人高于Lv62，则减少进入异常状态的机率；反之，则增加机率) 对灼伤状态敌人的伤害增加10%%</code></p>\n\n<pre>\n<code>[if]\n    [cooltime]\n        18000\n    [attack success]\n        1\n[/if]\n\n[then]\n    [target]\n        `enemy`    -1\n    [duration]\n        12000\n    [probability]\n        2\n    [active status]\n        `burn`    62    950    750    1    3000\n[/then]\n\n[if]\n    [target active status]\n        `burn`\n    [attack success]\n        1\n[/if]\n\n[then]\n    [target]\n        `enemy`    -1\n    [add absolute damage]\n        `all`\n        `%`    10\n[/then]</code></pre>",
    "auth_users": "玲珑",
    "img": "https://dafstatic.oss-cn-beijing.aliyuncs.com/static/title/level6.gif",
    "create_at": "2023-10-08T22:48:13.524",
    "view_num": 125
}