{
    "content": "<p>[basic explain]<br />\n<code>攻击时，以2%%的机率使敌人进入眩晕状态。 攻击时，以2%%的机率使出现驱散效果。</code></p>\n\n<p>[detail explain]<br />\n<code>攻击时以2%%的机率让敌人2秒内陷入气绝状态。 (若敌人高于Lv65，则减少进入异常状态的机率和效果；反之，则增加机率和效果。) 攻击时，有2%%的机率驱散敌人身上的所有有益状态和Buff。</code></p>\n\n<pre>\n<code>\n[if]\n    [cooltime]\n        4000\n    [attack success]\n        1\n[/if]\n\n[then]\n    [target]\n        `enemy`    -1\n    [duration]\n        2000\n    [reduce duration to human armor at pvp module]\n        50\n    [probability]\n        2\n    [reduce probability to human armor at pvp module]\n        80\n    [active status]\n        `stun`    65\n[/then]\n\n[if]\n    [cooltime]\n        10000\n    [attack success]\n        1\n[/if]\n\n[then]\n    [target]\n        `enemy`    -1\n    [probability]\n        2\n    [disenchant]\n        1\n[/then]</code></pre>",
    "auth_users": "玲珑",
    "img": "https://dafstatic.oss-cn-beijing.aliyuncs.com/static/title/level6.gif",
    "create_at": "2023-10-08T22:58:23.782",
    "view_num": 153
}