{
    "content": "<p>[basic explain]<br />\n<code>近距离攻击时， 有1%%的几率使自身进入无敌状态3秒。 (在决斗场中无效)</code></p>\n\n<pre>\n<code>[if]\n    [attacker]\n        `character`    -1\n    [attack success]\n        1\n    [cooltime]\n        3000\n[/if]\n\n[then]\n    [target]\n        `myself`    -1\n    [duration]\n        3000\n    [probability]\n        1\n    [reduce probability to human armor at pvp module]\n        100\n    [buff]\n        `unbreakable`\n[/then]</code></pre>",
    "auth_users": "玲珑",
    "img": "https://dafstatic.oss-cn-beijing.aliyuncs.com/static/title/level6.gif",
    "create_at": "2023-10-08T23:01:37.481",
    "view_num": 460
}