{
    "content": "<p>[explain]<br />\n<code>攻击时，有7%%的机率使自身增加7点力量、体力、智力和精神，效果持续7秒。</code></p>\n\n<pre>\n<code>[if]\n    [cooltime]\n        12000\n    [attack success]\n        1\n[/if]\n\n[then]\n    [target]\n        `myself`    -1\n    [duration]\n        7000\n    [probability]\n        7\n    [stat]\n        `physical attack`\n        `+`    7\n    [stat]\n        `physical defense`\n        `+`    7\n    [stat]\n        `magical attack`\n        `+`    7\n    [stat]\n        `magical defense`\n        `+`    7\n[/then]</code></pre>",
    "auth_users": "玲珑",
    "img": "https://dafstatic.oss-cn-beijing.aliyuncs.com/static/title/level6.gif",
    "create_at": "2023-10-08T23:00:15.111",
    "view_num": 222
}