{
    "content": "<p>隐藏所有图层或装备：</p>\r\n\r\n<p>[hide equipment]<br />\r\n`[hat avatar]`<br />\r\n`[hair avatar]`<br />\r\n`[face avatar]`<br />\r\n`[breast avatar]`<br />\r\n`[coat avatar]`<br />\r\n`[pants avatar]`<br />\r\n`[waist avatar]`<br />\r\n`[shoes avatar]`</p>\r\n\r\n<p>[/hide equipment]</p>\r\n\r\n<p>注释：隐藏装备类型<br />\r\n[hide layer]<br />\r\n2880 2870 2860 2850 2840 2830 2820 2810 2780 2750 2700 2500 2400 2350 2300 2251 2200 2125 2100 2000 1975 1963 1951 1950 1925 1900 1850 1800 1700 1650 1601 1600 1501 1500 1450 1400 1300 1200 1151 1150 1100 1000 925 900 851 850 825 800 750 700 600 550 500 400 300 150 100 20 0<br />\r\n[/hide layer]</p>\r\n\r\n<p>注释：隐藏所有贴图算法<br />\r\n参数相关：</p>\r\n\r\n<p><br />\r\n装备类型相关：<br />\r\n首饰：<br />\r\n项链：amulet<br />\r\n手镯：wrist<br />\r\n戒指：ring<br />\r\n防具：<br />\r\n上衣：coat<br />\r\n下装：pants<br />\r\n护肩：shoulder<br />\r\n腰带：waist<br />\r\n靴子：shoes<br />\r\n武器：<br />\r\n武器：weapon<br />\r\n称号：</p>\r\n\r\n<p>称号：title<br />\r\n左右槽：<br />\r\n辅助装备：support<br />\r\n魔法石：agic stone<br />\r\n时装相关：<br />\r\n帽子：hat avatar<br />\r\n发型：hair avatar<br />\r\n脸部：face avatar<br />\r\n颈部：breast avatar<br />\r\n上衣：coat avatar<br />\r\n裤子：pants avatar<br />\r\n腰带：waist avatar<br />\r\n鞋子：shoes avatar<br />\r\n皮肤：skin avatar<br />\r\n光环：aurora avatar<br />\r\n宠物相关：<br />\r\n宠物：creature<br />\r\n宠物装备（蓝）：artifact blue<br />\r\n宠物装备（绿）：artifact green<br />\r\n宠物装备（红）：artifact red</p>\r\n\r\n<p><br />\r\n--------------------------------------------------------------------------------</p>\r\n\r\n<p><br />\r\n隐藏职业特征：</p>\r\n\r\n<p>[hide grow avatar]<br />\r\n`Soul Bringer Aura`<br />\r\n&hellip;&hellip;【可添加多项】&hellip;&hellip;</p>\r\n\r\n<p>[/hide grow avatar]</p>\r\n\r\n<p>相关参数：</p>\r\n\r\n<p>鬼剑士职业特征：<br />\r\n鬼泣灵魂光环：Soul Bringer Aura<br />\r\n武器大师手套：Weapon Master Gloves<br />\r\nBlood Evil Blood<br />\r\n剑士蓝眼睛：JianShen Blue Eye<br />\r\n阿修罗红眼补丁：Asura Red Eye Patch<br />\r\n狂战士红眼：Berserker Red Eye<br />\r\nJianShen Sword<br />\r\nDarklord Aura<br />\r\nBlood Evil Blood<br />\r\nBlood Evil Injury<br />\r\nIndaratian Tattoo<br />\r\nIndaratian Power<br />\r\n格斗家（男）职业特征：<br />\r\n念气师光环：Nen Master Aura<br />\r\n散打拳击绷带：Striker Wrist Wrap<br />\r\n街霸腰带：Street Fighter Band<br />\r\n柔道家头巾：Grappler Hair Band<br />\r\n格斗家（女）职业特征：<br />\r\n念气师光环：Nen Master Aura<br />\r\n散打拳击绷带：Striker Wrist Wrap<br />\r\nStreet Fighter Band<br />\r\n柔道家头巾：Grappler Hair Band<br />\r\n神枪手（男）职业特征：<br />\r\n漫游香烟：Ranger Cigarette<br />\r\nLauncher Heavy Weapon<br />\r\n机械师机器人：Mechanic Robot<br />\r\nSpitfire Magazine<br />\r\nRanger Necklace<br />\r\n神枪手（女）职业特征：<br />\r\nRanger Cigarette<br />\r\nLauncher Heavy Weapon<br />\r\nMechanic Robot<br />\r\nSpitfire Magazine<br />\r\nRanger Necklace<br />\r\n魔法师（女）职业特征：<br />\r\n元素师光环：Elemantal Master Aura<br />\r\n召唤师之书：Summoner Book<br />\r\n召唤师地面标志：Summoner Floor Mark<br />\r\n战斗法师手套：Battle Mage Gloves<br />\r\n魔道药剂包：Witch Aid Kit<br />\r\n魔法师（男）职业特征：<br />\r\nElemental Bomber Elemental<br />\r\nGlacial Master Breath<br />\r\n圣职者职业特征：<br />\r\nCrusader Aura<br />\r\n拳击光环：Infighter Aura<br />\r\nExocist Ghost<br />\r\n复仇者光环：Avenger Aura<br />\r\n暗夜使者职业特征：<br />\r\nRogue White Eye<br />\r\nNecromencer Aura</p>\r\n\r\n<p>--------------------------------------------------------------------------------</p>\r\n\r\n<p>[effect part set index]<br />\r\n2</p>\r\n\r\n<p>套装特效编号：2<br />\r\n[reference effect part set index]</p>\r\n\r\n<p>&nbsp;</p>",
    "auth_users": "学院搬运工",
    "img": "https://dafstatic.oss-cn-beijing.aliyuncs.com/static/title/level4.gif",
    "create_at": "2023-04-16T12:51:47.291",
    "view_num": 1476
}