{
    "content": "<p>&nbsp;</p>\n\n<p><br />\n&nbsp;<br />\n&nbsp;<br />\n&nbsp; 1：怎么加武器特效，就是跟传承武器一样走路有残影<br />\n用notepad++打开解压出来的武器文件，然后找到，<br />\n&nbsp;<img alt=\"\" height=\"50\" src=\"/media/uploads/2023/04/16/image-20230416212457-1.png\" width=\"122\" />cool time&nbsp;&nbsp;&nbsp; 是这件装备切换武器时冷却时间，个人是这个么认为的，<br />\n&nbsp;<img alt=\"\" height=\"203\" src=\"/media/uploads/2023/04/16/image-20230416212508-2.png\" width=\"466\" /><br />\n把&nbsp; &nbsp;<br />\n[spectrum]<br />\n50 20 200 200 500<br />\n放在 <img alt=\"\" height=\"46\" src=\"/media/uploads/2023/04/16/image-20230416212516-3.png\" width=\"132\" />这个下面，然后保存，再用修改器写入到pvf里面，再放到客户端就可以了，<br />\n&nbsp;<br />\n&nbsp;<br />\n&nbsp;<br />\n2：怎么给武器加攻击属性<br />\n&nbsp;[elemental property]&nbsp;&nbsp;&nbsp;&nbsp;&nbsp; 把这个复制黏贴到<img alt=\"\" height=\"46\" src=\"/media/uploads/2023/04/16/image-20230416212525-4.png\" width=\"122\" /> 下面<br />\n在&nbsp;&nbsp; [elemental property]&nbsp;&nbsp;&nbsp;&nbsp; 下面添加攻击属性<br />\n&#39;[water element]&#39;&nbsp;&nbsp; 这个是冰属性<br />\n&#39;[dark element]&#39;&nbsp; 这个是暗属性<br />\n我就找出2个属性，要其他属性，自己找到有那个属性的武器，然后打开找到[elemental property]，下面那个就是属性 &nbsp;<br />\n&nbsp;<img alt=\"\" height=\"122\" src=\"/media/uploads/2023/04/16/image-20230416212532-5.png\" width=\"232\" />就像这样子添加，<br />\n&nbsp;<br />\n&nbsp;<br />\n&nbsp;<br />\n3：怎么给武器添加攻击特效<br />\n比如你想要&nbsp; 血光摄魂刃&nbsp;&nbsp; 攻击是出现的那个&nbsp; 十字斩&nbsp;&nbsp; 特效，你就找到这把武器，然后看图<br />\n&nbsp;<br />\n&nbsp;<img alt=\"\" height=\"584\" src=\"/media/uploads/2023/04/16/image-20230416212543-6.png\" width=\"563\" /><br />\n&nbsp;<br />\n&nbsp;<br />\n4：武器增加效果&nbsp; 1-65级技能+1<br />\n把下面这段代码黏贴到，攻击属性下面就可以了<br />\n[all skill item]<br />\n&nbsp;<br />\n[item growtype]<br />\n&#39;[swordman]&#39; 0<br />\n[skill apply condition]<br />\n&nbsp;<br />\n[skill group]<br />\n&#39;[all]&#39;<br />\n[lower bound level]<br />\n1<br />\n[upper bound level]<br />\n65<br />\n[value]<br />\n1<br />\n[extra condition]<br />\n&#39;[except for ex skill]&#39;<br />\n[/extra condition]<br />\n&nbsp;<br />\n[/skill apply condition]<br />\n&nbsp;<br />\n[skill phase]<br />\n&#39;[all]&#39;<br />\n[/all skill item]<br />\n&nbsp;<br />\n[possible kiri protect]<br />\n&nbsp;<br />\n[all skill item]<br />\n&nbsp;<br />\n[item growtype]<br />\n&#39;[demonic swordman]&#39; 0<br />\n[skill apply condition]<br />\n&nbsp;<br />\n[skill group]<br />\n&#39;[all]&#39;<br />\n[lower bound level]<br />\n1<br />\n[upper bound level]<br />\n65<br />\n[value]<br />\n1<br />\n[extra condition]<br />\n&#39;[except for ex skill]&#39;<br />\n[/extra condition]<br />\n&nbsp;<br />\n[/skill apply condition]<br />\n&nbsp;<br />\n[skill phase]<br />\n&#39;[all]&#39;<br />\n[/all skill item]<br />\n&nbsp;<br />\n&nbsp;<br />\n5：添加单独技能等级<br />\n找到<br />\n[physical critical hit]&nbsp; &nbsp;<br />\n10<br />\n这个是物理暴击<br />\n下面还有一个数字，你填10，就是物理暴击10<br />\n在数字下面添加<br />\n[skill levelup]&nbsp;&nbsp; &nbsp;<br />\n下面这个swordman 是鬼剑士的意思，在框里填写你要的技能的职业， 41是技能的ID， 2是等级，技能ID 职业英语 可以在这个网站查找，把鼠标移到图标上就可以看到，http://cha.17173.com/dnf/list?o=skill&amp;category=swordman&amp;category1=soulbringer<br />\n&nbsp;<img alt=\"\" height=\"361\" src=\"/media/uploads/2023/04/16/image-20230416212558-7.png\" width=\"554\" /><br />\n&#39;[swordman]&#39; 41 2<br />\n在41跟2中间有一个空格，在2后面也有一个空格，多技能添加是横着多去的，例如<br />\n&nbsp;<br />\n&nbsp;<img alt=\"\" height=\"51\" src=\"/media/uploads/2023/04/16/image-20230416212611-8.png\" width=\"556\" /><br />\n&nbsp;<br />\n&nbsp;<img alt=\"\" height=\"196\" src=\"/media/uploads/2023/04/16/image-20230416212617-9.png\" width=\"532\" /><br />\n&nbsp;<br />\n&nbsp;<br />\n&nbsp;<br />\n武器的这个不能改，改了进不去的，<br />\n要改这个，得解压出这个文件，equipment.kor.str，然后在这个文件里面用繁体字搜索你的装备，装备名称跟游戏一样的，是台服的名称，不是国服的，然后修改就可以了，路径是&nbsp;&nbsp; \\equipment\\ equipment.kor.str<br />\n这里说的修改器，是<br />\n&nbsp;<img alt=\"\" height=\"471\" src=\"/media/uploads/2023/04/16/image-20230416212630-10.png\" width=\"523\" /><br />\n这个，在群共享下载，叫做PVF专业修改工具，具体怎么使用我就不说了，不会就在群里问，基本有了这个，可以自己打造一把武器，贴图路径什么的，修改起来没什么意思，还不如直接用EX修改来的直接，这里就不多做介绍了<br />\n&nbsp;</p>\n\n<p>&nbsp;</p>\n\n<p>&nbsp;</p>",
    "auth_users": "学院搬运工",
    "img": "https://dafstatic.oss-cn-beijing.aliyuncs.com/static/title/level4.gif",
    "create_at": "2023-04-16T13:26:32.773",
    "view_num": 1537
}