{
    "content": "<p>&nbsp;BY:黄色哥_&nbsp;&nbsp;&nbsp; &nbsp;<br />\n&lt;http://tieba.baidu.com/p/4069854825&gt;<br />\n&nbsp;<img alt=\"\" height=\"422\" src=\"/media/uploads/2023/04/16/image-20230416213713-1.png\" width=\"563\" /><br />\n&nbsp;<br />\n&nbsp;<br />\n&nbsp;<br />\n我认为把all enemy改为myself更好，这样更像西岚的技能<br />\n首先研究西岚的代码发现关键的文件在key这个文件夹<br />\n&nbsp;<img alt=\"\" height=\"251\" src=\"/media/uploads/2023/04/16/image-20230416213722-2.png\" width=\"573\" /><br />\n&nbsp;<br />\n&nbsp;<br />\n打开发现了很多.key文件比如quadruple_backstepcutter.key打开它发现<br />\n&nbsp;<img alt=\"\" height=\"516\" src=\"/media/uploads/2023/04/16/image-20230416213732-3.png\" width=\"406\" /><br />\n&nbsp;<br />\n&nbsp;<br />\n里面真是特效代码，可以发现20065正式剑气代码<br />\n&nbsp;<br />\n但是你把20065这个代码替换后会发现，剑气不会动，<br />\n&nbsp;<img alt=\"\" height=\"419\" src=\"/media/uploads/2023/04/16/image-20230416213744-4.png\" width=\"558\" /><br />\n&nbsp;<br />\n&nbsp;<br />\n尝试了很多次都没办法解决这个问题，终于在光炎剑特效代码上面发现了一些细节<br />\n8085 0 30 0 0 0&quot;draongheadenergyball.ptl&quot; 发现后面有一个。draongheadenergyball.ptl文件，这个就是关键<br />\n&nbsp;<br />\n在key文件里面发现[PARTICLE FILENAME]<br />\n&#39;key/grandwave.ptl&#39; 刚好也有一个ptl文件，打开发现里面就是记录移动的数据<br />\n&nbsp;<br />\n&nbsp;<img alt=\"\" height=\"199\" src=\"/media/uploads/2023/04/16/image-20230416213752-5.png\" width=\"223\" /><br />\n&nbsp;<br />\n所以想让剑气移动就得解决ptl这个文件<br />\n&nbsp;<br />\n那么我想到了直接20065 0 0 0 0 0 &#39;grandwave.ptl&#39; 这个代码，实际尝试后发现没有效果<br />\n&nbsp;<br />\n最后经过反复的研究发现equipment\\character\\particle里面没有grandwave.ptl。因此20065 0 0 0 0 0 &#39;grandwave.ptl&#39;依旧剑气不会动，于是乎我就想添加grandwave.ptl但是写入后发现，pvf打不开，系统直接报错。看来添加文件无法实现了<br />\n&nbsp;<br />\n因此我就想到了一个办法，那就是替换现有的ptl文件，我把光炎剑特效配置文件draongheadenergyball.ptl的内容替换成grandwave.ptl。在把代码改成20065 0 0 0 0 0 &#39;DragonHeadEnergyBall.ptl&#39;<br />\n写入，测试发现终于成功了<br />\n&nbsp;<br />\n相信大家因该看懂了吧？总结就是知道剑气代码后，还得知道ptl文件，我用光炎剑的ptl替换的，你们也可以换其他的替换。 举一反三，阿甘左的同理，大家可以去试一试<br />\n&nbsp;<br />\n[if]</p>\n\n<p><br />\n[use skill]<br />\n&#39;swordman&#39; 49<br />\n[/use skill]</p>\n\n<p><br />\n[cooltime]<br />\n100<br />\n[/if]</p>\n\n<p><br />\n[then]</p>\n\n<p><br />\n[target]<br />\n&#39;all enemy&#39; -1<br />\n[passive object]<br />\n20065 0 0 0 0 0 &#39;Straight3.ptl&#39;<br />\n[/passive object]</p>\n\n<p><br />\n[/then]<br />\n完整代码，经大神点拨，直接就可以调用自带的Straight3.ptl文件了，不用替换什么的<br />\n&nbsp;<br />\n&nbsp;<br />\n&nbsp;</p>\n\n<p>&nbsp;</p>\n\n<p>&nbsp;</p>",
    "auth_users": "学院搬运工",
    "img": "https://dafstatic.oss-cn-beijing.aliyuncs.com/static/title/level4.gif",
    "create_at": "2023-04-16T13:37:59.109",
    "view_num": 888
}