{
    "content": "<p>&nbsp;</p>\n\n<p><br />\n&nbsp;<br />\n&nbsp;<br />\nby:不开花的蘑菇0<br />\nhttp://tieba.baidu.com/p/4112106233<br />\n&nbsp;<br />\n&nbsp;<br />\n通过修改PVF添加武器残影和修改武器残影颜色，<br />\n&nbsp;<br />\n效果图<img alt=\"\" height=\"426\" src=\"/media/uploads/2023/04/16/image-20230416212735-1.png\" width=\"561\" /> 红<br />\n&nbsp;<img alt=\"\" height=\"425\" src=\"/media/uploads/2023/04/16/image-20230416212752-2.png\" width=\"565\" />橙<br />\n&nbsp;<img alt=\"\" height=\"423\" src=\"/media/uploads/2023/04/16/image-20230416212811-3.png\" width=\"565\" />黄<br />\n&nbsp;<img alt=\"\" height=\"418\" src=\"/media/uploads/2023/04/16/image-20230416212828-4.png\" width=\"562\" /><br />\n&nbsp;<br />\n&nbsp;<img alt=\"\" height=\"421\" src=\"/media/uploads/2023/04/16/image-20230416212840-5.png\" width=\"565\" /><br />\n&nbsp;<img alt=\"\" height=\"425\" src=\"/media/uploads/2023/04/16/image-20230416212849-6.png\" width=\"561\" /><br />\n&nbsp;<img alt=\"\" height=\"425\" src=\"/media/uploads/2023/04/16/image-20230416212900-7.png\" width=\"565\" /><br />\n要是有人已经发过了，希望谁提醒一下，<br />\n&nbsp;<br />\n[spectrum]<br />\n255 0 0 200 500</p>\n\n<p>首先，这段代码就是残影的代码，是在那个很多很多教程集合的一个教程里找到的，刚刚再去翻已经找不到具体是哪个了。把这个添加到武器对应里就可，位置是<br />\n&nbsp;<br />\n&nbsp;<img alt=\"\" height=\"196\" src=\"/media/uploads/2023/04/16/image-20230416212911-8.png\" width=\"325\" /><br />\n&nbsp;<br />\n这样的。（前面这是看教程集合知道的）<br />\n&nbsp;<br />\n下面是修改颜色，找到残影代码后，我通过那段代码在另一个PVF里找到了另一个代码[spectrum avatar]<br />\n255 255 255 120 500 0<br />\n添加后我以为是SAO的残影会出现，结果出现的却是白色残影，然而三个255，单纯的我看出了点什么果断试了一下，实现了8彩的残影，下面讲...打字...截图慢，不用介意<br />\n&nbsp;<br />\n我试了一下，那段代码前面三个数字就是控制颜色，三个值就是RGB值（我也不知道这样说对不对，先暂时这样说啦）打开【开始】【所有程序】【附件】【画图】【编辑颜色】<br />\n&nbsp;<img alt=\"\" height=\"322\" src=\"/media/uploads/2023/04/16/image-20230416212921-9.png\" width=\"502\" /><br />\n&nbsp;<br />\n左下角那三个值，你选择好自己要的颜色，把数值换到刚刚的代码写入装备即可<br />\n&nbsp;<br />\n前面三个值是颜色，至于后面那两个，应该是残影的产生间隔和残影残留时间吧，感觉原本的就可以，就没试,其他有兴趣的可以试一试。吃完饭精神多了<br />\n&nbsp;<img alt=\"\" height=\"297\" src=\"/media/uploads/2023/04/16/image-20230416212932-10.png\" width=\"563\" /><br />\n&nbsp;<img alt=\"\" height=\"302\" src=\"/media/uploads/2023/04/16/image-20230416212940-11.png\" width=\"561\" /><br />\n&nbsp;<img alt=\"\" height=\"299\" src=\"/media/uploads/2023/04/16/image-20230416212954-12.png\" width=\"564\" /><br />\n&nbsp;<img alt=\"\" height=\"297\" src=\"/media/uploads/2023/04/16/image-20230416213003-13.png\" width=\"566\" /><br />\n&nbsp;<img alt=\"\" height=\"291\" src=\"/media/uploads/2023/04/16/image-20230416213011-14.png\" width=\"561\" /><br />\n&nbsp;<br />\n证明人物也可以残影，哈哈，就不发新贴了<br />\n&nbsp;<br />\n角色图层合在武器上<br />\n&nbsp;<br />\n人物残影是很简单的，比如你把无影加了残影效果，那么你把人物，ex工具拼在武器上，上游戏你会发现残影从武器变成了整个人。同理，如果你只拼合鞋子，你会看到，有一堆鞋子和武器的残影</p>\n\n<p>&nbsp;</p>\n\n<p>&nbsp;</p>",
    "auth_users": "学院搬运工",
    "img": "https://dafstatic.oss-cn-beijing.aliyuncs.com/static/title/level4.gif",
    "create_at": "2023-04-16T13:30:13.762",
    "view_num": 910
}