{
    "content": "<p>&nbsp;BY:轮回几多忆乌山<br />\n&lt;http://tieba.baidu.com/p/4068024161&gt;<br />\n&nbsp;<br />\n&nbsp;<br />\n&nbsp; 装备篇<br />\n&nbsp;<img alt=\"\" height=\"419\" src=\"/media/uploads/2023/04/16/image-20230416214201-1.png\" width=\"564\" /><br />\n&nbsp;<br />\n名字，描述修改：equipment文件夹下，equipment.kor.str，修改这个就可以。这里又涉及到一个文件，str文件，我的理解是string文件，可以看到各种字符串，很有用，可以看到各种东西的翻译<br />\n&nbsp;<br />\n装备数据修改：打开equipment文件夹，character表示人物，monster表示怪物，creature表示宠物<br />\n打开character文件夹，SWORDMAN为鬼剑士，打开后看到avatar-时装，growtype-职业特征，weapon-武器<br />\n打开weapon， 看到的文件夹依次代表光剑，钝器，巨剑，太刀，短剑<br />\n打开equ文件，可以修改各种装备数据。<br />\n这里，一般的数值修改不提了，提几点有用的东西<br />\n1.属性攻击：<br />\n[elemental property]<br />\n&#39;[light element]&#39;<br />\n代表光属性，其他属性无非就是DARK，ice，fire<br />\n2.技能属性<br />\n[skill up] 代表技能等级上升<br />\n[skill data up] 代表技能的相关属性修改，GSD的究极波动刃之所以可以实现无限觉醒就是靠这个，修改这段代码的效果其实就和修改技能效果一样。。。。<br />\n3.附加伤害属性<br />\n[if]</p>\n\n<p><br />\n[attack success]<br />\n1<br />\n[/if]</p>\n\n<p><br />\n[then]</p>\n\n<p><br />\n[target]<br />\n&#39;enemy&#39; -1<br />\n[add absolute damage]<br />\n&#39;all&#39; &#39;%&#39; 100<br />\n[/then]<br />\n这代表附加100%伤害，具体懒得讲了，已经有很多人提过了。<br />\n4.各种特效<br />\n其实很多特效都是通过passiveobject来实现，所以说这里已经很明显了，我们可以打开passiveobject这个文件夹，参考那里的列表来实现很多游戏里装备没有的属性，不止是移植，你可以添加所有passiveobject列表里的效果，比如说施放技能时会有剑舞的剑气，甚至直接出现觉醒都可以实现。<br />\n当然了，出错几率还是蛮高的。。。所以不能乱改</p>\n\n<p><br />\n总结两点，方法上面可以参考各种其他装备的写法，而各种特效的代码参考passiveobject。<br />\n另外，这里提醒下，出错是常有的事，有时候我们需要备份，这是个好习惯。。。<br />\n&nbsp;<br />\n更正一下，冰属性在代码里是water<br />\n&nbsp;<br />\n另外说下我自己的代码寻找方法，GM工具里自带的国服代码列表，台服代码列表，还有script文件夹里自带的各种lst,string文件，一般来说，靠这几样足够了。。。。<br />\n&nbsp;<br />\n杂项修改<br />\n避免一些活动道具的消失，有些道具是活动道具，所以重新登录游戏 就消失了，对于这些道具，可以把<br />\n[expiration date]<br />\n1294930800<br />\n这段代码的数值改为0就可以<br />\n&nbsp;</p>\n\n<p>&nbsp;</p>\n\n<p>&nbsp;</p>",
    "auth_users": "学院搬运工",
    "img": "https://dafstatic.oss-cn-beijing.aliyuncs.com/static/title/level4.gif",
    "create_at": "2023-04-16T13:42:07.616",
    "view_num": 535
}