{
    "content": "<p>&nbsp;</p>\n\n<p><br />\nBy：ZateL<br />\nhttp://tieba.baidu.com/p/4200651319#80255341734l</p>\n\n<p><img alt=\"\" height=\"280\" src=\"/media/uploads/2023/04/16/image-20230416213126-1.png\" width=\"435\" /></p>\n\n<p>&nbsp;<img alt=\"\" height=\"243\" src=\"/media/uploads/2023/04/16/image-20230416213130-2.png\" width=\"409\" /><br />\n&nbsp;<br />\n&nbsp;<img alt=\"\" height=\"234\" src=\"/media/uploads/2023/04/16/image-20230416213139-3.png\" width=\"401\" /><br />\n&nbsp;<img alt=\"\" height=\"242\" src=\"/media/uploads/2023/04/16/image-20230416213148-4.png\" width=\"383\" /><br />\n&nbsp;<br />\n&nbsp;<br />\n&nbsp;</p>\n\n<p>&nbsp;</p>\n\n<p>思路很简单，主要参考成长型武器<br />\n原理很简单，找一个灵跃武器就知道了。台服装备列表里叫成长的斯特洛克</p>\n\n<p>&nbsp;</p>\n\n<p>&nbsp;</p>",
    "auth_users": "学院搬运工",
    "img": "https://dafstatic.oss-cn-beijing.aliyuncs.com/static/title/level4.gif",
    "create_at": "2023-04-16T13:31:48.902",
    "view_num": 1192
}