{
    "content": "<p>&nbsp;<br />\n&nbsp;<br />\n&nbsp; 添加属性就不说了，群里有人发了，属性翻译我也在群里发过了，自己添加对应的就行了<br />\n&nbsp;<br />\n&nbsp;<br />\n&nbsp;<br />\n现在教大家给装备或称号添加技能<br />\n&nbsp;<br />\n准备工具<br />\n1：Decrypt.exe，就是群里的pvf专业工具<br />\n2：台服物品代码，群里有下载<br />\n3：notepad++，用于修改和定位文件<br />\n&nbsp;<br />\n修改过程<br />\n1：首先把Decrypt和pvf放在同一个目录下解包并安装好notepad++，解包完的文件目录结构如下，方便用Decrypt直接写入到pvf文件<br />\n&nbsp;<img alt=\"\" height=\"747\" src=\"/media/uploads/2023/04/16/image-20230416213916-1.png\" width=\"565\" /><br />\n&nbsp;<br />\n2：找到你想修改的装备，我以这个为例<br />\n&nbsp;<img alt=\"\" height=\"247\" src=\"/media/uploads/2023/04/16/image-20230416213931-2.png\" width=\"216\" /><br />\n&nbsp;<br />\n3：在代码里找到这个装备的代码<br />\n&nbsp;<img alt=\"\" height=\"163\" src=\"/media/uploads/2023/04/16/image-20230416213938-3.png\" width=\"338\" /><br />\n&nbsp;<br />\n4：用notepad搜索装备所在文件，ctrl+f出来查找，选&ldquo;文件查找&rdquo;<br />\n装备所在目录xxxxxxx\\equipment\\character\\，如果你要修改的是职业装备，比如圣职者就是priest<br />\n那么在搜索目录就填xxxxxxx\\equipment\\character\\priest<br />\n(xxxxxxx是你解包路径)，我修改的胸甲是通用装备所以在common下<br />\n&nbsp;<img alt=\"\" height=\"211\" src=\"/media/uploads/2023/04/16/image-20230416213945-4.png\" width=\"277\" /><br />\n&nbsp;<br />\ncommon下还细分了分类，如果你知道你要修改的装备分类，比如戒指那么索搜路径就是<br />\nxxxxxxx\\equipment\\character\\common\\ring，<br />\n&nbsp;<img alt=\"\" height=\"273\" src=\"/media/uploads/2023/04/16/image-20230416213951-5.png\" width=\"298\" /><br />\n&nbsp;<br />\n羅丁的陶瓷胸甲是上衣那么就在jacket，那目录就是<br />\nxxxxxxx\\equipment\\character\\common\\jacket，<br />\n&nbsp;<br />\n&nbsp;<img alt=\"\" height=\"345\" src=\"/media/uploads/2023/04/16/image-20230416213959-6.png\" width=\"551\" /><br />\n&nbsp;<br />\n5：搜索结果出来了双击它，就能跳到需要修改的文件<br />\n&nbsp;<br />\n&nbsp;<img alt=\"\" height=\"88\" src=\"/media/uploads/2023/04/16/image-20230416214006-7.png\" width=\"564\" /><br />\n在这个文件中搜索icon，在它之前插入这行代码<br />\n[skill levelup]<br />\n&#39;[priest]&#39; 35 2<br />\n[/skill levelup]<br />\n&nbsp;<br />\n修改前，先给你们解释下怎么使用，以我现在的代码为例，其中<br />\nPriest=职业名称<br />\n35 = 技能代码<br />\n2 = 增加的技能等级<br />\n&nbsp;<br />\n怎么确认职业名称，自己翻译出来就知道咯<br />\n&nbsp;<img alt=\"\" height=\"255\" src=\"/media/uploads/2023/04/16/image-20230416214015-8.png\" width=\"201\" /><br />\n&nbsp;<br />\n主要是怎么找技能代码，首先明确你要添加什么技能，比如我是圣职者，想添加&ldquo;幻影化身&rdquo;<br />\n那么我就要在xxxxxx\\skill目录下的priestskill.lst里面找，打开后是英文技能名，那么怎么找技能呢？我这给一个方法，还是用notepad搜索<br />\n&nbsp;<img alt=\"\" height=\"353\" src=\"/media/uploads/2023/04/16/image-20230416214023-9.png\" width=\"564\" /><br />\n&nbsp;<br />\n&lsquo;幻影化身&lsquo; 叫 Shadow Boxer<br />\n&nbsp;<br />\n&nbsp;<img alt=\"\" height=\"130\" src=\"/media/uploads/2023/04/16/image-20230416214030-10.png\" width=\"426\" /><br />\n&nbsp;<br />\n那么我们在刚才的priestskill.lst搜索它，记得把中间的空格删除<br />\n&nbsp;<img alt=\"\" height=\"74\" src=\"/media/uploads/2023/04/16/image-20230416214044-11.png\" width=\"391\" /><br />\n&nbsp;<br />\n得到技能代码35，我们现在回到&lsquo;羅丁的陶瓷胸甲&rsquo;的修改文件，现在知道怎么来修改这行代码了吧，我随机多添加几个不同职业的，注意保持格式<br />\n&nbsp;<img alt=\"\" height=\"129\" src=\"/media/uploads/2023/04/16/image-20230416214051-12.png\" width=\"558\" /><br />\n&nbsp;<br />\n修改完成后记得备份，改错了还可以替换回来，保存后右键文件名<br />\n&nbsp;<img alt=\"\" height=\"121\" src=\"/media/uploads/2023/04/16/image-20230416214100-13.png\" width=\"556\" /><br />\n&nbsp;<br />\n把默认选中的文件拖到decrypt的文件框，就会自动出来路径了<br />\n&nbsp;<img alt=\"\" height=\"316\" src=\"/media/uploads/2023/04/16/image-20230416214106-14.png\" width=\"556\" /><br />\n&nbsp;<br />\n然后点写入文件等待写入完成<br />\n&nbsp;<img alt=\"\" height=\"173\" src=\"/media/uploads/2023/04/16/image-20230416214112-15.png\" width=\"325\" /><br />\n&nbsp;<br />\n打包完成后，直接把pvf替换到客户端即可，想替换服务端的，也可以咯<br />\n&nbsp;<br />\n&nbsp;<br />\n替换后的胸甲，装备上再看技能等级和伤害就知道咯<br />\n&nbsp;<img alt=\"\" height=\"311\" src=\"/media/uploads/2023/04/16/image-20230416214120-16.png\" width=\"219\" /><br />\n&nbsp;<br />\n&nbsp;<br />\n剩下要修改什么就看自己咯，称号也可以改随自己，还是现在台服代码表里搜索需要的称号代码，用notepad定位称号文件，搜索路径是equipment\\character\\common\\title<br />\n&nbsp;<br />\n&nbsp;<img alt=\"\" height=\"212\" src=\"/media/uploads/2023/04/16/image-20230416214128-17.png\" width=\"222\" /><br />\n&nbsp;<br />\n&nbsp;<br />\n&nbsp;<br />\n希望大家都多能分享自己的修改经验，不要丢了群的共享精神，写的很详细了，再看不懂说明你不适合折腾。群里教程很多，希望多看看研究下，别理想当然的做伸手党，群里没爹妈来伺候你<br />\n&nbsp;<br />\n&nbsp;<br />\n&nbsp;<br />\n&nbsp;<br />\nDNF科研室 204456385<br />\n100014166 制作</p>\n\n<p>&nbsp;</p>\n\n<p>&nbsp;</p>",
    "auth_users": "学院搬运工",
    "img": "https://dafstatic.oss-cn-beijing.aliyuncs.com/static/title/level4.gif",
    "create_at": "2023-04-16T13:41:33.037",
    "view_num": 1035
}