{
    "content": "<p>by:快乐草泥戈壁</p>\n\n<p>http://tieba.baidu.com/p/4063467723<br />\n&nbsp;<br />\n&nbsp;<br />\n&nbsp;<br />\n先秀一下效果~为了展示，触发概率都是100%，想不变态可以调整冷却和几率。</p>\n\n<p><img alt=\"\" height=\"299\" src=\"/media/uploads/2023/04/16/image-20230416213326-1.png\" width=\"562\" /></p>\n\n<p>&nbsp;</p>\n\n<p>----------------------------------------<br />\n就用Decrypt这个解压，写入就好。把Decrypt和Script.pvf放同一文件夹。<br />\n首先要找到你要改的装备位置 非常感谢原作者，然而是谁我不知道(*^__^*) 嘻嘻&hellip;&hellip;）</p>\n\n<p><img alt=\"\" height=\"257\" src=\"/media/uploads/2023/04/16/image-20230416213343-2.png\" width=\"1132\" /></p>\n\n<p><br />\n打开De 按路径 解压脚本</p>\n\n<p><img alt=\"\" height=\"530\" src=\"/media/uploads/2023/04/16/image-20230416213352-3.png\" width=\"1295\" /></p>\n\n<p>解压出的equ文件可以用记事本打开。</p>\n\n<p><img alt=\"\" height=\"726\" src=\"/media/uploads/2023/04/16/image-20230416213401-4.png\" width=\"906\" /></p>\n\n<p>（常规的数字命令用PVF大众版就能改的 搞特效就拉到最下面添加脚本命令（嘿嘿~ 其实脚本命令我也是从别的装备复制过来的 ）<br />\n装备上的文字信息 在equipment/equipment.kor.str 改</p>\n\n<p><img alt=\"\" height=\"922\" src=\"/media/uploads/2023/04/16/image-20230416213542-5.png\" width=\"768\" /></p>\n\n<p>[if]里的状态有很多，比如被攻击，跳打等 这些命令都能从别的装备找到<br />\n[then]里能控制对谁发动，几率发动。触发的特效代码也能从别的装备找到。（因为不从别的装备找，我也不知道还能从哪找 ）<br />\n注意的是，每行命令最后都有空格，这个不能少。还有[XXX XXX]命令之间貌似不能连续两行，所以中间没参数的命令之间都空多了一行。<br />\n最后就是保存，写入pvf就行了。</p>\n\n<p><img alt=\"\" height=\"476\" src=\"/media/uploads/2023/04/16/image-20230416213557-6.png\" width=\"1050\" /></p>\n\n<p>仿邪龙戒指 守护者之魂 给 钻石戒指 添加 被打触发闪电 和 打击时触发铁链<br />\n一打怪就错误 可能是两个中括号命令（比如[/if] 和 [then]) 之间就算没参数 也要多回车一行</p>\n\n<p>&nbsp;<img alt=\"\" height=\"426\" src=\"/media/uploads/2023/04/16/image-20230416213608-7.png\" width=\"562\" /></p>\n\n<p><img alt=\"\" height=\"421\" src=\"/media/uploads/2023/04/16/image-20230416213616-8.png\" width=\"562\" /></p>\n\n<p>&nbsp;<img alt=\"\" height=\"876\" src=\"/media/uploads/2023/04/16/image-20230416213633-9.png\" width=\"1034\" /><br />\n&nbsp;<br />\n感谢@xh4528 equipment/equipment.kor.str 可以修改装备的文字信息<br />\n这回要用notepad++了</p>\n\n<p>&nbsp;</p>\n\n<p>一次if 对应一次then 不能一次if 多次then</p>\n\n<p><img alt=\"\" height=\"667\" src=\"/media/uploads/2023/04/16/image-20230416213641-10.png\" width=\"710\" /></p>\n\n<p>&nbsp;</p>\n\n<p>&nbsp;</p>",
    "auth_users": "学院搬运工",
    "img": "https://dafstatic.oss-cn-beijing.aliyuncs.com/static/title/level4.gif",
    "create_at": "2023-04-16T13:36:43.758",
    "view_num": 1199
}