{
    "content": "<p>&nbsp;</p>\n\n<p>by:唯丶湘<br />\nhttp://tieba.baidu.com/p/4115665628</p>\n\n<p>&nbsp;</p>\n\n<p>需要的工具：Decrypt工具自行到【相关下载】处下载,还有个NOTepad++ 自行百度</p>\n\n<p>用Decrypt解压单个文件路径如下：<br />\nequipment/equipment.kor.str<br />\nequipment/equipment.lst</p>\n\n<p><img alt=\"\" height=\"661\" src=\"/media/uploads/2023/04/16/image-20230416214336-1.png\" width=\"957\" /></p>\n\n<p>打开那个kor.str搜索无影，这里只是例子。<br />\n会找到很多古老的装备如图。这些古老装备已经是不会在怪身上出了所以可以直接引用进行修改。</p>\n\n<p>&nbsp;</p>\n\n<p>我将27092某古老装备进行了修改，是一个30几级的。<br />\n没有装备描述这项的别自己加会出错。尽量找有描述的来改，这样会比较方便。<br />\n记得每行后面都有空格，不然会出错。具体怎么加可以参考其他项，描述上/n表示换行会另起一行并空2字的位置。</p>\n\n<p><img alt=\"\" height=\"660\" src=\"/media/uploads/2023/04/16/image-20230416214352-2.png\" width=\"956\" /></p>\n\n<p>用notepad打开就会发现你要修改的装备所有属性以及会触发的所有特效。<br />\n首先往下翻清楚[if]到[/then]之间包括这连个字符的所有文本，作用就是清除以前装备的特效。<br />\n接下来方便修改。</p>\n\n<p>&nbsp;</p>\n\n<p>重要一点。每行后面必须一个空格，不然出错！！！！！！！！！！！！！<br />\n姑且从脚本开始稍后介绍文件以及攻击动作图像的修改。</p>\n\n<p><img alt=\"\" height=\"661\" src=\"/media/uploads/2023/04/16/image-20230416214406-3.png\" width=\"959\" /></p>\n\n<p>像这类脚本IF 和/IF 为一组 than和/than一组 /if或than是分割命令的作用大家理解就行<br />\n触发脚本很难找你们如果要DIY装备可以在某玩数据库里找类似命令的文件然后来比较修改。</p>\n\n<p>&nbsp;<img alt=\"\" height=\"509\" src=\"/media/uploads/2023/04/16/image-20230416214416-4.png\" width=\"613\" /><br />\n&nbsp;<img alt=\"\" height=\"660\" src=\"/media/uploads/2023/04/16/image-20230416214426-5.png\" width=\"958\" /><br />\n&nbsp;</p>\n\n<p>注意每行后面都要有一个空格，换行不需要空格。</p>\n\n<p>自己多看看我哪里换行了自己研究研究，具体也说不清，至于要不要换我也不知道反正我没试过我都是换行的<br />\n最起码看起来明了一点。</p>\n\n<p>&nbsp;</p>\n\n<p>接下来重头戏修改武器图像动作图像等<br />\n工具：Extractor 百度进行下载。</p>\n\n<p><img alt=\"\" height=\"660\" src=\"/media/uploads/2023/04/16/image-20230416214434-6.png\" width=\"957\" /></p>\n\n<p>使用Extractor打开装备图标文件。</p>\n\n<p><img alt=\"\" height=\"699\" src=\"/media/uploads/2023/04/16/image-20230416214448-7.png\" width=\"1000\" /></p>\n\n<p><img alt=\"\" height=\"702\" src=\"/media/uploads/2023/04/16/image-20230416214502-8.png\" width=\"1002\" /></p>\n\n<p>这是查看动作文件 ID 的步骤。 就是之前图上修改的 3 1 的出处。</p>\n\n<p>修改完以上，把做出来的ICO文件CAPY到DNF IM2文件夹下，把之前修改的几个装备属性 名称文件 压缩到PVF文件里，再放到DNF目录以及服务端目录下就可以看到了。<br />\n以下是该装备的修改截图修改的装备ID之前那组数字就是了 GM工具可以直接刷出来的。</p>\n\n<p><img alt=\"\" height=\"601\" src=\"/media/uploads/2023/04/16/image-20230416214515-9.png\" width=\"801\" /></p>\n\n<p>&nbsp;</p>\n\n<p>教程完结。</p>\n\n<p>&nbsp;</p>\n\n<p>&nbsp;</p>",
    "auth_users": "学院搬运工",
    "img": "https://dafstatic.oss-cn-beijing.aliyuncs.com/static/title/level4.gif",
    "create_at": "2023-04-16T13:45:16.998",
    "view_num": 465
}