{
    "content": "<p>&nbsp;首先工具就用修改深渊爆率的那个，pvf用的虫神3.0版本，先看工具<br />\n&nbsp;<img alt=\"\" height=\"68\" src=\"/media/uploads/2023/04/16/image-20230416214546-1.png\" width=\"536\" /><br />\n&nbsp;<br />\n&nbsp;<br />\n打开那个pvf charge读取，展开。<br />\n&nbsp;<img alt=\"\" height=\"140\" src=\"/media/uploads/2023/04/16/image-20230416214553-2.png\" width=\"471\" /><br />\n&nbsp;<br />\n&nbsp;<br />\n等一小会儿展开完成后，看右边这个路径下<br />\n&nbsp;<br />\n&nbsp;<img alt=\"\" height=\"295\" src=\"/media/uploads/2023/04/16/image-20230416214600-3.png\" width=\"216\" /><br />\n&nbsp;<br />\n2choroset是e2套装，3choroset是e3套装，后面数字是套装代码，我也是小白不知道是什么套装，看贴吧大神说1-13是鬼剑士的，我们猜想1-4为剑魂的，就先该e3的1-4,双击打开3choroset1，右面第一个框中会出现代码看前几行<br />\n&nbsp;<img alt=\"\" height=\"95\" src=\"/media/uploads/2023/04/16/image-20230416214609-4.png\" width=\"120\" /><br />\n&nbsp;<br />\n&nbsp;<br />\n这个三代表3件出效果往下<br />\n&nbsp;<img alt=\"\" height=\"90\" src=\"/media/uploads/2023/04/16/image-20230416214615-5.png\" width=\"110\" /><br />\n&nbsp;<br />\n&nbsp;<br />\n6件出效果<br />\n&nbsp;<br />\n&nbsp;<img alt=\"\" height=\"138\" src=\"/media/uploads/2023/04/16/image-20230416214620-6.png\" width=\"112\" /><br />\n&nbsp;<br />\n9件出效果。目的要修改这三个数字为1，2，3。我们点修改int，后面会出现一大堆数字。这些数字其实就是前面去掉所有英文后的数字，比如这个<br />\n&nbsp;<br />\n&nbsp;<img alt=\"\" height=\"393\" src=\"/media/uploads/2023/04/16/image-20230416214626-7.png\" width=\"132\" /><br />\n&nbsp;<br />\n数字是3,38，-1,3000，50，50点修改int出现这个<br />\n&nbsp;<img alt=\"\" height=\"110\" src=\"/media/uploads/2023/04/16/image-20230416214632-8.png\" width=\"213\" /><br />\n&nbsp;<br />\n&nbsp;<br />\n然后把3改成1。然后依次找6和9改为2和3，保存在上。<br />\n如果你要修改某件套装就去查找一下套装代码这么来改。然后保存输出<br />\n&nbsp;<br />\n&nbsp;<img alt=\"\" height=\"67\" src=\"/media/uploads/2023/04/16/image-20230416214637-9.png\" width=\"453\" /><br />\n&nbsp;<br />\n稍等一会儿成功后会出现这个文件<br />\n&nbsp;<img alt=\"\" height=\"59\" src=\"/media/uploads/2023/04/16/image-20230416214643-10.png\" width=\"413\" /><br />\n&nbsp;<br />\n&nbsp;<br />\n改名换到客户端和服务端，重启虚拟机和游戏。</p>\n\n<p>&nbsp;</p>\n\n<p>&nbsp;</p>",
    "auth_users": "学院搬运工",
    "img": "https://dafstatic.oss-cn-beijing.aliyuncs.com/static/title/level4.gif",
    "create_at": "2023-04-16T13:46:45.445",
    "view_num": 804
}