{
    "content": "<p>by：机智的鲍局<br />\nhttp://tieba.baidu.com/p/4127828124<br />\n&nbsp;<br />\n&nbsp;<img alt=\"\" height=\"262\" src=\"/media/uploads/2023/04/23/image-20230423215600-1.png\" width=\"471\" /><br />\n&nbsp;<br />\n&nbsp;<br />\n可能很多人看了标题觉得我是个很会吹牛逼的人 但是事实就是天才和疯子本就一线之隔 你觉得我是疯子就当我疯子吧</p>\n\n<p>&nbsp;</p>\n\n<p>我记得我刚接触DNF单机的时候我给我一个朋友说卧槽DNF能假设单机了<br />\n他告诉那尼玛绝对是EX的时代 我说你SB么 都能架设单机 可以做很多事<br />\n事实证明 他是天才 我是疯子<br />\n最后他也没有来 具体姓名我不透露 最近贴吧 动向都是什么85 安图恩 我不懂数据库 也听不懂你们所说的 但是我不是小白 知道实现你们所说的那段路 可能是个无期限的过几天吧</p>\n\n<p><br />\n最近也是贴吧 有个法怎么给装备贴图 我突然想起了我朋友的话。<br />\n既然可以换贴图 那岂不是可以DIY 地图<br />\n对没错DIY地图 具体在如何DIY 老贴里面有但是很多人不敢兴趣觉得他也和我一样 是个疯子吧<br />\n但事实证明只是你们所看的是井底的一丝光明<br />\n事实上我们可以修改贴图来达到修改怪物模型的目的 以及地图 然后用PVF调整属性 弄地图等 可以轻松DIY出来 任何连国服都没有的地图<br />\n反正听懂了 自然会去试着做 听不懂就当我是 疯子<br />\n既然来了顺便发下贴图如何换吧<br />\n&nbsp;<img alt=\"\" height=\"596\" src=\"/media/uploads/2023/04/23/image-20230423215617-2.png\" width=\"751\" /><br />\n&nbsp;<br />\n&nbsp;<br />\n首先 需要找到的是你修改的装备 用notepad++打开 具体软件下载 吧里有<br />\n&nbsp;<br />\n&nbsp;<br />\n&nbsp;<br />\n往下面就是看装备的各种数据了 如我图标记 这几个就是你打开游戏后贴图的地址 群里有人说过可以添加 装备进去 我试过了不行<br />\n可能是写路劲的时候 姿势错误吧 如果那个能研究出来 就算你们拿的是70的 也能自己DIY出来安图恩等 具体看各人想象力可动手能力了<br />\n&nbsp;<img alt=\"\" height=\"353\" src=\"/media/uploads/2023/04/23/image-20230423215633-3.png\" width=\"723\" /><br />\n&nbsp;<br />\n&nbsp;<br />\n接下来需要的软件是 DNFExtractor 百度到处都能下到 第一个就是贴图地址 找到他上面对应的NPK文件打开就可以<br />\n&nbsp;<br />\n&nbsp;<img alt=\"\" height=\"463\" src=\"/media/uploads/2023/04/23/image-20230423215727-4.png\" width=\"857\" /><br />\n&nbsp;<br />\n打开后有几个文件了里面有5个 我只记得KATANA是太刀 SSWD是短剑 5个类型打开装备文件 都有说明具体地址<br />\n&nbsp;<br />\n&nbsp;<img alt=\"\" height=\"469\" src=\"/media/uploads/2023/04/23/image-20230423215745-5.png\" width=\"885\" /><br />\n&nbsp;<br />\n接着就是对于装备动态图的地址 进行替换 动态图一般写出后是个IMG文件 你可以去国服找到对于武器 然后用EX把你的替换掉就行了<br />\n&nbsp;<br />\n&nbsp;<img alt=\"\" height=\"350\" src=\"/media/uploads/2023/04/23/image-20230423215754-6.png\" width=\"386\" /><br />\n&nbsp;<br />\n&nbsp;替换进去</p>\n\n<p>&nbsp;</p>",
    "auth_users": "学院搬运工",
    "img": "https://dafstatic.oss-cn-beijing.aliyuncs.com/static/title/level4.gif",
    "create_at": "2023-04-23T13:58:18.945",
    "view_num": 539
}