{
    "content": "<p>By:吴克大哥<br />\nhttp://tieba.baidu.com/p/4200144536</p>\n\n<p>&nbsp;</p>\n\n<p>两种方法，第一种是武器放在皮肤中合并，然后皮肤隐藏武器的层。<br />\n第二种是皮肤不覆盖腰带，改为覆盖腰带时装的层，然后武器放在腰带时装上，这样用的就是武器的层了。<br />\n这些是我想出来的理论，没有去实践，最近在研究别的。</p>\n\n<p>一路悲伤_:这是做npk补丁吗还是pvf<br />\n吴克大哥: pvf，我不喜欢改动npk</p>",
    "auth_users": "学院搬运工",
    "img": "https://dafstatic.oss-cn-beijing.aliyuncs.com/static/title/level4.gif",
    "create_at": "2023-04-23T14:05:00.551",
    "view_num": 518
}