{
    "content": "<p>By：牙牙</p>\n\n<p><br />\n写equ可能会调用此部分内容和代码<br />\n可自行研究<br />\n1-25 属于武器<br />\n26-50 属于各职业外观<br />\n51-58 属于(70大改后)新增加装备分类<br />\n1000-1012 属于物品种类分类</p>\n\n<p>1&nbsp;&nbsp; &nbsp;`ssword`<br />\n2&nbsp;&nbsp; &nbsp;`katana`<br />\n3&nbsp;&nbsp; &nbsp;`club`<br />\n4&nbsp;&nbsp; &nbsp;`lswd`<br />\n5&nbsp;&nbsp; &nbsp;`beamswd`<br />\n6&nbsp;&nbsp; &nbsp;`knuckle`<br />\n7&nbsp;&nbsp; &nbsp;`claw`<br />\n8&nbsp;&nbsp; &nbsp;`tonfa`<br />\n9&nbsp;&nbsp; &nbsp;`gauntlet`<br />\n10&nbsp;&nbsp; &nbsp;`bglove`<br />\n11&nbsp;&nbsp; &nbsp;`automatic`<br />\n12&nbsp;&nbsp; &nbsp;`revolver`<br />\n13&nbsp;&nbsp; &nbsp;`bowgun`<br />\n14&nbsp;&nbsp; &nbsp;`musket`<br />\n15&nbsp;&nbsp; &nbsp;`hcannon`<br />\n16&nbsp;&nbsp; &nbsp;`rod`<br />\n17&nbsp;&nbsp; &nbsp;`staff`<br />\n18&nbsp;&nbsp; &nbsp;`pole`<br />\n19&nbsp;&nbsp; &nbsp;`spear`<br />\n20&nbsp;&nbsp; &nbsp;`broom`<br />\n21&nbsp;&nbsp; &nbsp;`cross`<br />\n22&nbsp;&nbsp; &nbsp;`rosary`<br />\n23&nbsp;&nbsp; &nbsp;`totem`<br />\n24&nbsp;&nbsp; &nbsp;`axe`<br />\n25&nbsp;&nbsp; &nbsp;`scythe`<br />\n26&nbsp;&nbsp; &nbsp;`cl coat`<br />\n27&nbsp;&nbsp; &nbsp;`cl pants`<br />\n28&nbsp;&nbsp; &nbsp;`cl shoulder`<br />\n29&nbsp;&nbsp; &nbsp;`cl waist`<br />\n30&nbsp;&nbsp; &nbsp;`cl shoes`<br />\n31&nbsp;&nbsp; &nbsp;`lt coat`<br />\n32&nbsp;&nbsp; &nbsp;`lt pants`<br />\n33&nbsp;&nbsp; &nbsp;`lt shoulder`<br />\n34&nbsp;&nbsp; &nbsp;`lt waist`<br />\n35&nbsp;&nbsp; &nbsp;`lt shoes`<br />\n36&nbsp;&nbsp; &nbsp;`la coat`<br />\n37&nbsp;&nbsp; &nbsp;`la pants`<br />\n38&nbsp;&nbsp; &nbsp;`la shoulder`<br />\n39&nbsp;&nbsp; &nbsp;`la waist`<br />\n40&nbsp;&nbsp; &nbsp;`la shoes`<br />\n41&nbsp;&nbsp; &nbsp;`ha coat`<br />\n42&nbsp;&nbsp; &nbsp;`ha pants`<br />\n43&nbsp;&nbsp; &nbsp;`ha shoulder`<br />\n44&nbsp;&nbsp; &nbsp;`ha waist`<br />\n45&nbsp;&nbsp; &nbsp;`ha shoes`<br />\n46&nbsp;&nbsp; &nbsp;`mt coat`<br />\n47&nbsp;&nbsp; &nbsp;`mt pants`<br />\n48&nbsp;&nbsp; &nbsp;`mt shoulder`<br />\n49&nbsp;&nbsp; &nbsp;`mt waist`<br />\n50&nbsp;&nbsp; &nbsp;`mt shoes`<br />\n51&nbsp;&nbsp; &nbsp;`amulet`<br />\n52&nbsp;&nbsp; &nbsp;`wrist`<br />\n53&nbsp;&nbsp; &nbsp;`ring`<br />\n54&nbsp;&nbsp; &nbsp;`dagger`<br />\n55&nbsp;&nbsp; &nbsp;`twinswd`<br />\n56&nbsp;&nbsp; &nbsp;`wand`<br />\n57&nbsp;&nbsp; &nbsp;`support`<br />\n58&nbsp;&nbsp; &nbsp;`magic stone`<br />\n1000&nbsp;&nbsp; &nbsp;`food`<br />\n1001&nbsp;&nbsp; &nbsp;`potion`<br />\n1002&nbsp;&nbsp; &nbsp;`summons`<br />\n1003&nbsp;&nbsp; &nbsp;`food etc`<br />\n1004&nbsp;&nbsp; &nbsp;`emblem`<br />\n1005&nbsp;&nbsp; &nbsp;`throw weapon`<br />\n1006&nbsp;&nbsp; &nbsp;`animal stuff`<br />\n1007&nbsp;&nbsp; &nbsp;`plant stuff`<br />\n1008&nbsp;&nbsp; &nbsp;`cube stuff`<br />\n1009&nbsp;&nbsp; &nbsp;`mineral stuff`<br />\n1010&nbsp;&nbsp; &nbsp;`element stuff`<br />\n1011&nbsp;&nbsp; &nbsp;`cloth stuff`<br />\n1012&nbsp;&nbsp; &nbsp;`stuff etc`</p>\n\n<p>&nbsp;</p>",
    "auth_users": "学院搬运工",
    "img": "https://dafstatic.oss-cn-beijing.aliyuncs.com/static/title/level4.gif",
    "create_at": "2023-04-23T14:08:21.205",
    "view_num": 507
}