{
    "content": "<p>By:吴克大哥<br />\nhttp://tieba.baidu.com/p/4195519761</p>\n\n<p>&nbsp;</p>\n\n<p>你们把代码复制到皮肤最下面，是superpvf格式的，其他工具的对照着其他代码处理一下就行。<br />\n如果你希望你的皮肤只隐藏部分时装，那么hide equipment里面只写你要的那部分。<br />\n不过可能会因为隐藏层的关系而变得更麻烦。上面是隐藏时装，下面是隐藏层。<br />\n[@05][hide equipment]<br />\n[@07][hat avatar]<br />\n[@07][hair avatar]<br />\n[@07][face avatar]<br />\n[@07][breast avatar]<br />\n[@07][coat avatar]<br />\n[@07][pants avatar]<br />\n[@07][waist avatar]<br />\n[@07][shoes avatar]<br />\n[@05][/hide equipment]<br />\n[@05][hide layer]<br />\n[@02]2880<br />\n[@02]2870<br />\n[@02]2860<br />\n[@02]2850<br />\n[@02]2840<br />\n[@02]2830<br />\n[@02]2820<br />\n[@02]2810<br />\n[@02]2780<br />\n[@02]2750<br />\n[@02]2700<br />\n[@02]2500<br />\n[@02]2400<br />\n[@02]2350<br />\n[@02]2300<br />\n[@02]2251<br />\n[@02]2200<br />\n[@02]2125<br />\n[@02]2100<br />\n[@02]2000<br />\n[@02]1975<br />\n[@02]1963<br />\n[@02]1951<br />\n[@02]1950<br />\n[@02]1925<br />\n[@02]1900<br />\n[@02]1850<br />\n[@02]1800<br />\n[@02]1700<br />\n[@02]1650<br />\n[@02]1601<br />\n[@02]1600<br />\n[@02]1501<br />\n[@02]1500<br />\n[@02]1450<br />\n[@02]1400<br />\n[@02]1300<br />\n[@02]1200<br />\n[@02]1151<br />\n[@02]1150<br />\n[@02]1100<br />\n[@02]1000<br />\n[@02]925<br />\n[@02]900<br />\n[@02]851<br />\n[@02]850<br />\n[@02]825<br />\n[@02]800<br />\n[@02]750<br />\n[@02]700<br />\n[@02]600<br />\n[@02]550<br />\n[@02]500<br />\n[@02]400<br />\n[@02]300<br />\n[@02]150<br />\n[@02]100<br />\n[@02]20<br />\n[@02]0<br />\n[@05][/hide layer]</p>\n\n<p>&nbsp;</p>\n\n<p>&nbsp;</p>",
    "auth_users": "学院搬运工",
    "img": "https://dafstatic.oss-cn-beijing.aliyuncs.com/static/title/level4.gif",
    "create_at": "2023-04-23T14:05:24.991",
    "view_num": 560
}