{
    "content": "<p>By:么文化滴吟<br />\nhttp://tieba.baidu.com/p/4130738188?see_lz=1</p>\n\n<p>下面稍微点一下称号簿属性修改 路径在etc/titlebook<br />\n先上图<br />\n&nbsp;<img alt=\"\" height=\"735\" src=\"/media/uploads/2023/04/24/image-20230424221442-1.png\" width=\"1366\" /><br />\n&nbsp;<br />\n&nbsp;<br />\n这个你们应该一看就懂，可以任意修改数字，也可以增添删减属性<br />\n比如说 你要增加一条属性 加所有异常状态抗性<br />\n[all activestatus resistance]<br />\n&#39;+&#39; 1888<br />\n把这添加到下面就好 当然 减号也是可行的。</p>\n\n<p>&nbsp;</p>",
    "auth_users": "学院搬运工",
    "img": "https://dafstatic.oss-cn-beijing.aliyuncs.com/static/title/level4.gif",
    "create_at": "2023-04-24T14:14:45.679",
    "view_num": 787
}