{
    "content": "<p>By:549036662<br />\nhttp://bbs.ilaoniu.cn/forum.php?mod=viewthread&amp;tid=3520&amp;extra=page%3D1%26filter%3Dauthor%26orderby%3Ddateline</p>\n\n<p><br />\n锻造上限+10 &amp; 100%成功<br />\n适用于任何pvf<br />\n对应文件<br />\netc/upgrade_separate.etc</p>\n\n<p><br />\n已改好的爆率<br />\n&nbsp; 白图只爆粉，深渊只爆史诗，翻牌90%粉 10%史诗，想自己定制爆率的话看下面的计算教程<br />\n对应文件<br />\ntc/itemdropinfo_clearreward.etc&nbsp;&nbsp;&nbsp;&nbsp; 翻牌<br />\netc/itemdropinfo_monseter.etc&nbsp;&nbsp;&nbsp;&nbsp;&nbsp; 白图<br />\netc/itemdropinfo_monseter_extra.etc&nbsp;&nbsp;&nbsp;&nbsp; 白图<br />\netc/itemdropinfo_monster_hell.etc&nbsp;&nbsp;&nbsp;&nbsp;&nbsp; 深渊</p>\n\n<p>根据需求选择对应文件用pvftool导入<br />\n爆率计算：<br />\n注意这里的爆率指的是在爆出了装备的前提下，不同品级装备出现的几率；至于出与不出东西的概率本文并不涉及（数据库开个1000倍爆率活动，满地金币白云不能再开心）。<br />\n对应文件上面已经给出了<br />\n文件内对应的要修改的字段是<br />\n[basis of rarity dicision]<br />\n800000 989900 999900 1000000 1000001 1000002<br />\n爆率是采用随机数区间的计算方法，以上面的（台服官方翻牌）数据为例，服务器随机生成一个0~1000002之间的整数，如果这个数在0~800000之间则出白装，<br />\n800000~989900之间出蓝装，989900~999900之间出紫装，999900~1000000之间出粉装（1000000~1000001理论上出史诗但是不出，我猜测这里的处理方式是条件语句判断时使用的都是&gt;和&lt;，即不包括区间边界）<br />\n那么爆率的算法就很简单了比如翻牌出粉的概率就是(1000000 - 999900) / 1000002 约等于万分之一（坑吗？其实还好）</p>\n\n<p>举一反三，就可以自己精确定制爆率了，比如说白:蓝:紫:粉:橙 = 1:1:1:1:1即为<br />\n200000 400000 600000 800000 1000001 1000002</p>\n\n<p><img alt=\"\" height=\"628\" src=\"/media/uploads/2023/04/23/image-20230423220924-1.png\" width=\"601\" /></p>",
    "auth_users": "学院搬运工",
    "img": "https://dafstatic.oss-cn-beijing.aliyuncs.com/static/title/level4.gif",
    "create_at": "2023-04-23T14:09:29.068",
    "view_num": 962
}