{
    "content": "<p>By:路痴</p>\r\n\r\n<p>&nbsp;</p>\r\n\r\n<p>很久之前出过一个版本，那个版本的文件名指向错误，且代码方式也和现在主流的tool不符合。<br />\r\n这个是基于tool的版本，粘贴复制即可使用。</p>\r\n\r\n<p><br />\r\n大体步骤：<br />\r\n一：解压equipment.kor<br />\r\n二：解压你准备添加特效的装备</p>\r\n\r\n<p>三：复制下面这段触发代码，粘贴到你要修改的装备上即可。（触发方式可自行修改，比如攻击时几率触发，<br />\r\n释放技能时触发，暴击时触发什么的，我 这个技能貌似是剑圣的觉醒（貌似吧？很久不玩了也记不清了））</p>\r\n\r\n<p>四：打开equipment.kor查找speech_这一段，找到字段后，自行按照格式添加。<br />\r\n五：自行导入测试，装备修改，无需同步即可测试。</p>\r\n\r\n<p><br />\r\n[if]</p>\r\n\r\n<p>[event use skill]<br />\r\n`swordman`<br />\r\n86&nbsp;&nbsp; &nbsp;<br />\r\n[/if]</p>\r\n\r\n<p>[then]</p>\r\n\r\n<p>[target]<br />\r\n`myself`<br />\r\n-1&nbsp;&nbsp; &nbsp;<br />\r\n[speech on]<br />\r\n0&nbsp;&nbsp; &nbsp;3000&nbsp;&nbsp; &nbsp;&lt;3::speech_25`死在我的剑下吧！啊哈哈哈！你这只辣鸡！`&gt;</p>\r\n\r\n<p>[/speech on]</p>\r\n\r\n<p>//方法差不多就是这样了，大家具体的可以自己去 试验，<br />\r\n游戏嘛，玩玩就好。（在此再次向寂寞帝以及第一 批人致敬，没有你们就没有这个让我继续热爱的游戏）<br />\r\n&nbsp;&nbsp; &nbsp;&nbsp;&nbsp; &nbsp;&nbsp;&nbsp; &nbsp;&nbsp;&nbsp; &nbsp;&nbsp;&nbsp; &nbsp;&nbsp;&nbsp; &nbsp;&nbsp;&nbsp; &nbsp;&nbsp;&nbsp; &nbsp;&nbsp;&nbsp; &nbsp;&nbsp;&nbsp; &nbsp;&nbsp;&nbsp; &nbsp;<br />\r\n个人倒不是很反感那些商业行为，起码一些人是靠 自己真本事赚钱的（大多数人都是干的倒手，提取下放进去就好了）<br />\r\n无亲无故的凭啥帮人弄东西，帮人帮到泪流满面的事情我没兴趣做，雷锋不是那么 好当的</p>\r\n\r\n<p>//对于凭真本事，真劳动的人，我个人保持尊重不定期更新一些优化教程之类的东西，素质不好的 请勿喷，我个人比较喜欢安静。<br />\r\n如果是单机小白，我可以尽量解答，毕竟大家都是 小白过来的。如果是&quot;技术人员&quot;请自觉提交版权费谢谢。</p>\r\n\r\n<p>&nbsp;</p>\r\n\r\n<p>&nbsp;</p>\r\n\r\n<p>转帖或记录请注明出处：路痴</p>",
    "auth_users": "学院搬运工",
    "img": "https://dafstatic.oss-cn-beijing.aliyuncs.com/static/title/level4.gif",
    "create_at": "2023-04-24T14:21:14.920",
    "view_num": 457
}