{
    "content": "<p>By:BH877</p>\r\n\r\n<p>http://tieba.baidu.com/p/4571169980</p>\r\n\r\n<p><br />\r\n入代码注意事项：每逢添加数字结尾的代码按一下Tab键再写下一行。<br />\r\n吞代码的原因就是如果它的规则判断你的数字后面没有空格就会认为你还有附加条件没写完，会默认在你代码结尾加上``或者其他的符号，字母结尾的代码结尾则不需要添加空格，之所以让你按Tab键没让你按空格键是因为这样代码写起来整齐好认。<br />\r\n按我的格式写代码可无限添加技能特效不存在吞代码的情况。<br />\r\n！！！！！！添加代码切勿把我的说明文字添加进去了，切忌！！！！！！！！！！！！！<br />\r\n！！！！！！！！！再强调一遍！每逢数字结尾的代码必须Tab！！！！！！！！！<br />\r\n下面附上效果图和代码：<br />\r\n&nbsp;<img alt=\"\" height=\"336\" src=\"/media/uploads/2023/04/24/image-20230424222353-1.png\" width=\"571\" /></p>\r\n\r\n<p><img alt=\"\" height=\"338\" src=\"/media/uploads/2023/04/24/image-20230424222405-2.png\" width=\"516\" /></p>\r\n\r\n<p>后跳斩触发魔剑的剑气，swordman下面的数字是技能代码，可自行更改。</p>\r\n\r\n<p><img alt=\"\" height=\"395\" src=\"/media/uploads/2023/04/24/image-20230424222413-3.png\" width=\"361\" /></p>\r\n\r\n<p>========================================================================<br />\r\n释放型技能触发霸体效果，图内有详解。可自行DIY</p>\r\n\r\n<p>&nbsp;<img alt=\"\" height=\"275\" src=\"/media/uploads/2023/04/24/image-20230424222420-4.png\" width=\"351\" /></p>\r\n\r\n<p><img alt=\"\" height=\"342\" src=\"/media/uploads/2023/04/24/image-20230424222452-5.png\" width=\"495\" /></p>\r\n\r\n<p>================================================================<br />\r\n猛龙断空斩+次数（次数可自行更改）</p>\r\n\r\n<p><img alt=\"\" height=\"402\" src=\"/media/uploads/2023/04/24/image-20230424222504-6.png\" width=\"305\" /></p>\r\n\r\n<p>========================================================================</p>\r\n\r\n<p>幻影剑舞冷却-90%，把后跳斩的技能代码49换成73就行了。<br />\r\n后跳斩的冷却改了就可无限后跳剑气（前提是你添加了剑气触发代码）。</p>\r\n\r\n<p><img alt=\"\" height=\"325\" src=\"/media/uploads/2023/04/24/image-20230424222511-7.png\" width=\"410\" /></p>\r\n\r\n<p>&nbsp;</p>\r\n\r\n<p>=============================================================<br />\r\n最后放上放大招！！！！！多重剑气多段伤害。</p>\r\n\r\n<p>&nbsp;<img alt=\"\" height=\"325\" src=\"/media/uploads/2023/04/24/image-20230424222522-8.png\" width=\"585\" /><br />\r\n&nbsp;<img alt=\"\" height=\"745\" src=\"/media/uploads/2023/04/24/image-20230424222530-9.png\" width=\"582\" /></p>\r\n\r\n<p>具体实现方法可参考西岚的某某武器。<br />\r\n此教程暂时完结，我要去看片了=-=</p>\r\n\r\n<p>改伤害的找代码<br />\r\n定位文件位置<br />\r\n60081`EquipmentPassiveObject/abofeisidejianqi/wave_item.obj`</p>\r\n\r\n<p>じ☆痴货B5★: 插一句，最好将想改的特效复制一份 作为一个新特效添加到pvf，再修改。不然会有副作用。</p>\r\n\r\n<p>定位到特效触发的文件位置修改伤害或者其他的东西。</p>\r\n\r\n<p><img alt=\"\" height=\"396\" src=\"/media/uploads/2023/04/24/image-20230424222541-10.png\" width=\"602\" /></p>\r\n\r\n<p>&nbsp;</p>",
    "auth_users": "学院搬运工",
    "img": "https://dafstatic.oss-cn-beijing.aliyuncs.com/static/title/level4.gif",
    "create_at": "2023-04-24T14:25:44.630",
    "view_num": 586
}