{
    "content": "<p><span style=\"color:#0000ff; font-family:微软雅黑; font-size:small\">[usable period]限制代码<br />\n1&nbsp;天数</span></p>\n\n<p><span style=\"color:#0000ff; font-family:微软雅黑; font-size:small\">这是限制只能用多少天！</span></p>\n\n<p><br />\n<span style=\"color:#0000ff; font-family:微软雅黑; font-size:small\">----------------<br />\n这个显示到多久结束</span></p>\n\n<p><span style=\"color:#0000ff; font-family:微软雅黑; font-size:small\">[expiration date]<br />\n1356966000&nbsp;</span></p>\n\n<p><span style=\"color:#0000ff; font-family:微软雅黑; font-size:small\">Unix时间戳</span></p>\n\n<p>&nbsp;</p>\n\n<p><span style=\"color:#0000ff; font-family:微软雅黑; font-size:small\">记得套盒子</span></p>\n\n<p>&nbsp;</p>",
    "auth_users": "学院搬运工",
    "img": "https://dafstatic.oss-cn-beijing.aliyuncs.com/static/title/level4.gif",
    "create_at": "2023-05-05T22:29:09.142",
    "view_num": 618
}