{
    "content": "<p><span style=\"color:#0000ff; font-family:微软雅黑; font-size:small\">写equ可能会调用此部分内容和代码<br />\n可自行研究<br />\n1-25 属于武器<br />\n26-50 属于各职业外观<br />\n51-58 属于(70大改后)新增加装备分类<br />\n1000-1012 属于物品种类分类</span></p>\n\n<p><span style=\"color:#0000ff; font-family:微软雅黑; font-size:small\">1&nbsp;`ssword`<br />\n2&nbsp;`katana`<br />\n3&nbsp;`club`<br />\n4&nbsp;`lswd`<br />\n5&nbsp;`beamswd`<br />\n6&nbsp;`knuckle`<br />\n7&nbsp;`claw`<br />\n8&nbsp;`tonfa`<br />\n9&nbsp;`gauntlet`<br />\n10&nbsp;`bglove`<br />\n11&nbsp;`automatic`<br />\n12&nbsp;`revolver`<br />\n13&nbsp;`bowgun`<br />\n14&nbsp;`musket`<br />\n15&nbsp;`hcannon`<br />\n16&nbsp;`rod`<br />\n17&nbsp;`staff`<br />\n18&nbsp;`pole`<br />\n19&nbsp;`spear`<br />\n20&nbsp;`broom`<br />\n21&nbsp;`cross`<br />\n22&nbsp;`rosary`<br />\n23&nbsp;`totem`<br />\n24&nbsp;`axe`<br />\n25&nbsp;`scythe`<br />\n26&nbsp;`cl coat`<br />\n27&nbsp;`cl pants`<br />\n28&nbsp;`cl shoulder`<br />\n29&nbsp;`cl waist`<br />\n30&nbsp;`cl shoes`<br />\n31&nbsp;`lt coat`<br />\n32&nbsp;`lt pants`<br />\n33&nbsp;`lt shoulder`<br />\n34&nbsp;`lt waist`<br />\n35&nbsp;`lt shoes`<br />\n36&nbsp;`la coat`<br />\n37&nbsp;`la pants`<br />\n38&nbsp;`la shoulder`<br />\n39&nbsp;`la waist`<br />\n40&nbsp;`la shoes`<br />\n41&nbsp;`ha coat`<br />\n42&nbsp;`ha pants`<br />\n43&nbsp;`ha shoulder`<br />\n44&nbsp;`ha waist`<br />\n45&nbsp;`ha shoes`<br />\n46&nbsp;`mt coat`<br />\n47&nbsp;`mt pants`<br />\n48&nbsp;`mt shoulder`<br />\n49&nbsp;`mt waist`<br />\n50&nbsp;`mt shoes`<br />\n51&nbsp;`amulet`<br />\n52&nbsp;`wrist`<br />\n53&nbsp;`ring`<br />\n54&nbsp;`dagger`<br />\n55&nbsp;`twinswd`<br />\n56&nbsp;`wand`<br />\n57&nbsp;`support`<br />\n58&nbsp;`magic stone`<br />\n1000&nbsp;`food`<br />\n1001&nbsp;`potion`<br />\n1002&nbsp;`summons`<br />\n1003&nbsp;`food etc`<br />\n1004&nbsp;`emblem`<br />\n1005&nbsp;`throw weapon`<br />\n1006&nbsp;`animal stuff`<br />\n1007&nbsp;`plant stuff`<br />\n1008&nbsp;`cube stuff`<br />\n1009&nbsp;`mineral stuff`<br />\n1010&nbsp;`element stuff`<br />\n1011&nbsp;`cloth stuff`<br />\n1012&nbsp;`stuff etc`</span></p>",
    "auth_users": "学院搬运工",
    "img": "https://dafstatic.oss-cn-beijing.aliyuncs.com/static/title/level4.gif",
    "create_at": "2023-05-05T22:27:27.882",
    "view_num": 365
}