{
    "content": "<p><span style=\"color:#0000ff; font-family:微软雅黑; font-size:small\">[if]</span></p>\n\n<p><span style=\"color:#0000ff; font-family:微软雅黑; font-size:small\">[use command]<br />\n1&nbsp;<br />\n[cooltime]<br />\n20000&nbsp;<br />\n[/if]</span></p>\n\n<p><span style=\"color:#0000ff; font-family:微软雅黑; font-size:small\">[then]</span></p>\n\n<p><span style=\"color:#0000ff; font-family:微软雅黑; font-size:small\">[target]<br />\n`myself`<br />\n-1&nbsp;<br />\n[consume item]<br />\n3033&nbsp;2&nbsp;<br />\n[duration]<br />\n20000&nbsp;<br />\n[speech on]<br />\n0&nbsp;4000&nbsp;`屠戮加連發，一套八萬八！！`</span></p>\n\n<p><span style=\"color:#0000ff; font-family:微软雅黑; font-size:small\">[/speech on]</span></p>\n\n<p><span style=\"color:#0000ff; font-family:微软雅黑; font-size:small\">[passive object]<br />\n140076&nbsp;0&nbsp;0&nbsp;0&nbsp;-1&nbsp;0&nbsp;``</span></p>\n\n<p><span style=\"color:#0000ff; font-family:微软雅黑; font-size:small\">[/passive object]</span></p>\n\n<p><span style=\"color:#0000ff; font-family:微软雅黑; font-size:small\">[replace avatar ani]<br />\n`[hat avatar]`<br />\n39182&nbsp;`[breast avatar]`<br />\n40271&nbsp;`[hair avatar]`<br />\n39400&nbsp;`[coat avatar]`<br />\n40600&nbsp;`[pants avatar]`<br />\n41000&nbsp;`[shoes avatar]`<br />\n41892&nbsp;`[weapon avatar]`<br />\n27712&nbsp;`[skin avatar]`<br />\n42200&nbsp;<br />\n[/replace avatar ani]</span></p>\n\n<p><span style=\"color:#0000ff; font-family:微软雅黑; font-size:small\">[/then]</span></p>",
    "auth_users": "学院搬运工",
    "img": "https://dafstatic.oss-cn-beijing.aliyuncs.com/static/title/level4.gif",
    "create_at": "2023-05-05T22:35:09.404",
    "view_num": 574
}