{
    "content": "<p><span style=\"color:#0000ff; font-family:微软雅黑; font-size:small\">限定条件分解师9级，5%机率获得物品数量2倍</span></p>\n\n<p>&nbsp;</p>\n\n<p><span style=\"color:#0000ff; font-family:微软雅黑; font-size:small\">[expertjob only]</span></p>\n\n<p><span style=\"color:#0000ff; font-family:微软雅黑; font-size:small\">&#39;doll_controller&#39; 9</span></p>\n\n<p><span style=\"color:#0000ff; font-family:微软雅黑; font-size:small\">[/expertjob only]</span></p>\n\n<p><span style=\"color:#0000ff; font-family:微软雅黑; font-size:small\">[prof result variation]</span></p>\n\n<p><span style=\"color:#0000ff; font-family:微软雅黑; font-size:small\">5 200</span></p>\n\n<p><span style=\"color:#0000ff; font-family:微软雅黑; font-size:small\">[possible kiri protect]</span></p>\n\n<p>&nbsp;</p>\n\n<p>&nbsp;</p>\n\n<p><span style=\"color:#0000ff; font-family:微软雅黑; font-size:small\">限定条件分解师9级，5%机率获得物品数量增加10% </span></p>\n\n<p><span style=\"color:#0000ff; font-family:微软雅黑; font-size:small\">[expertjob only]</span></p>\n\n<p><span style=\"color:#0000ff; font-family:微软雅黑; font-size:small\">&#39;disjointer&#39; 9</span></p>\n\n<p><span style=\"color:#0000ff; font-family:微软雅黑; font-size:small\">[/expertjob only]</span></p>\n\n<p><span style=\"color:#0000ff; font-family:微软雅黑; font-size:small\">[prof disjoint result variation]</span></p>\n\n<p><span style=\"color:#0000ff; font-family:微软雅黑; font-size:small\">10</span></p>\n\n<p><span style=\"color:#0000ff; font-family:微软雅黑; font-size:small\">[possible kiri protect]</span></p>\n\n<p>&nbsp;</p>\n\n<p>&nbsp;</p>\n\n<p><span style=\"color:#0000ff; font-family:微软雅黑; font-size:small\">限定条件炼金师9级，5%机率获得物品数量2倍</span></p>\n\n<p>&nbsp;</p>\n\n<p><span style=\"color:#0000ff; font-family:微软雅黑; font-size:small\">[expertjob only]</span></p>\n\n<p><span style=\"color:#0000ff; font-family:微软雅黑; font-size:small\">&#39;alchemist&#39; 9</span></p>\n\n<p><span style=\"color:#0000ff; font-family:微软雅黑; font-size:small\">[/expertjob only]</span></p>\n\n<p><span style=\"color:#0000ff; font-family:微软雅黑; font-size:small\">[prof result variation]</span></p>\n\n<p><span style=\"color:#0000ff; font-family:微软雅黑; font-size:small\">5 200</span></p>\n\n<p><span style=\"color:#0000ff; font-family:微软雅黑; font-size:small\">[possible kiri protect]</span></p>\n\n<p>&nbsp;</p>\n\n<p>&nbsp;</p>\n\n<p><span style=\"color:#0000ff; font-family:微软雅黑; font-size:small\">限定条件分解师9级，5%机率材料消耗减少10%</span></p>\n\n<p>&nbsp;</p>\n\n<p><span style=\"color:#0000ff; font-family:微软雅黑; font-size:small\">[expertjob only]</span></p>\n\n<p><span style=\"color:#0000ff; font-family:微软雅黑; font-size:small\">&#39;enchanter&#39; 9</span></p>\n\n<p><span style=\"color:#0000ff; font-family:微软雅黑; font-size:small\">[/expertjob only]</span></p>\n\n<p><span style=\"color:#0000ff; font-family:微软雅黑; font-size:small\">[prof material variation]</span></p>\n\n<p><span style=\"color:#0000ff; font-family:微软雅黑; font-size:small\">-10</span></p>\n\n<p><span style=\"color:#0000ff; font-family:微软雅黑; font-size:small\">[possible kiri protect]</span></p>",
    "auth_users": "学院搬运工",
    "img": "https://dafstatic.oss-cn-beijing.aliyuncs.com/static/title/level4.gif",
    "create_at": "2023-05-05T22:27:46.510",
    "view_num": 470
}