{
    "content": "<p><span style=\"color:#0000ff; font-family:微软雅黑; font-size:small\">这个代码写装备套装上面，</span></p>\n\n<p><span style=\"color:#0000ff; font-family:微软雅黑; font-size:small\">必须写套装，单件会出现各种BUG！ </span></p>\n\n<p>&nbsp;</p>\n\n<p><span style=\"color:#0000ff; font-family:微软雅黑; font-size:small\">可以指定哪个副本才能触发这些效果！</span></p>\n\n<p><span style=\"color:#0000ff; font-family:微软雅黑; font-size:small\">============================================</span></p>\n\n<p><span style=\"color:#0000ff; font-family:微软雅黑; font-size:small\">[if]<br />\n&nbsp;[dungeon check]<br />\n&nbsp;&nbsp;101&nbsp;102&nbsp;103&nbsp;104&nbsp; 副本代码<br />\n&nbsp;[/dungeon check]<br />\n&nbsp;[cooltime]<br />\n&nbsp;&nbsp;5000&nbsp;&nbsp;&nbsp;&nbsp;&nbsp;&nbsp;&nbsp;&nbsp;&nbsp;&nbsp; 冷却时间<br />\n&nbsp;[attack success]<br />\n&nbsp;&nbsp;1<br />\n[/if]</span></p>\n\n<p><span style=\"color:#0000ff; font-family:微软雅黑; font-size:small\">[then]&nbsp;&nbsp;&nbsp;&nbsp;&nbsp;&nbsp;&nbsp;&nbsp;&nbsp;&nbsp;&nbsp;&nbsp;&nbsp; 触发的属性<br />\n&nbsp;[target]<br />\n&nbsp;&nbsp;`myself`&nbsp;-1<br />\n&nbsp;[restore]<br />\n&nbsp;&nbsp;`hp`<br />\n&nbsp;&nbsp;`%`&nbsp;10&nbsp;0<br />\n&nbsp;[restore]<br />\n&nbsp;&nbsp;`mp`<br />\n&nbsp;&nbsp;`%`&nbsp;10&nbsp;0<br />\n[/then]</span></p>\n\n<p><span style=\"color:#0000ff; font-family:微软雅黑; font-size:small\">=====================================<br />\n格蓝迪触发攻击加成</span></p>\n\n<p><span style=\"color:#0000ff; font-family:微软雅黑; font-size:small\">[if]<br />\n&nbsp;[dungeon check]<br />\n&nbsp;&nbsp;101&nbsp;102&nbsp;103&nbsp;104<br />\n&nbsp;[/dungeon check]<br />\n&nbsp;[change status]<br />\n&nbsp;&nbsp;`hp`<br />\n&nbsp;&nbsp;`&gt;`<br />\n&nbsp;&nbsp;`%`&nbsp;0<br />\n&nbsp;&nbsp;`end`<br />\n[/if]</span></p>\n\n<p><span style=\"color:#0000ff; font-family:微软雅黑; font-size:small\">[then]<br />\n&nbsp;[target]<br />\n&nbsp;&nbsp;`myself`&nbsp;-1<br />\n&nbsp;[stat by condition]<br />\n&nbsp;&nbsp;`physical attack`<br />\n&nbsp;&nbsp;`%`&nbsp;500<br />\n&nbsp;[stat by condition]<br />\n&nbsp;&nbsp;`magical attack`<br />\n&nbsp;&nbsp;`%`&nbsp;500<br />\n[/then]</span></p>\n\n<p><span style=\"color:#0000ff; font-family:微软雅黑; font-size:small\">=====================================<br />\n格蓝迪触发攻击加成<br />\n[if]<br />\n&nbsp;[dungeon check]<br />\n&nbsp;&nbsp;101&nbsp;102&nbsp;103&nbsp;104<br />\n&nbsp;[/dungeon check]<br />\n&nbsp;[change status]<br />\n&nbsp;&nbsp;`hp`<br />\n&nbsp;&nbsp;`&gt;`<br />\n&nbsp;&nbsp;`%`&nbsp;0<br />\n&nbsp;&nbsp;`end`<br />\n[/if]</span></p>\n\n<p><span style=\"color:#0000ff; font-family:微软雅黑; font-size:small\">[then]<br />\n&nbsp;[target]<br />\n&nbsp;&nbsp;`myself`&nbsp;-1<br />\n&nbsp;[stat by condition]<br />\n&nbsp;&nbsp;`equipment physical attack`<br />\n&nbsp;&nbsp;`%`&nbsp;500<br />\n&nbsp;[stat by condition]<br />\n&nbsp;&nbsp;`equipment magical attack`<br />\n&nbsp;&nbsp;`%`&nbsp;500<br />\n&nbsp;[stat by condition]<br />\n&nbsp;&nbsp;`separate attack`<br />\n&nbsp;&nbsp;`%`&nbsp;500<br />\n[/then]</span></p>\n\n<p>&nbsp;</p>\n\n<p>&nbsp;</p>\n\n<p><span style=\"color:#0000ff; font-family:微软雅黑; font-size:small\">&nbsp;[parameter basic explain]<br />\n&nbsp;&nbsp;`进入发电站副本时，触发以下特效<br />\n&nbsp;&nbsp;&nbsp;&nbsp;&nbsp;&nbsp;&nbsp;&nbsp;&nbsp;&nbsp;&nbsp;&nbsp;&nbsp;&nbsp;<br />\n力量 提升<br />\n智力 提升<br />\n物理攻击力 提升<br />\n魔法攻击力 提升<br />\n独立攻击力 提升<br />\n附加伤害 提升<br />\n攻击伤害 提升<br />\n暴击伤害 提升`<br />\n[/piece set ability]</span></p>",
    "auth_users": "学院搬运工",
    "img": "https://dafstatic.oss-cn-beijing.aliyuncs.com/static/title/level4.gif",
    "create_at": "2023-05-05T22:44:17.191",
    "view_num": 448
}