{
    "content": "<p><code>判断攻击成功，出现ani动画！！！</code></p>\n\n<pre>\n<code>    [if]\n        [module]\n            `[dungeon type]`\n        [/module]\n        [attack success effect animation]\n            2\n            `Common/Etc/Animation/chn_2014summer_normal.ani`    0    -160\n            `Common/Etc/Animation/chn_2014summer_Linear Dodge.ani`    0    -160\n        [attack success]\n            1\n        [cooltime]\n            50000\n    [/if]\n</code></pre>\n\n<p><code>这是判断强化和增幅大于多少增加属性。</code></p>\n\n<pre>\n<code>[if]\n    [equipment upgrade]\n        `upgrade`\n        `&lt;`    1    0\n        `amplify`\n        `&lt;`    1    0\n    [/equipment upgrade]\n    [change status]\n        `hp`\n        `&gt;`\n        `%`    0\n        `end`\n[/if]\n\n[then]\n    [target]\n        `myself`    -1\n    [stat]\n        `attack speed`\n        `+`    30\n    [stat]\n        `cast speed`\n        `+`    30\n    [stat]\n        `move speed`\n        `+`    30\n    [stat]\n        `light attack`\n        `+`    10\n    [stat]\n        `fire attack`\n        `+`    10\n    [stat]\n        `water attack`\n        `+`    10\n    [stat]\n        `dark attack`\n        `+`    10\n[/then]\n</code></pre>\n\n<p><code>如果自己处于地下城内 且攻击成功时</code></p>\n\n<pre>\n<code>[if]\n    [module]\n        `[dungeon]`\n    [/module]\n    [attack success] \n        1\n[/if]\n普通地图：dungeon \n地下城类型：dungeon type \n锦标赛地图：tournament dungeon \n死亡之塔系列地图：dead tower \n战场类地图：war room \n无尽的祭坛类：blood system \n怪物攻城地图：assault \n竞技场：pvp\n</code></pre>\n\n<p><code>如果敌方是普通怪物 且攻击成功时</code></p>\n\n<pre>\n<code>\n[if]\n    [target grade]\n        `common`\n    [attack success] \n        1\n[/if]\n普通怪物：common\n精英怪物：champion\n深渊怪物：named\n领主怪物：boss\n</code></pre>\n\n<p><code>如果敌方是某个种族 且攻击成功时</code></p>\n\n<pre>\n<code>[if]\n    [target type]\n        `beast`\n    [attack success] \n        1\n[/if]\n兽族：beast\n植物族：plant\n昆虫族：insect\n不死族：undead \n恶魔族：devil\n精灵族：spirit\n龙族：dragon\n组合体：hybrid\n人型：human\n机械：machine\n建筑：fort armor\n哥布林：goblin\n天使：angel\n</code></pre>\n\n<p><code>如果自身处于以下副本 且攻击到特定的怪物 且攻击成功时</code></p>\n\n<pre>\n<code>\n[if]\n    [dungeon check]//副本ID\n        1500    1501    1502    1504    1506    1507\n    [/dungeon check]\n    [target check]//怪物代码\n        `monster`    62121\n        `monster`    62122\n    [/target check]\n    [attack success] \n        1\n[/if]\n</code></pre>\n\n<p><code>当连击数达到10次时触发</code><br />\n<code>if里面写了冷却时间 那么then里面一定要有持续时间</code><br />\n<code>如果then不需要用持续时间 那就把if的冷却时间删掉</code></p>\n\n<pre>\n<code>[if]\n    [cooltime]\n        5000\n    [after attack]\n        1\n    [combo]\n        10\n    [/if]\n</code></pre>\n\n<p><code>按组合键成功时触发 且触发后进入5秒的冷却</code></p>\n\n<pre>\n<code>上：UP\n下：DOWN\n左：LEFT\n右：RIGHT\n宠物技能键：CREATURE\n攻击键：ATTACK(x键)\n技能1键：SKILL(z键)\n技能2键：BUFF(空格)\n[command]\n    {6=`(UP)`}\n    {8=`,`}\n    {6=`(DOWN)`}\n    {8=`,`}\n    {6=`(CREATURE)`}\n[/command]\n[if]\n    [use command]\n        1\n    [cooltime]\n        5000\n[/if]\n</code></pre>\n\n<p><code>额外杀伤时 且攻击成功时触发</code></p>\n\n<pre>\n<code>[if]\n    [attack success]\n        1\n    [overkill]\n        1\n[/if]\n</code></pre>\n\n<p><code>受到攻击 且受到的是冰属性攻击时触发</code></p>\n\n<pre>\n<code>[if]\n    [element]\n        `water`\n    [hit]\n        1\n[/if]\n\nfire  火\nlight 光\nwater 冰\ndark  暗\n</code></pre>\n\n<p><code>队友死亡时触发</code><br />\n<code>建议if里面不写冷却时间 但是在then里面写上buff的持续时间 做到队友死的越多 自己就越强</code></p>\n\n<pre>\n<code>[if]\n    [party death]\n        1\n[/if]\n</code></pre>\n\n<p><code>当自身受到的伤害导致自己损失10%的血量及以上时触发</code></p>\n\n<pre>\n<code>[if]\n    [check damage]\n        `%`    10\n[/if]\n</code></pre>\n\n<p><code>施放某技能时触发</code></p>\n\n<pre>\n<code>[if]\n    [cooltime]\n        10000\n    [use skill]\n        `demonic swordman`    180\n    [/use skill]\n[/if]\n</code></pre>\n\n<p><code>技能施放成功时触发</code></p>\n\n<pre>\n<code>[if]\n    [casting]\n        1\n[/if]\n</code></pre>\n\n<p><code>攻击异常状态敌人时 bleeding为异常状态 详情查看异常状态枚举</code></p>\n\n<pre>\n<code>[if]\n    [target active status] \n        `bleeding`\n    [attack success] \n        1\n[/if]\n</code></pre>\n\n<p><code>如果队员只有我一人 且攻击成功时 最大可以写四人</code></p>\n\n<pre>\n<code>[if]\n    [party count]\n        `=`    1\n    [attack success] \n        1\n[/if]\n</code></pre>\n\n<p><code>如果是破招攻击 且攻击成功时</code></p>\n\n<pre>\n<code>[if]\n    [attack condition]\n        `counter`\n    [attack success]\n        1\n[/if]\n破招：counter\n背后攻击：back attack\n暴击：critical\n</code></pre>\n\n<p><code>如果队友身上穿戴了装备代码为11534的装备时触发</code></p>\n\n<pre>\n<code>[if]\n    [any body equipped]\n    [target]\n        `party exclude self`\n    [indexes]\n        11534\n    [/indexes]\n    [/any body equipped]\n[/if]</code></pre>",
    "auth_users": "玲珑",
    "img": "https://dafstatic.oss-cn-beijing.aliyuncs.com/static/title/level6.gif",
    "create_at": "2023-05-15T15:24:22.747",
    "view_num": 962
}