{
    "content": "<p><img alt=\"\" src=\"http://book.tiansj.net//server/index.php?s=/api/attachment/visitFile&amp;sign=7cf4881b5bd0eb89f79f6c4e46afa0da\" /></p>\n\n<p>以下是正文：<br />\n添加装备辞典位置在&rdquo;<code>etc/itemdictionary/(r)itemdictionary.etc</code>&ldquo;根据装备不同出现情况内容也不一样。</p>\n\n<pre>\n<code>实列：\n100320618    5    85    90    12002    0    1    0    0    0    0    0    `盜墓王的彌留之戒`\n\n代码    品级    最小等级    最大等级    0    副本掉落    0    0    0    0    0    `盜墓王的彌留之戒`\n\n备注：这里的品级的选神器或者领主神器不然副本不会显示，（装备主文件可以自己设定你设定他是史诗品级副本UI显示的就是史诗品级，你设定他是异界品级它显示的就是异界品级）\n\n这个属于弟弟玩法这样做的话如果你设定副本UI显示为史诗品级，但是词典文件那里必须为神器或者领主神器就会造成词典里面神器或者领主神器里面出现史诗！！！！\n\n解决方法：你词典里里面可以写两份一份正常史诗品级，一份神器品级然后写进冷门职业的武器类型，列如盗贼的双剑之类的一般的人也不会去翻那种职业的词典\n\n同理这样还可以把材料也加到副本UI去显示你懂的！！！！！\n</code></pre>\n\n<p>独立掉落，位置在&rdquo;<code>etc/independent_drop.etc</code>&ldquo;，<br />\n掉落信息添加到&rdquo;[/independent drop]&rdquo;以上，最后一排黄金哥布林掉落代码有异常，补全它不然不掉粉，或是跳过它，在黄金哥布林代码&rdquo;61726&rdquo;的掉落以上加入独立掉落信息。</p>\n\n<p>掉落权重，位置在&rdquo;<code>etc/itemdictionary/(r)independentdropinfo.etc</code>&ldquo;，<br />\n掉落权重加到&rdquo;[/item table]&rdquo;之前，最下面&rdquo;[/monster table]&rdquo;前要加怪物列表。</p>\n\n<pre>\n<code>实列：\n\n[item table]\n    100320618   （装备代码）\n    [list]\n        288     （指定怪物行数）下面讲解\n[/item table]\n\n[monster table]\n0    56735    0    0    1    1    1    1    0    `盜墓王`\n\n（0 怪物  1 APC）    怪物代码    最小等级    最高等级    普通级别掉落    冒险级别掉落    王者级别掉落    地狱级别掉落    未知    `盜墓王`\n[/monster table]\n\n\n指定怪物行数怎么看：\n\n把整个[monster table] [/monster table]里面的文件复制到文本里面（用兼容格式打开，别用2018格式查看）\n\n\n然后第一行代表0\n第二行代表一，以此类推（如果没有你自己需要的怪物代码可自己添加）\n</code></pre>\n\n<p>&ldquo;<code>etc/itemdictionary/(r)dungeon_name.etc</code>&ldquo;里&rdquo;020011&rdquo;，怪物ID&rdquo;2&rdquo;后面两个数字要写&rdquo;0&rdquo;&rdquo;0&rdquo;不然副本提示右上角没有小图标。</p>\n\n<pre>\n<code>[dungeon name]\n    0    1072    0    0    1    171\n\n    （0 怪物  1 APC）    怪物代码    应该是最小等级    最高等级    未知    副本编号\n[/dungeon name]</code></pre>",
    "auth_users": "玲珑",
    "img": "https://dafstatic.oss-cn-beijing.aliyuncs.com/static/title/level6.gif",
    "create_at": "2023-05-15T15:41:37.209",
    "view_num": 769
}