{
    "content": "<pre>\n<code>装备强化或增幅后才会生效并且替换掉原始强化数据的词条：\n\n[physical damage reduce]\n100// 物理伤害减免\n[magical damage reduce]\n100// 魔法伤害减免\n[physical absolute damage]\n100// 物理绝对伤害\n[magical absolute damage]\n100// 魔法绝对伤害\n[physical absolute defense]\n20.0// 物理绝对防御。百分比\n[magical absolute defense]\n20.0// 魔法绝对防御。百分比\n\n写上直接生效，普攻绝对无视，但部分技能无效：\n\n[ignore defense]\n1// 无视防御\n\n// 强化/增幅/洗炼等级限制\n[limit upgradable level]\n`normal upgrade` x y // 强化x ~ y等级限制（x设置为-1时设定为1级，设置y-1时设定为满级）\n`amplify upgrade` x y // 放大x ~ y等级限制（x设置为-1时设定为1级，设置y-1时设定为满级）\n`separate upgrade` x y // 洗炼x ~ y等级限制（x设置为-1时设定为1级，设置y-1时设定为满级）\n`3rd chronicle upgrade` x y // 第3次时钟能力致富，限制为x ~ y等级（设置为xe-1时，设置为1级，y-1设置时设定为满级）\n----------------------------------------------------------------\n`all upgrade` x y// 将上面所有的东西限制为x ~ y等级（设置为xe-1时设置为1级，设置y-1时设置为满级）\n[/limit upgradable level]\n\n\n写法：\n[limit upgradable level]\n`all upgrade` 1 31\n[/limit upgradable level]\n\n\n********************************************************\n以下这一些具体作用暂不可知：\n\n[HP drain]\n1// HP 吸收\n[MP drain]\n1// MP 吸收\n[human damage rate]\n+2.5// 人身伤害率。百分比\n[fort damage rate]\n-31.2// 炮台伤害率。百分比\n[monster damage rate]\n100.0// 怪物伤害率。百分比，100为基本\n</code></pre>\n\n<p><img alt=\"\" src=\"http://book.tiansj.net//server/index.php?s=/api/attachment/visitFile&amp;sign=a40c657387e1f8587cbe595d4cb015e6\" /></p>\n\n<p><img alt=\"\" src=\"http://book.tiansj.net//server/index.php?s=/api/attachment/visitFile&amp;sign=d04bddd240889ac6dea9f79e105ede80\" /></p>\n\n<p><img alt=\"\" src=\"http://book.tiansj.net//server/index.php?s=/api/attachment/visitFile&amp;sign=f56a3327c29eadf2e504eee07e313d58\" /></p>\n\n<p><img alt=\"\" src=\"http://book.tiansj.net//server/index.php?s=/api/attachment/visitFile&amp;sign=c77ac5387038ed098867454ee66ed283\" /></p>",
    "auth_users": "玲珑",
    "img": "https://dafstatic.oss-cn-beijing.aliyuncs.com/static/title/level6.gif",
    "create_at": "2023-05-15T15:37:36.240",
    "view_num": 989
}