{
    "content": "<p>[各种触发内容] 需要对写装备非常非常了解 会自己随意搭配各种条件和内容的人才能看得懂和使用!!!!!!!!!!!!!!!</p>\n\n<p><code>消耗一个无色小晶块 且会喊出一句话</code></p>\n\n<pre>\n<code>[then]\n    [target]\n        `myself`    -1\n    [consume item]\n        3037    1\n    [speech on]\n        0    2000\n        `好吃……哈哈~吃飽后就充滿了力量！`\n    [/speech on]\n[/then]\n</code></pre>\n\n<p><code>召唤一个怪物 怪物代码 怪物等级(-1则跟随玩家等级) 持续时间 召唤数量</code></p>\n\n<pre>\n<code>[then]\n    [target]\n        `myself`    -1\n    [summon monster]\n    56123    -1    90000    1\n[/then]\n</code></pre>\n\n<p><code>召唤一个apc apc代码 apc等级(-1则跟随玩家等级) 持续时间 召唤数量</code></p>\n\n<pre>\n<code>[then]\n    [target]\n        `myself`    -1\n    [summon apc]\n    11128    -1    90000    1\n[/then]\n</code></pre>\n\n<p><code>给自己上buff 成功率30% 删掉成功率或写100则100%</code></p>\n\n<pre>\n<code>[then]\n    [target]\n        `myself`    -1\n    [probability]\n        30\n    [duration]\n        5000\n    [buff]\n        `superarmor`\n[/then]\n霸体：superarmor\n无敌：unbreakable\n伪装：camoflage\n</code></pre>\n\n<p><code>给500px范围内队友上buff 写-1则不限范围 buff持续时间20秒</code></p>\n\n<pre>\n<code>[then]\n    [target]\n        `party`    500\n    [duration]\n        20000\n    [elemental weapon]\n        `light`\n[/then]\n</code></pre>\n\n<p><code>给队友上buff 直接写 不用if和then 每件装备不能写太多，属性也不能写过高 这个意思是给300px范围内的队友加45的力量</code></p>\n\n<pre>\n<code>[aura active]\n`physical attack`    `+`    45    300\n</code></pre>\n\n<pre>\n<code>加速状态：\n[active status]\n    'haste' 40 16 16\n第一个数值：加速Lv：Lv40\n第二个数值：攻击速度增加：16%\n第三个数值：移动速度增加：16%\n</code></pre>\n\n<pre>\n<code>减速状态：\n[active status]\n    `slow` 55 14 14 \n第一个数值：加速Lv：Lv55\n第二个数值：移动速度减少：14%\n第三个数值：攻击速度减少：14%\n</code></pre>\n\n<pre>\n<code>祝福状态：\n[active status]\n    `bless` 22 13 13 13 13 \n第一个数值：加速Lv：Lv22\n第二个数值：力量增加：13\n第三个数值：体力增加：13\n第四个数值：智力增加：13\n第五个数值：精神增加：13\n</code></pre>\n\n<p><code>被攻击出气功分身，不是每个技能都能用，具体通用规则不明</code></p>\n\n<pre>\n<code>[if] \n    [cooltime] \n        100 \n    [hit] \n        1 \n[/if] \n\n[then] \n    [probability] \n        100 \n    [reduce probability to human armor at pvp module] \n        90 \n    [perform skill] \n        `fighter` 69 30 10 //（格斗家 幻影爆碎 Lv：30 分身数量10 ）\n[/then]\n</code></pre>\n\n<p><code>每6点暗属性抗性，增加2点暗属性强化</code></p>\n\n<pre>\n<code>[then]\n    [target]\n        `myself`    -1\n    [stat change by stat]\n        `myself`    -1\n        `dark resistance`    6\n        `dark attack`\n        `+`    2    50\n[/then]\n</code></pre>\n\n<p><code>攻擊時， 有2%%的幾率重置自身技能的冷卻時間， 但只能重置一個剩余冷卻時間最短的技能。 (冷卻時間剩60秒以上的技能無效； 在決斗場中無效)</code></p>\n\n<pre>\n<code>[if]\n    [attack success]\n        1\n    [cooltime]\n        30000\n[/if]\n\n[then]\n    [target]\n        `myself`    -1\n    [probability]\n        2\n    [skill cooltime reset]\n        0\n        ``    1\n    [speech on]\n        0    2000\n        `時空主宰者`\n    [/speech on]\n[/then]\n</code></pre>\n\n<p><code>减全局CD</code></p>\n\n<pre>\n<code>[if]\n    [change status]\n        `hp`\n        `&gt;`\n        `%`    0\n        `end`\n[/if]\n\n[then]\n    [target]\n        `myself`    -1\n    [stat by condition]\n        `skill cool time`\n        `%`    -10\n[/then]\n</code></pre>\n\n<p><code>单个技能冷却时间</code></p>\n\n<pre>\n<code>`[fighter]`    63    `[all]`    `[cooltime]`    0    `%`    -50\n</code></pre>",
    "auth_users": "玲珑",
    "img": "https://dafstatic.oss-cn-beijing.aliyuncs.com/static/title/level6.gif",
    "create_at": "2023-05-15T15:24:49.835",
    "view_num": 841
}