{
    "content": "<pre>\n<code>非兼容性模式提取所有鬼剑武器\n \n \n使用n++正则批处理提取的文件，.匹配新行要打钩\n\\[animation job\\]\\r\\n\\t`\\[swordman\\]`.+/swordman.lay`\n替换为\n$0\\r\\n[atswordman]\\r\\n$0\\r\\n[/atswordman]\n \n然后把替换好的武器导入utility再去批处理\n \n-----------------------------------------------------------\n模板\n[animation job]\n    `[creator mage]`\n \n[variation]\n    7   0\n \n[layer variation]\n    2790\n    `at_katanaa`\n \n[equipment ani script]\n    `equipment/character/atswordman.lay`\n \n[layer variation]\n    650\n    `at_katanab`\n \n[equipment ani script]\n    `equipment/character/atswordman.lay`\n-----------------------------------------------------------\n \n \n    [layer variation]\n        2790\n        `sswdc`\n    [equipment ani script]\n        `equipment/character/swordman.lay`\n    [layer variation]\n        650\n        `sswdb`\n    [equipment ani script]\n        `equipment/character/swordman.lay`\n[/atswordman]\n替换\n    [layer variation]\n        2790    \n        `at_sswda`\n    [equipment ani script]\n        `equipment/character/atswordman.lay`\n    [layer variation]\n        650 \n        `at_sswdb`\n    [equipment ani script]\n        `equipment/character/atswordman.lay`\n[/atswordman]\n----------------------------------------------\n    [layer variation]\n        2790\n        `katanac`\n    [equipment ani script]\n        `equipment/character/swordman.lay`\n    [layer variation]\n        650\n        `katanab`\n    [equipment ani script]\n        `equipment/character/swordman.lay`\n[/atswordman]\n替换\n    [layer variation]\n        2790\n        `at_katanaa`\n    [equipment ani script]\n        `equipment/character/atswordman.lay`\n    [layer variation]\n        650 \n        `at_katanab`\n    [equipment ani script]\n        `equipment/character/atswordman.lay`\n[/atswordman]\n----------------------------------------------\n    [layer variation]\n        2790\n        `lswdc`\n    [equipment ani script]\n        `equipment/character/swordman.lay`\n    [layer variation]\n        650\n        `lswdb`\n    [equipment ani script]\n        `equipment/character/swordman.lay`\n[/atswordman]\n替换\n    [layer variation]\n        2790    \n        `at_lswda`\n    [equipment ani script]\n        `equipment/character/atswordman.lay`\n    [layer variation]\n        650 \n        `at_lswdb`\n    [equipment ani script]\n        `equipment/character/atswordman.lay`\n[/atswordman]\n----------------------------------------------\n    [layer variation]\n        2790\n        `clubc`\n    [equipment ani script]\n        `equipment/character/swordman.lay`\n    [layer variation]\n        650\n        `clubb`\n    [equipment ani script]\n        `equipment/character/swordman.lay`\n[/atswordman]\n替换\n    [layer variation]\n        2790    \n        `at_cluba`\n    [equipment ani script]\n        `equipment/character/atswordman.lay`\n    [layer variation]\n        650 \n        `at_clubb`\n    [equipment ani script]\n        `equipment/character/atswordman.lay`\n[/atswordman]\n----------------------------------------------\n    [layer variation]\n        2791\n        `beamswdc1`\n    [equipment ani script]\n        `equipment/character/swordman.lay`\n    [layer variation]\n        2792\n        `beamswdc2`\n    [equipment ani script]\n        `equipment/character/swordman.lay`\n    [layer variation]\n        651\n        `beamswdb1`\n    [equipment ani script]\n        `equipment/character/swordman.lay`\n    [layer variation]\n        652\n        `beamswdb2`\n    [equipment ani script]\n        `equipment/character/swordman.lay`\n[/atswordman]\n替换\n    [layer variation]\n        2791    \n        `at_beamswda1`\n    [equipment ani script]\n        `equipment/character/atswordman.lay`\n    [layer variation]\n        2792    \n        `at_beamswda2`\n    [equipment ani script]\n        `equipment/character/atswordman.lay`\n    [layer variation]\n        651 \n        `at_beamswdb1`\n    [equipment ani script]\n        `equipment/character/atswordman.lay`\n    [layer variation]\n        652 \n        `at_beamswdb2`\n    [equipment ani script]\n        `equipment/character/atswordman.lay`\n[/atswordman]\n----------------------------------------------\n    [layer variation]\n        2790\n        `bswdc`\n    [equipment ani script]\n        `equipment/character/swordman.lay`\n    [layer variation]\n        650\n        `bswdb`\n    [equipment ani script]\n        `equipment/character/swordman.lay`\n[/atswordman]\n替换\n    [layer variation]\n        2790    \n        `at_bswda`\n    [equipment ani script]\n        `equipment/character/atswordman.lay`\n    [layer variation]\n        650 \n        `at_bswdb`\n    [equipment ani script]\n        `equipment/character/atswordman.lay`\n[/atswordman]</code></pre>\n\n<p>&nbsp;</p>",
    "auth_users": "学院搬运工",
    "img": "https://dafstatic.oss-cn-beijing.aliyuncs.com/static/title/level4.gif",
    "create_at": "2023-07-03T14:08:17.453",
    "view_num": 644
}