{
    "content": "<pre>\n<code>#PVF_File\n \n[name]\n    `碎魂飲血戟`\n \n[basic explain]\n    `[碎霸]攻擊時， 有5%%的幾率使敵人立即死亡。\n[碎霸]未擊中敵人時， 有5%%的幾率使自身立即死亡。`\n \n[grade]\n    57\n \n[rarity]\n    4\n \n[usable job]\n    `[mage]`\n    `[at mage]`\n[/usable job]\n \n[attach type]\n    `[trade]`\n \n[minimum level]\n    50\n \n[physical attack]\n    59\n \n[attack speed]\n    -50\n \n[stuck]\n    -1\n \n[MP regen speed]\n    12\n \n[price]\n    91200\n \n[repair price]\n    76608\n \n[value]\n    72960\n \n[creation rate]\n    50\n \n[equipment physical attack]\n    638 581\n \n[equipment magical attack]\n    452 411\n \n[separate attack]\n    328 220\n \n[physical critical hit]\n    4\n \n[icon]\n    `Item/weapon/mage/spear.img`    43\n \n[field image]\n    `Item/field_weapon.img` 6\n \n[equipment type]\n    `[weapon]`  23\n \n[animation job]\n    `[mage]`\n \n[variation]\n    2   8\n \n[layer variation]\n    2790\n    `spearc`\n \n[equipment ani script]\n    `equipment/character/mage.lay`\n \n[layer variation]\n    200\n    `speard`\n \n[equipment ani script]\n    `equipment/character/mage.lay`\n \n[animation job]\n    `[at mage]`\n \n[variation]\n    2   8\n \n[layer variation]\n    2150\n    `at_speara`\n \n[equipment ani script]\n    `equipment/character/atmage.lay`\n \n[layer variation]\n    200\n    `at_speard`\n \n[equipment ani script]\n    `equipment/character/atmage.lay`\n \n[animation job]\n    `[creator mage]`\n \n[variation]\n    2   8\n \n[layer variation]\n    2790\n    `spearc`\n \n[equipment ani script]\n    `equipment/character/mage.lay`\n \n[layer variation]\n    200\n    `speard`\n \n[equipment ani script]\n    `equipment/character/mage.lay`\n \n[sub type]\n    0\n \n[move wav]\n    `SPEAR_TOUCH`\n \n[durability]\n    35\n \n[weight]\n    3200\n \n[item group name]\n    `spear`\n \n[cool time]\n    10000\n \n[possible kiri protect]\n \n[if]\n    [attack success]\n        1\n[/if]\n \n[then]\n    [target]\n        `enemy` -1\n    [probability]\n        5\n    [add absolute damage]\n        `all`\n        `+` 999999999\n[/then]\n \n[if]\n    [attack condition]\n        `stuck`\n    [attack success]\n        2\n[/if]\n \n[then]\n    [target]\n        `myself`    -1\n    [probability]\n        5\n    [restore]\n        `hp`\n        `%` -200    0\n[/then]</code></pre>\n\n<p>&nbsp;</p>",
    "auth_users": "学院搬运工",
    "img": "https://dafstatic.oss-cn-beijing.aliyuncs.com/static/title/level4.gif",
    "create_at": "2023-07-03T14:14:44.739",
    "view_num": 940
}