{
    "content": "<h1 style=\"text-align:center\">模板下载：https://www.123pan.com/s/tJCtVv-xR5EH.html提取码:AebJ</h1>\n\n<h1 style=\"text-align:center\">&nbsp;</h1>\n\n<h1 style=\"text-align:center\">&nbsp;</h1>\n\n<h1 style=\"text-align:center\"><a href=\"https://docs.qq.com/sheet/DUkxpRmhoR1lIbHph?tab=000001\">【腾讯文档】装备词典更改模板，点击查看&gt;&gt;</a></h1>\n\n<p>&nbsp;</p>\n\n<p>&nbsp;</p>\n",
    "auth_users": "玲珑",
    "img": "https://dafstatic.oss-cn-beijing.aliyuncs.com/static/title/level6.gif",
    "create_at": "2023-07-23T16:37:47.486",
    "view_num": 1110
}