{
    "content": "<p>AB</p>\n\n<table cellspacing=\"0\" style=\"border-collapse:collapse; height:264px; width:970px\">\n\t<tbody>\n\t\t<tr>\n\t\t\t<td style=\"background-color:#ffff00; border-bottom:1px solid #000000; border-left:1px solid #000000; border-right:1px solid #000000; border-top:1px solid #000000; height:264px; vertical-align:middle; white-space:normal; width:72px\"><span style=\"font-size:16px\"><span style=\"color:#000000\"><span style=\"font-family:宋体\">A.等级:强化/增幅等级（对应每一行，不显示）</span></span></span></td>\n\t\t\t<td style=\"background-color:#ffff00; border-bottom:1px solid #000000; border-left:1px solid #000000; border-right:1px solid #000000; border-top:1px solid #000000; vertical-align:middle; white-space:normal; width:72px\"><span style=\"font-size:16px\"><span style=\"color:#000000\"><span style=\"font-family:宋体\">B-武器:武器的强化伤害/武器的无视防御力</span></span></span></td>\n\t\t\t<td style=\"background-color:#ffff00; border-bottom:1px solid #000000; border-left:1px solid #000000; border-right:1px solid #000000; border-top:1px solid #000000; vertical-align:middle; white-space:normal; width:72px\"><span style=\"font-size:16px\"><span style=\"color:#000000\"><span style=\"font-family:宋体\">C-防具1:防具所受物理伤害</span></span></span></td>\n\t\t\t<td style=\"background-color:#ffff00; border-bottom:1px solid #000000; border-left:1px solid #000000; border-right:1px solid #000000; border-top:1px solid #000000; vertical-align:middle; white-space:normal; width:72px\"><span style=\"font-size:16px\"><span style=\"color:#000000\"><span style=\"font-family:宋体\">D-防具2:防具所受物理伤害追加减少百分比0.1%</span></span></span></td>\n\t\t\t<td style=\"background-color:#ffff00; border-bottom:1px solid #000000; border-left:1px solid #000000; border-right:1px solid #000000; border-top:1px solid #000000; vertical-align:middle; white-space:normal; width:72px\"><span style=\"font-size:16px\"><span style=\"color:#000000\"><span style=\"font-family:宋体\">E-首饰1:首饰所受魔法伤害</span></span></span></td>\n\t\t\t<td style=\"background-color:#ffff00; border-bottom:1px solid #000000; border-left:1px solid #000000; border-right:1px solid #000000; border-top:1px solid #000000; vertical-align:middle; white-space:normal; width:72px\"><span style=\"font-size:16px\"><span style=\"color:#000000\"><span style=\"font-family:宋体\">F-首饰2:首饰所受魔法伤害追加减少百分比0.1%</span></span></span></td>\n\t\t\t<td style=\"background-color:#ffff00; border-bottom:1px solid #000000; border-left:1px solid #000000; border-right:1px solid #000000; border-top:1px solid #000000; vertical-align:middle; white-space:normal; width:72px\"><span style=\"font-size:16px\"><span style=\"color:#000000\"><span style=\"font-family:宋体\">G-左右槽:左右槽强化增幅后增加的四维</span></span></span></td>\n\t\t\t<td style=\"background-color:#ffff00; border-bottom:1px solid #000000; border-left:1px solid #000000; border-right:1px solid #000000; border-top:1px solid #000000; vertical-align:middle; white-space:normal; width:106px\"><span style=\"font-size:16px\"><span style=\"color:#000000\"><span style=\"font-family:宋体\">H-失败率:强化成功率,计算方式: (100000-x)/100000 数值越小成功率越高，0就是百分百成功</span></span></span></td>\n\t\t\t<td style=\"background-color:#ffff00; border-bottom:1px solid #000000; border-left:1px solid #000000; border-right:1px solid #000000; border-top:1px solid #000000; vertical-align:middle; white-space:normal; width:72px\"><span style=\"font-size:16px\"><span style=\"color:#000000\"><span style=\"font-family:宋体\">1I-模式:碎装备模式，1不变, 2回退等级，3碎装备</span></span></span></td>\n\t\t\t<td style=\"background-color:#ffff00; border-bottom:1px solid #000000; border-left:1px solid #000000; border-right:1px solid #000000; border-top:1px solid #000000; vertical-align:middle; white-space:normal; width:72px\"><span style=\"font-size:16px\"><span style=\"color:#000000\"><span style=\"font-family:宋体\">J掉级:回退等级数，呼应1列0就是不掉</span></span></span></td>\n\t\t\t<td style=\"background-color:#ffff00; border-bottom:1px solid #000000; border-left:1px solid #000000; border-right:1px solid #000000; border-top:1px solid #000000; vertical-align:middle; white-space:normal; width:72px\"><span style=\"font-size:16px\"><span style=\"color:#000000\"><span style=\"font-family:宋体\">K-材料:强化消耗材料</span></span></span></td>\n\t\t\t<td style=\"background-color:#ffff00; border-bottom:1px solid #000000; border-left:1px solid #000000; border-right:1px solid #000000; border-top:1px solid #000000; vertical-align:middle; white-space:normal; width:72px\"><span style=\"font-size:16px\"><span style=\"color:#000000\"><span style=\"font-family:宋体\">L数量:消耗材料数量</span></span></span></td>\n\t\t\t<td style=\"background-color:#ffff00; border-bottom:1px solid #000000; border-left:1px solid #000000; border-right:1px solid #000000; border-top:1px solid #000000; vertical-align:middle; white-space:normal; width:72px\"><span style=\"font-size:16px\"><span style=\"color:#000000\"><span style=\"font-family:宋体\">M~R:对应B~G列在PK场的属性</span></span></span></td>\n\t\t</tr>\n\t</tbody>\n</table>\n\n<p>&nbsp;</p>\n\n<p>ABCD---对应的每一列</p>",
    "auth_users": "老夫子",
    "img": "",
    "create_at": "2024-05-30T08:58:56.805",
    "view_num": 781
}