{
	"技能" : "effect",
	"时装" : "avatar",
	"脸部" : "face",
	"帽子" : "cap",
	"头发" : "hair",
	"上衣" : "coat",
	"腰带" : "belt",
	"裤子" : "pants",
	"皮肤" : "skin",
	"鞋子" : "shoes",
	"胸部" : "neck",
	"图标" : "icon",
	"鞋子" : "shoes",
	"鬼剑士" : "swordman",
	"格斗家" : "fighter",
	"神枪手" : "gunner",
	"魔法师" : "mage",
	"圣职者" : "priest",
	"暗夜使者" : "thief",
	"黑暗武士" : "demonicswordsman",
	"缔造者" : "creator",
	"守护者" : "knight",
	"魔枪士" : "demoniclancer",
	"地轨中心" : "metrocenter",
	"时间广场" : "time_plaza",
	"兽人峡谷" : "canyon_of_beast",
	"恐怖栖息地" : "hideout_of_fear",
	"疾风地带" : "gust_zone",
	"红色魔女之森" : "forest_of_redwitch",
	"卢克" : "luke",
	"裂缝" : "hell",
	"暗劲爆发" : "blastblood",
	"破魂之刃" : "booldsword",
	"灭魂封魔斩" : "booldyrave",
	"暗影升龙击" : "chargecrash",
	"邪影波动剑" : "dark_hadouken",
	"突刺" : "flowmindone",
	"跃斩" : "flowmindtwo",
	"暗影鞭" : "ghostsidewind",
	"禁魂斩" : "ghoststepslash",
	"暗影十字斩" : "gorecross",
	"暗魂之手" : "grabblastblood",
	"魔影剑舞" : "illusionslash",
	"冥炎破空斩" : "kalla",
	"破灭斩" : "momentaryslash",
	"暗月斩" : "moonslash",
	"魔狱裂魂斩" : "outragebreak",
	"冥魂珠" : "reflectguard",
	"凝魂波动阵" : "shockwavearea",
	"暗影三击剑" : "triplestab",
	"漩涡斩" : "vaneslash",
	"黑暗冥王阵" : "wavespinarea",
	"烈焰飓风" : "firehurricane",
	"炽炎星陨" : "firemeteo",
	"烈火燎原" : "firewall",
	"冰天震地" : "iceplatte",
	"冰霜之球" : "icerock",
	"极冰护盾" : "iceshield",
	"树之屏障" : "icewoodfence",
	"风暴" : "modechange",
	"超能旋风波" : "windpress",
	"风暴漩涡" : "windstorm",
	"战戟" : "halberd",
	"枪" : "pike",
	"破灭斩" : "behead",
	"追魂斩" : "brandish",
	"破军突击" : "headoncharge\t",
	"夺命乱舞" : "bladestorm",
	"横扫八荒" : "devastate",
	"断魂裂岩斩" : "burstslash",
	"落月斩" : "crescentslash",
	"破灭轮回刺" : "deadlymassacre",
	"血战天狱" : "demonicinferno",
	"穿云裂地斩" : "doomglaive",
	"冷血突刺" : "dreadbore",
	"霸王戟" : "smash",
	"千魂弑" : "youdied",
	"战戟猛攻" : "impactsmash",
	"狂暴战戟" : "normalatk",
	"长虹贯日" : "lungestrike",
	"扫堂枪" : "anklecut",
	"流云幻灭" : "auraforcejavelin",
	"无双枪术" : "auralance",
	"无谓波动枪" : "chainlance",
	"三一斩月" : "crescent",
	"极影无形杀" : "extremekillarts",
	"行云：疾" : "groundseeker",
	"枪挑" : "helmshot",
	"回旋钩" : "hookthrow",
	"格挡反击" : "indure",
	"狂龙怒啸" : "mesocyclone",
	"行云决特效" : "miragestance",
	"极影无形杀" : "mystflare",
	"落凤枪" : "paratrooper",
	"夺命雷霆枪" : "pinpointslash",
	"刺击" : "quickpunto",
	"行云：落" : "risinglancer",
	"烽火燎原" : "rollingvulkan",
	"升龙破空枪" : "skytooth",
	"旋风枪" : "sturm",
	"连环枪" : "surroundbreak",
	"行云：风" : "swirlingspear",
	"无双突刺" : "taserdrive",
	"双重刺击" : "twinpunto",
	"流光无影闪" : "mystflare",
	"巨剑" : "lswd",
	"盾" : "shield",
	"短剑" : "sswd",
	"短剑" : "boneswd",
	"短剑" : "gemswd",
	"长剑" : "lgswd",
	"巨剑" : "mswd",
	"古代野猪" : "ancientboar",
	"古代之鹿" : "ancientdeer",
	"破城推" : "batteringram",
	"创造之父" : "bigdaddy",
	"伯拉斯" : "borass",
	"智慧风暴" : "brainstorm",
	"屠戮" : "chaosattack",
	"天马星光" : "charge",
	"简易召唤" : "commoncall",
	"简易召唤" : "commonteleport",
	"盾袭" : "counterattack",
	"风暴之魔" : "crazyspin",
	"黑之冲击" : "darkshockwave",
	"某爆炸" : "dementionmolt",
	"恶魔之盾" : "demonwall",
	"守护者阿顿" : "devaaten",
	"次元之刃" : "dimensionblade",
	"解除武装" : "disarming",
	"属性转换" : "elementalcircle",
	"精灵之跃" : "elvishjump",
	"风暴形态" : "fancytwist",
	"终结一击" : "finalattack",
	"终结" : "finish",
	"杰克丁马斯克" : "gelatinmask",
	"某旋斩" : "genocidecrush",
	"伟大的意识" : "greatvolition",
	"心之女皇" : "heartqueen",
	"地狱之门" : "hellgate",
	"狂战士" : "hystericworrier",
	"戳击" : "intercept",
	"跳" : "jump",
	"跳攻" : "jumpattack",
	"致命刺击" : "lethalpunto",
	"猛狮踢" : "lionkick",
	"简易召唤`乐克瓦克" : "luckywacky",
	"进化之刃" : "lungerevolution",
	"右路自爆" : "magicianbomb",
	"大自然的庇护" : "natureblessing",
	"自然守护" : "naturesguardian",
	"压制" : "overpower",
	"铜墙铁壁" : "penetration",
	"某盾牌" : "perfectguard",
	"疯狂之首" : "ragehat",
	"某次元斩" : "resonance",
	"骑士之乘" : "riding",
	"独角兽普通攻击" : "ridingbasicattack",
	"独角兽某闪光" : "ridingcast",
	"独角兽踢" : "ridingkick",
	"独角兽跑" : "ridingrun",
	"独角兽风暴刺" : "ridingtornadostab",
	"独角兽转" : "ridingturn",
	"玫瑰之盔" : "rosearmor",
	"自爆" : "sacrificebomb",
	"宣告" : "sentense",
	"自然束缚" : "shacklesofnature",
	"信赖之突进" : "shieldcharge",
	"盾牌防御" : "shieldguard",
	"盾牌防御之袭" : "counter",
	"某按键攻击" : "shieldrush",
	"某攻击" : "shieldstark",
	"生命前兆" : "signoflife",
	"粉碎" : "smash",
	"禁止攻击" : "stopattack",
	"新绿之剑" : "swordofforest",
	"简易召唤`闪耀助手" : "twinkleartist",
	"盾击" : "uppershield",
	"简易召唤`吸血小鬼" : "vampirechildren",
	"革命之矛" : "vanguardstratsh",
	"恶魔献祭" : "vicioustransfusion",
	"苍穹剑" : "vslash",
	"呐喊" : "warcry",
	"命运之轮" : "wheeloffate",
	"魔神乱舞" : "wonderfulrush",
	"机械臂铠" : "arm",
	"骨爪" : "boneclaw",
	"拳套" : "boxglove",
	"爪" : "claw",
	"臂铠" : "gauntlet",
	"手套" : "glove",
	"指虎" : "knuckle",
	"东方棍" : "tonfa",
	"武莲华" : "at108stairsex",
	"砖块投掷" : "atblockbuster",
	"霹雳三重踢" : "atchainkick",
	"彗星冲击" : "atchargespear",
	"冲膝" : "atclosepunch",
	"碎骨" : "atcrashlowkick",
	"千丝乱舞" : "atcrashrope",
	"念兽：猛虎震地特效" : "atcrazymount",
	"野蛮冲撞" : "atdashafterdash",
	"肘击" : "atdashpunch",
	"暴力抓取的特效" : "atdefinitegrab",
	"天崩地裂" : "atdestroyearthskydrop",
	"金刚碎" : "atearthbreak",
	"毒瓶投掷" : "atenchantpoison",
	"念气波" : "atenergyball",
	"螺旋念气场" : "atenergyfield",
	"瞬步" : "atfastdash",
	"烈焰焚步" : "atflamelegs",
	"爆破黏球" : "atglueyfruitthrow",
	"爆破黏球" : "appendage",
	"爆破黏球" : "explosionfruit",
	"爆破黏球" : "throwfruit",
	"擒月炎" : "atgrabexplosion",
	"螺旋滑铲" : "atgroundkick",
	"毒针投掷" : "athiddensting",
	"雷霆旋踢" : "atholdup",
	"旋风碎心踢" : "athurricanespear",
	"分身" : "atillusion",
	"空中抓取特效" : "atjumpsuplex",
	"血色风暴" : "atjunkspin",
	"浮空凌云踢抓取特效" : "atlegsuplex",
	"闪电之舞" : "atlightningdance",
	"念兽：猛虎震地" : "atlightningdragon",
	"骑乘金雷虎的特效" : "atmount",
	"血色风暴的飞出来的血针" : "atneedleload",
	"念兽：审判之金雷虎" : "atnenflower",
	"念兽：龙虎啸" : "atnenmonster",
	"念之战矛" : "atnenspear",
	"折颈" : "atpunchafterreturn",
	"瞬影连环踢" : "atrandomkick",
	"炽焰旋风腿" : "atrisingupper",
	"狮子吼" : "atroarstun",
	"铁山靠" : "atshouldercharge",
	"上踢" : "atsinglekick",
	"冲云念气场" : "atspiralcolumnex",
	"浮空凌云踢" : "atspire",
	"鹰踏" : "atstomp",
	"膝击" : "atsuplex",
	"地狱风火轮" : "atsuplexcyclone",
	"抛投" : "atthrowenemy",
	"罗网投掷" : "atthrowweb",
	"死亡旋律" : "attyphoon",
	"毒雷引爆" : "atvenommine",
	"旋风踢" : "atwhirlwindkick",
	"裂石破天" : "atwildcannonspike",
	"机械臂铠" : "arm",
	"骨爪" : "boneclaw",
	"拳套" : "boxglove",
	"爪" : "claw",
	"臂铠" : "gauntlet",
	"手套" : "glove",
	"指虎" : "knuckle",
	"东方棍" : "tonfa",
	"爆碎砖袭" : "blockbusterex",
	"圣武连环破" : "chaindestruction",
	"寸拳" : "closepunch",
	"碎骨" : "crashlowkick",
	"疾风连击" : "dashafterdash",
	"破碎拳" : "dashpunchex",
	"毒龙轰天雷" : "dragonmine",
	"金刚碎" : "earthbreak",
	"念气波" : "energyball",
	"螺旋念气场" : "energyfield",
	"极舞霸皇拳" : "finalheaven",
	"末日摇篮" : "giantswing",
	"狂毒擒月炎" : "grabexplosionex",
	"裂地飞沙" : "groundkick",
	"苍宇彗星落" : "hurricanesp",
	"聚能念气炮" : "inhaledenergyshot",
	"聚能念气炮特效" : "absorbenergyball",
	"霹雳肘击" : "jumpsuplex",
	"街头风暴" : "junkspin",
	"空绞连锤" : "legsuplexex",
	"闪电之舞" : "lightningdance",
	"雷龙出海" : "lightningdragon",
	"柔化肌肉" : "muscleshift",
	"风之气息" : "nencharge",
	"千莲怒放" : "nenflower",
	"究极念气罩" : "nenguardex",
	"念兽：龙虎啸" : "whitetiger",
	"念帝旋天破" : "nenofbrilliance",
	"念气罩" : "nenshield",
	"连环毒爆弹" : "poisonexplosion",
	"死亡毒雾" : "poisonmist",
	"万毒噬心决" : "poisonsnake",
	"武神步" : "powerupondash",
	"折颈" : "punchafterreturn",
	"纷影连环踢" : "randomkick",
	"升龙拳" : "risingupper",
	"升龙霸" : "risingupperex",
	"狂狮怒吼" : "roarstunex",
	"奇袭幻影" : "saintillusion",
	"铁山靠" : "shouldercharge",
	"上踢" : "singlekick",
	"鹰踏" : "stomp",
	"武神强踢" : "strongestlowkick",
	"地狱摇篮" : "suplexcyclone",
	"死亡摇篮" : "suplexcycloneex",
	"背摔强化" : "suplexsubpowerup",
	"抛投" : "throwenemy",
	"虎啸神拳" : "tigerstrike",
	"风暴之舞" : "torbellino",
	"末日风暴" : "typhoon",
	"毒雷引爆" : "venommine",
	"裂石破天" : "wildcannonspike",
	"自动" : "auto",
	"手弩" : "bowgun",
	"手炮" : "hcan",
	"步枪" : "musket",
	"左轮" : "rev",
	"远古粒子炮" : "ancienttrigger",
	"光子爆弹" : "atnapalmbomb",
	"mk2榴弹" : "atstinger",
	"双枪极舞刃" : "attwingunblade",
	"emp风暴" : "empstorm",
	"战争领主" : "g0",
	"枪舞" : "randomshoot",
	"隐匿切割" : "veiledcut",
	"空战机械：狂风" : "tempesterat",
	"鲜血劫击" : "atbloodystrike",
	"黑玫瑰特种战队" : "blackrose",
	"疯狂屠戳" : "desperado",
	"盖波加之拳" : "gaebolgpunch",
	"致死" : "suddendeath",
	"卫星定位" : "radarstuckdown",
	"红玫瑰军团" : "redrose",
	"卫星射线" : "satelaser",
	"92刺弹炮" : "stinger",
	"空战机械：风暴" : "tempester",
	"爆头一击" : "headshot",
	"毁灭激光" : "bursterbeam",
	"倒计时" : "together",
	"危险人物" : "dangerclose",
	"疾速射击" : "fastdraw",
	"智能手雷" : "g-38arg",
	"重火器改造" : "heavyweaponalteration",
	"次元追击者" : "hellmarch",
	"hs-1机械" : "hs-1",
	"震波" : "seismicwave",
	"第七翼动" : "seventhflow",
	"超新星" : "supernova",
	"战地功勋" : "victory",
	"战场英雄" : "warhero",
	"子弹" : "bullet",
	"c4远程炸弹" : "c4remote",
	"加农炮" : "cannonball",
	"复仇反击" : "countershoot",
	"双鹰回旋" : "doublegunhawk",
	"压缩量子炮" : "extruder",
	"膝撞等特效" : "fastshoot",
	"喷火器" : "flamethrower",
	"聚焦喷火器" : "flamethrowerboost",
	"闪光地雷" : "flashmine",
	"fm-31榴弹发射器" : "fm-31",
	"g-1科罗纳" : "g1",
	"g-2旋雷者" : "g2",
	"g-3捕食者" : "g3",
	"投掷" : "grenade",
	"爆炸" : "boom",
	"填装" : "reload",
	"激光炮" : "laserriflecharge",
	"死亡标记" : "markofdeath",
	"多重爆头" : "multiheadshot",
	"尼尔狙击" : "nielsniping",
	"射击效果" : "shooteffect",
	"散弹枪" : "crossshot",
	"拦截机工厂" : "sparrowfactory",
	"反坦克炮" : "steyrheavyrifle",
	"踏射特效" : "tread",
	"ex-s毒蛇炮" : "exs",
	"ez-8自爆者" : "ez8",
	"斗志之歌" : "fightingspirit",
	"红色破坏者" : "firerx78",
	"钢铁机器人" : "headingrx78",
	"修复者格莱" : "healrx78",
	"神力雷克斯" : "healrx78",
	"rx-78追击者" : "rx78",
	"回旋劫击" : "airraidex",
	"炽焰劫击" : "airraidex",
	"音速劫击" : "airraidex",
	"浮空劫击" : "airraidex",
	"聚焦冰息炮" : "blizzardthrowerboost",
	"聚焦冰息炮" : "female",
	"聚焦冰息炮" : "male",
	"c4飞速炸弹" : "c4ex",
	"ez-10反击者" : "ez8ex",
	"fm-16地雷" : "flashmineex",
	"极限多重爆头" : "multiheadshotex",
	"92系列的小飞弹" : "stingerex",
	"棍棒" : "pole",
	"魔杖" : "rod",
	"矛" : "spear",
	"法杖" : "staff",
	"扫把" : "broom",
	"永罪冰狱" : "atjudekatheeternal",
	"冰结80级" : "atoverfreezeextension",
	"魔皇二觉" : "atarmagaddonstrike",
	"魔皇80级" : "atconvergencecannon",
	"魔皇魔法阵" : "atelementalfield",
	"魔法球" : "atattack",
	"冰魄锤击" : "atbluedragonwill",
	"冰魄之弓" : "atbrokenarrow",
	"雷光链" : "atchainlightning",
	"元素浓缩球" : "atconcentrate",
	"黑暗禁域" : "atdarknessmantle",
	"不死之身" : "atdiehard",
	"属性变换" : "atelementalchange",
	"元素轰炸" : "atelementalrain",
	"寒冰连枪" : "atfallenblossoms",
	"旋火盾" : "atfirepillar",
	"地炎" : "atfireroad",
	"旋炎破" : "atflamecircle",
	"冰龙旋舞" : "atfrozenland",
	"幽冥火" : "atholonglight",
	"冰晶之浴" : "aticearea",
	"旋冰穿刺" : "aticecrash",
	"冰之印" : "aticeelementalattack",
	"千里冰封" : "aticefieldex",
	"极冰绽放" : "aticeman",
	"冰凌破" : "aticeorb",
	"冰霜之径" : "aticeroad",
	"雷电屏障" : "atlightningwall",
	"魔力燃烧" : "atmanaburst",
	"破冰飞刃" : "atpieceofice",
	"擒拿掌" : "atpush",
	"寒冰之境" : "atresonance",
	"瞬移" : "atteleport",
	"冰冻空间" : "attundrasoul",
	"冰魄旋枪" : "atturnwindmill",
	"某蓝色元素" : "atvictory",
	"水凝球" : "atwatercannon",
	"魔法旋风" : "atwindstrike",
	"冰晶坠" : "crystalattack",
	"暗域扩张" : "darkchange",
	"冰魂剑" : "icesword",
	"魔法炮" : "magiccannon",
	"元素环绕" : "magicshield",
	"次元:坠落" : "accident",
	"乖离:禁锢" : "cheekit",
	"次元:时空磁场" : "actorridor",
	"魔道酸雨云" : "acidcloud",
	"反重力装置" : "antigravity",
	"魔法盾" : "aurashield",
	"贝亚娜斗神" : "bellatrix",
	"湮灭黑洞" : "blackhole",
	"暗影斗篷" : "blackmantle",
	"旋转扫把" : "broomspin",
	"炫纹" : "chaser",
	"贝亚娜炫纹" : "chasersexplosion",
	"双重锤击" : "doubleswing",
	"煌龙偃月" : "dragonspear",
	"元素点燃" : "elementalchain",
	"陨星幻灭" : "elementalshower",
	"改良星星弹" : "enhancedmagicmissile",
	"扫把装备特效" : "equipbroom",
	"亲和暗影夜猫" : "blackcat",
	"技能失败和成功的特效" : "common",
	"亲和光电鳗" : "fluorescent",
	"亲和冰霜雪人" : "jackfrost",
	"亲和杰克南瓜" : "jol",
	"烈焰冲击" : "flamestrike",
	"电鳗碰撞机" : "fluorecollider",
	"技艺融合" : "fusioncraft",
	"炫纹融合" : "fusionchaser",
	"暴炎加热炉" : "heatingfurnace",
	"极冰盛宴" : "icefield",
	"熔岩药瓶" : "lavapotion",
	"冰霜钻孔车" : "megadrill",
	"圆舞棍" : "pokethrow",
	"寒冰粉和猛毒粉" : "powder",
	"流星闪影击" : "randompiercestrike",
	"精灵献祭" : "sacrificespirit",
	"舒露露" : "shururu",
	"强袭流星打" : "strengthhandstrike",
	"成功预感" : "successpremonition",
	"召唤光环" : "summonmonsteraura",
	"召唤兽狂化" : "summonmonsterreckless",
	"幸运棒棒糖" : "sweetcandybar",
	"魔力印记" : "targetit",
	"天雷" : "thunderstrike",
	"苍蝇拍" : "transformflapper",
	"解除召唤" : "unsummonmonster",
	"冰墙" : "wallofice",
	"卡西利亚斯" : "casillas；",
	"魔界花袄索" : "monsterflower",
	"精灵王" : "spikeking",
	"精灵众" : "spirit",
	"火焰赫瑞克" : "higher",
	"弹跳旋转扫把" : "broomspinex",
	"虚无火山" : "flamevolcanovoid",
	"流星雷连击" : "randompiercestrikeex",
	"炫纹碎霸" : "swingex",
	"愤怒的桑德尔" : "sandorexpellerex",
	"精灵ex" : "spiritex",
	"超级苍蝇拍" : "transformflapperex",
	"光电冰墙" : "walloficeex",
	"战斧" : "axe",
	"十字架" : "cross",
	"念珠" : "rosary",
	"镰刀" : "scythe",
	"图腾" : "totem",
	"空斩打特效" : "antiairupper",
	"天启之珠" : "apocalypse",
	"无双击" : "atomicsmash",
	"魔化执行审判者" : "avengerawakening",
	"式神·白虎" : "baekho",
	"斧头精通" : "battleaxemastery",
	"泯灭神击" : "bigbangpunch",
	"纯白之刃" : "bladeofpurewhite",
	"天使祝福" : "bless",
	"苍龙逐日" : "bluedragon",
	"脉轮·寒冰" : "chakraofcalmness",
	"脉轮·烈焰" : "chakraofpassion",
	"化魔" : "changehptomp",
	"空斩打蓄满力特效" : "chargeweapon",
	"破碎之锤" : "choppinghammer",
	"黑暗切割" : "darkstrike",
	"圣光沁盾" : "deflectwall",
	"圣拳锤击" : "divinecrush",
	"圣光守护" : "divinelight",
	"裂地锤" : "earthquake",
	"守护纹章" : "emblemofsafeguard",
	"破魔符" : "enteringnirvana",
	"堕落之魂" : "fallingsoul",
	"厄运之轮" : "fastmove",
	"圣光球" : "flashglobe",
	"生命源泉" : "fountainoflife",
	"疾风打" : "galesmash",
	"疾空旋风破" : "giantswing",
	"荣誉祝福" : "gloriousbless",
	"圣拳连击" : "gorgeouscombination",
	"恶魔之手" : "grasphandofanger",
	"忏悔之锤" : "hammerofcontrition",
	"圣愈之风" : "healwind",
	"神圣组合拳" : "heavenlycombination",
	"复仇之刺" : "hedgehog",
	"死亡切割" : "highspeedslash",
	"星落打" : "homerun",
	"圣光十字" : "hotcross",
	"天堂谐音" : "hpmaxupparty",
	"天籁之音" : "hpmaxuppersonal",
	"极速飓风拳" : "hurricaneroll",
	"式神·玄武" : "hyunmoo",
	"正义审判" : "judgement",
	"刺拳猛击" : "machinegunjab",
	"压制符" : "oppressiontalisman",
	"断空锤击" : "oxcrash",
	"地狱之门" : "pandemonium",
	"黑暗权能" : "powerofdarkness",
	"落凤锤" : "quakearea",
	"狂乱锤击" : "repeatedsmash",
	"光之复仇" : "revengeoflight",
	"黑暗之触前夕" : "ripper",
	"升天阵" : "risingarea",
	"灵魂牺牲" : "sacrificeofsoul",
	"镰刀精通特效" : "scythemastery",
	"幻影分身" : "shadowboxer",
	"式神·殇" : "shikigami",
	"瞬拳" : "sidewind",
	"缓慢愈合" : "slowheal",
	"虎袭特效" : "smasher",
	"胜利之矛" : "spearofvictory",
	"旋转切割" : "spincutter",
	"武器祝福" : "striking",
	"巨旋风" : "throwweapon",
	"落雷符" : "thunderbolttalisman",
	"朱雀符" : "vermilionbirdtalisman",
	"意念驱动" : "willdriver",
	"双子沁盾" : "deflectwallex",
	"圣光琉璃碎" : "flashglobeex",
	"破魂组合拳" : "heavenlycombinationex",
	"式神·真玄武" : "hyunmooex",
	"刺拳狂击" : "machinegunjabex",
	"狂暴锤击" : "repeatedsmashex",
	"审判者某动作" : "avengerguard",
	"圣光十字" : "corkscrewmastery",
	"落雷符" : "destroyspirittalisman",
	"黑暗之触" : "devilinvitation",
	"复仇之刺" : "hedgehog",
	"死亡切割" : "highspeedslash",
	"光剑" : "beamswd",
	"骨剑" : "boneswd",
	"钝器" : "club",
	"宝石剑" : "gemswd",
	"太刀" : "katana",
	"西洋剑" : "lgswd",
	"长太刀" : "lkatana",
	"巨剑" : "lswd",
	"宽刃剑" : "mswd",
	"短剑" : "sswd",
	"斩魂术" : "atbladesoul",
	"蛇腹剑:刺" : "atblooddance",
	"唤魔:封之印" : "atbloodseal",
	"唤魔:蛇腹剑" : "atcalldaimus",
	"连环斩" : "atchainslash",
	"魔剑降临" : "atchangesword",
	"血饮狂舞" : "atclawblade",
	"连环斩" : "atcounterslash",
	"暗黑斩" : "atdarkslash",
	"唤魔:塔莫斯之袭" : "atdarkstrike",
	"处刑" : "atdevilishness",
	"恶即斩" : "atdevilslash",
	"雷鸣千军破" : "atexcalibur",
	"贪食者镓罗亚" : "atexecution",
	"破军旋舞斩" : "atflash",
	"处刑" : "atfrenzy",
	"空绝斩:千刃" : "atgigablade",
	"状态技能" : "atgreed",
	"群魔乱舞" : "atgroupdance",
	"瞬影三绝斩" : "athalfmoon",
	"幻剑术" : "atillusionslash",
	"裂刃天冲" : "atjackcatch",
	"幻剑术" : "atliftslash",
	"魔剑降临特效" : "atmagicswordup",
	"跃空斩" : "atmountaincrash",
	"人剑合一" : "atoverdrive",
	"蛇腹剑:缠" : "atpikesword",
	"波动斩" : "atsiryun",
	"如来神掌" : "atbigjang",
	"魔境幻影阵" : "atblackmirror",
	"回天璇鸣剑" : "atblastsword",
	"暗影禁锢" : "atbuckshot",
	"游龙掌" : "atcoalban",
	"某吸取特效" : "atcoldheart",
	"花舞千魂杀" : "atcometblade",
	"暗影囚杀" : "atdeadlycape",
	"暗影盛宴" : "atdoomsday",
	"极奴剑术:幻剑阵" : "atdragonup",
	"两仪功" : "atdualweapon",
	"蛇腹剑:舞" : "atsnakedance",
	"疾影斩" : "atspeedslash",
	"跃空斩" : "atspinslash",
	"穿云破空剑" : "atthunderslash",
	"极奴剑术:时空斩" : "attimeslash",
	"升龙剑" : "atupperslash",
	"蛇腹剑:破" : "atwhipswordbal",
	"破军旋舞斩" : "atwildwhip",
	"唤魔:蛇腹剑" : "atwillpower",
	"暗殿骑士特效" : "atevolve",
	"红莲业火掌" : "atfistofhellfire",
	"某爆炸特效" : "atfivecircle",
	"血十字剑" : "atgorecross",
	"焚天练日" : "athellfire",
	"影刃" : "athiddenblade",
	"魔刃轰杀" : "atimmolation",
	"某走特效" : "atinhalation",
	"极奴剑术:幻剑阵特效" : "atkatanamastery",
	"死亡献祭" : "atloyalservant",
	"圆舞斩" : "atnearblow",
	"乱花葬" : "atoverblowslash",
	"唤魔:逆天之普诺" : "atphnom",
	"释魂飞弹" : "atpredatorgaloa",
	"暗影缠绕" : "atshadowbinding",
	"暗影旋涡" : "atshadowharvest",
	"暗影缠绕" : "atshadowhiding",
	"暗影之矛" : "atshadowlancer",
	"魅影暗魂斩" : "atshadowpuppet",
	"三连斩" : "atsnakeshadow",
	"两仪功特效" : "atsoarcut",
	"暗影轰杀" : "atstarfall",
	"三连斩" : "atthreeside",
	"啸空十字斩" : "atzweivoltage",
	"碎岩裂地掌" : "atearthpressure",
	"轮回剑" : "atrevolvingsword",
	"光剑" : "beamswd",
	"骨剑" : "boneswd",
	"钝器" : "club",
	"宝石剑" : "gemswd",
	"太刀" : "katana",
	"西洋剑" : "lgswd",
	"长太刀" : "lkatana",
	"巨剑" : "lswd",
	"宽刃剑" : "mswd",
	"短剑" : "sswd",
	"帝血弑天" : "bloodevil",
	"黑暗君主" : "darklord",
	"天帝" : "indaratian",
	"剑神" : "jianshen",
	"第七鬼神：邪神怖拉修" : "blache",
	"幽冥剑影阵" : "bladephantom",
	"怒气爆发" : "blastblood",
	"浴血之怒" : "bloodboom",
	"狂战静止时的血手" : "bloodevil",
	"狂战剑气特效" : "bloodinkanet",
	"血气之刃" : "bloodsword",
	"噬魂封魔斩" : "bloodyrave",
	"破军升龙击" : "chargecrash",
	"暗月降临" : "darktoleranceup",
	"鬼神诏令" : "descentsoul",
	"连突刺" : "dashattackmultihit",
	"瘟疫之罗刹" : "epidemicrasa",
	"爆炎·波动剑" : "firewave",
	"流心·刺" : "flowmindone",
	"流心·狂" : "flowmindpowerup",
	"流心·升" : "flowmindthree",
	"流心·跃" : "flowmindtwo",
	"血之狂暴" : "frenzy",
	"鬼影鞭" : "ghostsidewind",
	"波动剑·烈焰" : "flame",
	"死亡墓碑" : "tombstone",
	"墓碑三绝阵" : "tombstoneex",
	"王者号令：吉格降临" : "zig",
	"血气爆发" : "blastbloodex",
	"破军斩龙击" : "chagecrashex",
	"灭魂之手" : "grabblastbloodex",
	"极冰·裂波剑" : "icewaveex",
	"破空拔刀斩" : "momentaryslashex",
	"鬼影步" : "ghoststep",
	"鬼影闪" : "ghoststepslash",
	"嗜血" : "giveblood",
	"十字斩" : "gorecross",
	"嗜魂之手" : "grabblastblood",
	"格挡" : "guard",
	"万剑归宗" : "handlingsword",
	"噬灵鬼斩" : "hardattackcharge",
	"魔狱血刹" : "hellbenter",
	"崩山击" : "hopsmash",
	"极·鬼剑术(暴风式)" : "hundredsword",
	"幻影剑舞" : "illusionslash",
	"波动剑：天网" : "indaramang",
	"电光" : "indratian",
	"空中连斩" : "jumpattackmulti",
	"冥炎之卡洛" : "kalla",
	"雷神" : "lightninggod",
	"极·神剑术(流星落)" : "meteorsword",
	"拔刀斩" : "momentaryslash",
	"崩山裂地斩" : "outragebreak",
	"猛龙断空斩" : "rapidmoveslash",
	"鬼印珠" : "reflectguard",
	"邪光波动阵" : "shockwavearea",
	"短剑精通" : "shortswordmastery",
	"无双波" : "standalonewave",
	"极·神剑术(极限之领域)" : "stateoflimit",
	"极·神剑术(破空斩)" : "swordofmind",
	"三段斩" : "tripleslash",
	"鬼影三击剑" : "triplestab",
	"天雷：金刚杵" : "vajra",
	"裂波斩" : "vaneslash",
	"暗天波动眼" : "waveeye",
	"波动刻印" : "wavemark",
	"不动明王阵" : "wavespinarea",
	"里·鬼剑术" : "weaponcombo",
	"王者号令：吉格降临" : "zig",
	"冰晶之萨亚" : "sayaex",
	"匕首" : "dagger",
	"双剑" : "twinswd",
	"权杖" : "wand",
	"巴拉克的野心" : "ambitionofballacre",
	"碎踝" : "anklecut",
	"降临：暴君巴拉克" : "ballacre",
	"暗影蛛丝阵" : "blackarea",
	"吸魂暗劲波" : "blackwave",
	"死灵之怨" : "blameofdead",
	"骨盾" : "boneshield",
	"蓄力的特效" : "chargeeffect",
	"诅咒之箭" : "cursespear",
	"百鬼夜行" : "darklure",
	"死亡之爪" : "darknail",
	"暗黑仪式" : "darkritual",
	"暗魂波" : "darksoul",
	"双刃穿刺" : "doublepierce",
	"雷光刃影" : "excelstrikeadd",
	"飞鼠" : "flyingsquirrel",
	"巴拉克的愤怒" : "guillotine",
	"剑刃风暴" : "hurricane",
	"驱使僵尸" : "nicolaszombie",
	"千魂祭" : "phantomstrom",
	"月轮舞" : "silverstream",
	"忍法：影分身" : "skintakeoff",
	"疾风乱舞" : "sonicassault",
	"旋舞斩" : "sworddance",
	"手里剑" : "throwknife",
	"螺旋穿刺" : "verticalspiral",
	"死灵之缚特效" : "blackareaex",
	"释魂暗劲波" : "blackwaveex",
	"死灵之缚" : "blameofdeadex",
	"陨落螺旋刺" : "chainsawex",
	"旋刃冲击" : "verticalspiralex",
	"毕方之印" : "firemark",
	"幻影手里剑" : "ilusionshuriken",
	"火遁：蟾蜍油炎弹" : "gasolinefire",
	"火遁：豪火球之术" : "flameball",
	"火遁：红莲" : "firehide",
	"火遁：冥炎业火阵" : "doomfiled",
	"火遁：飓风煞" : "flametornado",
	"投掷苦无" : "throwknife",
	"忍法：六道轮回" : "deitiesrebirth",
	"苦无暗炎标记" : "kurokagenojutsu",
	"火遁：螺旋手里剑" : "bigkunai",
	"忍法：替身术" : "migawari",
	"火遁：炎天道" : "skyroads",
	"天照爆炸" : "fitz",
	"火遁：炎璇天舞" : "flameflower",
	"炎璇天舞斩击" : "atfistofhellfire",
	"瞬杀" : "assassination",
	"桃花符文" : "changedeffect",
	"机械伪装" : "commoneffect",
	"光环" : "aura",
	"七夕之爱" : "valentine",
	"火旋风and蓝结界" : "dolleffect",
	"天七地火" : "footprint",
	"地狱角色光环" : "hardcoreaura",
	"商店和驴" : "donkey",
	"蓝色" : "blue",
	"深蓝色" : "darkblue",
	"绿色" : "green",
	"橙色" : "orange",
	"紫色" : "purple",
	"白色" : "rainbow",
	"亚米" : "amy",
	"冰翼之魂" : "aquajello",
	"迷你巴卡尔" : "bakal",
	"巴拉姆" : "balam",
	"贝雷斯" : "belz",
	"贝雷斯普" : "belzebe",
	"贝雷斯普特" : "belzebuite",
	"比利士" : "berith",
	"波比" : "bobo",
	"波提斯" : "botis",
	"看书后会变样的宠物" : "brass",
	"金钱兔" : "bonnybunny",
	"铜色猪" : "bronzepig",
	"韩服" : "brownie",
	"蟋蟀" : "camelcricket",
	"红色蛇虫" : "charp",
	"冰息蓝龙" : "chinadragon",
	"冰息红龙" : "chinadragon",
	"迷你哥布林" : "goblin",
	"红色枫叶" : "maple",
	"绿色枫叶" : "normal",
	"金毛球" : "chowchow",
	"虚祖蓝漓龙" : "dragon",
	"虚祖绿蛟龙" : "dragon",
	"大地哥布林" : "earthgoblin",
	"伊尔本" : "elbon",
	"艾露莎" : "erza",
	"露西" : "lucy",
	"纳兹" : "natsu",
	"佛拉斯" : "faras",
	"化魔" : "roar",
	"格剌希亚拉波斯" : "glasya",
	"金色猪" : "goldpig",
	"哈艮地" : "haagenti",
	"哈帕斯" : "halphas",
	"宾果" : "hellhound",
	"火翼之魂" : "ignis",
	"兔精灵卫队长月蝉" : "launchergirl",
	"兔精灵战士灵芸" : "launchergirl",
	"可爱虎和淘气虎" : "littletiger",
	"玛巴斯" : "marbas",
	"纳扎鲁" : "nazarl",
	"憨憨牛" : "ox",
	"吉祥熊猫" : "panda",
	"佛尔卡斯" : "pentabas",
	"小夜叉" : "alex",
	"小火龙" : "ashcore",
	"小牛怪" : "assaulter",
	"bb仔" : "bebe",
	"小水龙" : "itrenog",
	"小罗特斯" : "lotus",
	"小蜘蛛" : "marpissa",
	"小暗龙" : "nagor",
	"小金龙" : "nemaug",
	"小骷髅" : "skeleton",
	"小寒冰虎" : "tiger",
	"菲尼克斯" : "phoenix",
	"长鼻妹" : "pinocchia",
	"长鼻男" : "pinocchio",
	"迷你思密达" : "psy",
	"淘气鼠" : "female",
	"欢乐鼠" : "male",
	"迷你男气功" : "atfighter",
	"迷你女漫" : "atgunner",
	"迷你男法" : "atmage",
	"迷你女鬼剑士" : "atswordman",
	"迷你缔造者" : "creator",
	"迷你黑暗武士" : "darknight",
	"迷你女气功" : "fighter",
	"迷你男气功" : "fighterat",
	"迷你鬼泣" : "ghostknight",
	"迷你男漫" : "gunner",
	"迷你女漫" : "gunnerat",
	"迷你魔道" : "mage",
	"迷你圣骑" : "priest",
	"迷你鬼泣" : "swordman",
	"迷你死灵" : "thief",
	"迷你气功师" : "fighter",
	"迷你男气功" : "fighterat",
	"迷你鬼泣" : "ghostknight",
	"迷你漫游" : "gunner",
	"迷你女漫" : "gunnerat",
	"迷你魔道" : "mage",
	"迷你圣骑" : "priest",
	"迷你死灵" : "thief",
	"银色猪" : "silverpig",
	"乘雪橇的叮叮和当当" : "sledgerudolph",
	"精灵哥布林" : "spiritgoblin",
	"小精灵tcgw和tcge" : "tcgfairy",
	"星光独角兽" : "unicorn",
	"华利弗" : "valefor",
	"木头人" : "woodendoll",
	"撒共" : "zagan",
	"黄色不死鸟" : "creature",
	"紫色不死鸟" : "bluebird",
	"波波" : "bobo",
	"黄色ryu龙" : "enryu",
	"贞德" : "eugenie",
	"巫女桔梗" : "liner",
	"女仆十六夜" : "minuet",
	"忍者千代特效" : "shinobu",
	"迷你赛利亚" : "phantomseria",
	"数字" : "digit",
	"决斗场数字" : "number",
	"商城" : "shop",
	"活动" : "event",
	"树咯" : "chuseok",
	"血槽" : "hud",
	"戒指" : "ring",
	"耳环" : "earring",
	"项链" : "necklace",
	"手腕" : "bracelet",
	"辅助装备" : "support",
	"魔法石" : "magicstone"
}