{
    "content": "<p>by：阳光般的地狱<br />\nhttp://tieba.baidu.com/p/4094531083<br />\n&nbsp;<br />\n&nbsp;<img alt=\"\" height=\"269\" src=\"/media/uploads/2023/05/05/image-20230505220818-1.png\" width=\"582\" /><br />\n<br />\n哥布林丢走狗boss炸弹，就问你们怕不怕<br />\n我的梦想又迈出了一小步<br />\n在此感谢吧务的大神，多谢指点迷津！<br />\n楼下放教程，大家有更好的点子分享分享哈，人多力量大<br />\n&nbsp;<br />\n炸弹属性可以修改的，比如炸弹飞行距离，持续时间，飞行速度，伤害，爆炸范围都能修改<br />\n&nbsp;<img alt=\"\" height=\"67\" src=\"/media/uploads/2023/05/05/image-20230505220840-2.png\" width=\"356\" /><br />\n&nbsp;<br />\n打开投掷哥布林的文件</p>\n\n<p>[throw attack]<br />\n&#39;[attack index]&#39; 0 &#39;[passive object number]&#39; 1 &#39;[passive object filename]&#39; &#39;Particle/ThrowStone.ptl&#39; &#39;[object type]&#39; 1 &#39;<br />\n[passive object index]&#39; 30001 &#39;[power]&#39; 0 &#39;[throw frame]&#39; 2 &#39;[passive object start x cood]&#39; 20 &#39;[passive object start y cood]&#39; 0 &#39;<br />\n[passive object start z cood]&#39; 60 &#39;[attack number]&#39; 1 &#39;[throw sound]&#39; &#39;THROW_STONE&#39;<br />\n[/throw attack]<br />\n找到这段代码，投掷攻击，30001，这个数字是投掷石头的代码，passive object filename目标文件名，ThrowStone.ptl 这个文件就是投掷技能，需要把替换为走狗的投掷技能</p>\n\n<p>&nbsp;<img alt=\"\" height=\"82\" src=\"/media/uploads/2023/05/05/image-20230505220848-3.png\" width=\"527\" /><br />\n&nbsp;<br />\n打开这个看到8225的代码就是走狗的炸弹代码了，把30001改为8225<br />\n接下来要做的是，找到走狗投掷炸弹的技能，也就是.ptl文件在走狗怪物文件里，至于怎么找8225这个代码</p>\n\n<p>&nbsp;<img alt=\"\" height=\"72\" src=\"/media/uploads/2023/05/05/image-20230505220858-4.png\" width=\"307\" />搜索8225</p>\n\n<p>8225 &#39;ActionObject/Monster/Jeff/Jeff_FrontMissile.obj&#39;<br />\nJeff_FrontMissile.obj&#39; 记住段英文<br />\n&nbsp;<br />\n<img alt=\"\" height=\"93\" src=\"/media/uploads/2023/05/05/image-20230505220904-5.png\" width=\"493\" /></p>\n\n<p>这个.ptl就是投掷炸弹的技能，随便复制到一个地方重命名为 throwstone 然后覆盖到以下位置去</p>\n\n<p><img alt=\"\" height=\"95\" src=\"/media/uploads/2023/05/05/image-20230505220911-6.png\" width=\"375\" /></p>\n\n<p>然后写入这个ptl就完成了<br />\n投掷哥布林的文件也要写入，因为代码30001改为了8225<br />\n伤害怎么修改？<br />\nobj文件里，英文看不懂百度翻译吧。<br />\n&nbsp;<br />\n&nbsp;</p>\n\n<p>&nbsp;</p>\n\n<p>&nbsp;</p>",
    "auth_users": "学院搬运工",
    "img": "https://dafstatic.oss-cn-beijing.aliyuncs.com/static/title/level4.gif",
    "create_at": "2023-05-05T22:09:15.715",
    "view_num": 1393
}