{
    "content": "<p>by:么文化滴吟<br />\nhttp://tieba.baidu.com/p/4123984483<br />\n&nbsp;<br />\n有了单机端，有了各种工具，强化自身变得不能再简单，属性越来越BT，为了让怪物更耐cao一点，在有的大神的研究下找出了全局修改各难度副本血量的参数，<br />\n我也曾想去找其他的属性的全局参数，企图简单地增强怪物的能力，与自己的属性相匹配，然并卵，4G渣渣机子，启动虚拟机都要好久，还要经常失败，<br />\n所以熄灭了这个心思。今天在给称号添加属性的时候突然脑洞大开，想到了增强怪物的方法，大神勿笑。<br />\n&nbsp;<br />\n首先发一段代码<br />\n[if]<br />\n&nbsp;<br />\n&nbsp;<br />\n[start cooltime]<br />\n100<br />\n[change status]<br />\n&#39;hp&#39; &#39;&gt;&#39; &#39;%&#39; 0 &#39;end&#39;<br />\n[/if]<br />\n&nbsp;<br />\n&nbsp;<br />\n[then]<br />\n&nbsp;<br />\n&nbsp;<br />\n[target]<br />\n&#39;all enemy&#39; 500<br />\n[stat by condition]<br />\n&#39;equipment physical defense&#39; &#39;%&#39; +188888<br />\n[stat by condition]<br />\n&#39;equipment magical defense&#39; &#39;%&#39; +188888<br />\n&nbsp;<br />\n这段代码的意思是，进入地图0.1秒后，自身血量大于0的时候，选定500码内所有敌人，使其物防魔防增强188.888倍<br />\n&nbsp;<br />\n下面放出测试图<br />\n<img alt=\"\" height=\"422\" src=\"/media/uploads/2023/05/05/image-20230505221015-1.png\" width=\"568\" /></p>\n\n<p>这一个是没有增强防御刷怪时的伤害。</p>\n\n<p>&nbsp;</p>\n\n<p><img alt=\"\" height=\"422\" src=\"/media/uploads/2023/05/05/image-20230505221030-2.png\" width=\"562\" /></p>\n\n<p>&nbsp;</p>\n\n<p>这个是增强了188.888倍防御的伤害图。 很明显，伤害降低了很多。<br />\n&nbsp;<br />\n依此类推<br />\n我再放一段代码<br />\n[if]</p>\n\n<p><br />\n[start cooltime]<br />\n100<br />\n[change status]<br />\n&#39;hp&#39; &#39;&gt;&#39; &#39;%&#39; 0 &#39;end&#39;<br />\n[if]</p>\n\n<p><br />\n[start cooltime]<br />\n100<br />\n[change status]<br />\n&#39;hp&#39; &#39;&gt;&#39; &#39;%&#39; 0 &#39;end&#39;<br />\n[/if]</p>\n\n<p><br />\n[then]</p>\n\n<p><br />\n[target]<br />\n&#39;all enemy&#39; 500<br />\n[stat by condition]<br />\n&#39;equipment physical defense&#39; &#39;%&#39; +188888<br />\n[stat by condition]<br />\n&#39;equipment magical defense&#39; &#39;%&#39; +188888<br />\n[stat by condition]<br />\n&#39;equipment physical attack&#39; &#39;%&#39; +188888<br />\n[stat by condition]<br />\n&#39;equipment magical attack&#39; &#39;%&#39; +188888<br />\n[/then]<br />\n&nbsp;<br />\n这样就增强了怪物的伤害与防御，至于其他属性，请自行测试，增强怪物伤害这一点我还没有测试，欢迎各种机子好的去测试，提出一些其他的东西。<br />\n&nbsp;<br />\n再上一张图 洛伦怪物自带闪现 渣渣电脑表示带不起 游戏直接卡死 任务管理器关的客户端 图片如下<br />\n<img alt=\"\" height=\"421\" src=\"/media/uploads/2023/05/05/image-20230505221044-3.png\" width=\"560\" /></p>\n\n<p>&nbsp;</p>\n\n<p>代码如下 属性强化与抗性貌似不能改 改了进图有问题 可以复制粘贴进去改改数值。<br />\n[if]</p>\n\n<p><br />\n[start cooltime]<br />\n100<br />\n[change status]<br />\n&#39;hp&#39; &#39;&gt;&#39; &#39;%&#39; 0 &#39;end&#39;<br />\n[/if]</p>\n\n<p><br />\n[then]</p>\n\n<p><br />\n[target]<br />\n&#39;all enemy&#39; 5000<br />\n[stat by condition]<br />\n&#39;equipment physical defense&#39; &#39;%&#39; +188888<br />\n[stat by condition]<br />\n&#39;equipment magical defense&#39; &#39;%&#39; +188888<br />\n[stat by condition]<br />\n&#39;equipment physical attack&#39; &#39;%&#39; +18888<br />\n[stat by condition]<br />\n&#39;equipment magical attack&#39; &#39;%&#39; +18888<br />\n[stat]<br />\n&#39;attack speed&#39; &#39;+&#39; 1888<br />\n[stat]<br />\n&#39;cast speed&#39; &#39;+&#39; 1888<br />\n[stat]<br />\n&#39;move speed&#39; &#39;+&#39; 1888<br />\n[stat]<br />\n&#39;physical critical hit&#39; &#39;+&#39; 88<br />\n[stat]<br />\n&#39;magical critical hit&#39; &#39;+&#39; 88<br />\n[stat]<br />\n&#39;stuck&#39; &#39;+&#39; 88<br />\n[stat]<br />\n&#39;stuck resistance&#39; &#39;+&#39; 188<br />\n[/then]<br />\n&nbsp;<br />\nstuck的+变-<br />\n&nbsp;<br />\n我移速削了十倍后后再进游戏怪物还是自带闪现 移速慎改 而且一直卡卡的根本玩不了 建议少添加几条属性<br />\n&nbsp;<br />\n&nbsp;</p>\n\n<p>&nbsp;</p>\n\n<p>&nbsp;</p>",
    "auth_users": "学院搬运工",
    "img": "https://dafstatic.oss-cn-beijing.aliyuncs.com/static/title/level4.gif",
    "create_at": "2023-05-05T22:10:57.552",
    "view_num": 2118
}