{
    "content": "<p>by:lock4h</p>\n\n<p>http://tieba.baidu.com/p/4086658707?pid=76978953385&amp;cid=0#76978953385</p>\n\n<p>&nbsp;</p>\n\n<p>&nbsp;<br />\n打开pvf文件--monster--monsterapcdifficultybonus.tbl<br />\n参照改血量的帖子做的，</p>\n\n<p>数据见下楼，</p>\n\n<p>&nbsp;</p>\n\n<p>0 未知</p>\n\n<p>10</p>\n\n<p>20</p>\n\n<p>30</p>\n\n<p>30</p>\n\n<p>0 未知</p>\n\n<p>60</p>\n\n<p>150</p>\n\n<p>200</p>\n\n<p>200</p>\n\n<p>0 未知</p>\n\n<p>40</p>\n\n<p>80</p>\n\n<p>120</p>\n\n<p>120</p>\n\n<p>0 回避率</p>\n\n<p>40</p>\n\n<p>80</p>\n\n<p>120</p>\n\n<p>120</p>\n\n<p>1 血量</p>\n\n<p>2</p>\n\n<p>2.5</p>\n\n<p>5</p>\n\n<p>5</p>\n\n<p>1 攻击速度</p>\n\n<p>1</p>\n\n<p>1</p>\n\n<p>1</p>\n\n<p>1</p>\n\n<p>0 移动速度</p>\n\n<p>50</p>\n\n<p>100</p>\n\n<p>180</p>\n\n<p>180</p>\n\n<p>0 未知</p>\n\n<p>10</p>\n\n<p>20</p>\n\n<p>40</p>\n\n<p>40</p>\n\n<p>1 攻击力</p>\n\n<p>1.1</p>\n\n<p>1.2</p>\n\n<p>2</p>\n\n<p>2</p>\n\n<p>1 防御力</p>\n\n<p>1.1</p>\n\n<p>1.2</p>\n\n<p>1.4</p>\n\n<p>1.4</p>\n\n<p>0 未知</p>\n\n<p>200</p>\n\n<p>300</p>\n\n<p>400</p>\n\n<p>400</p>\n\n<p>0.01 未知</p>\n\n<p>0.1</p>\n\n<p>0.2</p>\n\n<p>0.3</p>\n\n<p>0.3</p>\n\n<p>0.01 未知</p>\n\n<p>0.1</p>\n\n<p>0.2</p>\n\n<p>0.3</p>\n\n<p>0.3</p>\n\n<p>&nbsp;</p>\n\n<p>http://tieba.baidu.com/p/4053994279参照这个测试的</p>\n\n<p>&nbsp;</p>\n\n<p>&nbsp;</p>",
    "auth_users": "学院搬运工",
    "img": "https://dafstatic.oss-cn-beijing.aliyuncs.com/static/title/level4.gif",
    "create_at": "2023-05-05T22:12:29.417",
    "view_num": 2221
}