{
    "content": "<p>By:heluken</p>\n\n<p><br />\n魂图很好改，只是比较繁琐。 1去刷魂图记住你想要加强的怪物名字和等级，必须要记住等级。因为同名怪很多只能靠等级区分，<br />\n用TOOl加载你要修改的PVF搜索怪物名字，会出来N个选项 如果是魂图的话怪物基本都是100级你就找等级为100级的怪物<br />\n[level]<br />\n100&nbsp; 100<br />\n这个格式为怪物等级这个等级的怪就是你要修改的魂图怪物。<br />\n214&nbsp;&nbsp;&nbsp;&nbsp;&nbsp;&nbsp;&nbsp; `[EQUIPMENT_PHYSICAL_DEFENSE]`&nbsp;&nbsp;&nbsp; 物理防御<br />\n150&nbsp;&nbsp;&nbsp;&nbsp;&nbsp;&nbsp;&nbsp; `[EQUIPMENT_MAGICAL_ATTACK]`&nbsp;&nbsp; 魔法攻击<br />\n214&nbsp;&nbsp;&nbsp;&nbsp;&nbsp;&nbsp;&nbsp; `[EQUIPMENT_MAGICAL_DEFENSE]`&nbsp; 魔法防御</p>\n\n<p>150&nbsp;&nbsp;&nbsp;&nbsp;&nbsp;&nbsp;&nbsp; `[HP MAX]`血量<br />\n[move speed]<br />\n1200&nbsp;&nbsp;&nbsp;&nbsp;&nbsp;&nbsp;&nbsp; 1200&nbsp;&nbsp;&nbsp;&nbsp;&nbsp;&nbsp; &nbsp;<br />\n[attack speed]<br />\n1000&nbsp;&nbsp;&nbsp;&nbsp;&nbsp;&nbsp;&nbsp; 1000&nbsp;&nbsp;&nbsp;&nbsp;&nbsp;&nbsp; &nbsp;<br />\n[cast speed]<br />\n1000&nbsp;&nbsp;&nbsp;&nbsp;&nbsp;&nbsp;&nbsp; 1000&nbsp;&nbsp;&nbsp;&nbsp;&nbsp;&nbsp; &nbsp;<br />\n[hit recovery]<br />\n1100&nbsp;&nbsp;&nbsp;&nbsp;&nbsp;&nbsp;&nbsp; 1100&nbsp;&nbsp;&nbsp;&nbsp;&nbsp;&nbsp; &nbsp;<br />\n[jump power]<br />\n600&nbsp;&nbsp;&nbsp;&nbsp;&nbsp;&nbsp;&nbsp; 600&nbsp;&nbsp;&nbsp;&nbsp;&nbsp;&nbsp; &nbsp;<br />\n[jump speed]<br />\n120&nbsp;&nbsp;&nbsp;&nbsp;&nbsp;&nbsp;&nbsp; 120&nbsp;&nbsp;&nbsp;&nbsp;&nbsp;&nbsp; &nbsp;<br />\n这些分别对应的攻速移速跳跃高度等。。自己百度翻译单次。移动速度可以微调1-2倍 攻速可适当高点<br />\n防御魔防血量根据你的PVF装备数据调整 改血量最为简单 因为有的装备破防。 你要改什么怪就一个一个来搜 然后对应等级 就是你要改的怪物。就是如此简单。。不谢！</p>\n\n<p>直接改前面数字即可，速度类的两个数字分别是最小值和最大值。躲避和移速最好别碰或者微调。。加强太多的话 不是MISS就是怪物跑的太快摸不到怪 就跟开了变速一样一样的。。只不过怪物开了你没开！</p>",
    "auth_users": "学院搬运工",
    "img": "https://dafstatic.oss-cn-beijing.aliyuncs.com/static/title/level4.gif",
    "create_at": "2023-05-05T22:16:57.916",
    "view_num": 1583
}