{
    "content": "<p>By:ZateL</p>\n\n<p>http://tieba.baidu.com/p/4679838003</p>\n\n<p><img alt=\"\" height=\"611\" src=\"/media/uploads/2023/05/05/image-20230505221756-1.png\" width=\"318\" /></p>\n\n<p>&nbsp;</p>\n\n<p><br />\n4239209: 回复 ZateL :return是返回，-1就是返回-1</p>\n\n<p>ZateL: 回复 4239209 :但是在怪物技能表里是0开始所以我猜测是空的，写的是为空。个人强加的东西</p>\n\n<p>4239209: 回复 ZateL :这是脚本写的程序，-1一般代表失败，具体要看客户端怎么理解</p>\n\n<p><img alt=\"\" height=\"568\" src=\"/media/uploads/2023/05/05/image-20230505221808-2.png\" width=\"476\" /></p>",
    "auth_users": "学院搬运工",
    "img": "https://dafstatic.oss-cn-beijing.aliyuncs.com/static/title/level4.gif",
    "create_at": "2023-05-05T22:18:14.667",
    "view_num": 1348
}