{
    "content": "<p>By:ijij991</p>\n\n<p>http://tieba.baidu.com/p/4373545260</p>\n\n<p><img alt=\"\" height=\"718\" src=\"/media/uploads/2023/05/05/image-20230505221731-1.png\" width=\"1177\" /></p>\n\n<p>&nbsp;</p>\n\n<p>够不够简单 传说中的十倍血就是在这几12355个数后面加个0</p>\n\n<p>&nbsp;</p>",
    "auth_users": "学院搬运工",
    "img": "https://dafstatic.oss-cn-beijing.aliyuncs.com/static/title/level4.gif",
    "create_at": "2023-05-05T22:17:32.378",
    "view_num": 2106
}