{
    "content": "<p><img alt=\"\" height=\"419\" src=\"/media/uploads/2023/05/05/image-20230505221530-1.png\" width=\"559\" /></p>\n\n<p><img alt=\"\" height=\"411\" src=\"/media/uploads/2023/05/05/image-20230505221540-2.png\" width=\"554\" /></p>\n\n<p><img alt=\"\" height=\"408\" src=\"/media/uploads/2023/05/05/image-20230505221548-3.png\" width=\"557\" /></p>\n\n<p><br />\n&nbsp;<br />\n&nbsp;<br />\n&nbsp; &nbsp;<br />\n&nbsp;<br />\n&nbsp;<br />\n&nbsp;<br />\n&nbsp;<br />\n&nbsp;</p>\n\n<p>&nbsp;</p>\n\n<p>&nbsp;</p>",
    "auth_users": "学院搬运工",
    "img": "https://dafstatic.oss-cn-beijing.aliyuncs.com/static/title/level4.gif",
    "create_at": "2023-05-05T22:15:53.428",
    "view_num": 1617
}