{
    "content": "<p><span style=\"color:#0000ff; font-family:微软雅黑; font-size:small\">比如怪物&nbsp; 5000条血！<br />\n你杀死怪物立马重新恢复原血！</span></p>\n\n<p><span style=\"color:#0000ff; font-family:微软雅黑; font-size:small\">[life max]<br />\n50</span></p>\n\n<p><br />\n<span style=\"color:#0000ff; font-family:微软雅黑; font-size:small\">这个代码代表可以让怪物复活50次！<br />\n直接写怪物文件里面！</span></p>",
    "auth_users": "学院搬运工",
    "img": "https://dafstatic.oss-cn-beijing.aliyuncs.com/static/title/level4.gif",
    "create_at": "2023-05-05T22:19:59.968",
    "view_num": 1112
}