{
    "content": "<p>首先！这是很基础的东西，对刚接触的小白比较有用。<br />\n也可能有很多错误，欢迎大佬们指正！<br />\n里面设计的内容为 全局怪物属性 单个怪物属性 map里怪物等级<br />\n<br />\n里面标注了一些我目前知道的内容，全局属性是从头向下数5个排列的。<br />\n也是记录一下，以后不写了可能会忘，留个脚印<img alt=\"\" height=\"30\" src=\"https://gsp0.baidu.com/5aAHeD3nKhI2p27j8IqW0jdnxx1xbK/tb/editor/images/client/image_emoticon66.png\" width=\"30\" /><img alt=\"\" height=\"30\" src=\"https://gsp0.baidu.com/5aAHeD3nKhI2p27j8IqW0jdnxx1xbK/tb/editor/images/client/image_emoticon66.png\" width=\"30\" /><br />\n不喜勿喷哦</p>\n\n<p><img alt=\"\" height=\"1494\" src=\"/media/uploads/2023/06/15/5d792fadcbef7609139efd8673dda3cc7dd99e9b.jpg\" width=\"640\" /></p>\n\n<p>&nbsp;</p>\n\n<p><img alt=\"\" height=\"1666\" src=\"/media/uploads/2023/06/15/6020d5ef76094b36f5077ff4fecc7cd98c109d9b.jpg\" width=\"690\" /></p>\n\n<p><img alt=\"\" height=\"173\" src=\"/media/uploads/2023/06/15/da59ad1c8701a18bf1b2cc9fdb2f07082938fe17.jpg\" width=\"572\" /></p>\n\n<p>&nbsp;</p>\n\n<p>&nbsp;</p>\n\n<p>&nbsp;</p>\n\n<p>&nbsp;</p>\n\n<p>&nbsp;</p>\n\n<p>&nbsp;</p>\n",
    "auth_users": "学院搬运工",
    "img": "https://dafstatic.oss-cn-beijing.aliyuncs.com/static/title/level4.gif",
    "create_at": "2023-06-15T10:22:14.673",
    "view_num": 2475
}