{
    "content": "<p><code>怪物列表信息文件路径：monster/monster.lst</code></p>\n\n<p>&nbsp;</p>\n\n<p><code>前言：怪物属性修改，涉及到很多东西，一般如果只是修改下怪物属性而不是给怪物加攻击效果或者特效的话，一般修改的都是一些固定的东西。尽量不要修改其他东西，否则炸端，或者无限avg</code></p>\n\n<p><code>如果仅修改怪物的攻击力 防御 血量 属性抗性等请务必不要动其他东西！！！！</code></p>\n\n<p><code>[ability category]</code></p>\n\n<p><code>&nbsp;&nbsp;&nbsp;</code><code>`[HP MAX]`&nbsp; `*` 54950</code></p>\n\n<p><code>&nbsp;&nbsp;&nbsp;</code><code>`[EQUIPMENT_PHYSICAL_ATTACK]`&nbsp; `*`&nbsp;&nbsp; 1300</code></p>\n\n<p><code>&nbsp;&nbsp;&nbsp;</code><code>`[EQUIPMENT_PHYSICAL_DEFENSE]`&nbsp; `*` 330</code></p>\n\n<p><code>&nbsp;&nbsp;&nbsp;</code><code>`[EQUIPMENT_MAGICAL_ATTACK]`&nbsp; `*`&nbsp;&nbsp; 1100</code></p>\n\n<p><code>&nbsp;&nbsp;&nbsp;</code><code>`[EQUIPMENT_MAGICAL_DEFENSE]`&nbsp; `*` 300</code></p>\n\n<p><code>[/ability category]</code></p>\n\n<p><code>[ability category] 表头开始</code></p>\n\n<p><code>血量&nbsp;&nbsp;&nbsp;&nbsp; `[HP MAX]`&nbsp; `*` 54950</code></p>\n\n<p><code>物理攻击&nbsp;&nbsp; `[EQUIPMENT_PHYSICAL_ATTACK]`&nbsp; `*`&nbsp;&nbsp; 1300</code></p>\n\n<p><code>物理防御&nbsp;&nbsp; `[EQUIPMENT_PHYSICAL_DEFENSE]`&nbsp; `*` 330</code></p>\n\n<p><code>魔法攻击&nbsp;&nbsp; `[EQUIPMENT_MAGICAL_ATTACK]`&nbsp; `*`&nbsp;&nbsp; 1100</code></p>\n\n<p><code>魔法防御&nbsp;&nbsp; `[EQUIPMENT_MAGICAL_DEFENSE]`&nbsp; `*` 300</code></p>\n\n<p><code>[/ability category] 表头结尾</code></p>\n\n<p><code>怪物血量没有具体的计算公式，都是自己慢慢测试的。</code></p>\n\n<p><code>[level]&nbsp; 怪物等级</code></p>\n\n<p><code>&nbsp;&nbsp;&nbsp;</code><code>100&nbsp;&nbsp; 100</code></p>\n\n<p><code>[fire resistance] 火抗</code></p>\n\n<p><code>&nbsp;&nbsp;&nbsp;</code><code>350&nbsp;&nbsp; 350</code></p>\n\n<p><code>[water resistance] 冰抗 - 台服里面叫水抗</code></p>\n\n<p><code>&nbsp;&nbsp;&nbsp;</code><code>350&nbsp;&nbsp; 350</code></p>\n\n<p><code>[light resistance] 光抗</code></p>\n\n<p><code>&nbsp;&nbsp;&nbsp;</code><code>350&nbsp;&nbsp; 350</code></p>\n\n<p><code>[dark resistance] 暗抗</code></p>\n\n<p><code>&nbsp;&nbsp;&nbsp;</code><code>350&nbsp;&nbsp; 350</code></p>\n\n<p><code>[slow resistance] 减速抗性</code></p>\n\n<p><code>&nbsp;&nbsp;&nbsp;</code><code>350&nbsp;&nbsp; 350</code></p>\n\n<p><code>[freeze resistance] 冰冻抗性</code></p>\n\n<p><code>&nbsp;&nbsp;&nbsp;</code><code>350&nbsp;&nbsp; 350</code></p>\n\n<p><code>[poison resistance] 中毒抗性</code></p>\n\n<p><code>&nbsp;&nbsp;&nbsp;</code><code>350&nbsp;&nbsp; 350</code></p>\n\n<p><code>[stun resistance] 眩晕抗性</code></p>\n\n<p><code>&nbsp;&nbsp;&nbsp;</code><code>350&nbsp;&nbsp; 350</code></p>\n\n<p><code>[curse resistance] 诅咒抗性</code></p>\n\n<p><code>&nbsp;&nbsp;&nbsp;</code><code>350&nbsp;&nbsp; 350</code></p>\n\n<p><code>[blind resistance] 致盲抗性</code></p>\n\n<p><code>&nbsp;&nbsp;&nbsp;</code><code>350&nbsp;&nbsp; 350</code></p>\n\n<p><code>[stone resistance] 石化抗性</code></p>\n\n<p><code>&nbsp;&nbsp;&nbsp;</code><code>350&nbsp;&nbsp; 350</code></p>\n\n<p><code>[sleep resistance] 随眠抗性</code></p>\n\n<p><code>&nbsp;&nbsp;&nbsp;</code><code>350&nbsp;&nbsp; 350</code></p>\n\n<p><code>[bleeding resistance] 出血抗性</code></p>\n\n<p><code>&nbsp;&nbsp;&nbsp;</code><code>350&nbsp;&nbsp; 350</code></p>\n\n<p><code>[confuse resistance] 混乱抗性</code></p>\n\n<p><code>&nbsp;&nbsp;&nbsp;</code><code>350&nbsp;&nbsp; 350</code></p>\n\n<p><code>[hold resistance] 持续抗性 不理解什么意思，不过如果改的话，可以跟上面写成一样的</code></p>\n\n<p><code>&nbsp;&nbsp;&nbsp;</code><code>350&nbsp;&nbsp; 350</code></p>\n\n<p><code>[HP regen speed] HP回复速度</code></p>\n\n<p><code>&nbsp;&nbsp;&nbsp;</code><code>3000000&nbsp;&nbsp; 3000000 每秒3000000</code></p>\n\n<p><code>[move speed] 移动速度</code></p>\n\n<p><code>&nbsp;&nbsp;&nbsp;</code><code>800&nbsp;&nbsp; 800&nbsp;&nbsp;&nbsp;&nbsp;&nbsp;&nbsp;&nbsp;&nbsp;&nbsp;&nbsp;&nbsp;&nbsp;&nbsp;&nbsp;&nbsp;&nbsp;&nbsp;&nbsp;&nbsp;&nbsp;&nbsp;&nbsp;&nbsp;&nbsp;&nbsp;&nbsp;&nbsp;&nbsp;&nbsp;&nbsp;&nbsp; 1000为基准 800=80%</code></p>\n\n<p><code>[attack speed] 攻击速度</code></p>\n\n<p><code>&nbsp;&nbsp;&nbsp;</code><code>700&nbsp;&nbsp; 700&nbsp;&nbsp;&nbsp;&nbsp;&nbsp;&nbsp;&nbsp;&nbsp;&nbsp;&nbsp;&nbsp;&nbsp;&nbsp;&nbsp;&nbsp;&nbsp;&nbsp;&nbsp;&nbsp;&nbsp;&nbsp;&nbsp;&nbsp;&nbsp;&nbsp;&nbsp;&nbsp;&nbsp;&nbsp;&nbsp;&nbsp; 1000为基准 700=70%</code></p>\n\n<p><code>[cast speed] 释放速度</code></p>\n\n<p><code>&nbsp;&nbsp;&nbsp;</code><code>800&nbsp;&nbsp; 800&nbsp;&nbsp;&nbsp;&nbsp;&nbsp;&nbsp;&nbsp;&nbsp;&nbsp;&nbsp;&nbsp;&nbsp;&nbsp;&nbsp;&nbsp;&nbsp;&nbsp;&nbsp;&nbsp;&nbsp;&nbsp;&nbsp;&nbsp;&nbsp;&nbsp;&nbsp;&nbsp;&nbsp;&nbsp;&nbsp;&nbsp; 1000为基准 800=80%</code></p>\n\n<p><code>[hit recovery] 倒地回复速度 个人理解 具体的不知道</code></p>\n\n<p><code>&nbsp;&nbsp;&nbsp;</code><code>1300&nbsp;&nbsp; 1300</code></p>\n\n<p><code>[weight] 怪物重量 越重的怪物越不容易浮空 例如鬼剑士的上挑 或者 地裂波动剑 都不能把怪物挑起来</code></p>\n\n<p><code>&nbsp;&nbsp;&nbsp;</code><code>70000000&nbsp;&nbsp; 70000000</code></p>\n\n<p><code>[hp regen rate] hp回复速度，但是测试了一下，貌似不回复。不知道是什么问题</code></p>\n\n<p><code>&nbsp;&nbsp;&nbsp;</code><code>0.5&nbsp;&nbsp; 0.5</code></p>\n\n<p><code>[stuckbonus on damage] 不懂什么意思，不需要管</code></p>\n\n<p><code>&nbsp;&nbsp;&nbsp;</code><code>10&nbsp;&nbsp; 10&nbsp;&nbsp; 10&nbsp;&nbsp; 10</code></p>\n\n<p><code>[superarmor on attack] 不懂什么意思，不需要管</code></p>\n\n<p><code>&nbsp;&nbsp;&nbsp;</code><code>1&nbsp;&nbsp; 50</code></p>\n\n<p><code>以上教程结束。欢迎各位的收看。</code></p>",
    "auth_users": "学院搬运工",
    "img": "https://dafstatic.oss-cn-beijing.aliyuncs.com/static/title/level4.gif",
    "create_at": "2023-06-29T21:21:38.575",
    "view_num": 1828
}