{
    "content": "<p>1.精英怪物的词条数量有限，与地图等级有关<br />\n2.精英怪物的控制参数在dgn的&nbsp;<code>&quot;[champion]&quot;</code>里，这组数字越大则出现几率越高（英雄级也包括其中）</p>\n\n<p>=============================================================================<br />\n关于光环怪物，其应用地点为map文件内，目前可指定的类型有两种<br />\n一种是紫名精英怪(<code>champion</code>)，一种是粉名精英怪<code>(super champion)</code></p>\n\n<p>目前来说有两种指定方式&mdash;&mdash;<br />\n一种是指定属性法，一种是系统分配法</p>\n\n<h1><span style=\"color:#e74c3c\">*注意！<code>champion</code>可以直接使用系统分配法指定，指定后必定生效，但是<code>super champion</code>使用系统分配法指定，会受到精英权重影响，该精英怪未必一定出现</span></h1>\n\n<pre>\n<code>*原版\n[monster]\n63022 1 0 464 206 0 1 1 `[fixed]` `[normal]` \n63022 1 0 570 212 0 1 1 `[fixed]` `[normal]` \n63022 1 0 178 229 0 1 1 `[fixed]` `[normal]` \n[/monster]\n\n*指定属性法\n[monster]\n63022 1 0 464 206 0 1 1 `[fixed]` `[champion]` 4 `[Immune-Physic]` `[Immune-Fire]` `[Enchant-Water]` `[Speedup-Move]` \n63022 1 0 570 212 0 1 1 `[fixed]` `[champion]` 7 `[Enhance-Physicaldefense]` `[Immune-Light]` `[Enchant-Light]` `[Speedup-Move]` `[Speedup-Hitrecovery]` `[Etc-Neverfly]` `[onAttack-lightning]` \n63022 1 0 178 229 0 1 1 `[fixed]` `[super champion]` 2 `[Immune-ActiveStatus]` `[Speedup-Wakeup]` \n[/monster]\n\n*系统分配法\n[monster]\n63022 1 0 464 206 0 1 1 `[fixed]` `[champion]` 0\n63022 1 0 570 212 0 1 1 `[fixed]` `[champion]` 0\n63022 1 0 178 229 0 1 1 `[fixed]` `[super champion]` 0\n[/monster]\n</code></pre>\n\n<p>=========================================================================================<br />\n具体参数如下：</p>\n\n<pre>\n<code>`[Immune-Physic]`    免疫物理伤害（伤害数字为0，无打击效果）\n`[Immune-Magic]`    免疫魔法伤害（伤害数字为0，无打击效果）\n`[Enhance-Physicaldefense]`   强化物理防御\n`[Enhance-Magicaldefense]`   强化魔法防御\n</code></pre>\n\n<h1><span style=\"color:#e74c3c\">*注意！以上四个属性，在同一怪物身上只能同时应用一个</span></h1>\n\n<pre>\n<code>`[Immune-Fire]`     免疫火属性伤害（伤害数字为0，无打击效果）\n`[Immune-Water]`     免疫冰属性伤害（伤害数字为0，无打击效果）\n`[Immune-Light]`     免疫光属性伤害（伤害数字为0，无打击效果）\n`[Immune-Dark]`     免疫暗属性伤害（伤害数字为0，无打击效果）\n</code></pre>\n\n<pre>\n<code>`[Enchant-Fire]`     火属性攻击\n`[Enchant-Water]`     冰属性攻击\n`[Enchant-Light]`     光属性攻击\n`[Enchant-Dark]`     暗属性攻击\n</code></pre>\n\n<h1><span style=\"color:#e74c3c\">*注意！以上四个属性，在同一怪物身上只能同时应用一个</span></h1>\n\n<pre>\n<code>`[Speedup-Move]`     加速-移动\n`[Speedup-Attack]`     加速-攻击\n`[Speedup-Hitrecovery]`    加速-硬直\n`[Speedup-Wakeup]`     加速-起身\n`[Speedup-Hpregen]`    加速-HP恢复\n`[Etc-Neverfly]`     特殊-无法浮空\n`[Immune-ActiveStatus]`    特殊-免疫异常\n`[Etc-Reserrection]`     特殊-复活\n`[onAttack-stun]`     攻击敌人时-眩晕\n`[onAttack-bleeding]`    攻击敌人时-出血\n`[onAttack-confuse]`     攻击敌人时-混乱\n`[onAttack-slow]`     攻击敌人时-减速\n`[onAttack-lightning]`    攻击敌人时-感电\n`[onAttack-poison]`     攻击敌人时-中毒\n`[onAttack-blind]`     攻击敌人时-失明\n</code></pre>",
    "auth_users": "学院搬运工",
    "img": "https://dafstatic.oss-cn-beijing.aliyuncs.com/static/title/level4.gif",
    "create_at": "2023-07-15T11:27:32.343",
    "view_num": 1054
}