{
    "content": "<p>修改副本怪物等级不可用问题解决方案</p>\n\n<p><img alt=\"\" height=\"311\" src=\"/media/uploads/2023/07/15/image-20230715112626-1.png\" width=\"749\" /></p>\n\n<p><img alt=\"\" height=\"536\" src=\"/media/uploads/2023/07/15/image-20230715112635-2.png\" width=\"676\" /></p>",
    "auth_users": "学院搬运工",
    "img": "https://dafstatic.oss-cn-beijing.aliyuncs.com/static/title/level4.gif",
    "create_at": "2023-07-15T11:26:50.397",
    "view_num": 1297
}