{
    "content": "<pre>\n<code>[speech on situation]\n    `[on revenge]`    `有人砸場子啦！！`    0    \n    `[on revenge]`    `兄弟們抄家伙啊！`    0    \n    `[on etc]`    `哼！ 好哥布林不吃眼前虧！`    0    \n    `[on etc]`    `只剩我了? 撤！`    0    \n    `[on etc]`    `啊啊......我要全部......殺掉！！！`    0    \n    `[on etc]`    `我熱血沸騰了......`    0    \n    `[on village]`    `哥布林不發威，就當我是牛頭怪？`    0    \n    `[on village]`    `這是哪里？我又是誰？`    0    \n    `[on village]`    `這里也沒什么特別的嘛~`    0    \n    `[on village]`    `我有點后悔了……`    0    \n    `[on village]`    `別打我！`    0    \n    `[on village]`    `我只是來散步的！`    0    \n    `[on village]`    `嘿嘿，給你添麻煩了，對不起啊！`    0    \n    `[on village]`    `這只是個卑鄙的藉口！`    0    \n[/speech on situation]\n</code></pre>\n\n<p><img alt=\"\" height=\"357\" src=\"/media/uploads/2023/07/15/image-20230715112758-1.png\" width=\"348\" /></p>",
    "auth_users": "学院搬运工",
    "img": "https://dafstatic.oss-cn-beijing.aliyuncs.com/static/title/level4.gif",
    "create_at": "2023-07-15T11:28:05.059",
    "view_num": 1004
}