{
    "content": "<p><img alt=\"\" height=\"490\" src=\"/media/uploads/2023/07/15/image-20230715213158-1.png\" width=\"828\" /></p>\n\n<p><img alt=\"\" height=\"509\" src=\"/media/uploads/2023/07/15/1.png\" width=\"721\" /><img alt=\"\" height=\"467\" src=\"/media/uploads/2023/07/15/2.png\" width=\"620\" /><img alt=\"\" height=\"566\" src=\"/media/uploads/2023/07/15/3.png\" width=\"832\" /></p>",
    "auth_users": "学院搬运工",
    "img": "https://dafstatic.oss-cn-beijing.aliyuncs.com/static/title/level4.gif",
    "create_at": "2023-07-15T21:32:28.509",
    "view_num": 1981
}