{
    "content": "<p>monster/monsterapcdifficultybonus.tbl &nbsp; 此文件控制全局APC和monster的难度<br />\n&nbsp;<br />\n这个数值由APC和MONSTER一起使用。<br />\n&nbsp;<br />\n对应：普通&lt;冒险&lt;勇士&gt;王者》英雄<br />\n0.0 5.0 10.0 20.0/好战性-值增加<br />\n&nbsp;<br />\n0.0 30.060.0150.0/视野-值增加<br />\n&nbsp;<br />\n0.0 20.0 30.0 70.0/时攻击的几率-值增加<br />\n&nbsp;<br />\n0.0 10.0 20.0 60.0/基本增益-值增加<br />\n&nbsp;<br />\n1.0 1.50 2.00//体力-比例增加<br />\n&nbsp;<br />\n1.01.01.05 1.10 1.20/攻速-比率增加<br />\n&nbsp;<br />\n0.0 30.0 50.0 100.0/移速-值增加<br />\n&nbsp;<br />\n0.05.0 10.0 30.0/状态变化耐性增加-值增加<br />\n&nbsp;<br />\n1.01.01.05 1.10 1.20/攻击力-比率增加<br />\n&nbsp;<br />\n1.01.10 1.15 1.30//防御力-比率增加<br />\n&nbsp;<br />\n0.0 100.0 200.0 300.0/热恢复-值增加<br />\n&nbsp;<br />\n0.01 0.05 0.10 0.20//防御无视攻击力的%防御力-值增加<br />\n&nbsp;<br />\n0.01 0.05 0.10 0.20//绝对防御力的%攻击力-值增加<br />\n&nbsp;<br />\n&nbsp;<br />\n接下来是塔用数据库<br />\n//死亡之塔用<br />\n这个数值由APC和MONSTER一起使用。<br />\n&nbsp;<br />\n/1人&lt;2人&lt;3人&lt;4人<br />\n&nbsp;<br />\n0.0 10.0 20.0 30.0/好战性-值增加<br />\n&nbsp;<br />\n0.0 50.0 100.0 200.0/视野-值增加<br />\n&nbsp;<br />\n0.0 20.0 30.0 70.0/下巴时攻击的几率-值增加<br />\n&nbsp;<br />\n0.0 30.0 60.0.0 100.0/基本的下巴放大率-值增加<br />\n&nbsp;<br />\n1.01.70 2.40 3.00/体力-比例增加<br />\n&nbsp;<br />\n1.01.10 1.20 1.30/公速-比率增加<br />\n&nbsp;<br />\n0.0 50.0 100.0 150.0/移速-值增加<br />\n&nbsp;<br />\n0.0 10.0 20..0 30.0/状态变化耐性增加-值增加<br />\n&nbsp;<br />\n1.01.25 1.50 1.75//攻击力-比率增加<br />\n&nbsp;<br />\n1.01.10 1.15 1.30//防御力-比率增加<br />\n&nbsp;<br />\n0.0 200.0 400.0600.0/热覆盖-值增加<br />\n0.00.00 0.00 0.00//防御无视攻击力的%防御力-值增加<br />\n0.00.00 0.00 0.00//绝对防御力的%攻击力-值增加<br />\n&nbsp;<br />\n&nbsp;<br />\n以下2个文件控制除boss外怪物难度<br />\nmonster/commonmonsterbaseparameter.tbl<br />\nmonster/bossmonsterbaseparameter.tbl<br />\n以上2文件内容解析：从左往右依次为：<br />\n等级；力量；智力；体力；精神；生命值；法力值；物理攻击；物理防御；魔法攻击；魔法防御；后面000...无意义<br />\n&nbsp;<br />\n下面的怪物难度文件btl &nbsp;有1-99 大概是14个一组 这也是调难度的 1号位是等级后面的就是好战度这些和上面顺序是一样的<br />\n路径；monster/commonmonsterbaseparameter.tbl； monster/bossmonsterbaseparameter.tbl此2个文件内容每组数值有5个，对应普通、冒险、王者、地狱、英雄<br />\n1 -#PVF_File<br />\n2 -<br />\n3 -0 （基数越大怪物越频繁攻击玩家）<br />\n4 -10<br />\n5 -20<br />\n6 -30<br />\n7 -30<br />\n8 -0 （进入怪物视野后主动攻击玩家）<br />\n9 -60<br />\n10 -150<br />\n11 -200<br />\n12 -200<br />\n13 -0 （越大越无视玩家的闪避值）<br />\n14 -40<br />\n15 -80<br />\n16 -120<br />\n17 -120<br />\n18 -0 回避 （慎重，调大了攻击不到怪物MISS）<br />\n19 -40<br />\n20 -80<br />\n21 -120<br />\n22 -120<br />\n23 -1.1 血量 （70版本以下的不建议超过10，进图容易闪退或怪物自杀）<br />\n24 -1.2<br />\n25 -1.3<br />\n26 -1.4<br />\n27 -1.4<br />\n28 -1 攻击速度 （调大了，看不到怪物的攻击）<br />\n29 -1<br />\n30 -1<br />\n31 -1<br />\n32 -1<br />\n33 -0 移动速度（调了你很难追上怪物）<br />\n34 -50<br />\n35 -100<br />\n36 -180<br />\n37 -180<br />\n38 -0 异常状态抗性（调大了，免疫出血、冰冻同类的状态）<br />\n39 -10<br />\n40 -20<br />\n41 -40<br />\n42 -40<br />\n43 -1 攻击力 （超过3，BOSS就开始秒人）<br />\n44 -1.1<br />\n45 -1.2<br />\n46 -2<br />\n47 -2<br />\n48 -1 防御力 （超过5，小怪当BOSS）<br />\n49 -1.1<br />\n50 -1.2<br />\n51 -1.4<br />\n52 -1.4<br />\n53 -0 硬直 （越大，怪物越不容易倒地）<br />\n54 -200<br />\n55 -300<br />\n56 -400<br />\n57 -400<br />\n58 -0.01 怪物忽略玩家强化武器的无视防御百分比（1=100%）<br />\n59 -0.1<br />\n60 -0.2<br />\n61 -0.3<br />\n62 -0.3<br />\n63 -0.01 百分比对玩家额外伤害（跟攻击力一起调，秒你没商量）<br />\n64 -0.1<br />\n65 -0.2<br />\n66 -0.3<br />\n67 -0.3</p>",
    "auth_users": "玲珑",
    "img": "https://dafstatic.oss-cn-beijing.aliyuncs.com/static/title/level6.gif",
    "create_at": "2024-04-20T17:58:29.676",
    "view_num": 1004
}