{
    "content": "<p>最近不知道怎么改的，深渊里宇宙灵魂的掉落锐减，看看深渊文件，有点新得分享给小小小白，大神勿笑<br />\n之前梦太小大佬的帖子说的已经很明了，我概括补充一下<br />\n我玩的60版本，不知道以下适用其他等级的不<br />\n1.深渊派对文件，记住这个AB为深渊等级，对应自主门票深渊：即大牛和小牛（组队刷出来的深渊不算）</p>\n\n<p><img alt=\"\" src=\"https://xxbuluo.com/yongheng/05ac6f60/230524164248753.png\" /></p>\n\n<p>2.深渊小组</p>\n\n<p><img alt=\"\" src=\"https://xxbuluo.com/yongheng/05ac6f60/230524164248806.png\" /></p>\n\n<p>3.深渊恶魔</p>\n\n<p><img alt=\"\" src=\"https://xxbuluo.com/yongheng/05ac6f60/230524164248862.png\" /></p>\n\n<p>4.深渊地图配置</p>\n\n<p><img alt=\"\" src=\"https://xxbuluo.com/yongheng/05ac6f60/230524164248905.png\" /></p>\n\n<p><img alt=\"\" src=\"https://xxbuluo.com/yongheng/05ac6f60/230524164248949.png\" /></p>\n\n<p>至于为什么有的时候会出现困难的双深渊， 出现两波APC：<br />\n是因为设置了<br />\n第一波难度为B的小组，之后又设置了<br />\n第二波也为B难度的权重非100的深渊小组<br />\n<br />\n<br />\n即<br />\n80-20-1<br />\n90-20-2<br />\n中的80和90都是B难度的深渊小组<br />\n<br />\n<br />\n所以正确的设置是：<br />\n非常困难<br />\n1.难度为A的深渊恶魔小组编号+权重+第一波<br />\n2.难度为A的深渊APC小组编号+权重+第二波<br />\n（PS：如果第一波加入难度为A的APC小组编号，也可能出现无恶魔的APC+APC双深渊）<br />\n<br />\n<br />\n困难<br />\n1.难度为B的深渊APC小组编号+权重+第一波<br />\n（PS：想要双深渊的话就加入2）<br />\n<br />\n2.难度为B的深渊APC小组编号+权重+第二波</p>\n\n<p>&nbsp;</p>\n\n<p>总结一下就是：<br />\n1.非常困难深渊出现的必是A难度的小组，两波自己随便设置<br />\n2.困难深渊出现的必是B难度的小组，正常只需要设置一波即可</p>\n\n<p>&nbsp;</p>\n\n<p>&nbsp;</p>\n\n<p>设置成深渊只有非常困难&nbsp;&nbsp;</p>\n\n<p><img alt=\"\" src=\"https://xxbuluo.com/yongheng/05ac6f60/23052416424902.png\" /></p>\n\n<p>&nbsp;&nbsp;&nbsp;把非常困难改到100，b改成0</p>",
    "auth_users": "勇敢的飞",
    "img": "https://dafstatic.oss-cn-beijing.aliyuncs.com/static/title/level2.gif",
    "create_at": "2024-06-15T20:31:26.187",
    "view_num": 581
}