{
    "content": "<p><img alt=\"单个怪物经验官方化(简单版)图片教程(图1)\" src=\"https://xxbuluo.com/yongheng/608a7428/220717134103820.png\" /></p>\n\n<p><img alt=\"单个怪物经验官方化(简单版)图片教程(图2)\" src=\"https://xxbuluo.com/yongheng/608a7428/220717134103844.png\" /></p>\n\n<p><img alt=\"单个怪物经验官方化(简单版)图片教程(图3)\" src=\"https://xxbuluo.com/yongheng/608a7428/220717134103867.png\" /></p>",
    "auth_users": "勇敢的飞",
    "img": "https://dafstatic.oss-cn-beijing.aliyuncs.com/static/title/level2.gif",
    "create_at": "2024-07-01T18:16:46.263",
    "view_num": 169
}