{
  "swordman": {
    "hasAt": true,
    "weapon": [
      "katana",
      "lkatana",
      "sswd",
      "lswd",
      "lswd_teen",
      "lgswd",
      "mswd",
      "club",
      "gemswd",
      "beamswd",
      "boneswd"
    ]
  },
  "fighter": {
    "hasAt": true,
    "weapon": [
      "arm",
      "tonfa",
      "lkatana",
      "glove",
      "knuckle",
      "claw",
      "gauntlet",
      "boxglove",
      "boneclaw"
    ]
  },
  "gunner": {
    "hasAt": true,
    "weapon": [
      "rev",
      "auto",
      "musket",
      "bowgun",
      "hcan"
    ]
  },
  "mage": {
    "hasAt": true,
    "weapon": [
      "staff",
      "spear",
      "rod",
      "pole",
      "broom"
    ]
  },
  "priest": {
    "hasAt": true,
    "weapon": [
      "totem",
      "scythe",
      "rosary",
      "cross",
      "axe"
    ]
  },
  "thief": {
    "hasAt": false,
    "weapon": [
      "wand",
      "twinswd",
      "dagger",
      "chakraweapon"
    ]
  },
  "knight": {
    "hasAt": false,
    "weapon": ${swordman.weapon}
  },
  "demoniclancer" :{
    "hasAt": false,
    "weapon": [
      "pike",
      "halberd",
      "beamspear",
      "javelin"
    ]
  },
  "gunblader":{
    "hasAt":false,
    "weapon":[
      "mswd",
      "sblade",
      "coreswd",
      "lblade"
    ]
  }
}