	{
	"Name" : "English",
	"LCID" : 1033,
	"Group":{
		"Alias":{
		  "swordman": "Swordman(male)/Dark Knight",
		  "swordman_at": "Swordman(female)",
		  "fighter_at": "Fighter(male)",
		  "fighter": "Figther(female)",
		  "mage_at": "Mage(male)",
		  "mage": "Mage(female)/Creator",
		  "gunner": "Gunner(male)",
		  "gunner_at": "Gunner(female)",
		  "priest": "Priest(male)",
		  "priest_at": "Priest(female)",
		  "thief": "Thief(female)",
		  "knight": "Knight(female)",
		  "demoniclancer": "Lancer(male)",
		  "gunblader":"Gunblader(male)",

		  "hair": "Hair",
		  "cap": "Cap",
		  "face": "Face",
		  "neck": "Neck",
		  "coat": "Coat",
		  "skin": "Skin",
		  "belt": "Belt",
		  "pants": "Pants",
		  "shoes": "Shoes",


		  "katana": "Katana",
		  "sswd": "Short Sword",
		  "lswd": "Long Sword",
		  "lgswd": "Rapier",
		  "lswd_teen": "Teen Sword",
		  "mswd": "Massive Sword",
		  "club": "Bludgeon",
		  "lkatana": "Long Katana",
		  "gemswd": "Gem Sword",
		  "beamswd": "Lightsaber",
		  "bswd": "Bone Sword",
		  "tonfa": "Tonfa",
		  "glove": "Glove",
		  "knuckle": "Knuckle",
		  "claw": "Claw",
		  "gauntlet": "Gauntlets",
		  "bglove": "Boxing Gloves",
		  "arm": "Arm",
		  "bclaw": "Bone Claw",
		  "rev": "Revovler",
		  "musket": "Musket",
		  "bowgun": "Bowgun",
		  "hcan": "Hand Cannon",
		  "auto": "Auto Gun",
		  "staff": "Staff",
		  "spear": "Spear",
		  "rod": "Rod",
		  "pole": "Pole",
		  "broom": "Broomstick",
		  "totem": "Totem",
		  "scythe": "Scythe",
		  "rosary": "Rosary",
		  "cross": "Cross",
		  "axe": "Battle Axe",
		  "wand": "Wand",
		  "twinswd": "Twin Sword",
		  "dagger": "Dagger",
		  "chakraweapon": "Chakra",
		  "pike": "Long Lance",
		  "halberd": "Halberd",
		  "javelin":"Javelin",
		  "beamspear":"Light Spear",
		  //s-> small or short 
		  "sblade":"Small Blade",
		  "coreswd":"Core Sword",
		  "lblade":"Long Blade"
	  }
	}
}