﻿{
	"Name": "中文(简体)",
	"LCID": 2052,
	"Group": {
		"Dictionary":{
			"Avatar":"纸娃娃",
			"Code":"代码",
			"Load":"载入",
			"Weapon":"武器",
			"CodeErrorTips":"无法识别的代码",
			"DressingRoom":"试衣间",
			"AddSkin":"加入皮肤",
			"AddWeapon":"加入武器",
			"BanImg":"和谐图层",
			"MaskImg":"染色图层"
		},
		"Alias": {
			"swordman": "鬼剑士(男)/黑暗武士",
			"swordman_at": "鬼剑士(女)",
			"fighter_at": "格斗家(男)",
			"fighter": "格斗家(女)",
			"mage_at": "魔法师(男)",
			"mage": "魔法师(女)/缔造者",
			"gunner": "神枪手(男)",
			"gunner_at": "神枪手(女)",
			"priest": "圣职者(男)",
			"priest_at": "圣职者(女)",
			"thief": "暗夜使者(女)",
			"knight": "守护者(女)",
			"demoniclancer": "魔枪士(男)",
			"gunblader":"枪剑士(男)",
			"hair": "头发",
			"cap": "帽子",
			"face": "脸部",
			"neck": "胸部",
			"coat": "上衣",
			"skin": "皮肤",
			"belt": "腰带",
			"pants": "裤子",
			"shoes": "鞋子",
			"katana": "太刀",
			"sswd": "短剑",
			"lswd": "巨剑",
			"lgswd": "西洋剑",
			"lswd_teen": "钝剑",
			"mswd": "重剑",
			"club": "钝器",
			"lkatana": "长太刀",
			"gemswd": "宝石剑",
			"beamswd": "光剑",
			"boneswd": "骨剑",
			"tonfa": "东方棍",
			"glove": "手套",
			"knuckle": "指虎",
			"claw": "爪",
			"gauntlet": "长手套",
			"boxglove": "拳套",
			"arm": "臂铠",
			"boneclaw": "宝石爪",
			"rev": "左轮枪",
			"musket": "步枪",
			"bowgun": "手弩",
			"hcan": "手炮",
			"auto": "自动手枪",
			"staff": "法杖",
			"spear": "矛",
			"rod": "魔杖",
			"pole": "棍棒",
			"broom": "扫把",
			"totem": "图腾",
			"scythe": "镰刀",
			"rosary": "念珠",
			"cross": "十字架",
			"axe": "战斧",
			"wand": "权杖",
			"twinswd": "双剑",
			"dagger": "匕首",
			"chakraweapon": "苦无",
			"pike": "枪",
			"halberd": "戟",
			"javelin": "暗矛",
			"beamspear": "光枪",
			"sblade":"小太刀",
			"coreswd":"源能剑",
			"lblade":"长刀"
		}
	}
}