{
    "content": "<p><span style=\"color:#0000ff; font-family:微软雅黑; font-size:small\">etc/amplifyitem.etc<br />\n目录&nbsp; 目前是限制 只能55级以上！</span></p>\n\n<p><span style=\"color:#0000ff; font-family:微软雅黑; font-size:small\">[equip level const]<br />\n&nbsp;55</span></p>\n\n<p><span style=\"color:#0000ff; font-family:微软雅黑; font-size:small\">修改改这里可以变更增幅限制等级！</span></p>",
    "auth_users": "学院搬运工",
    "img": "https://dafstatic.oss-cn-beijing.aliyuncs.com/static/title/level4.gif",
    "create_at": "2023-05-05T22:43:56.016",
    "view_num": 1082
}