{
    "content": "<p><span style=\"color:#0000ff; font-family:微软雅黑; font-size:small\">保护卷文件：stackable/event/tcg/event_8240.stk&nbsp; 装备增幅保护卷(12~14)<br />\n保护卷修改路径：<br />\netc/serverparameter.etc<br />\n下搜索 [protect of upgrade down]</span></p>\n\n<p><span style=\"color:#0000ff; font-family:微软雅黑; font-size:small\">[protect of upgrade down]<br />\n8239&nbsp;&nbsp;&nbsp;&nbsp;&nbsp;&nbsp;&nbsp; 4&nbsp;&nbsp;&nbsp;&nbsp;&nbsp;&nbsp;&nbsp; 11&nbsp;&nbsp;&nbsp;&nbsp;&nbsp;&nbsp;&nbsp; 0&nbsp;&nbsp;&nbsp;&nbsp;&nbsp;&nbsp;&nbsp; 8240&nbsp;&nbsp;&nbsp;&nbsp;&nbsp;&nbsp;&nbsp; 12&nbsp;&nbsp;&nbsp;&nbsp;&nbsp;&nbsp;&nbsp; 14&nbsp;&nbsp;&nbsp;&nbsp;&nbsp;&nbsp;&nbsp; 0&nbsp;&nbsp;&nbsp;&nbsp;&nbsp;&nbsp;&nbsp; 8325&nbsp;&nbsp;&nbsp;&nbsp;&nbsp;&nbsp;&nbsp; 4&nbsp;&nbsp;&nbsp;&nbsp;&nbsp;&nbsp;&nbsp; 11&nbsp;&nbsp;&nbsp;&nbsp;&nbsp;&nbsp;&nbsp; 0&nbsp;&nbsp;&nbsp;&nbsp;&nbsp;&nbsp;&nbsp; 8326&nbsp;&nbsp;&nbsp;&nbsp;&nbsp;&nbsp;&nbsp; 12&nbsp;&nbsp;&nbsp;&nbsp;&nbsp;&nbsp;&nbsp; 14<br />\n0&nbsp;&nbsp;&nbsp;&nbsp;&nbsp;&nbsp;&nbsp; 0&nbsp;&nbsp;&nbsp;&nbsp;&nbsp;&nbsp;&nbsp; 20190418&nbsp;&nbsp;&nbsp;&nbsp;&nbsp;&nbsp;&nbsp; 15&nbsp;&nbsp;&nbsp;&nbsp;&nbsp;&nbsp;&nbsp; 18&nbsp;&nbsp;&nbsp;&nbsp;&nbsp;&nbsp;&nbsp; 0&nbsp;&nbsp;&nbsp;&nbsp;&nbsp;&nbsp;<br />\n[/protect of upgrade down]</span></p>\n\n<p><span style=\"color:#0000ff; font-family:微软雅黑; font-size:small\">说明：4个数为一组<br />\n第一位：代表保护卷代码<br />\n第二位急第三位：代表保护范围<br />\n第4位：若写1就是一级，0就是不掉级&nbsp;</span></p>\n\n<p>&nbsp;</p>\n\n<p>&nbsp;</p>\n\n<p>&nbsp;</p>\n\n<p><span style=\"color:#0000ff; font-family:微软雅黑; font-size:small\">-------------------------------------</span></p>\n\n<p><span style=\"color:#0000ff; font-family:微软雅黑; font-size:small\">限制等级使用写法</span></p>\n\n<p><span style=\"color:#0000ff; font-family:微软雅黑; font-size:small\">#PVF_File</span></p>\n\n<p><span style=\"color:#0000ff; font-family:微软雅黑; font-size:small\">[name]<br />\n&lt;13::name_10000364`+10 装备强化券 百分之 15（1~40级）`&gt;</span></p>\n\n<p><span style=\"color:#0000ff; font-family:微软雅黑; font-size:small\">[name2]<br />\n&lt;13::name2_10000364`name2_10000364`&gt;</span></p>\n\n<p><span style=\"color:#0000ff; font-family:微软雅黑; font-size:small\">[explain]<br />\n&lt;13::explain_10000364`使用后，与目前等级无关可以把选择的装备以15%%的机率强化到+10。 只能使用於等级限制在 1至 40级之间的装备。`&gt;</span></p>\n\n<p><span style=\"color:#0000ff; font-family:微软雅黑; font-size:small\">[grade]<br />\n1&nbsp;<br />\n[rarity]<br />\n3&nbsp;<br />\n[usable job]<br />\n`[all]`</span></p>\n\n<p><span style=\"color:#0000ff; font-family:微软雅黑; font-size:small\">[/usable job]</span></p>\n\n<p><span style=\"color:#0000ff; font-family:微软雅黑; font-size:small\">[attach type]<br />\n`[account]`</span></p>\n\n<p><span style=\"color:#0000ff; font-family:微软雅黑; font-size:small\">[icon]<br />\n`Item/stackable/consumption.img`<br />\n188&nbsp;<br />\n[stackable type]<br />\n`[etc]`<br />\n1&nbsp;<br />\n[move wav]<br />\n`PAPER_TOUCH`</span></p>\n\n<p><span style=\"color:#0000ff; font-family:微软雅黑; font-size:small\">[stack limit]<br />\n100&nbsp;<br />\n[equipment reinforcement ticket]&nbsp;&nbsp;强化<br />\n10&nbsp;15&nbsp;<br />\n[equipment amplify reinforcement ticket]&nbsp;&nbsp;增幅<br />\n12&nbsp;10&nbsp;<br />\n[check usable itemlevel]<br />\n1&nbsp;40&nbsp;</span><br />\n&nbsp;</p>",
    "auth_users": "学院搬运工",
    "img": "https://dafstatic.oss-cn-beijing.aliyuncs.com/static/title/level4.gif",
    "create_at": "2023-05-13T12:37:54.474",
    "view_num": 1297
}