{
    "content": "<pre>\n<code>强化100%\n \n凯丽的最爱26699\n \n破碎的心26698\n \n增幅100%\n \n赫尔德春节版400990169\n \n一决胜负400330110\n \n \n \n加在称号破碎的心最下面，强化增幅100%成功\n \n[npc gift disallowance]\n    1\n \n[upgrade prob increase]\n    5000000\n \n[npc gift disallowance]\n    1\n \n[amplify upgrade prob increase]\n        5000000</code></pre>\n\n<p>&nbsp;</p>",
    "auth_users": "学院搬运工",
    "img": "https://dafstatic.oss-cn-beijing.aliyuncs.com/static/title/level4.gif",
    "create_at": "2023-07-13T21:34:16.713",
    "view_num": 1173
}