{
    "content": "<p>&nbsp;BY:轮回几多忆乌山<br />\n&lt;http://tieba.baidu.com/p/4068024161&gt;<br />\n&nbsp;<br />\n&nbsp;<br />\n首先，之前就已经有人提过一种方法，利用GM工具卡技能，确实是行得通的，只是有时候会碰到一些问题。</p>\n\n<p>那个帖子的链接http://tieba.baidu.com/p/4009332724<br />\n现在，我提供一种通过PVF实现四鬼剑技能合一的方法，可以直接在技能面板上学习其他转职职业的技能<br />\n&nbsp;<img alt=\"\" height=\"421\" src=\"/media/uploads/2023/05/07/image-20230507204324-1.png\" width=\"566\" /><br />\n&nbsp;<br />\n首先，打开clientonly文件夹，然后再打开skilltree文件夹，skilltree就是技能树，这很好理解，要修改的是鬼剑士技能，所以打开swordman_sp.co。<br />\n打开之后，我们会看到这里面有初始鬼剑士和转职后的技能树信息<br />\n因为楼主是阿修罗，所以找到图中的位置</p>\n\n<p><img alt=\"\" height=\"299\" src=\"/media/uploads/2023/05/07/image-20230507204336-2.png\" width=\"390\" /></p>\n\n<p>添加红框里的代码，就意味着给阿修罗添加了光剑精通这个技能，33代表光剑掌握的编号，各种鬼剑士技能的编号在skill文件夹里的swordmanskill.lst这个文件里<br />\nicon pos 代表技能图标在技能表里出现的位置<br />\n&nbsp;<img alt=\"\" height=\"419\" src=\"/media/uploads/2023/05/07/image-20230507204344-3.png\" width=\"566\" /></p>\n\n<p>这是以前卡的，集四鬼剑技能于一身。。。<br />\n另外，我以前出现过所学技能超过限制的情况，所以学技能最好别太贪心了。。。<br />\n&nbsp;<br />\n忘记说了，我把光剑掌握的技能信息也修改了，要不然可能会出现无法学习这种现象<br />\n&nbsp;<br />\n另外再提供一种方法，在swordman.chr这个文件里，记载着你刚刚转职时自动学会的技能，我曾经修改过这里，让阿修罗学会了其他职业的技能<br />\n对了，这文件里面还有人物的各种属性信息<br />\n&nbsp;<br />\nswordmanskill.lst这个文件里有，看不懂英文可以参考skiil.kor.str文件<br />\n测试了一下，那个Fitness growtype好像没什么卵用，改不改都可以<br />\n&nbsp;<img alt=\"\" height=\"493\" src=\"/media/uploads/2023/05/07/image-20230507204402-4.png\" width=\"898\" /><br />\n&nbsp;<br />\n按照这样改，就可以学习血之狂暴 也可以正常使用，但是没伤害，因为技能描述消失了<br />\n文件位置，skiil文件夹下的swordman文件夹，frenzy.skl 这样再找不到我也没办法<br />\n&nbsp;<br />\n测试结果<br />\n1.直接删除前置技能代码段会导致技能选项消失，容易造成技能没伤害或者出错这种情况，所以建议通过修改数值的方法，比如将前置技能修改为短剑精通+1。<br />\n2.skill class和fitness growtype没必要改，改下growtype maximum就可以<br />\n3.建议采用替换的方法，将一些你平常不用的小技能替换为你想要的技能，直接添加当然也可以，但是替换可以减少错误<br />\n等会儿我会再测试，然后做个总结<br />\n&nbsp;<br />\n好了，总算测试完了。本来很简单的事，却花了那么多时间，都是因为当初删掉了前置技能。这几天睡眠不足，做事效率也低了啊。下面是测试的成果，发现红眼觉醒的效果还是蛮华丽的。。。。<br />\n&nbsp;<img alt=\"\" height=\"423\" src=\"/media/uploads/2023/05/07/image-20230507204426-5.png\" width=\"561\" /><br />\n&nbsp;<img alt=\"\" height=\"417\" src=\"/media/uploads/2023/05/07/image-20230507204436-6.png\" width=\"561\" /><br />\n&nbsp;<img alt=\"\" height=\"418\" src=\"/media/uploads/2023/05/07/image-20230507204449-7.png\" width=\"564\" /><br />\n&nbsp;<br />\n下面，做下总结<br />\n首先，先备份pvf文件和你其他要修改的文件。<br />\n1.在技能学习面板上添加技能的方法就是2楼所提的，建议用2楼的格式，注意下POS不要和其他技能完全重复就行，就算稍微遮挡一点也是可以的</p>\n\n<p><br />\n2,至于学习技能的限制，其实只要改下growtype maximum level就行，六个数字代表初始，四转职，暗黑武士，一般来说，改中间四个数字就行了，你要全改也没事。改法举例，0 10 0 0 0 0 就改成10 10 10 10 10 10，就是把0改成最大值就行了，最大值是10就改成10，是1就改成1。觉醒是second growtype maximum level<br />\nskill class可改可不改，没前置技能的技能，比如光剑精通，血之狂暴，就改成4，其他有前置技能的不用改也没事。这个是我的经验，至少对于阿修罗的修改是这样的，你们如果碰到无法学习的情况，就改成4好了。<br />\n以上都在skill文件夹的相应skl文件里改。<br />\n3.关于前置技能的修改，千万不要删掉，否则技能会出错，你可以将前置技能修改为短剑精通+1。短剑精通的代码为12。[pre required skill] 表示前置技能</p>\n\n<p><br />\n4,你们也可以采取替换的方法，将一些平时不用的小技能替换成你想要的技能</p>\n\n<p><br />\n虽然说了很多，但是其实是很简单的。至少阿修罗这样修改后没什么问题<br />\n&nbsp;<br />\n有吧友指出，用那个decrypt修改技能再写入会出错。因为我是用那个可视化工具改的，所以没什么问题，如果谁碰到错误了，不要用那个decrypt来修改技能。我给出的方法只要修改数值就可以了，所以你用那个大众版可视化工具就行了。<br />\n这里也谢谢那位id为三天洗一次的吧友的提醒<br />\n&nbsp;<br />\n话说回来，如果是因为工具问题出错的话，那其实我的方法从一开始就没错啊。。。白花了时间测试，不过至少也提出了个改数值就可以学的方法，也算是有点收获吧<br />\n&nbsp;<br />\n这帖子说了很多废话，其实方法一开始就是对的，只是修改工具有些bug而已。<br />\n添加技能就是2楼方法，学习技能就是改下growtype maximum，总共不过两步而已。添加技能用decryp，修改学习限制用那个可视化工具。<br />\n如果提示技能上限，自己先确认下服务端pvf有没有完全同步，有没有重启服务端<br />\n&nbsp;<br />\n&nbsp;</p>\n\n<p>&nbsp;</p>\n\n<p>&nbsp;</p>",
    "auth_users": "学院搬运工",
    "img": "https://dafstatic.oss-cn-beijing.aliyuncs.com/static/title/level4.gif",
    "create_at": "2023-05-07T20:44:52.173",
    "view_num": 1280
}