{
    "content": "<p>[replace avatar ani]<br />\n`[shoes avatar]` -1<br />\n`[breast avatar]` -1<br />\n`[waist avatar]` -1<br />\n`[aurora avatar]` -1<br />\n`[coat avatar]` 106500008<br />\n`[pants avatar]` 106510008<br />\n[/replace avatar ani]</p>\n\n<p>注释说明：<br />\n第一个参数：时装类型<br />\n第二个参数：时装编号 （当参数为-1时为隐藏</p>",
    "auth_users": "学院搬运工",
    "img": "https://dafstatic.oss-cn-beijing.aliyuncs.com/static/title/level4.gif",
    "create_at": "2023-04-16T12:42:49.975",
    "view_num": 227
}