{
    "content": "<p>&nbsp;</p>\n\n<p>&nbsp;</p>\n\n<p>[speech on]<br />\n0 2000 &lt;3::speech_8`灵魂： 咯吱咯吱..呃啊啊力量源源不绝涌出。`&gt;<br />\n注释说明：</p>\n\n<p>参数1：未知<br />\n参数2：角色发言显示的持续时间<br />\n语句在equipment.kor.str里添加</p>",
    "auth_users": "学院搬运工",
    "img": "https://dafstatic.oss-cn-beijing.aliyuncs.com/static/title/level4.gif",
    "create_at": "2023-04-16T12:41:40.507",
    "view_num": 265
}