{
    "content": "<p>&nbsp;</p>\n\n<p>&nbsp;</p>\n\n<p>注释说明：</p>\n\n<p>第一个参数为怪物编号<br />\n第二个参数为怪物等级（数值-1：与自己同等级）<br />\n第三个参数为怪物存在时间 （未测试）<br />\n第四个参数为怪物数量</p>\n\n<p>[summon monster ]<br />\n56123 200 90000 1<br />\n相关参数：</p>\n\n<p>怪物：monster<br />\nAPC：apc</p>\n\n<p>&nbsp;</p>",
    "auth_users": "学院搬运工",
    "img": "https://dafstatic.oss-cn-beijing.aliyuncs.com/static/title/level4.gif",
    "create_at": "2023-04-16T12:42:08.600",
    "view_num": 384
}