{
    "content": "<p>&nbsp;</p>\n\n<p>&nbsp;</p>\n\n<p>属性：移动速度 + 7，攻击速度加7</p>\n\n<p>[stat]<br />\n&#39;move speed &#39; &#39;+&#39; 70<br />\n[stat]<br />\n&#39;attack speed &#39; &#39;+&#39; 70</p>\n\n<p>--------------------------------------------------------------------------------</p>\n\n<p>力量每400追加力量 20 。 （最大增加至100）：</p>\n\n<p>[stat change by stat]<br />\n`myself`-1 `physical attack` 400 `physical attack` `+` 20 100</p>\n\n<p>第一个参数为对象<br />\n第二个参数为范围<br />\n第三个参数为属性<br />\n第四个参数为第三个参数数值<br />\n第五个参数为属性<br />\n第六个参数为运算符：如+，-，%等<br />\n第七个参数为增加的数值<br />\n第八个参数为最大值</p>\n\n<p>--------------------------------------------------------------------------------</p>\n\n<p>参数相关</p>\n\n<p>攻击型：</p>\n\n<p>胜点：vp<br />\n火属性抵抗：fire element<br />\n暗属性抵抗：dark element<br />\n光属性抵抗：light element<br />\n水属性抵抗：water element<br />\n火属性强化：fire attack<br />\n暗属性强化：drak attack<br />\n光属性强化：light attack<br />\n水属性强化：water attack<br />\n【所有元素】：all elemental<br />\n力量值：physical attack<br />\n体力值：physical defense<br />\n智力值：magical attack<br />\n精神值：magical defense<br />\n攻击速度：attack speed<br />\n施放速度：cast speed<br />\n移动速度：move speed<br />\n跳跃力：jump power<br />\n装备物理攻击力：equipment physical attack<br />\n装备魔法攻击力：equipment magical attack<br />\n装备物理防御力：equipment physical defense<br />\n装备魔法防御力：equipment magical defense<br />\n装备独立攻击力：separate attack<br />\n物理暴击：physical critical hit (rate)<br />\n魔法暴击：magical critical hit (rate)<br />\n命中率（负数显示为正）：stuck<br />\n回避率（除以10）：stuck resistance<br />\n硬直：hit recovery<br />\n技能冷却时间：skill cool time<br />\n城镇移动速度：room list move speed rate<br />\n防御型：</p>\n\n<p><br />\nHP最大值增加：HP MAX<br />\nMP最大值增加：MP MAX<br />\nHP恢复速度：HP regen speed<br />\nMP恢复速度：MP regen speed<br />\n负重：inventory limit<br />\n火属性抗性：fire resistance<br />\n暗属性抗性：dark resistance]<br />\n光属性抗性：light resistance<br />\n水属性抗性：water resistance<br />\n所有属性抗性：all elemental resistance<br />\n失明抗性：blind resistance<br />\n感电抗性：lightning resistance<br />\n灼伤抗性：lightning resistance<br />\n冰冻抗性：freeze resistance<br />\n束缚抗性：hold resistance<br />\n睡眠抗性：sleep resistance<br />\n出血抗性：bleeding resistance<br />\n混乱抗性：confuse resistance<br />\n诅咒抗性：curse resistance<br />\n石化抗性：stone resistance<br />\n所有异常状态抗性：all activestatus resistance<br />\n随机：any</p>\n\n<p>&nbsp;</p>",
    "auth_users": "学院搬运工",
    "img": "https://dafstatic.oss-cn-beijing.aliyuncs.com/static/title/level4.gif",
    "create_at": "2023-04-16T12:42:36.981",
    "view_num": 377
}