{
    "content": "<p>by:别叫我空神</p>\n\n<p>http://tieba.baidu.com/p/4049523418</p>\n\n<p><br />\n2660000-2660006------------2010儿童节套<br />\n2660014-2660041-----------2010夏日套<br />\n2660052-2660079-------2010中秋套</p>\n\n<p><br />\n2660083随机宠物<br />\n2660088-~119-------2010圣诞<br />\n2660121~136---------2011春节<br />\n2660137~168-------2011学生套<br />\n2660187~190-------2011单身套<br />\n2660191~198-------使徒光环<br />\n2660199~230--------2011儿童节套<br />\n2660241~271-------2011夏日套<br />\n2660299~322------2011中秋使徒套<br />\n2660360~390-------2011服务生套<br />\n2660393~395-------商城随机袋395为白金徽章袋<br />\n2660434~451---------2011圣诞领主套<br />\n2660463~536---------2011金龙套</p>\n\n<p>2660239----------角色拓展</p>\n\n<p>701～717----动物套<br />\n721～32------导师套<br />\n746～57------结婚套<br />\n765～788------守卫套<br />\n868～889－-----09国庆套<br />\n964～991－--------大头<br />\n993～999---------童话王国<br />\n7840～7842------独角兽目前就只找到这么多,欢迎补充</p>\n\n<p>&nbsp;</p>",
    "auth_users": "学院搬运工",
    "img": "https://dafstatic.oss-cn-beijing.aliyuncs.com/static/title/level4.gif",
    "create_at": "2023-04-16T12:57:00.267",
    "view_num": 523
}