{
    "content": "<p>&nbsp;&nbsp; pvf&rarr;equipment&rarr;character&rarr;partset<br />\n鬼剑<br />\n剑圣<br />\n3choroset&nbsp; 飞散之风<br />\n3choroset2 一骑挡千剑气<br />\n3choroset3 空间分裂<br />\n魔神<br />\n3choroset4 野蛮狂人<br />\n3choroset5 血腥虐杀<br />\n3choroset6 黑暗血痕<br />\n修罗<br />\n3choroset7 无形狂波<br />\n3choroset8 终极波动冰爆裂<br />\n3choroset9 大地节制<br />\n鬼泣<br />\n3choroset10忘却墓碑<br />\n3choroset11刀魂<br />\n3choroset12夜叉大将</p>\n\n<p>格斗<br />\n气功<br />\n3choroset13急袭持久<br />\n3choroset14念气增幅<br />\n3choroset15神圣之光的支援者<br />\n武神<br />\n3choroset16破坏神打击<br />\n3choroset17碎颚上勾拳<br />\n3choroset18雷电瞬击<br />\n街霸<br />\n3choroset19混浊穿越<br />\n3choroset20街头隐秘<br />\n3choroset21剧烈爆弹<br />\n柔道<br />\n3choroset22持续回旋<br />\n3choroset23天空守护<br />\n3choroset24破坏者回转一击</p>\n\n<p>暗夜<br />\n刺客<br />\n3choroset25影之瞬移<br />\n3choroset26连续攻击<br />\n3choroset27灭绝迅猛风暴<br />\n死灵<br />\n3choroset28暗黑的破坏者<br />\n3choroset29蜘蛛王子<br />\n3choroset30死亡灵魂</p>\n\n<p>枪<br />\n鳗鱼<br />\n3choroset31难以捉摸的心<br />\n3choroset32标准程序<br />\n3choroset33普利赛斯之火<br />\n枪炮<br />\n3choroset34密集轰炸<br />\n3choroset35破碎坚硬<br />\n3choroset36冲刺硬盾<br />\n机械<br />\n3choroset37深植<br />\n3choroset38腐蚀气泡<br />\n3choroset39变形狂<br />\n弹药<br />\n3choroset40火焰辅助<br />\n3choroset41二次打击<br />\n3choroset42基本投掷</p>\n\n<p>圣职者（无复仇）<br />\n圣骑<br />\n3choroset43沉默之誓<br />\n3choroset44胜利呐喊<br />\n3choroset45天之启示<br />\n驱魔<br />\n3choroset46巨兵碎骨<br />\n3choroset47逆袭的机会<br />\n3choroset48魂魄的救赎<br />\n3choroset49束缚奥义<br />\n蓝拳<br />\n3choroset50无言的伪装者<br />\n3choroset51恶魔瞬灭<br />\n3choroset52无限能力<br />\n复仇<br />\n3choroset65死亡的加护<br />\n3choroset66荆棘藤蔓<br />\n3choroset67灾难的流动</p>\n\n<p>女法师<br />\n元素<br />\n3choroset53元素放大<br />\n3choroset54黑暗火焰冲击<br />\n3choroset55明亮冰晶<br />\n战法<br />\n3choroset56极限冲击<br />\n3choroset57利落散打<br />\n3choroset58双重钢铁意志<br />\n召唤<br />\n3choroset59自由精神<br />\n3choroset60节制的契约<br />\n3choroset61火神的关系<br />\n魔道<br />\n3choroset62绝对零度世界<br />\n3choroset63先驱者的足迹<br />\n3choroset64火红燃烧的红焰</p>\n\n<p>男法<br />\n爆破<br />\n3choroset68闪电风暴深渊<br />\n3choroset69冰雨深渊<br />\n3choroset70终极元素术士<br />\n冰洁<br />\n3choroset71雪花地狱<br />\n3choroset72冰箭射击<br />\n3choroset73终极冰术士</p>\n\n<p>3choroset74未知</p>\n\n<p>&nbsp;</p>",
    "auth_users": "学院搬运工",
    "img": "https://dafstatic.oss-cn-beijing.aliyuncs.com/static/title/level4.gif",
    "create_at": "2023-04-16T12:57:40.390",
    "view_num": 625
}