{
    "content": "<p>&nbsp;&nbsp; by:paulfeirong0<br />\nhttp://tieba.baidu.com/p/4058212733</p>\n\n<p>&nbsp;</p>\n\n<p>70SS轻甲<br />\n阿法利亚之息<br />\n海岸三番街之息<br />\n斯顿雪域冰霜<br />\n西海岸之息<br />\n赫顿玛尔之息<br />\n70SS皮甲<br />\n冥王之预言<br />\n冥王之破魔<br />\n冥王之诡术<br />\n冥王之幻影<br />\n龙光隐翼<br />\n70SS板甲<br />\n领主的灭魂<br />\n皮埃罗的复仇<br />\n血武之魂<br />\n圣战之威<br />\n夜深的探索<br />\n70SS布甲<br />\n凝血神咒<br />\n杀手之潜行<br />\n畏惧者的丝绸<br />\n颤栗者的裂心<br />\n神咒之丝绸<br />\n70SS重甲<br />\n邪神之怒一套<br />\n70SS首饰<br />\n时空主宰套</p>\n\n<p>&nbsp;</p>",
    "auth_users": "学院搬运工",
    "img": "https://dafstatic.oss-cn-beijing.aliyuncs.com/static/title/level4.gif",
    "create_at": "2023-04-16T12:58:41.877",
    "view_num": 547
}