{
    "content": "<p>&nbsp;&nbsp;<br />\n100340309----路易斯的毒王手套<br />\n100340310----天之印记<br />\n100340311----神剑梁月的黑手<br />\n100340312----特鲁西亚的念气手套<br />\n100340313----达尔的崩拳手套<br />\n100340314----摩基丝的天击手套<br />\n100340315----米歇尔的神圣手套<br />\n100340316----战场之风云手套<br />\n100340317----艾丁斯的机械手套<br />\n100340318----天双手套<br />\n100340319----堕天使希尔的手套<br />\n100340320----龙之金章<br />\n100340321----信奘的药丸<br />\n100340322----欧文的诅咒</p>\n\n<p>100340334----赫仑的杀戮手套<br />\n100340335----布万加的突击手套<br />\n100340336----神剑梁月的堕落手套<br />\n100340339----罗恩的复仇手套<br />\n100340340----派伊的魔法手套<br />\n100340341----四神之力手套<br />\n100340342----缔造者的战斗手套<br />\n100340343----塔拉库沓的炫彩手套<br />\n100340344----缔造者的守护手套<br />\n100340345----祈求者的召唤手套<br />\n100340346----炼金术师的手套<br />\n100340347----撒旦的黯狱手套</p>\n\n<p>100340463----塞勒斯的战斗手套<br />\n100340464----噬灵之魔怨手套<br />\n100340465----恶魔之魂手套<br />\n100340466----娜塔莉娅的决斗手套<br />\n100340467----洛巴赫的指挥手套</p>\n\n<p>100340297----天才的不败拳套<br />\n100340298----无间者伊奇的魔法手套<br />\n100340299----玛尔的贤者手套<br />\n100340300----风神之怒<br />\n100340301----兰蒂卢斯的指挥手套<br />\n100340302----天族米乌的战斗手套<br />\n100340303----卢克西的狂暴手套<br />\n100340304----超能者的臂章<br />\n100340305----巫地古国之肩章</p>\n\n<p>&nbsp;</p>\n\n<p><br />\n450013----火焰赫瑞克的眼泪<br />\n450014----冰影阿奎利斯之泪<br />\n450015----极光格雷林之泪<br />\n450016----亡魂默克尔之泪<br />\n450003----金刚石碎片<br />\n450004----普拉塔尼的黄金石<br />\n450039----信奘的宝珠<br />\n450100----毁灭之融合石<br />\n450101----支配之融合石<br />\n450102----灵魂之抗体石<br />\n450103----恶灵之闪电石<br />\n450104----恶灵之火焰石<br />\n450105----暗黑血之赤瞳</p>\n\n<p>&nbsp;</p>",
    "auth_users": "学院搬运工",
    "img": "https://dafstatic.oss-cn-beijing.aliyuncs.com/static/title/level4.gif",
    "create_at": "2023-04-16T12:58:03.007",
    "view_num": 494
}