{
    "content": "<p>&nbsp;</p>\n\n<p>&nbsp;2600294 光属性(武器) bead_sieghart.atk<br />\n2600298 火属性(武器) bead_vinoshu.atk<br />\n2600596 冰属性(武器) bead_youngscasa.atk<br />\n2600422 暗属性(武器) bead_wickeddirezie.atk<br />\n2600612 暗属性/物攻+20(武器) bead_jinwickeddirezie.stk</p>\n\n<p>2600374 光强+12(首饰) bead_basilisk.stk<br />\n2600604 火强+20(首饰) bead_jintaumetacow.stk<br />\n2600370 冰强+12(首饰) bead_scasa.stk<br />\n2600369 暗强+12(首饰) bead_apophis.stk 这个在卡片里叫eviledge<br />\n2600586 暗强+9/独立+10(首饰) bead_skullknight.stk<br />\n2600447 独立+46(首饰) bead_bakal.stk<br />\n2600519 全属性+8(首饰) bead_sharan_allhighest.stk<br />\n2600440 力量+30/智力+30(首饰) bead_modification.atk</p>\n\n<p>2600419 魔攻+20/物攻+20(护肩,腰带,鞋子) bead_iris_highest.stk<br />\n2600608 魔攻+20/智力+50(武器,上下衣) bead_jindirezie.stk<br />\n2600610 物攻+15/魔攻+30(武器,上下衣) bead_jinbigghostflu.stk<br />\n2600611 智力+65(武器,上下衣) bead_jinnajalo.stk<br />\n2600606 物攻+45(武器,上下衣) bead_jingkingnugol.stk<br />\n2600675 力量+30/智力+30(武器,上下衣) bead_samuel.stk<br />\n2600539 力量+38(武器,上下衣) bead_enjoshipo.stk</p>\n\n<p>2600613 物暴+10%(护肩) bead_jingunmax.stk<br />\n2600598 魔暴+6%(护肩) bead_irisfortune.stk<br />\n2600543 物暴+3%(护肩,腰带,鞋子) bead_dragon4.stk<br />\n2600544 魔暴+3%(护肩,腰带,鞋子) bead_dragon5.stk<br />\n2600679 物暴+3%魔暴+4%(护肩) bead_fuhrman.stk</p>\n\n<p>2600614 攻击时有1%几率四维各+300(辅助装备) bead_jinranjerus.stk<br />\n2660433 物暴LV+1/物背LV+1/物攻+12(辅助装备) bead_virtues.stk<br />\n2600434 魔暴LV+1/魔背LV+1/魔攻+12(辅助装备) bead_cherubim.stk<br />\n2600435 远古LV+1/不屈LV+1/施放+1%(辅助装备) bead_dominions.stk<br />\n2600545 全属性+3(称号) bead_dragon6.stk<br />\n2600540 物攻+10(称号) bead_dragon1.stk<br />\n2600541 魔攻+10(称号) bead_dragon2.stk<br />\n2600542 独立+15(称号) bead_dragon3.stk<br />\n2600387 物攻+7/魔攻+7(称号) bead_zetes.atk<br />\n2600388 力量+15/智力+15(称号) bead_agaress.stk<br />\n&nbsp;<br />\n&nbsp; &nbsp;<br />\n&nbsp;</p>\n\n<p>&nbsp;</p>\n\n<p>&nbsp;</p>",
    "auth_users": "学院搬运工",
    "img": "https://dafstatic.oss-cn-beijing.aliyuncs.com/static/title/level4.gif",
    "create_at": "2023-04-16T12:58:15.911",
    "view_num": 535
}