{
    "content": "<p>by:烨武封<br />\nhttp://tieba.baidu.com/p/4020617142</p>\n\n<p>&nbsp;</p>\n\n<p>我找的时装都是鬼剑的，代码往后推就是各职业的：<br />\n38 鬼剑士福包（送福气猪称号和小猪宠物）<br />\n74 月下赐教套装（GSD和金牛赐福称号）<br />\n84 库拉德套装（骷髅套装+小老虎宠物）<br />\n100-108 2008时装礼包+称号<br />\n112 人偶团时装<br />\n114人偶称号<br />\n158.159 2宠物礼包<br />\n163 特种部队套+称号<br />\n746 婚礼套装<br />\n765 黑暗守护套装<br />\n865 黑暗守护称号（力）866（智力）<br />\n897 解放调级盒子<br />\n921 天空+15增幅券</p>\n\n<p>965 囧脸大头时装<br />\n966 鸡头时装<br />\n1038 SP+20<br />\n1039-1046 属性石头<br />\n1205 TP+5<br />\n1232 +100000000经验书<br />\n3033-3042 各种晶体<br />\n3228 混沌魔石<br />\n3262-63金色晶体<br />\n3299 虚空魔石<br />\n3331 深渊票</p>\n\n<p>2660851 男枪透明天空<br />\n2660852 女格斗<br />\n2660853 鬼剑<br />\n2660854 男格斗<br />\n2660855 男魔法师<br />\n2660856 暗夜使者<br />\n2660857 女魔法师<br />\n2660858 女神枪手<br />\n2660859 圣职者</p>\n\n<p>4041-4052 4087-4102 各职业转职材料（从任务栏使用，先专职才能觉醒）<br />\n4188-4197 4217-4221 8016-8023 各职业觉醒书<br />\n7036 压缩胶囊<br />\n7040 命运实验<br />\n7422 少女臭脚<br />\n7467 成长武器<br />\n7840 星光宠物<br />\n7941 神器罐子（强烈推荐，开罐子开到死，全是神器）<br />\n7956 蛐蛐宠物<br />\n8048 小巴卡尔宠物<br />\n8213-8220 古老英雄罐子<br />\n8230 +15增幅券<br />\n2600263 遗迹少女<br />\n2600519 全属性强化+8宝珠</p>\n\n<p>2600458 30力30智宝珠<br />\n2660052 夜叉套<br />\n260080 力量称号<br />\n260081 智力称号<br />\n2660084 魔道宠物（这个宠物加技能等级的，没找到SD宠物在哪，希望找到的人分享一下）<br />\n2660023 动物王国称号</p>\n\n<p>10000230 称号盒子，可以开出来所有的称号？<br />\n10000231 宠物蛋盒子，可以发多个<br />\n10000221 50级送称号 60级送神器 70级送远古3首饰套<br />\n2660658 XBOX鬼剑套，挺帅<br />\n2660660 鬼剑棕熊套<br />\n2660581----天使套称号盒子<br />\n2660438- 邪龙套<br />\n2660472 东方龙起套带传送光环<br />\n2660052 夜叉套<br />\n2660370----店员套，换个头发还不错<br />\n2660014----波斯武士套<br />\n2660007----爱丽丝称号<br />\n2660083 男枪的宠物<br />\n1286 纯净的增幅书</p>\n\n<p>260080 力量称号<br />\n2660081 智力称号<br />\n690000045 这个是没有属性的天空套。还附送5个50CC，我闲着没事合了身的70CC<br />\n2600294 光之城主宝珠<br />\n2600596 冰属性攻击宝珠<br />\n2600612 暗属性攻击<br />\n2600298 火属性攻击宝珠<br />\n2600519 全属性+8宝珠<br />\n2600458 30力30智宝珠<br />\n2600416 +攻速宝珠<br />\n10000512 全职业迷你SD礼盒<br />\n2660084 魔道宠物（这个宠物加技能等级的，没找到SD宠物在哪，希望找到的人分享一下）</p>\n\n<p>2600601----真： 风之涡苏宝珠<br />\n2600602----真： 锤王波罗丁宝珠<br />\n2600603----真： 倔强的哈尼克宝珠<br />\n2600605----真： 盗墓王宝珠<br />\n2600606----真： 虫王戮蛊宝珠<br />\n2600604----真： 牛头械王<br />\n2600607----真： 暴戾搜捕团祭司诺比斯宝珠<br />\n2600608----真： 狄瑞吉的幻影宝珠<br />\n2600609----真： 杰诺宝珠<br />\n2600610----真： 巨灵布鲁宝珠<br />\n2600611----真： 咒术师纳扎罗宝珠<br />\n2600612----真： 黑色瘟疫狄瑞吉宝珠<br />\n2600613----真： 长枪麦斯宝珠<br />\n2600614----真： 突击队长兰蒂卢斯宝珠</p>\n\n<p>2660023 动物王国称号<br />\n2660520 鬼剑光环<br />\n101020047 镇魂太刀<br />\n101010045 镇魂巨剑</p>\n\n<p>&nbsp;</p>\n\n<p>&nbsp;</p>",
    "auth_users": "学院搬运工",
    "img": "https://dafstatic.oss-cn-beijing.aliyuncs.com/static/title/level4.gif",
    "create_at": "2023-04-16T12:58:31.154",
    "view_num": 1295
}