{
    "content": "<p>&nbsp;<br />\r\naicharacter文件夹<br />\r\n顾名思义，AI=智能，character=人物<br />\r\n那就是我们所说的APC了。<br />\r\n&nbsp;<br />\r\n一、<br />\r\n打开此文件夹，拉到底部，首先是<br />\r\naicharacter.kor.str<br />\r\n理论上其实就是string，总之游戏中有关APC的文本语言基本都在里面了。理论上文本可随意改动。<br />\r\n&nbsp;<br />\r\naicharacter.lst<br />\r\n理论上就是list列表。里面列出了此文件夹中的所有的aic链接。<br />\r\n&nbsp;<br />\r\noperatingvalue.lst<br />\r\n同样，list列表。里面列出了各种操作值的代码。<br />\r\n如：&#39;jump attack&#39; 7&nbsp;&nbsp; 跳起攻击 7<br />\r\n具体用法我不知<br />\r\n&nbsp;<br />\r\ntowerofdespair_apc.etc<br />\r\n不知是叫绝望之塔还是死亡之塔（原谅我对游戏不熟悉 。。。）<br />\r\n里面有个别APC数据<br />\r\n如：0 1505 1 1 6500 2 1 11509<br />\r\n1505 6500 11509均为APC数据<br />\r\n具体作用我不知<br />\r\n&nbsp;<br />\r\n二、<br />\r\n接下来看到aicharacter文件夹下的子文件夹均为游戏中APC各种数据存放的文件夹，文件夹以APC名称命名。一个文件夹对应一个APC。<br />\r\n如：fighter/28&nbsp;&nbsp; 估计就是28号APC的对应数据。<br />\r\n&nbsp;<br />\r\n打开28文件夹<br />\r\n28.aic<br />\r\n第二行 70 数据， 理论上是人偶等级<br />\r\n&nbsp;<br />\r\n&nbsp;<br />\r\n此行根据英文翻译为状态/速度。具体作用自测。<br />\r\n&nbsp;<br />\r\n&nbsp;<br />\r\n此行为攻击速度<br />\r\n&nbsp;<br />\r\n&nbsp;<br />\r\n此行为自定义技能等级，具体作用自测。。<br />\r\n&nbsp;<br />\r\n&nbsp;<br />\r\n此行远距离攻击反应几率吧，具体效果自测。。<br />\r\n&nbsp;<br />\r\n&nbsp;<br />\r\n这两行都是技能代码，目测可以添加修改使用技能，具体自测。。<br />\r\n&nbsp;<br />\r\n&nbsp;<br />\r\n此行具体作用为，更改某些技能的值，如12 改为0.1。<br />\r\n&nbsp;<br />\r\n&nbsp;<br />\r\n快速使用物品，具体作用自测。。<br />\r\n&nbsp;<br />\r\n&nbsp;<br />\r\n此行理论上为APC装备代码，可修改装备吧。具体自测。。<br />\r\n&nbsp;<br />\r\n&nbsp;<br />\r\n发呆时间。。就是动也不动，具体自测。。200目测是2秒<br />\r\n&nbsp;<br />\r\n&nbsp;<br />\r\n更换目标时间，具体作用自测。。<br />\r\n&nbsp;<br />\r\n&nbsp;<br />\r\n与目标保持的距离<br />\r\n&nbsp;<br />\r\n&nbsp;<br />\r\n好战度<br />\r\n&nbsp;<br />\r\n&nbsp;<br />\r\n视野<br />\r\n&nbsp;<br />\r\n&nbsp;<br />\r\n与目标保持攻击距离<br />\r\n&nbsp;<br />\r\n&nbsp;<br />\r\n出现地点，此处应该是填坐标吧。具体自测<br />\r\n&nbsp;<br />\r\n&nbsp;<br />\r\n调用文件，此文件夹下的文件<br />\r\n&nbsp;<br />\r\n&nbsp;<br />\r\n同样调用文件，理论上为按键顺序，或技能释放吧，具体自测<br />\r\n&nbsp;<br />\r\n&nbsp;<br />\r\n&nbsp;<br />\r\n&nbsp;<br />\r\n&nbsp;<br />\r\n&nbsp;<br />\r\n&nbsp;</p>\r\n\r\n<p>&nbsp;</p>\r\n\r\n<p>&nbsp;</p>",
    "auth_users": "学院搬运工",
    "img": "https://dafstatic.oss-cn-beijing.aliyuncs.com/static/title/level4.gif",
    "create_at": "2023-04-15T14:46:11.762",
    "view_num": 3021
}