{
    "content": "<p>By:1399638188</p>\n\n<p>&nbsp;</p>\n\n<p>商城：newcashshop.etc<br />\n装备说明：equipment.kor.str<br />\n装备路径：equipment.lst</p>\n\n<p><br />\n首先，工具是需要的<br />\n你需要Notepad++，用来打开文件进行修改，<br />\nDecrypt，用来解压pvf和导入修改的文件，<br />\n当然最好是有网络咯。</p>\n\n<p>如果有其他软件有相同功能也可以代替。</p>\n\n<p>首先要用Decrypt解压pvf</p>\n\n<p>由于解压后这东西的庞大以及后续删除非常麻烦，还望三思而行</p>\n\n<p>解压后，如何去寻找你想要修改的武器呢？</p>\n\n<p>在解压的其中的equipment文件夹里面，有着equipment.kor.str总物品文字描述<br />\nequipment.lst 总物品路径描述</p>\n\n<p>用Notepad++打开，ctrl+F就可以查找相关的武器路径<br />\n然后就可以把对应文件用Notepad++打开了</p>\n\n<p>在这里，选择的装备也是有讲究的，因为我并没有专业版，可以凭空创造一个文件加进去<br />\n所以只能在原有的基础上进行替换，那我们希望要什么类型的武器呢？</p>\n\n<p>个人认为，最好的是有</p>\n\n<p>name 物品第一个名字<br />\nname2 代码名字之类的 不需要修改<br />\nbasic explain 基础描述<br />\ndetail explain 详细描述 在游戏里按键可以展开的<br />\nflavor text 物品最低端的灰色文字描述</p>\n\n<p>为什么说这把武器很好呢？<br />\n第一，该有的都有了<br />\n进行修改很方便<br />\n尤其是是flavor text，自带的，可以修改文字用来装逼<br />\n我尝试过给没有flavor text的武器自行添加，均失败告终<br />\n如果有成功的人还望指点一二。<br />\n第二，武器是古老的，已经属于不会再爆出来的了<br />\n但是可以发送邮件给自己，降低了其他的风险性。<br />\n当然了，我是单机玩家，所以无所谓了</p>\n\n<p>因为这个是总索引，所以如果在这里修改了，然后用Dec写入了pvf，那么这武器的描述就会变了。<br />\n也就不需要在武器那边修改了</p>\n\n<p>解压了pvf之后，比如，我们想修改古老的天脊乾坤剑<br />\n怎么搜索呢？<br />\nequipment.kor.str总物品文字描述 里面搜索天脊乾坤劍<br />\n注意这里是繁体,搜索到物品代码是28265</p>\n\n<p>然后在equipment.lst 总物品路径描述里面搜索28265<br />\n搜索到28265 &#39;character/swordman/weapon/beamsword/n_beamswd_hellohella.equ&#39;<br />\n这就是它的位置和文件名,对着点过去即可.</p>\n\n<p>&nbsp;</p>\n\n<p>接着我谈一谈关于修改武器的常见名词解释,也许有一些是错误的<br />\n还望指点出来,不过并不影响你所期望的物品属性和成功率<br />\n以上图为例,从grade开始<br />\n物品掉落区域等级 69</p>\n\n<p>稀有度 3为粉色 4为橙色 5为勇者装备那个颜色<br />\n哪些职业可以用 鬼剑士 黑骑士<br />\n物品可以交易<br />\n最低使用等级75<br />\n力量65<br />\n体力70<br />\n智力72<br />\n精神66<br />\nstuck -12表示命中率+12 如果只写12表示命中率-12<br />\n释放速度加4 虽然写着40 实际只加4 算法不同吧<br />\n这里攻速 移动速度 也适用于这个<br />\n物品价格<br />\n修理价格 应该是耐久度为0需要多少钱修好<br />\n价值什么的 不太明白 反正比上面一个小即可<br />\n装备物理攻击 730-856<br />\n魔法攻击 620-780<br />\n高的写前面 低的在后面<br />\n最后一个是独立攻击 写法一样</p>\n\n<p>grade开始，每一行千万千万要加一个空格！千万别忘记了！如果已有不用加，只需要一个空格即可</p>\n\n<p>我特意囊括了一部分就是让大家看到灰色的区域是包含了一个空格在里面的<br />\n如果不加是无法写入的</p>\n\n<p>&nbsp;</p>\n\n<p>pvf放入Dec解压后是这样的</p>\n\n<p>&nbsp;</p>\n\n<p>总索引修改好后 1 把文件拖进来 2是多余的&rarr;_&rarr; 3 点写入文件<br />\n注意看日志 是否成功 不成功只能继续修改咯<br />\n此时,如果不点写入文件,勾选解密文件,然后点解压单个文件<br />\n就会从pvf里面输出红圈里面的文件进行覆盖现有的</p>\n\n<p>替换成功了 pvf就写好了 武器的修改只需要替换本地DOF里面的文件 然后登录游戏即可<br />\n每次更换只需要游戏关闭，不需要虚拟机关闭也有效果的</p>\n\n<p>&nbsp;</p>\n\n<p>接着刚才的讲<br />\nseparate attack 第一行这个是独立攻击<br />\n下面是技能加成 第一个是职业空格第二个是技能代码空格第三个是技能加成等级<br />\n如果还想加其他的空格后继续添加即可<br />\nDIY武器最重要的就是要按照一模一样的格式写，有空格就加空格<br />\n有换行就换行，有空行就空行，跟着来</p>\n\n<p>再往下ICON 这个是图标<br />\n一开始选择了不太好看的天脊乾坤剑 从ICON开始到move wav 全部替换为其他武器对于的代码<br />\n就可以换武器的外形了 这是一次性换一次性 如果想拼武器的 最好还是不要这样干</p>\n\n<p>称号图标可以修改为装备的，再下面一行是称号动画，只能修改其他称号的</p>\n\n<p>插播着重讲一个编写的技巧！！！</p>\n\n<p>首先一定要备份确认无误的原文件或者半成品文件！</p>\n\n<p>编写武器，不要一次性全部写完再保存，没有谁能够做到完全无错的</p>\n\n<p>写一部分 比如从grade写到 icon上面 点保存，然后用Dec导入，如果成功，立刻导出<br />\n比较一下前后文件的大小，如果从kb变成了几百b，那么必然有代码写错了<br />\n这个时候就把备份的覆盖进来 重新写过<br />\n如果1.51kb变成了1.52kb 也要打开看一下，是否哪个数字后面多了一个0什么的<br />\n一般情况是不会有问题的 但是不排除会有这样的情况发生 那必须把这个0删除</p>\n\n<p>举例<br />\n[elemental property]<br />\n&#39;[water element]&#39;<br />\n表示武器冰属性攻击<br />\n有时候这0.01kb多了一个0变成了<br />\n[elemental property]<br />\n&#39;[water element]&#39; 0<br />\n这样的 那必须删除这个多余的0 同时保证这一行最后有个空格再回车<br />\n然后再次保存再次写入<br />\n如果失败 从备份里面覆盖过来</p>\n\n<p>所以备份一定要时刻做！</p>\n\n<p>写了个半成品 导入成功 也导出成功没变化<br />\n最好先备份一份原来的pvf</p>\n\n<p>然后可以替换pvf，进入游戏，创建一个1级小号，用发邮件的形式看看能否打开邮件<br />\n如果点开邮件瞬间未响应，不要慌，关了游戏，清除邮件，回去继续修改武器吧</p>\n\n<p>循环往复直到最后成功</p>\n\n<p>装备的属性尽量多元化，尽量有自己的特色，尽量不要太变态</p>\n\n<p>差一点没关系的，已经比国服原版牛逼多了，技术在哪怎么会打不过呢</p>\n\n<p>各种装备的特色要自己去找<br />\n比如想加跳跃力，找到墨竹手镯或者苍穹之影，具体位置上文已经讲了<br />\n如果不知道名字的，所以喊你要有网，可以百度加跳跃力的首饰<br />\n然后重复上面的步骤</p>\n\n<p>想要近距离攻击力 搜索天选之剑-格朗，诸如此类的要去参考其他武器的</p>\n\n<p>最好把这些素材全部复制一遍，然后放在桌面新建一个文件夹，改一下文件名<br />\n这样用Note打开也直观明了。</p>\n\n<p>&nbsp;</p>\n\n<p>左边只放一个要修改的武器，右边都是素材，最好改一下名字，不要在原文件改名字哦！</p>\n\n<p>内容<br />\n[if]<br />\n内容<br />\n[/if]<br />\n空行<br />\n[then]<br />\n内容<br />\n[/then]<br />\n空行<br />\n上面这个是触发效果的标准格式 if 开始 if结束 then(这个时候)会有什么什么然后结束(/then)<br />\n第一个内容表示可以挨着其他文字，第二个内容和第三个内容 复制武器特效的时候就有了<br />\n空行表示必须空行 不管下面是什么 都要空行否则就写不进去Dec的<br />\nif里面的很多 对照的武器属性是可以猜出来的<br />\n[duration] 持续时间 [probability]概率等等 这个是硬性最好不变 修改下面的文字即可</p>\n\n<p>不熟练的时候，改完一个if then 就保存导入 同时导出验证<br />\n如果OK，替换pvf进入游戏打开邮件看看效果，但不要拿出来直到完全改好<br />\n或者拿出来看看，然后销毁继续修改下一个if then 然后重复</p>\n\n<p>当你的武器、称号修改成功后，找到最初没有修改的pvf<br />\n把对应的索引文件、修改好的武器导入，然后替换本地DOF里面的pvf<br />\n这样可以尽量减小pvf的体积，反复用同一个pvf修改多次是会体积越来越大的<br />\n所以我们要保证次数越少越好</p>\n\n<p>如果学习了NPK的制作方法，就可以做好放入imagepack2 跟模型替换一样<br />\n这个我还没有去看就不会了<br />\n有兴趣的可以去看看</p>\n\n<p>最后讲一个实例吧<br />\n如何复原原有的战神天袭手套连击伤害加成的效果</p>\n\n<p>&nbsp;</p>\n\n<p>左边第一个为战神套装胜点引发的效果<br />\nstat change 当XX状态为<br />\nVP ＞ +10000 胜点大于10000的时候<br />\nVP＜ +11001 胜点小于11001的时候<br />\n+ 表示是正数<br />\n可以合起来翻译 10000＜VP 即胜点 ＜ 11001<br />\n触发的效果是追加伤害1%</p>\n\n<p>中间的if为战神套连击数引发的效果<br />\n冷却时间为20秒<br />\n连击数到达100的时候 触发(then)效果为持续20秒的攻速、释放加成10%<br />\n因为我们想要的是连击数加成伤害<br />\n只需要把左边的vp换成combo 胜点换成连击数<br />\n然后修改对应加成伤害 以及连击数即可 原来是胜点数<br />\n然后就变成了最右边的成品 连击数在20-50之内 伤害追加5%<br />\n之后的继续换即可</p>\n\n<p>关于装备说明同步的问题<br />\n修改了总文字描述，保存了，放进了pvf了<br />\n就即时生效<br />\n即使你是用文件名不一致的文件写入，一样会变成总文字描述的武器说明</p>\n\n<p>如果不放心，可以在总文字描述输入pvf之后，把要修改的武器也输出一遍</p>\n\n<p>&nbsp;</p>\n\n<p>这个是移动速度，攻击速度，释放速度的写法，30表示加成值为3%</p>\n\n<p>另外我发现骨戒、古老的骨戒、克罗之戒在很多版本里面都被删除了效果<br />\n类似的还有遗忘男爵、征服者之翼之类的领主伤害加成</p>\n\n<p>&nbsp;</p>\n\n<p>图为对龙族伤害加成12% 恶魔族伤害加成23% 破招攻击力加成25%<br />\n分别可以在雪之荣誉、嗜灵之戒、黑色瘟疫系列腰带里面找到<br />\n可以看到第一段和第二段除去伤害变化之外 区别只有一个 dragon 龙 和 devil 恶魔 的区别<br />\n如果知道其他怪物英文名，替换也是可以实现的</p>",
    "auth_users": "学院搬运工",
    "img": "https://dafstatic.oss-cn-beijing.aliyuncs.com/static/title/level4.gif",
    "create_at": "2023-04-16T09:09:21.739",
    "view_num": 2701
}