{
    "content": "<p>&nbsp;&nbsp;</p>\n\n<p>map文件夹<br />\n指游戏副本文件夹<br />\n&nbsp;<br />\n此目录下每个文件夹均为一个副本<br />\n&nbsp;<br />\n如：1stbackbone，为第一脊椎<br />\n&nbsp;<br />\n打开后，如图：<br />\n&nbsp;<img alt=\"\" height=\"384\" src=\"/media/uploads/2023/04/16/image-20230416161736-1.png\" width=\"362\" /><br />\n&nbsp;<br />\n首先，以map后缀的文件均为每一小格地图，部分特殊除外<br />\n接着，我们看到的许多S、E、H开头的文件，这里解释一下<br />\nE为easy，H为hard，N为normal，B为boss，S为star。<br />\n部分通用。S为进去副本的第一张地图，B为BOSS地图，其余根据英文可直接对应。<br />\n&nbsp;<br />\n然后编辑b3801(2,2).map文件<br />\n&nbsp;<img alt=\"\" height=\"66\" src=\"/media/uploads/2023/04/16/image-20230416161753-2.png\" width=\"131\" /><br />\n&nbsp;<br />\n地牢代码<br />\n&nbsp;<img alt=\"\" height=\"51\" src=\"/media/uploads/2023/04/16/image-20230416161800-3.png\" width=\"116\" /><br />\n&nbsp;<br />\n类型：BOSS<br />\n&nbsp;<img alt=\"\" height=\"47\" src=\"/media/uploads/2023/04/16/image-20230416161808-4.png\" width=\"83\" /><br />\n&nbsp;<br />\n根据某大神的提示，CC为下，代表此图的出口或入口只有一个，那就是下。根据这个代码也可分析出到底是哪个地图。<br />\n&nbsp;<img alt=\"\" height=\"64\" src=\"/media/uploads/2023/04/16/image-20230416161819-5.png\" width=\"250\" /><br />\n&nbsp;<br />\n可无视<br />\n&nbsp;<img alt=\"\" height=\"106\" src=\"/media/uploads/2023/04/16/image-20230416161824-6.png\" width=\"181\" /><br />\n&nbsp;<br />\n这3个可无视，具体作用我不知，没试过。分别为远，中，近视野什么东西的。<br />\n&nbsp;<img alt=\"\" height=\"39\" src=\"/media/uploads/2023/04/16/image-20230416161829-7.png\" width=\"298\" /><br />\n&nbsp;<br />\n跟传送门有关吧。<br />\n&nbsp;<img alt=\"\" height=\"63\" src=\"/media/uploads/2023/04/16/image-20230416161838-8.png\" width=\"194\" /><br />\n&nbsp;<br />\n被动目标，具体作用我不知，自测。。<br />\n&nbsp;<img alt=\"\" height=\"96\" src=\"/media/uploads/2023/04/16/image-20230416161844-9.png\" width=\"391\" /><br />\n&nbsp;<br />\n这段便是此图中所存在的怪物信息。<br />\n251是怪物代码，后面数值具体作用不知，未测试。<br />\nnormal为普通，可改为BOSS，代表这个怪物为BOSS<br />\n&nbsp;<br />\n完。。。</p>\n\n<p>&nbsp;</p>\n\n<p>&nbsp;</p>",
    "auth_users": "学院搬运工",
    "img": "https://dafstatic.oss-cn-beijing.aliyuncs.com/static/title/level4.gif",
    "create_at": "2023-04-16T08:48:25.161",
    "view_num": 2439
}