{
    "content": "<p>by:四区恢复<br />\nhttp://tieba.baidu.com/p/4049206024<br />\n&nbsp;<br />\n&nbsp;<br />\nPVF文档解释：：：：：：：：：：：：：：：：<br />\n很多也是不清不楚，测试了贴吧放出的PVF编辑工具为不全工具，期待有人放出最全的PVF工具。<br />\nDNF技术交流群 242974612<br />\n&nbsp;<br />\n&nbsp;<br />\n+++aicharacter人工智能<br />\n+++appendage附件<br />\n+++aura光环<br />\n+++cash shop现金店<br />\n+++character字符<br />\n+++chatemoticon聊天表情？待定<br />\n+++clien tonly客户增强？待定<br />\n+++common常见的<br />\n+++creature生物<br />\n+++data数据<br />\n+++dungeon地牢<br />\n+++equipment设备<br />\n+++etc电子不停车收费系统<br />\n+++event事件<br />\n+++item shop物品店<br />\n+++map地图<br />\n+++monster怪物<br />\n+++ n quest 追求 探秘<br />\n+++nexon 公司<br />\n+++npc NPC<br />\n+++passive object 被动对象？<br />\n+++pet 宠物<br />\n+++pvp mission PVP任务<br />\n+++region区域<br />\n+++skill技能<br />\n+++sqr 待定<br />\n+++stackable可堆叠<br />\n+++stage map阶段图<br />\n+++town镇<br />\n+++ui UI<br />\n+++worldmap世界地图<br />\n&nbsp;</p>\n\n<p>&nbsp;</p>",
    "auth_users": "学院搬运工",
    "img": "https://dafstatic.oss-cn-beijing.aliyuncs.com/static/title/level4.gif",
    "create_at": "2023-04-16T09:07:38.492",
    "view_num": 2470
}