{
    "content": "<p>&nbsp;</p>\n\n<p><br />\n装备equipment<br />\n人物character<br />\n宠物creature<br />\n武器weapon<br />\n时装avatar</p>\n\n<p>----------------------------------<br />\n称号title<br />\n手镯wrist<br />\n项链amulet<br />\n戒指ring<br />\n上衣jacket<br />\n下衣pants<br />\n肩膀shoulder<br />\n腰带belt<br />\n靴子shoes<br />\n辅助装备support<br />\n魔法石magicstone</p>\n\n<p>布甲cloth<br />\n重甲harmor<br />\n轻甲larmor<br />\n皮甲leather<br />\n板甲plate</p>\n\n<p>----------------------------------<br />\n武器相关:<br />\n短剑ssword<br />\n太刀katana<br />\n巨剑hsword(lswd)<br />\n钝器club<br />\n光剑beamsword(beamswd)</p>\n\n<p>拳套boxglove(bglove)<br />\n爪claw<br />\n臂铠gauntlet<br />\n手套knuckle<br />\n东方棍tonfa</p>\n\n<p>自动手枪automatic<br />\n手弩bowgun<br />\n手炮hcannon<br />\n步枪musket<br />\n左轮手枪revolver</p>\n\n<p>扫把broom<br />\n棍棒pole<br />\n魔杖rod<br />\n矛spear<br />\n法杖staff</p>\n\n<p>战斧axe<br />\n十字架cross<br />\n念珠rosary<br />\n镰刀scythe<br />\n图腾totem</p>\n\n<p>苦无chakram<br />\n匕首dagger<br />\n双剑twinsword(twinswd)<br />\nvajra<br />\n权杖wand</p>\n\n<p>----------------------------------<br />\n时装:<br />\n光环aura<br />\n帽子cap<br />\n头部hair<br />\n脸部face<br />\n胸部neck<br />\n上衣coat<br />\n下衣pants<br />\n腰部belt<br />\n鞋子shoes<br />\n皮肤skin</p>",
    "auth_users": "学院搬运工",
    "img": "https://dafstatic.oss-cn-beijing.aliyuncs.com/static/title/level4.gif",
    "create_at": "2023-04-16T09:10:39.694",
    "view_num": 1670
}