{
    "content": "<p>[width]（宽度）<br />\n40<br />\n10<br />\n[ability category]（能力范畴）<br />\n&quot;[HP MAX]&quot;（最大生命值）<br />\n&quot;*&quot;<br />\n70<br />\n&quot;[EQUIPMENT_PHYSICAL_ATTACK]&quot;（物理攻击力）<br />\n&quot;*&quot;<br />\n90<br />\n&quot;[EQUIPMENT_PHYSICAL_DEFENSE]&quot;（物理防御力）<br />\n&quot;*&quot;<br />\n90<br />\n&quot;[EQUIPMENT_MAGICAL_ATTACK]&quot;（魔法攻击力）<br />\n&quot;*&quot;<br />\n90<br />\n&quot;[EQUIPMENT_MAGICAL_DEFENSE]&quot;（魔法防御力）<br />\n&quot;*&quot;<br />\n90<br />\n[/ability category]（能力范畴）<br />\n[category]（类别）<br />\n&quot;[human]&quot;（人类）<br />\n&quot;[goblin]&quot;（哥布林）<br />\n&quot;[melee combat]&quot;（混战战斗）<br />\n&quot;[close-passive]&quot;（封闭被动）<br />\n[/category]（类别）<br />\n[level]（等级）<br />\n1<br />\n6<br />\n[move speed]（移动速度）<br />\n300<br />\n300<br />\n[attack speed]（攻击速度）<br />\n400<br />\n400<br />\n[cast speed]（投掷速度）<br />\n700<br />\n790<br />\n[hit recovery]（命中率）<br />\n500<br />\n500<br />\n[weight]（重量）<br />\n45000<br />\n45000<br />\n[sight]（视线）<br />\n300<br />\n[targeting nearest]（瞄准最近）<br />\n1<br />\n[warlike]（好战度）<br />\n60<br />\n[attack delay]（攻击延迟）<br />\n1500<br />\n[stuckbonus on damage]（缠绕上的损伤）<br />\n0<br />\n0<br />\n0<br />\n0<br />\n[item]（掉落）<br />\n1000（物品编码)<br />\n50(几率，百分之五）<br />\n1047<br />\n200<br />\n1004<br />\n100<br />\n[/item]<br />\n[common champion drop item]<br />\n[/common champion drop item]<br />\n[attack kind]（攻击种类）<br />\n15.00<br />\n1.00<br />\n1.00<br />\n1<br />\n0<br />\n0<br />\n0<br />\n0<br />\n0<br />\n0<br />\n0<br />\n0<br />\n100.00<br />\n0.00<br />\n0.00<br />\n0<br />\n50<br />\n0<br />\n50<br />\n0<br />\n50<br />\n0<br />\n50<br />\n0<br />\n[/attack kind]（攻击种类）<br />\n[die effect]（模效应）<br />\n0<br />\n1<br />\n0<br />\n[face image]（人脸图像）<br />\n&quot;Monster/MonsterFace.img&quot;<br />\n0<br />\n[waiting motion]（等待运动）<br />\n&quot;Animation_Goblin2/Stay.ani&quot;<br />\n[move motion]（运动）<br />\n&quot;Animation_Goblin2/Move.ani&quot;<br />\n[sit motion]<br />\n&quot;Animation_Goblin2/Sit.ani&quot;<br />\n[damage motion 1]（损伤运动1）<br />\n&quot;Animation_Goblin2/Damage1.ani&quot;<br />\n[damage motion 2]（损伤运动2）<br />\n&quot;Animation_Goblin2/Damage2.ani&quot;<br />\n[down motion]（倒下运动）<br />\n&quot;Animation_Goblin2/Down.ani&quot;<br />\n[overturn motion]（翻转运动）<br />\n&quot;Animation_Goblin2/Overturn.ani&quot;<br />\n[attack motion]（攻击运动）<br />\n&quot;Animation_Goblin2/Attack1.ani&quot;<br />\n&quot;Animation_Goblin2/Stay.ani&quot;<br />\n[/attack motion]（攻击运动）<br />\n[attack info]（攻击信息）<br />\n&quot;AttackInfo/Attack1.atk&quot;<br />\n&quot;&quot;<br />\n[/attack info]（攻击信息）<br />\n[name]（名字）<br />\n&lt;7::name_660&gt;<br />\n[speech on situation]（情景演讲）<br />\n&quot;[on revenge]&quot;（复仇）<br />\n&lt;7::speech_on_situation_610&gt;<br />\n0<br />\n&quot;[on revenge]&quot;（复仇）<br />\n&lt;7::speech_on_situation_615&gt;<br />\n0<br />\n&quot;[on etc]&quot;<br />\n&lt;7::speech_on_situation_620&gt;<br />\n0<br />\n&quot;[on etc]&quot;<br />\n&lt;7::speech_on_situation_625&gt;<br />\n0<br />\n&quot;[on etc]&quot;<br />\n&lt;7::speech_on_situation_665&gt;<br />\n0<br />\n&quot;[on etc]&quot;<br />\n&lt;7::speech_on_situation_670&gt;<br />\n0<br />\n&quot;[on village]&quot;<br />\n&lt;7::village_goblin_1&gt;<br />\n0<br />\n&quot;[on village]&quot;<br />\n&lt;7::village_goblin_2&gt;<br />\n0<br />\n&quot;[on village]&quot;<br />\n&lt;7::village_goblin_3&gt;<br />\n0<br />\n&quot;[on village]&quot;<br />\n&lt;7::village_goblin_4&gt;<br />\n0<br />\n&quot;[on village]&quot;<br />\n&lt;7::village_goblin_5&gt;<br />\n0<br />\n&quot;[on village]&quot;<br />\n&lt;7::village_goblin_6&gt;<br />\n0<br />\n&quot;[on village]&quot;<br />\n&lt;7::village_goblin_7&gt;<br />\n0<br />\n&quot;[on village]&quot;<br />\n&lt;7::village_goblin_8&gt;<br />\n0<br />\n[/speech on situation]<br />\n204456385</p>",
    "auth_users": "学院搬运工",
    "img": "https://dafstatic.oss-cn-beijing.aliyuncs.com/static/title/level4.gif",
    "create_at": "2023-04-16T09:11:04.081",
    "view_num": 1849
}