{
    "content": "<p>By:老牛</p>\n\n<p>早说了pvf是游戏的灵魂，要想自己修改，有必要了解一下相关的内容。<br />\n今天介绍下pvf，以及对应目录下文件的作用，算是给修改竖个灯塔，指个路。</p>\n\n<p>&nbsp;<img alt=\"\" height=\"315\" src=\"/media/uploads/2023/04/16/image-20230416170956-1.png\" width=\"552\" /><br />\n还是先上图吧，无图无真相，虽然是我画的，哈哈。<br />\n架设过的基本都了解了，接触最多的就是这个文件，Script.pvf，客户端和服务端都有这个东东，下面来揭开它神秘的面纱。</p>\n\n<p>服务端和客户端都是要读取和校验pvf文件的。<br />\n服务端的数据库操作相关的，比如购买物品后会扣D点，金币等，商城物品的价格都是在pvf里面的。<br />\n客户端的动画、图片、声音资源等的路径也都保存在pvf，根据这个路径调用相关文件，如果没找到相关路径，就会显示红叉，甚至客户端闪退等。</p>\n\n<p>它是以一定的格式封装起来的，所以要想查看和修改里面的内容，要用专业的工具。关于工具使用</p>\n\n<p>&nbsp;<img alt=\"\" height=\"650\" src=\"/media/uploads/2023/04/16/image-20230416171012-2.png\" width=\"324\" /></p>\n\n<p>单个目录或文件介绍：aicharacter：APC人偶之类的<br />\nappendage：附加状态相关的<br />\naura：角色光环<br />\ncashshop：商城或者商店物品的部分配置文件<br />\ncharacter：角色相关，包括副职业<br />\nchatemoticon：聊天表情<br />\nclientonly：客户端的部分配置文件<br />\ncommon：通用调用文件，比如地图传送之类的<br />\ncreature：宠物<br />\ndata：存放的一些技能，ui相关数据<br />\ndungeon：地下城<br />\nequipment：装备<br />\netc：配置文件，包括商城、爆率等等，很多<br />\nevent：活动相关的一些东西<br />\nitemshop：NPC商店<br />\nmap：地图<br />\nmonster：怪物<br />\nn_quest：任务<br />\nnexon：nexon<br />\nnpc：npc<br />\npassiveobject：被动对象，不动的<br />\npet：宠物<br />\npvp_mission：PVP<br />\nregion：区域，目前就三个，阿拉德，天界，以及素喃<br />\nskill：技能相关<br />\nsqr：存放的一些脚本<br />\nstackable：可叠放的物品。物品分两种，一种是装备，不可叠放，一个装备一个格子；一种就是这个，比如无色小晶块，一个格子放999个。<br />\nstagemap：用不到，还没研究过。<br />\ntown：城镇<br />\nui：界面相关<br />\nworldmap：世界地图，比如洛兰，赫顿玛尔、异次元裂缝、素喃、时空之门等。</p>\n\n<p>说明：<br />\n.lst文件相当于一个列表，里面罗列了游戏要用到的东西，所以新增物品记得添加对应的列表。<br />\n.kor.str文件就是语言描述文件，所以对应的文字修改都在这个里面，改装备里面的没用，没有的也可以统一指向到这个里面，比如野猪套套装说明就是这么修复的。国服的pvf里面，对应的是.chn.str。<br />\n每个文件夹下基本都有一个.lst和.kor.str文件。<br />\n关于有哪些kor.str文件，可以看n_string.lst，这个里面全部列出来了。</p>\n\n<p>&nbsp;</p>\n",
    "auth_users": "学院搬运工",
    "img": "https://dafstatic.oss-cn-beijing.aliyuncs.com/static/title/level4.gif",
    "create_at": "2023-04-16T09:10:21.927",
    "view_num": 2352
}