{
    "content": "<p>&nbsp;</p>\n\n<p><br />\nBy：坏人</p>\n\n<p><br />\netc/accountcargo.etc&nbsp;&nbsp; &nbsp;&nbsp;&nbsp; &nbsp;&nbsp;&nbsp; &nbsp;&nbsp;&nbsp; &nbsp;账号金库相关信息//升级[格子&nbsp;&nbsp; &nbsp;存钱&nbsp;&nbsp; &nbsp;材料&nbsp;&nbsp; &nbsp;金币]<br />\netc/auction_recommend_item.etc&nbsp;&nbsp; &nbsp;&nbsp;&nbsp; &nbsp;&nbsp;&nbsp; &nbsp;拍卖行职业装备推荐信息//job[]<br />\netc/channel_info.etc&nbsp;&nbsp; &nbsp;&nbsp;&nbsp; &nbsp;&nbsp;&nbsp; &nbsp;&nbsp;&nbsp; &nbsp;频道信息<br />\netc/craneminigameitem.etc&nbsp;&nbsp; &nbsp;&nbsp;&nbsp; &nbsp;&nbsp;&nbsp; &nbsp;工业区抓娃娃机<br />\netc/deathtowerdialog.etc&nbsp;&nbsp; &nbsp;&nbsp;&nbsp; &nbsp;&nbsp;&nbsp; &nbsp;死亡之塔对话<br />\netc/equipmentpartset.etc&nbsp;&nbsp; &nbsp;&nbsp;&nbsp; &nbsp;&nbsp;&nbsp; &nbsp;套装表<br />\netc/globaltutorialinfo/characterlist.lst&nbsp;&nbsp; &nbsp;创建角色职业体验信息//装备栏[10&nbsp;&nbsp; &nbsp;武器&nbsp;&nbsp; &nbsp;11&nbsp;&nbsp; &nbsp;称号&nbsp;&nbsp; &nbsp;12&nbsp;&nbsp; &nbsp;上衣&nbsp;&nbsp; &nbsp;13&nbsp;&nbsp; &nbsp;肩膀&nbsp;&nbsp; &nbsp;14&nbsp;&nbsp; &nbsp;裤子&nbsp;&nbsp; &nbsp;15&nbsp;&nbsp; &nbsp;鞋子&nbsp;&nbsp; &nbsp;16&nbsp;&nbsp; &nbsp;腰带&nbsp;&nbsp; &nbsp;17&nbsp;&nbsp; &nbsp;项链&nbsp;&nbsp; &nbsp;18&nbsp;&nbsp; &nbsp;手镯&nbsp;&nbsp; &nbsp;19&nbsp;&nbsp; &nbsp;戒指&nbsp;&nbsp; &nbsp;20&nbsp;&nbsp; &nbsp;左槽&nbsp;&nbsp; &nbsp;21&nbsp;&nbsp; &nbsp;右槽]<br />\netc/goldlimitbylevel.etc&nbsp;&nbsp; &nbsp;&nbsp;&nbsp; &nbsp;&nbsp;&nbsp; &nbsp;角色金币上限//[MAX&nbsp; 20E]<br />\netc/growthpowernpcdialog.etc&nbsp;&nbsp; &nbsp;&nbsp;&nbsp; &nbsp;&nbsp;&nbsp; &nbsp;林纳斯的礼物对话<br />\netc/growthpowerrewardbuff.etc&nbsp;&nbsp; &nbsp;&nbsp;&nbsp; &nbsp;&nbsp;&nbsp; &nbsp;林纳斯的礼物奖励<br />\netc/guild.etc&nbsp;&nbsp; &nbsp;&nbsp;&nbsp; &nbsp;&nbsp;&nbsp; &nbsp;&nbsp;&nbsp; &nbsp;&nbsp;&nbsp; &nbsp;公会相关<br />\netc/hiddennpc.etc&nbsp;&nbsp; &nbsp;&nbsp;&nbsp; &nbsp;&nbsp;&nbsp; &nbsp;&nbsp;&nbsp; &nbsp;隐藏的NPC<br />\netc/independent_drop.etc&nbsp;&nbsp; &nbsp;&nbsp;&nbsp; &nbsp;&nbsp;&nbsp; &nbsp;独立掉落<br />\netc/independentdrop.lst&nbsp;&nbsp; &nbsp;&nbsp;&nbsp; &nbsp;&nbsp;&nbsp; &nbsp;&nbsp;&nbsp; &nbsp;异界掉落<br />\netc/itemdictionary/&nbsp;&nbsp; &nbsp;&nbsp;&nbsp; &nbsp;&nbsp;&nbsp; &nbsp;&nbsp;&nbsp; &nbsp;项目字典<br />\netc/itemdictionary/(r)itemdictionary.etc&nbsp;&nbsp; &nbsp;装备辞典<br />\netc/itemdropinfo_common.etc&nbsp;&nbsp; &nbsp;&nbsp;&nbsp; &nbsp;&nbsp;&nbsp; &nbsp;金币掉落<br />\netc/itemdropinfo_control.etc&nbsp;&nbsp; &nbsp;&nbsp;&nbsp; &nbsp;&nbsp;&nbsp; &nbsp;等级金币掉落<br />\netc/linksystem/characlinksystem.etc&nbsp;&nbsp; &nbsp;&nbsp;&nbsp; &nbsp;冒险团经验/金币奖励加成<br />\netc/linksystem/charactermanage.etc&nbsp;&nbsp; &nbsp;&nbsp;&nbsp; &nbsp;冒险团信息<br />\netc/newcashshop.etc&nbsp;&nbsp; &nbsp;&nbsp;&nbsp; &nbsp;&nbsp;&nbsp; &nbsp;&nbsp;&nbsp; &nbsp;商城<br />\netc/pvpchannellist.etc&nbsp;&nbsp; &nbsp;&nbsp;&nbsp; &nbsp;&nbsp;&nbsp; &nbsp;&nbsp;&nbsp; &nbsp;pvp频道信息<br />\netc/pvpmapbasicdata.etc&nbsp;&nbsp; &nbsp;&nbsp;&nbsp; &nbsp;&nbsp;&nbsp; &nbsp;&nbsp;&nbsp; &nbsp;pvp地图信息<br />\netc/pvppracticeailist.etc&nbsp;&nbsp; &nbsp;&nbsp;&nbsp; &nbsp;&nbsp;&nbsp; &nbsp;pvpAPC信息<br />\netc/questshop.etc&nbsp;&nbsp; &nbsp;&nbsp;&nbsp; &nbsp;&nbsp;&nbsp; &nbsp;&nbsp;&nbsp; &nbsp;QP商店信息<br />\netc/sptable.etc&nbsp;&nbsp; &nbsp;&nbsp;&nbsp; &nbsp;&nbsp;&nbsp; &nbsp;&nbsp;&nbsp; &nbsp;&nbsp;&nbsp; &nbsp;SP奖励<br />\netc/titlebook.etc&nbsp;&nbsp; &nbsp;&nbsp;&nbsp; &nbsp;&nbsp;&nbsp; &nbsp;&nbsp;&nbsp; &nbsp;称号簿信息<br />\netc/towerofdespair.etc&nbsp;&nbsp; &nbsp;&nbsp;&nbsp; &nbsp;&nbsp;&nbsp; &nbsp;&nbsp;&nbsp; &nbsp;绝望之塔信息<br />\netc/tw_deleteinvaliditem.etc&nbsp;&nbsp; &nbsp;&nbsp;&nbsp; &nbsp;&nbsp;&nbsp; &nbsp;删除物品<br />\netc/worlddrop.etc&nbsp;&nbsp; &nbsp;&nbsp;&nbsp; &nbsp;&nbsp;&nbsp; &nbsp;&nbsp;&nbsp; &nbsp;世界掉落</p>\n\n<p>&nbsp;</p>\n\n<p>&nbsp;</p>",
    "auth_users": "学院搬运工",
    "img": "https://dafstatic.oss-cn-beijing.aliyuncs.com/static/title/level4.gif",
    "create_at": "2023-04-16T09:11:59.860",
    "view_num": 2590
}