{
    "content": "<p>面板名称中英对照表&nbsp;&nbsp; &nbsp;&nbsp;&nbsp; &nbsp;&nbsp;&nbsp; &nbsp;&nbsp;&nbsp; &nbsp;<br />\n面板：&nbsp;&nbsp; &nbsp;&nbsp;&nbsp; &nbsp;&nbsp;&nbsp; &nbsp;&nbsp;&nbsp; &nbsp;<br />\n&nbsp;&nbsp; &nbsp;&nbsp;&nbsp; &nbsp;&nbsp;&nbsp; &nbsp;&nbsp;&nbsp; &nbsp;<br />\n力量&nbsp;&nbsp; &nbsp;智力&nbsp;&nbsp; &nbsp;体力&nbsp;&nbsp; &nbsp;精神&nbsp;&nbsp; &nbsp;<br />\n#Strength&nbsp;&nbsp; &nbsp;#Intelligence&nbsp;&nbsp; &nbsp;#Vitality&nbsp;&nbsp; &nbsp;#Spirit&nbsp;&nbsp; &nbsp;<br />\n&nbsp;&nbsp; &nbsp;&nbsp;&nbsp; &nbsp;&nbsp;&nbsp; &nbsp;&nbsp;&nbsp; &nbsp;<br />\n物理攻击&nbsp;&nbsp; &nbsp;魔法攻击&nbsp;&nbsp; &nbsp;独立攻击&nbsp;&nbsp; &nbsp;抗魔值&nbsp;&nbsp; &nbsp;<br />\n#Physical Atk&nbsp;&nbsp; &nbsp;#Magic Atk&nbsp;&nbsp; &nbsp;#Base Attack Strength&nbsp;&nbsp; &nbsp;#Exorcism&nbsp;&nbsp; &nbsp;<br />\n&nbsp;&nbsp; &nbsp;&nbsp;&nbsp; &nbsp;&nbsp;&nbsp; &nbsp;&nbsp;&nbsp; &nbsp;<br />\n物理防御&nbsp;&nbsp; &nbsp;魔法防御&nbsp;&nbsp; &nbsp;僵直度&nbsp;&nbsp; &nbsp;硬直&nbsp;&nbsp; &nbsp;<br />\n#Physical Def&nbsp;&nbsp; &nbsp;#Magic Def&nbsp;&nbsp; &nbsp;#Immobility&nbsp;&nbsp; &nbsp;#Hit Recovery&nbsp;&nbsp; &nbsp;<br />\n&nbsp;&nbsp; &nbsp;&nbsp;&nbsp; &nbsp;&nbsp;&nbsp; &nbsp;&nbsp;&nbsp; &nbsp;<br />\n暴击率&nbsp;&nbsp; &nbsp;魔法暴击率&nbsp;&nbsp; &nbsp;&nbsp;&nbsp; &nbsp;&nbsp;&nbsp; &nbsp;<br />\n#Critical&nbsp;&nbsp; &nbsp;#Magic Critical&nbsp;&nbsp; &nbsp;&nbsp;&nbsp; &nbsp;&nbsp;&nbsp; &nbsp;<br />\n&nbsp;&nbsp; &nbsp;&nbsp;&nbsp; &nbsp;&nbsp;&nbsp; &nbsp;&nbsp;&nbsp; &nbsp;<br />\n攻击速度&nbsp;&nbsp; &nbsp;释放速度&nbsp;&nbsp; &nbsp;移动速度&nbsp;&nbsp; &nbsp;&nbsp;&nbsp; &nbsp;<br />\n#Attack Spd&nbsp;&nbsp; &nbsp;#Casting Spd&nbsp;&nbsp; &nbsp;#Movement Spd&nbsp;&nbsp; &nbsp;&nbsp;&nbsp; &nbsp;<br />\n&nbsp;&nbsp; &nbsp;&nbsp;&nbsp; &nbsp;&nbsp;&nbsp; &nbsp;&nbsp;&nbsp; &nbsp;<br />\nHP回复率&nbsp;&nbsp; &nbsp;MP回复率&nbsp;&nbsp; &nbsp;命中率&nbsp;&nbsp; &nbsp;回避率&nbsp;&nbsp; &nbsp;<br />\n#HP Recovery&nbsp;&nbsp; &nbsp;#MP Recovery&nbsp;&nbsp; &nbsp;#Hit Rate&nbsp;&nbsp; &nbsp;#Evasion Rate&nbsp;&nbsp; &nbsp;<br />\n&nbsp;&nbsp; &nbsp;&nbsp;&nbsp; &nbsp;&nbsp;&nbsp; &nbsp;&nbsp;&nbsp; &nbsp;<br />\n火属性强化&nbsp;&nbsp; &nbsp;冰属性强化&nbsp;&nbsp; &nbsp;光属性强化&nbsp;&nbsp; &nbsp;暗属性强化&nbsp;&nbsp; &nbsp;<br />\n#Fire Dmg&nbsp;&nbsp; &nbsp;#Water Dmg&nbsp;&nbsp; &nbsp;#Light Dmg&nbsp;&nbsp; &nbsp;#Shodow Dmg&nbsp;&nbsp; &nbsp;<br />\n&nbsp;&nbsp; &nbsp;&nbsp;&nbsp; &nbsp;&nbsp;&nbsp; &nbsp;&nbsp;&nbsp; &nbsp;<br />\n火属性抗性&nbsp;&nbsp; &nbsp;冰属性抗性&nbsp;&nbsp; &nbsp;光属性抗性&nbsp;&nbsp; &nbsp;暗属性抗性&nbsp;&nbsp; &nbsp;<br />\n#Fire Resist&nbsp;&nbsp; &nbsp;#Water Resist&nbsp;&nbsp; &nbsp;#Light Resist&nbsp;&nbsp; &nbsp;#Shadow Resist&nbsp;&nbsp; &nbsp;</p>\n\n<p>&nbsp;</p>",
    "auth_users": "学院搬运工",
    "img": "https://dafstatic.oss-cn-beijing.aliyuncs.com/static/title/level4.gif",
    "create_at": "2023-04-16T09:11:38.827",
    "view_num": 1514
}