{
    "content": "<p>&nbsp;</p>\n\n<p>PVF参数代码对照表&nbsp;&nbsp; &nbsp;&nbsp;&nbsp; &nbsp;&nbsp;&nbsp; &nbsp;&nbsp;&nbsp; &nbsp;<br />\n重量(千分之一)&nbsp;&nbsp; &nbsp;物品負重上限(數值/1000)&nbsp;&nbsp; &nbsp;&nbsp;&nbsp; &nbsp;&nbsp;&nbsp; &nbsp;<br />\n[weight] &nbsp;&nbsp; &nbsp;[inventory limit] &nbsp;&nbsp; &nbsp;&nbsp;&nbsp; &nbsp;&nbsp;&nbsp; &nbsp;<br />\n&nbsp;&nbsp; &nbsp;&nbsp;&nbsp; &nbsp;&nbsp;&nbsp; &nbsp;&nbsp;&nbsp; &nbsp;<br />\n力量&nbsp;&nbsp; &nbsp;體力&nbsp;&nbsp; &nbsp;智力&nbsp;&nbsp; &nbsp;精神&nbsp;&nbsp; &nbsp;<br />\n[physical attack] &nbsp;&nbsp; &nbsp;[physical defense] &nbsp;&nbsp; &nbsp;[magical attack] &nbsp;&nbsp; &nbsp;[magical defense] &nbsp;&nbsp; &nbsp;<br />\n&nbsp;&nbsp; &nbsp;&nbsp;&nbsp; &nbsp;&nbsp;&nbsp; &nbsp;&nbsp;&nbsp; &nbsp;<br />\n命中率(數值為負數)&nbsp;&nbsp; &nbsp;迴避率(實際=數值/10)&nbsp;&nbsp; &nbsp;僵直&nbsp;&nbsp; &nbsp;跳躍力&nbsp;&nbsp; &nbsp;<br />\n[stuck]&nbsp;&nbsp; &nbsp;[stuck resistance]&nbsp;&nbsp; &nbsp;[hit recovery] &nbsp;&nbsp; &nbsp;[jump power] &nbsp;&nbsp; &nbsp;<br />\n&nbsp;&nbsp; &nbsp;&nbsp;&nbsp; &nbsp;&nbsp;&nbsp; &nbsp;&nbsp;&nbsp; &nbsp;<br />\n移動速度(實際=數值/10)&nbsp;&nbsp; &nbsp;攻擊速度(實際=數值/10)&nbsp;&nbsp; &nbsp;施放速度(實際=數值/10)&nbsp;&nbsp; &nbsp;所有屬性抗性&nbsp;&nbsp; &nbsp;<br />\n[move speed] &nbsp;&nbsp; &nbsp;[attack speed] &nbsp;&nbsp; &nbsp;[cast speed]&nbsp;&nbsp; &nbsp;[all elemental resistance] &nbsp;&nbsp; &nbsp;<br />\n&nbsp;&nbsp; &nbsp;&nbsp;&nbsp; &nbsp;&nbsp;&nbsp; &nbsp;&nbsp;&nbsp; &nbsp;<br />\n物理防御力+200&nbsp;&nbsp; &nbsp;穿刺抗性&nbsp;&nbsp; &nbsp;出血抗性&nbsp;&nbsp; &nbsp;冰凍抗性&nbsp;&nbsp; &nbsp;<br />\n[equipment physical defense] &nbsp;&nbsp; &nbsp;[piercing resistance] &nbsp;&nbsp; &nbsp;[bleeding resistance] &nbsp;&nbsp; &nbsp;[freeze resistance] &nbsp;&nbsp; &nbsp;<br />\n200 200 &nbsp;&nbsp; &nbsp;&nbsp;&nbsp; &nbsp;&nbsp;&nbsp; &nbsp;&nbsp;&nbsp; &nbsp;<br />\n&nbsp;&nbsp; &nbsp;&nbsp;&nbsp; &nbsp;&nbsp;&nbsp; &nbsp;&nbsp;&nbsp; &nbsp;<br />\n闇屬性抗性&nbsp;&nbsp; &nbsp;光屬性抗性&nbsp;&nbsp; &nbsp;水屬性抗性&nbsp;&nbsp; &nbsp;火屬性抗性&nbsp;&nbsp; &nbsp;<br />\n[dark resistance] &nbsp;&nbsp; &nbsp;[light resistance] &nbsp;&nbsp; &nbsp;[water resistance]&nbsp;&nbsp; &nbsp;[fire resistance]&nbsp;&nbsp; &nbsp;<br />\n&nbsp;&nbsp; &nbsp;&nbsp;&nbsp; &nbsp;&nbsp;&nbsp; &nbsp;&nbsp;&nbsp; &nbsp;<br />\nHP最大值&nbsp;&nbsp; &nbsp;MP最大值&nbsp;&nbsp; &nbsp;每分鐘恢復HP()&nbsp;&nbsp; &nbsp;每分鐘恢復MP()&nbsp;&nbsp; &nbsp;<br />\n[HP MAX] &nbsp;&nbsp; &nbsp;[MP MAX] &nbsp;&nbsp; &nbsp;[HP regen speed] &nbsp;&nbsp; &nbsp;[MP regen speed] &nbsp;&nbsp; &nbsp;<br />\n&nbsp;&nbsp; &nbsp;&nbsp;&nbsp; &nbsp;&nbsp;&nbsp; &nbsp;&nbsp;&nbsp; &nbsp;<br />\n物理暴擊率&nbsp;&nbsp; &nbsp;魔法暴擊率&nbsp;&nbsp; &nbsp;&nbsp;&nbsp; &nbsp;&nbsp;&nbsp; &nbsp;<br />\n[physical critical hit] &nbsp;&nbsp; &nbsp;[magical critical hit] &nbsp;&nbsp; &nbsp;&nbsp;&nbsp; &nbsp;&nbsp;&nbsp; &nbsp;<br />\n&nbsp;&nbsp; &nbsp;&nbsp;&nbsp; &nbsp;&nbsp;&nbsp; &nbsp;&nbsp;&nbsp; &nbsp;<br />\n增加強化成功幾率&nbsp;&nbsp; &nbsp;減少強化費用(5%)&nbsp;&nbsp; &nbsp;城鎮內移動速度(數值*100)&nbsp;&nbsp; &nbsp;&nbsp;&nbsp; &nbsp;<br />\n[npc gift disallowance] &nbsp;&nbsp; &nbsp;[npc gift disallowance] &nbsp;&nbsp; &nbsp;[npc gift disallowance] &nbsp;&nbsp; &nbsp;&nbsp;&nbsp; &nbsp;<br />\n1&nbsp;&nbsp; &nbsp;1&nbsp;&nbsp; &nbsp;1&nbsp;&nbsp; &nbsp;&nbsp;&nbsp; &nbsp;<br />\n[upgrade prob increase] &nbsp;&nbsp; &nbsp;[upgrade cost discount] &nbsp;&nbsp; &nbsp;[room list move speed rate] &nbsp;&nbsp; &nbsp;&nbsp;&nbsp; &nbsp;<br />\n1000 Type:0 &nbsp;&nbsp; &nbsp;5.000000 Type:0 &nbsp;&nbsp; &nbsp;0.05&nbsp;&nbsp; &nbsp;&nbsp;&nbsp; &nbsp;</p>\n\n<p>&nbsp;</p>",
    "auth_users": "学院搬运工",
    "img": "https://dafstatic.oss-cn-beijing.aliyuncs.com/static/title/level4.gif",
    "create_at": "2023-04-16T09:11:24.888",
    "view_num": 1757
}