{
    "content": "<h2>需要用到pvf编辑工具：pvfEditor 或者pvfUtility</h2>\n\n<p><span style=\"font-size:14px\">1、根据套装其中的装备名字搜索，找到装备equ文件（基本上目前的pvf编辑工具都带搜索功能）</span></p>\n\n<p><img alt=\"\" height=\"359\" src=\"/media/uploads/2023/05/15/image-20230515215218-1.png\" width=\"983\" /></p>\n\n<p><span style=\"font-size:14px\">2、打开装备equ文件，找到其中的<strong><span style=\"color:#e74c3c\">[part&nbsp;set&nbsp;index]</span></strong>属性，这个就是<strong><span style=\"color:#e74c3c\">套装的id：400002</span></strong><span style=\"color:#27ae60\">（顺带提一句：如果是新建一个套装也是在这里新增这个属性，教程里的这个就是我新增的一个套装）</span></span></p>\n\n<p><span style=\"color:#27ae60\"><img alt=\"\" height=\"545\" src=\"/media/uploads/2023/05/15/image-20230515215434-2.png\" width=\"730\" /></span></p>\n\n<p>&nbsp;</p>\n\n<p>3、根据找到的<strong>套装ID：400002，去etc/equipmentpartset.etc</strong>这个文件搜索，这个就是套装组成文件（<span style=\"color:#27ae60\">如果是新增套装，也就是在这个文件里面新增数据，格式就可以按照其他的照搬，只是唯一要注意的就是添加的套装的部位类型）</span></p>\n\n<p><img alt=\"\" height=\"63\" src=\"/media/uploads/2023/05/15/image-20230515220047-3.png\" width=\"353\" /></p>\n\n<p><img alt=\"\" height=\"622\" src=\"/media/uploads/2023/05/15/image-20230515220655-5.png\" width=\"879\" /></p>\n\n<p>&nbsp;</p>\n\n<p>4、根据路径找到套装属性文件，注意这个路径是在equipment下面，也就是完整路径是<span style=\"color:#e74c3c\">equipment/character/partset/400002.equ</span></p>\n\n<p><img alt=\"\" height=\"701\" src=\"/media/uploads/2023/05/15/image-20230515221008-6.png\" width=\"1049\" /></p>",
    "auth_users": "玲珑",
    "img": "https://dafstatic.oss-cn-beijing.aliyuncs.com/static/title/level6.gif",
    "create_at": "2023-05-15T22:10:17.217",
    "view_num": 1505
}