{
    "content": "<pre>\n<code>套装两种写法.txt - 文本阅读 解放双眼，用手机听书\n\n写法1：\n1.在单件装备上写套装代码\n[part set index]\n    180101\n2.写好套装列表\netc/equipmentpartset.etc\n[equipment part set]\n    180101\n    `character/partset2/180101.equ`\n    `人王之怒 · 千城暮雪胸甲`\n    `[coat]`    2   0\n    `人王之怒 · 千城暮雪戰靴`\n    `[shoes]`   2   0\n    `人王之怒 · 千城暮雪護肩`\n    `[shoulder]`    2   0\n    `人王之怒 · 千城暮雪護腿`\n    `[pants]`   2   0\n    `人王之怒 · 千城暮雪腰帶`\n    `[waist]`   2   0\n[/equipment part set]\n \n首先五件装备都写好指向\n180101是代码\ncharacter/partset2/180101.equ是套装属性的路径\n \n \n \n写法2：新增装备不建议这么写\n把套装属性写到组成套装的一件装备上\n[set item master]\n    820162731\n820162731是这一套装备中的某件装备的代码，套装属性就写到这个代码上\n \n[set name]\n    `黑洞演滅 套裝`\n \n[set item]\n    820162729   820162730   820162731   820162732   820162733\n[t item]\n \n[set ability]\n    [fullset basic explain]\n        `攻擊時,以 10%%對所有敵人發動波塞冬之怒。\n攻擊時，可召喚壹只魔獸怪物協助作戰，最多可存在3只。\n進入地下城後呈現光環特效。\n攻擊時，減少敵人80%%的防禦。\n攻擊時，附加200%%傷害。\n攻擊時，有幾率減少敵人20%%的HP。\n攻擊時，有100%的幾率對敵人造成100萬點致命傷害。\n所有技能CD-70%%。\n力量/智力各增加30%%。`\n    [physical attack]\n        1305\n    [magical attack]\n        1315\n    [equipment physical attack]\n        1300    1400\n    [equipment magical attack]\n        1300    1400\n    [separate attack]\n        1300    1400\n    [move speed]\n        180\n    [attack speed]\n        180\n    [cast speed]\n        180\n    [physical critical hit]\n        80\n    [magical critical hit]\n        80\n    [all elemental attack]\n        350\n    [room list move speed rate]\n        1.0\n    [if]\n        [cooltime]\n            4000\n        [attack success]\n            1\n    [/if]\n    [then]\n        [target]\n            `all enemy` -1\n        [probability]\n            10\n        [passive object]\n            10574   0   0   0   100 0\n            ``\n        [/passive object]\n    [/then]\n    [if]\n        [cooltime]\n            130000\n        [attack success]\n            1\n    [/if]\n    [then]\n        [target]\n            `myself`    -1\n        [duration]\n            100000\n        [reduce duration at pvp module]\n            75\n        [probability]\n            10\n        [summon monster]\n            692801523   110 3\n    [/then]\n    [command]\n        {6=`(UP)`}\n        {8=`,`}\n        {6=`(DOWN)`}\n        {8=`,`}\n        {6=`(CREATURE)`}\n    [/command]\n    [if]\n        [change status]\n            `hp`\n            `&gt;`\n            `%` 0\n            `end`\n        [cooltime]\n            47000\n    [/if]\n    [then]\n        [target]\n            `myself`    -1\n        [passive object]\n            990009  0   0   0   0   -1\n            ``\n        [/passive object]\n    [/then]\n    [if]\n     \n        [if]\n            [start cooltime]\n                47000\n            [change status]\n                `hp`\n                `&gt;`\n                `%` 0\n                `end`\n            [cooltime]\n                47000\n        [/if]\n    [then]\n        [target]\n            `myself`    -1\n        [equipment duration]\n            600000\n        [appendage]\n            712\n        [appendage]\n            713\n        [appendage]\n            714\n        [appendage]\n            715\n        [appendage]\n            716\n        [appendage]\n            717\n    [/then]\n    [if]\n        [attack success]\n            1\n    [/if]\n    [then]\n        [target]\n            `enemy` -1\n        [probability]\n            100\n        [add absolute damage]\n            `all`\n            `+` 1000000\n    [/then]\n    [if]\n        [change status]\n            `hp`\n            `&gt;`\n            `%` 0\n            `end`\n    [/if]\n    [then]\n        [target]\n            `myself`    -1\n        [stat by condition]\n            `physical attack`\n            `%` 30\n        [stat by condition]\n            `magical attack`\n            `%` 30\n    [/then]\n    [if]\n        [attack success]\n            1\n    [/if]\n    [then]\n        [target]\n            `enemy` -1\n        [add absolute damage]\n            `all`\n            `%` 10\n    [/then]\n    [if]\n        [change status]\n            `hp`\n            `&gt;`\n            `%` 0\n            `end`\n    [/if]\n    [then]\n        [target]\n            `myself`    -1\n        [stat by condition]\n            `skill cool time`\n            `%` -70\n    [/then]\n[t ability]\n \n[icon mark]\n    `item/iconmark.img` 0\n \n[possible kiri protect]</code></pre>\n\n<p>&nbsp;</p>",
    "auth_users": "学院搬运工",
    "img": "https://dafstatic.oss-cn-beijing.aliyuncs.com/static/title/level4.gif",
    "create_at": "2023-07-13T21:11:28.998",
    "view_num": 971
}