{
    "content": "<p>[type]</p>\n\n<p>`change status`</p>\n\n<p>相对应的串数据如下：</p>\n\n<p>[string data]<br />\n`equipment physical attack`<br />\n[/string data]</p>\n\n<p>[int data]<br />\n1<br />\n[/int data]</p>\n\n<p>[float data]<br />\n15.00<br />\n[/float data]</p>\n\n<p>说明：装备攻击力增加15。注：可以【添加多个】参数，需要跟【整数运算个数】 【浮动数据个数】相对应。注意【属性攻击】与【三个增益状态】不加浮点。</p>\n\n<p>串数据更改相关：</p>\n\n<p>参数相关</p>\n\n<p>攻击型：</p>\n\n<p><br />\n火属性攻击：fire element<br />\n暗属性攻击：dark element<br />\n光属性攻击：light element<br />\n水属性攻击：water element<br />\n火属性强化：fire attack<br />\n暗属性强化：drak attack<br />\n光属性强化：light attack<br />\n水属性强化：water attack<br />\n力量值：physical attack<br />\n体力值：physical attack<br />\n智力值：magical attack<br />\n精神值：magical defense<br />\n攻击速度：attack speed<br />\n施放速度：cast speed<br />\n移动速度：move speed<br />\n跳跃力：jump power<br />\n装备物理攻击力：equipment physical attack<br />\n装备魔法攻击力：equipment magical attack<br />\n装备物理防御力：equipment physical defense<br />\n装备魔法防御力：equipment magical defense<br />\n装备独立攻击力：separate attack<br />\n物理暴击：physical critical hit<br />\n魔法暴击：magical critical hit<br />\n命中率（负数显示为正）：stuck<br />\n回避率（除以10）：stuck resistance<br />\n硬直：hit recovery<br />\n防御型：</p>\n\n<p><br />\nHP最大值增加：HP MAX<br />\nMP最大值增加：MP MAX<br />\nHP恢复速度：HP regen speed<br />\nMP恢复速度：MP regen speed<br />\n负重：inventory limit<br />\n火属性抗性：fire resistance<br />\n暗属性抗性：dark resistance]<br />\n光属性抗性：light resistance<br />\n水属性抗性：water resistance<br />\n所有属性抗性：all elemental resistance<br />\n失明抗性：blind resistance<br />\n感电抗性：lightning resistance<br />\n灼伤抗性：lightning resistance<br />\n冰冻抗性：freeze resistance<br />\n束缚抗性：hold resistance<br />\n睡眠抗性：sleep resistance<br />\n出血抗性：bleeding resistance<br />\n混乱抗性：confuse resistance<br />\n诅咒抗性：curse resistance<br />\n石化抗性：stone resistance<br />\n所有异常状态抗性：all activestatus resistance</p>",
    "auth_users": "学院搬运工",
    "img": "https://dafstatic.oss-cn-beijing.aliyuncs.com/static/title/level4.gif",
    "create_at": "2023-04-16T12:54:45.406",
    "view_num": 612
}