{
    "total": 34,
    "rows": [
        {
            "id": 4,
            "PatchName": "DOF补丁大合集2022.7",
            "PatchType": "NUT相关",
            "view_num": 1642,
            "Remark": "<p>链接：https://pan.baidu.com/s/1hn6T5TSxRPseq110WU8enw&nbsp;<br />\r\n提取码：tidr</p>",
            "user": "<img height=\"25px\" src=\"https://dafstatic.oss-cn-beijing.aliyuncs.com/static/title/level4.gif\"><span class=\"orange\">学院搬运工</span>",
            "time": "2023-05-21 19:08:38"
        },
        {
            "id": 126,
            "PatchName": "后宫补丁 男的专用你懂的",
            "PatchType": "NUT相关",
            "view_num": 997,
            "Remark": "<p>链接: https://pan.baidu.com/s/18pHb-74eNRXHWCoWMrC9Zw?pwd=n4gt 提取码: n4gt 复制这段内容后打开百度网盘手机App，操作更方便哦 \r\n--来自百度网盘超级会员v2的分享</p>",
            "user": "<img height=\"25px\" src=\"https://dafstatic.oss-cn-beijing.aliyuncs.com/static/title/level4.gif\"><span class=\"orange\">学院搬运工</span>",
            "time": "2023-07-20 14:54:52"
        },
        {
            "id": 220,
            "PatchName": "【分享】1031exe自用插件 - 长期鸽新",
            "PatchType": "NUT相关",
            "view_num": 775,
            "Remark": "<p>链接：https://pan.baidu.com/s/1gkk_36fVNDG6x6ykZq1sRw?pwd=5kw4&nbsp;<br />\n提取码：5kw4&nbsp;<br />\n复制这段内容后打开百度网盘手机App，操作更方便哦</p>\n\n<p>本软件仅供学习交流，如作他用所承受的法律责任一概与作者无关（下载使用即代表你同意上述观点）。<br />\n如果没有1031配套文件先导入配套文件【删除根目录 除文件夹、Script.pvf、audio.xml再导入】<br />\n登录器这边打包狗哥的简易登录器v1.0.8，要用其他登录器自测<br />\n目前未实现功能说明： 202404281735<br />\n1、积分商城【开启后所有商城物品结算成功后闪退】<br />\n2、神话品级的渐变颜色【欢迎大佬咩我】<br />\n3、导师学习技能词条只在指定NPC导师添加<br />\n4、name2显示套装名【欢迎大佬咩我】<br />\n5、旧技能窗模式下对比技能信息的已学习技能数据颜色<br />\n6、分解、卖出、过滤捡物等不考虑添加 因为用不上<br />\n7、组合键为Alt前置是因为没用监视热键【不想用】<br />\n8、想用宽屏和血槽的可以考虑大唐的大合集或者登录器，我有但是我懒得加</p>\n\n<p>202404290123</p>\n\n<p>1、修复&nbsp; 鼠标指向有附加功能的光环时闪退&nbsp;</p>\n\n<p><br />\n202404281735<br />\n#默认免hosts<br />\n#默认外置文本修改游戏字符 \\Plugin\\stringtable.str文件修改<br />\n#以下默认修复与修改<br />\n1、修复登录问题、输入问题<br />\n2、修复疲劳药<br />\n3、修复卡城镇<br />\n4、修复字母I显示<br />\n5、修复字母R显示<br />\n6、修复商城散件页数<br />\n7、修复技能描述行数<br />\n8、修复越级券视频显示<br />\n9、修复组队位置切换按钮<br />\n10、修复地图难度字符为中文<br />\n11、修复双门票系统【未测试】<br />\n12、修复领主之塔通关回城崩溃<br />\n13、修复技能等级宝珠属性颜色<br />\n14、修改可使用等级颜色为绿色<br />\n15、修改全邮件默认开启GM标识<br />\n16、修改分解免等待<br />\n17、Alt+方向键 过图<br />\n#以下为登录前配置功能<br />\n1、服务器IP设置<br />\n2、跳过选择服务器<br />\n3、等级上限<br />\n4、词典等级<br />\n5、霸王契约等级<br />\n6、简体PVF【简体PVF设置1，否则可能乱码】<br />\n7、加载DLL【放\\Plugin\\Dll目录】<br />\n8、物品图标【VZ图标，bug详见 VZ图标修复说明by木青240426.pdf】<br />\n9、NAME2显示【VZ图标自带，部分宠物不显示name2】<br />\n10、品级百分比<br />\n11、品质拓展【扩展传说与神话品级，pvf添加[maximum level] 数值998为传说，999为神话，可双端同步pvf】<br />\n12、血槽百分比<br />\n13、信息颜色修改<br />\n14、右侧导航栏<br />\n15、NPC黄名<br />\n16、角色黄名<br />\n17、GM绿名<br />\n18、AB换装<br />\n19、练习模式【需要修改等级补丁 或者挂frida修复 详见 练习模式说明by木青240427.txt 】<br />\n20、复古评分【显示被击数、操作、技巧】<br />\n20、真英雄级【扩展第5难度 需要pvf修复 详见 英雄级插件开启PVF相关.zip】<br />\n21、佣兵出战【内置stringtable.str已修复该功能的文字错误】<br />\n22、街头争霸<br />\n23、物品栏两栏<br />\n24、复古技能窗【技能风格固定券无效好像】<br />\n25、导师学习技能<br />\n26、人物名称显示<br />\n27、关闭回购商店【需配合frida插件 禁止NPC回购 详见 禁止NPC回购by木青240326.txt】<br />\n28、复制粘贴权限<br />\n29、问号提示窗口【需修复pvf显示内容 自行修复】<br />\n30、技能树技能名称<br />\n31、角色解锁时空碎片<br />\n32、绝望称号簿修复<br />\n33、称号簿限制解除【需要修改修改等级补丁 或者挂frida修复 功能详见蛐蛐大佬帖子】<br />\n34、PVP视野大小扩展【未测试 功能详见老徐的梦想大佬帖子】<br />\n35、PVP外传角色解除限制【未测试 功能详见蛐蛐大佬帖子】<br />\n36、地图难度名称【设置地图难度名称文本 使用&quot;||&quot;隔开 5个难度，数量不对则加载默认修复文本】<br />\n37、物品品级名称【使用&quot;||&quot;隔开 8个品级，数量不对则加载默认文本】<br />\n#以下为功能配置，可通过Home键刷新配置<br />\n1、连发按键【仅在地下城中生效 连发按键字母需为大写 使用||隔开 0为关闭 1开启为输入法英文状态下可连发】<br />\n2、GM模式【1为本地GM 2为真GM 真GM需修改等级补丁、数据库 参考0627大合集方法】<br />\n3、SSS评分<br />\n4、快速出图【翻牌结算后立即回城】<br />\n5、自动拾取【若开启 史诗闪光 深渊房间会停止自动拾取】<br />\n6、深渊闪光【支持传说、神话闪光 闪光代码默认9413 可自定义代码 需要有相应obj 音效为\\Mp3\\epic_take.mp3】<br />\n7、自动翻牌【0为关闭 1 2 3 4 对应翻牌位置】</p>",
            "user": "<img height=\"25px\" src=\"\">木青",
            "time": "2024-04-29 01:42:40"
        },
        {
            "id": 6,
            "PatchName": "各种精修血槽",
            "PatchType": "NUT相关",
            "view_num": 718,
            "Remark": "<p>链接：https://pan.baidu.com/s/1fYgfFMDPYQJI8g6NbtuRZQ?pwd=n3t5&nbsp;<br />\r\n提取码：n3t5</p>",
            "user": "<img height=\"25px\" src=\"https://dafstatic.oss-cn-beijing.aliyuncs.com/static/title/level4.gif\"><span class=\"orange\">学院搬运工</span>",
            "time": "2023-06-04 23:28:25"
        },
        {
            "id": 8,
            "PatchName": "陪你组队的APC",
            "PatchType": "NUT相关",
            "view_num": 440,
            "Remark": "<p>链接：https://pan.baidu.com/s/1LvXL8ApgnOSKrhMepNBcMA?pwd=pojw&nbsp;<br />\r\n提取码：pojw</p>",
            "user": "<img height=\"25px\" src=\"https://dafstatic.oss-cn-beijing.aliyuncs.com/static/title/level4.gif\"><span class=\"orange\">学院搬运工</span>",
            "time": "2023-06-04 23:38:10"
        },
        {
            "id": 160,
            "PatchName": "清风1031补全7585装备及词典 修复个别装备无效果",
            "PatchType": "NUT相关",
            "view_num": 356,
            "Remark": "<p>链接: https://pan.baidu.com/s/1jZKHi2XXB1l0I4kejMVTJw?pwd=p8na 提取码: p8na 复制这段内容后打开百度网盘手机App，操作更方便哦&nbsp;<br />\n--来自百度网盘超级会员v3的分享</p>",
            "user": "<img height=\"25px\" src=\"https://dafstatic.oss-cn-beijing.aliyuncs.com/static/title/level6.gif\"><span class=\"rainbow\">玲珑</span>",
            "time": "2023-09-04 20:48:26"
        },
        {
            "id": 155,
            "PatchName": "古天乐吴孟达装备回收系统(密码123)<span style='margin-left: 2px;padding-left: 16px;color: blue;text-align: center;background: url(/static/images/msg.png) no-repeat; center' title='回复'>1</span>",
            "PatchType": "NUT相关",
            "view_num": 353,
            "Remark": "<p>https://www.123pan.com/s/tJCtVv-9f5EH.html提取码:WFAa</p>",
            "user": "<img height=\"25px\" src=\"https://dafstatic.oss-cn-beijing.aliyuncs.com/static/title/level4.gif\"><span class=\"orange\">学院搬运工</span>",
            "time": "2023-08-01 13:58:58"
        },
        {
            "id": 129,
            "PatchName": "跨界石、任务完成券、异界重置券（自定义代码） (1)",
            "PatchType": "NUT相关",
            "view_num": 303,
            "Remark": "<p>https://www.123pan.com/s/tJCtVv-nk5EH.html提取码:FtNN</p>",
            "user": "<img height=\"25px\" src=\"https://dafstatic.oss-cn-beijing.aliyuncs.com/static/title/level4.gif\"><span class=\"orange\">学院搬运工</span>",
            "time": "2023-07-20 14:58:00"
        },
        {
            "id": 125,
            "PatchName": "魔法封印改良",
            "PatchType": "NUT相关",
            "view_num": 276,
            "Remark": "<p>https://www.123pan.com/s/tJCtVv-s95EH.html提取码:cwp9</p>",
            "user": "<img height=\"25px\" src=\"https://dafstatic.oss-cn-beijing.aliyuncs.com/static/title/level4.gif\"><span class=\"orange\">学院搬运工</span>",
            "time": "2023-07-15 21:36:55"
        },
        {
            "id": 22,
            "PatchName": "忆她APC人偶(完美导入)",
            "PatchType": "NUT相关",
            "view_num": 275,
            "Remark": "<p>链接: https://pan.baidu.com/s/1axPIEBK-GvCnHg-mt-jk0g?pwd=yk4d 提取码: yk4d 复制这段内容后打开百度网盘手机App，操作更方便哦&nbsp;<br />\r\n--来自百度网盘超级会员v2的分享</p>",
            "user": "<img height=\"25px\" src=\"https://dafstatic.oss-cn-beijing.aliyuncs.com/static/title/level4.gif\"><span class=\"orange\">学院搬运工</span>",
            "time": "2023-06-30 09:50:09"
        },
        {
            "id": 2,
            "PatchName": "客户端",
            "PatchType": "NUT相关",
            "view_num": 249,
            "Remark": "<p>链接：https://pan.baidu.com/s/1Juti6jADGtb4Z_5aujbT7A&nbsp;<br />\r\n提取码：u4dz</p>",
            "user": "<img height=\"25px\" src=\"https://dafstatic.oss-cn-beijing.aliyuncs.com/static/title/level4.gif\"><span class=\"orange\">学院搬运工</span>",
            "time": "2023-05-21 19:07:58"
        },
        {
            "id": 31,
            "PatchName": "自改dps可测伤害",
            "PatchType": "NUT相关",
            "view_num": 239,
            "Remark": "<p>链接: https://pan.baidu.com/s/1KubevxrG24_jEWz7aOOXKA?pwd=d37h 提取码: d37h 复制这段内容后打开百度网盘手机App，操作更方便哦&nbsp;<br />\r\n--来自百度网盘超级会员v2的分享</p>",
            "user": "<img height=\"25px\" src=\"https://dafstatic.oss-cn-beijing.aliyuncs.com/static/title/level4.gif\"><span class=\"orange\">学院搬运工</span>",
            "time": "2023-06-30 10:24:32"
        },
        {
            "id": 223,
            "PatchName": "大叔裸体补丁",
            "PatchType": "NUT相关",
            "view_num": 225,
            "Remark": "<p>链接：https://pan.baidu.com/s/1vcX2nl4KjQGOxP_1agzWKA&nbsp;<br />\n提取码：nwth&nbsp;<br />\n解压丢到ImagePack2文件夹就好啦</p>",
            "user": "<img height=\"25px\" src=\"\">Zeno",
            "time": "2024-05-29 14:30:51"
        },
        {
            "id": 33,
            "PatchName": "异界宝珠全套74个带礼盒",
            "PatchType": "NUT相关",
            "view_num": 210,
            "Remark": "<p>链接: https://pan.baidu.com/s/1Tf_wFSuhFro978-5rWBFyg?pwd=pw28 提取码: pw28 复制这段内容后打开百度网盘手机App，操作更方便哦&nbsp;<br />\r\n--来自百度网盘超级会员v2的分享</p>",
            "user": "<img height=\"25px\" src=\"https://dafstatic.oss-cn-beijing.aliyuncs.com/static/title/level4.gif\"><span class=\"orange\">学院搬运工</span>",
            "time": "2023-06-30 10:27:01"
        },
        {
            "id": 36,
            "PatchName": "70英雄级AI全怪物修复",
            "PatchType": "NUT相关",
            "view_num": 197,
            "Remark": "<p>链接: https://pan.baidu.com/s/1qWQQ0JreLbjIqmSlFZXR9A?pwd=2tqq 提取码: 2tqq 复制这段内容后打开百度网盘手机App，操作更方便哦&nbsp;<br />\r\n--来自百度网盘超级会员v2的分享</p>",
            "user": "<img height=\"25px\" src=\"https://dafstatic.oss-cn-beijing.aliyuncs.com/static/title/level4.gif\"><span class=\"orange\">学院搬运工</span>",
            "time": "2023-06-30 10:29:30"
        },
        {
            "id": 28,
            "PatchName": "黑钻",
            "PatchType": "NUT相关",
            "view_num": 186,
            "Remark": "<p>链接: https://pan.baidu.com/s/1quSuIMsl1hdn6VPZpfsKTw?pwd=fckq 提取码: fckq 复制这段内容后打开百度网盘手机App，操作更方便哦&nbsp;<br />\r\n--来自百度网盘超级会员v2的分享</p>",
            "user": "<img height=\"25px\" src=\"https://dafstatic.oss-cn-beijing.aliyuncs.com/static/title/level4.gif\"><span class=\"orange\">学院搬运工</span>",
            "time": "2023-06-30 10:19:55"
        },
        {
            "id": 32,
            "PatchName": "西岚的武士刀完美1比1剑气不调用apd(ut3.0.3导入)<span style='margin-left: 2px;padding-left: 16px;color: blue;text-align: center;background: url(/static/images/msg.png) no-repeat; center' title='回复'>1</span>",
            "PatchType": "NUT相关",
            "view_num": 182,
            "Remark": "<p>链接: https://pan.baidu.com/s/1QqB_7HdQ3jBIiw6hFuC4Ag?pwd=xkyt 提取码: xkyt 复制这段内容后打开百度网盘手机App，操作更方便哦&nbsp;<br />\r\n--来自百度网盘超级会员v2的分享</p>",
            "user": "<img height=\"25px\" src=\"https://dafstatic.oss-cn-beijing.aliyuncs.com/static/title/level4.gif\"><span class=\"orange\">学院搬运工</span>",
            "time": "2023-06-30 10:25:45"
        },
        {
            "id": 13,
            "PatchName": "最高可锻造31",
            "PatchType": "NUT相关",
            "view_num": 165,
            "Remark": "<p>链接: https://pan.baidu.com/s/13ZBQSbEcJB1ndAzHGG24Yg?pwd=2jt1 提取码: 2jt1 复制这段内容后打开百度网盘手机App，操作更方便哦&nbsp;<br />\r\n--来自百度网盘超级会员v2的分享</p>",
            "user": "<img height=\"25px\" src=\"https://dafstatic.oss-cn-beijing.aliyuncs.com/static/title/level4.gif\"><span class=\"orange\">学院搬运工</span>",
            "time": "2023-06-29 21:08:22"
        },
        {
            "id": 11,
            "PatchName": "男格斗动作修复（@阿启）",
            "PatchType": "NUT相关",
            "view_num": 147,
            "Remark": "<p>链接: https://pan.baidu.com/s/1BhAZ-2ZwknTvK4Xxcm2siw?pwd=479n 提取码: 479n 复制这段内容后打开百度网盘手机App，操作更方便哦&nbsp;<br />\r\n--来自百度网盘超级会员v2的分享</p>",
            "user": "<img height=\"25px\" src=\"https://dafstatic.oss-cn-beijing.aliyuncs.com/static/title/level4.gif\"><span class=\"orange\">学院搬运工</span>",
            "time": "2023-06-16 14:11:32"
        },
        {
            "id": 3,
            "PatchName": "导入包",
            "PatchType": "NUT相关",
            "view_num": 140,
            "Remark": "<p>链接：https://pan.baidu.com/s/1dakMTD4Js52ykfajwzQCfQ&nbsp;<br />\r\n提取码：44o5</p>",
            "user": "<img height=\"25px\" src=\"https://dafstatic.oss-cn-beijing.aliyuncs.com/static/title/level4.gif\"><span class=\"orange\">学院搬运工</span>",
            "time": "2023-05-21 19:08:17"
        },
        {
            "id": 113,
            "PatchName": "拒绝鞭尸",
            "PatchType": "NUT相关",
            "view_num": 126,
            "Remark": "<p>链接: https://pan.baidu.com/s/1TkXClndz2rSCYnL7jOPQgA?pwd=cmdi 提取码: cmdi 复制这段内容后打开百度网盘手机App，操作更方便哦&nbsp;<br />\n--来自百度网盘超级会员v2的分享</p>",
            "user": "<img height=\"25px\" src=\"https://dafstatic.oss-cn-beijing.aliyuncs.com/static/title/level4.gif\"><span class=\"orange\">学院搬运工</span>",
            "time": "2023-07-04 19:40:33"
        },
        {
            "id": 167,
            "PatchName": "护石灵石勋章之类的蓝色宠物装备",
            "PatchType": "NUT相关",
            "view_num": 124,
            "Remark": "<p>https://www.123pan.com/s/tJCtVv-HK5EH.html提取码:AcUR</p>\n\n<p><img alt=\"\" height=\"200\" src=\"/media/uploads/2023/09/10/image-20230910223434-1.png\" width=\"335\" /></p>\n",
            "user": "<img height=\"25px\" src=\"https://dafstatic.oss-cn-beijing.aliyuncs.com/static/title/level6.gif\"><span class=\"rainbow\">玲珑</span>",
            "time": "2023-09-10 22:33:42"
        },
        {
            "id": 19,
            "PatchName": "副本-修炼场",
            "PatchType": "NUT相关",
            "view_num": 115,
            "Remark": "<p>链接: https://pan.baidu.com/s/1qE1sW3xR3DeeJm0vrHVX_Q?pwd=p9se 提取码: p9se 复制这段内容后打开百度网盘手机App，操作更方便哦&nbsp;<br />\r\n--来自百度网盘超级会员v2的分享</p>",
            "user": "<img height=\"25px\" src=\"https://dafstatic.oss-cn-beijing.aliyuncs.com/static/title/level4.gif\"><span class=\"orange\">学院搬运工</span>",
            "time": "2023-06-29 21:18:46"
        },
        {
            "id": 106,
            "PatchName": "DPS",
            "PatchType": "NUT相关",
            "view_num": 115,
            "Remark": "<p>链接: https://pan.baidu.com/s/16aUItehMBgh2_HLBCMF9Zg?pwd=gp2t 提取码: gp2t 复制这段内容后打开百度网盘手机App，操作更方便哦&nbsp;<br />\n--来自百度网盘超级会员v2的分享</p>",
            "user": "<img height=\"25px\" src=\"https://dafstatic.oss-cn-beijing.aliyuncs.com/static/title/level4.gif\"><span class=\"orange\">学院搬运工</span>",
            "time": "2023-07-04 19:26:35"
        },
        {
            "id": 154,
            "PatchName": "升级特效",
            "PatchType": "NUT相关",
            "view_num": 104,
            "Remark": "<p>https://www.123pan.com/s/tJCtVv-Af5EH.html提取码:5vuB</p>",
            "user": "<img height=\"25px\" src=\"https://dafstatic.oss-cn-beijing.aliyuncs.com/static/title/level4.gif\"><span class=\"orange\">学院搬运工</span>",
            "time": "2023-08-01 13:58:37"
        },
        {
            "id": 25,
            "PatchName": "黑钻可叠加时长修复版",
            "PatchType": "NUT相关",
            "view_num": 103,
            "Remark": "<p>链接: https://pan.baidu.com/s/1k5ZsL_FvXgzEsBlClyym4w?pwd=juju 提取码: juju 复制这段内容后打开百度网盘手机App，操作更方便哦&nbsp;<br />\r\n--来自百度网盘超级会员v2的分享</p>",
            "user": "<img height=\"25px\" src=\"https://dafstatic.oss-cn-beijing.aliyuncs.com/static/title/level4.gif\"><span class=\"orange\">学院搬运工</span>",
            "time": "2023-06-30 10:02:24"
        },
        {
            "id": 35,
            "PatchName": "深渊任务1无色",
            "PatchType": "NUT相关",
            "view_num": 103,
            "Remark": "<p>链接: https://pan.baidu.com/s/1UAYo7DDkYetv8-sjc9N8ww?pwd=2qc5 提取码: 2qc5 复制这段内容后打开百度网盘手机App，操作更方便哦&nbsp;<br />\r\n--来自百度网盘超级会员v2的分享</p>",
            "user": "<img height=\"25px\" src=\"https://dafstatic.oss-cn-beijing.aliyuncs.com/static/title/level4.gif\"><span class=\"orange\">学院搬运工</span>",
            "time": "2023-06-30 10:29:10"
        },
        {
            "id": 15,
            "PatchName": "61快乐-双女鬼无脑包",
            "PatchType": "NUT相关",
            "view_num": 96,
            "Remark": "<p>链接: https://pan.baidu.com/s/18SKTgXU8tj7UI0vqLQVblQ?pwd=56fe 提取码: 56fe 复制这段内容后打开百度网盘手机App，操作更方便哦&nbsp;<br />\r\n--来自百度网盘超级会员v2的分享</p>",
            "user": "<img height=\"25px\" src=\"https://dafstatic.oss-cn-beijing.aliyuncs.com/static/title/level4.gif\"><span class=\"orange\">学院搬运工</span>",
            "time": "2023-06-29 21:09:38"
        },
        {
            "id": 26,
            "PatchName": "智慧引导优化百分比血条",
            "PatchType": "NUT相关",
            "view_num": 81,
            "Remark": "<p>链接: https://pan.baidu.com/s/1C4reFjDgtwrBNHZah4F3_Q?pwd=7ye7 提取码: 7ye7 复制这段内容后打开百度网盘手机App，操作更方便哦&nbsp;<br />\r\n--来自百度网盘超级会员v2的分享</p>",
            "user": "<img height=\"25px\" src=\"https://dafstatic.oss-cn-beijing.aliyuncs.com/static/title/level4.gif\"><span class=\"orange\">学院搬运工</span>",
            "time": "2023-06-30 10:02:45"
        },
        {
            "id": 9,
            "PatchName": "魔道学者飞行最全修复+NPK（@阿启）",
            "PatchType": "NUT相关",
            "view_num": 73,
            "Remark": "<p>链接: https://pan.baidu.com/s/1-kd5ywnV5mZKUPDwUeavpg?pwd=e17u 提取码: e17u 复制这段内容后打开百度网盘手机App，操作更方便哦&nbsp;<br />\r\n--来自百度网盘超级会员v2的分享</p>",
            "user": "<img height=\"25px\" src=\"https://dafstatic.oss-cn-beijing.aliyuncs.com/static/title/level4.gif\"><span class=\"orange\">学院搬运工</span>",
            "time": "2023-06-15 12:58:57"
        },
        {
            "id": 207,
            "PatchName": "赛丽亚改希曼（带语音）",
            "PatchType": "NUT相关",
            "view_num": 72,
            "Remark": "<p>https://www.123pan.com/s/tJCtVv-kb5EH.html提取码:yIzm</p>",
            "user": "<img height=\"25px\" src=\"https://dafstatic.oss-cn-beijing.aliyuncs.com/static/title/level4.gif\"><span class=\"orange\">学院搬运工</span>",
            "time": "2023-09-17 13:08:15"
        },
        {
            "id": 208,
            "PatchName": "德利拉改云幂（要手动修改ANI高度）",
            "PatchType": "NUT相关",
            "view_num": 60,
            "Remark": "<p>https://www.123pan.com/s/tJCtVv-mb5EH.html提取码:9Be4</p>",
            "user": "<img height=\"25px\" src=\"https://dafstatic.oss-cn-beijing.aliyuncs.com/static/title/level4.gif\"><span class=\"orange\">学院搬运工</span>",
            "time": "2023-09-17 13:09:26"
        },
        {
            "id": 29,
            "PatchName": "字体模糊或系统初始化失败解决方法",
            "PatchType": "NUT相关",
            "view_num": 57,
            "Remark": "<p>https://www.123pan.com/s/tJCtVv-dT5EH.html提取码:IXNA</p>\r\n\r\n<p>&nbsp;</p>\r\n\r\n<p>&nbsp;</p>",
            "user": "<img height=\"25px\" src=\"https://dafstatic.oss-cn-beijing.aliyuncs.com/static/title/level4.gif\"><span class=\"orange\">学院搬运工</span>",
            "time": "2023-06-30 10:23:52"
        },
        {
            "id": 23,
            "PatchName": "100级防红字补丁patch",
            "PatchType": "NUT相关",
            "view_num": 28,
            "Remark": "<p>链接: https://pan.baidu.com/s/10Bs4Cw-V3RhkWIfT3gKG0w?pwd=jhsq 提取码: jhsq 复制这段内容后打开百度网盘手机App，操作更方便哦&nbsp;<br />\r\n--来自百度网盘超级会员v2的分享</p>",
            "user": "<img height=\"25px\" src=\"https://dafstatic.oss-cn-beijing.aliyuncs.com/static/title/level4.gif\"><span class=\"orange\">学院搬运工</span>",
            "time": "2023-06-30 09:51:11"
        }
    ]
}