{
    "total": 54,
    "rows": [
        {
            "id": 82,
            "PatchName": "签到系统<span style='margin-left: 2px;padding-left: 16px;color: blue;text-align: center;background: url(/static/images/msg.png) no-repeat; center' title='回复'>1</span>",
            "PatchType": "活动",
            "view_num": 1377,
            "Remark": "<p>链接: https://pan.baidu.com/s/1Qyiopr-mXotcW86neW9vYA?pwd=vmv4 提取码: vmv4 复制这段内容后打开百度网盘手机App，操作更方便哦&nbsp;<br />\r\n--来自百度网盘超级会员v2的分享</p>",
            "user": "<img height=\"25px\" src=\"https://dafstatic.oss-cn-beijing.aliyuncs.com/static/title/level4.gif\"><span class=\"orange\">学院搬运工</span>",
            "time": "2023-07-03 14:03:58"
        },
        {
            "id": 52,
            "PatchName": "柔化技能",
            "PatchType": "活动",
            "view_num": 1054,
            "Remark": "<p>链接: https://pan.baidu.com/s/18tqHL3CXBOL1qtDWu_p1-g?pwd=c529 提取码: c529 复制这段内容后打开百度网盘手机App，操作更方便哦&nbsp;<br />\n--来自百度网盘超级会员v2的分享</p>\n\n<p><img alt=\"\" height=\"577\" src=\"/media/uploads/2023/07/03/image-20230703125044-1.png\" width=\"606\" /></p>",
            "user": "<img height=\"25px\" src=\"https://dafstatic.oss-cn-beijing.aliyuncs.com/static/title/level4.gif\"><span class=\"orange\">学院搬运工</span>",
            "time": "2023-07-03 12:49:05"
        },
        {
            "id": 63,
            "PatchName": "完美九职业二觉最终版(含日志)",
            "PatchType": "活动",
            "view_num": 730,
            "Remark": "<p>链接: https://pan.baidu.com/s/1eqqkyOUKkRDBHHuPFTTyXw?pwd=4pf8 提取码: 4pf8 复制这段内容后打开百度网盘手机App，操作更方便哦&nbsp;<br />\n--来自百度网盘超级会员v2的分享</p>",
            "user": "<img height=\"25px\" src=\"https://dafstatic.oss-cn-beijing.aliyuncs.com/static/title/level4.gif\"><span class=\"orange\">学院搬运工</span>",
            "time": "2023-07-03 12:58:54"
        },
        {
            "id": 212,
            "PatchName": "活动UI",
            "PatchType": "活动",
            "view_num": 630,
            "Remark": "<p>https://www.123pan.com/s/tJCtVv-Ib5EH.html提取码:wtU9</p>",
            "user": "<img height=\"25px\" src=\"https://dafstatic.oss-cn-beijing.aliyuncs.com/static/title/level4.gif\"><span class=\"orange\">学院搬运工</span>",
            "time": "2023-09-17 13:21:02"
        },
        {
            "id": 57,
            "PatchName": "技能冷却<span style='margin-left: 2px;padding-left: 16px;color: blue;text-align: center;background: url(/static/images/msg.png) no-repeat; center' title='回复'>1</span>",
            "PatchType": "活动",
            "view_num": 589,
            "Remark": "<p>链接: https://pan.baidu.com/s/1CXXkIRXxgDGKoJhXNmJOcA?pwd=6gid 提取码: 6gid 复制这段内容后打开百度网盘手机App，操作更方便哦&nbsp;<br />\n--来自百度网盘超级会员v2的分享</p>",
            "user": "<img height=\"25px\" src=\"https://dafstatic.oss-cn-beijing.aliyuncs.com/static/title/level4.gif\"><span class=\"orange\">学院搬运工</span>",
            "time": "2023-07-03 12:54:48"
        },
        {
            "id": 204,
            "PatchName": "泡点系统",
            "PatchType": "活动",
            "view_num": 517,
            "Remark": "<p>https://www.123pan.com/s/tJCtVv-kU5EH.html提取码:J4Hy</p>",
            "user": "<img height=\"25px\" src=\"https://dafstatic.oss-cn-beijing.aliyuncs.com/static/title/level4.gif\"><span class=\"orange\">学院搬运工</span>",
            "time": "2023-09-12 13:43:31"
        },
        {
            "id": 127,
            "PatchName": "剑圣800定制目前最完美字体nut组队同步字体",
            "PatchType": "活动",
            "view_num": 512,
            "Remark": "<p>https://www.123pan.com/s/tJCtVv-Pk5EH.html提取码:cPVf</p>",
            "user": "<img height=\"25px\" src=\"https://dafstatic.oss-cn-beijing.aliyuncs.com/static/title/level4.gif\"><span class=\"orange\">学院搬运工</span>",
            "time": "2023-07-20 14:56:16"
        },
        {
            "id": 16,
            "PatchName": "角色信息+子状态显示",
            "PatchType": "活动",
            "view_num": 447,
            "Remark": "<p>链接: https://pan.baidu.com/s/1Qwve7WJuINiXdFu580icjg?pwd=1qxf 提取码: 1qxf 复制这段内容后打开百度网盘手机App，操作更方便哦&nbsp;<br />\n--来自百度网盘超级会员v2的分享</p>\n",
            "user": "<img height=\"25px\" src=\"https://dafstatic.oss-cn-beijing.aliyuncs.com/static/title/level4.gif\"><span class=\"orange\">学院搬运工</span>",
            "time": "2023-06-29 21:11:04"
        },
        {
            "id": 62,
            "PatchName": "二觉被动（接近无脑）",
            "PatchType": "活动",
            "view_num": 403,
            "Remark": "<p>链接: https://pan.baidu.com/s/1YeouKpLHe1n0ISxiktSIJg?pwd=frj7 提取码: frj7 复制这段内容后打开百度网盘手机App，操作更方便哦&nbsp;<br />\n--来自百度网盘超级会员v2的分享</p>",
            "user": "<img height=\"25px\" src=\"https://dafstatic.oss-cn-beijing.aliyuncs.com/static/title/level4.gif\"><span class=\"orange\">学院搬运工</span>",
            "time": "2023-07-03 12:58:36"
        },
        {
            "id": 122,
            "PatchName": "nut一键聚物<span style='margin-left: 2px;padding-left: 16px;color: blue;text-align: center;background: url(/static/images/msg.png) no-repeat; center' title='回复'>1</span>",
            "PatchType": "活动",
            "view_num": 390,
            "Remark": "<p>链接: https://pan.baidu.com/s/18-bCweqXBe2A2zV0JvfQ6w?pwd=kg85 提取码: kg85 复制这段内容后打开百度网盘手机App，操作更方便哦&nbsp;<br />\n--来自百度网盘超级会员v2的分享</p>\n\n<p><img alt=\"\" height=\"412\" src=\"/media/uploads/2023/07/05/1.gif\" width=\"600\" /></p>",
            "user": "<img height=\"25px\" src=\"https://dafstatic.oss-cn-beijing.aliyuncs.com/static/title/level4.gif\"><span class=\"orange\">学院搬运工</span>",
            "time": "2023-07-05 12:26:35"
        },
        {
            "id": 203,
            "PatchName": "钓鱼活动<span style='margin-left: 2px;padding-left: 16px;color: blue;text-align: center;background: url(/static/images/msg.png) no-repeat; center' title='回复'>1</span>",
            "PatchType": "活动",
            "view_num": 374,
            "Remark": "<p>https://www.123pan.com/s/tJCtVv-QU5EH.html提取码:vhiI</p>",
            "user": "<img height=\"25px\" src=\"https://dafstatic.oss-cn-beijing.aliyuncs.com/static/title/level4.gif\"><span class=\"orange\">学院搬运工</span>",
            "time": "2023-09-12 13:42:56"
        },
        {
            "id": 51,
            "PatchName": "怪物血条",
            "PatchType": "活动",
            "view_num": 371,
            "Remark": "<p>链接: https://pan.baidu.com/s/1WyuRg9cWXYNunLpoIn7GDQ?pwd=497a 提取码: 497a 复制这段内容后打开百度网盘手机App，操作更方便哦&nbsp;<br />\n--来自百度网盘超级会员v2的分享</p>\n\n<p><img alt=\"\" height=\"427\" src=\"/media/uploads/2023/07/03/image-20230703125014-1.png\" width=\"852\" /></p>",
            "user": "<img height=\"25px\" src=\"https://dafstatic.oss-cn-beijing.aliyuncs.com/static/title/level4.gif\"><span class=\"orange\">学院搬运工</span>",
            "time": "2023-07-03 12:48:38"
        },
        {
            "id": 17,
            "PatchName": "龙之路修复活动完美无脑版",
            "PatchType": "活动",
            "view_num": 350,
            "Remark": "<p>链接: https://pan.baidu.com/s/1YAjp0BJHRAk0qOH1GdU9zw?pwd=6nup 提取码: 6nup 复制这段内容后打开百度网盘手机App，操作更方便哦&nbsp;<br />\r\n--来自百度网盘超级会员v2的分享</p>",
            "user": "<img height=\"25px\" src=\"https://dafstatic.oss-cn-beijing.aliyuncs.com/static/title/level4.gif\"><span class=\"orange\">学院搬运工</span>",
            "time": "2023-06-29 21:13:51"
        },
        {
            "id": 163,
            "PatchName": "波动刻印剑气完美版<span style='margin-left: 2px;padding-left: 16px;color: blue;text-align: center;background: url(/static/images/msg.png) no-repeat; center' title='回复'>1</span>",
            "PatchType": "活动",
            "view_num": 350,
            "Remark": "<p>链接：https://pan.baidu.com/s/1ispkEH9Qp0HO_m0WbFUy3Q&nbsp;<br />\n提取码：CHAN</p>",
            "user": "<img height=\"25px\" src=\"\">challenger",
            "time": "2023-09-05 18:42:59"
        },
        {
            "id": 44,
            "PatchName": "额外技能",
            "PatchType": "活动",
            "view_num": 343,
            "Remark": "<p>链接: https://pan.baidu.com/s/18nSMBV8HL8qoLkRbzjfjJg?pwd=qac6 提取码: qac6 复制这段内容后打开百度网盘手机App，操作更方便哦&nbsp;<br />\n--来自百度网盘超级会员v2的分享</p>",
            "user": "<img height=\"25px\" src=\"https://dafstatic.oss-cn-beijing.aliyuncs.com/static/title/level4.gif\"><span class=\"orange\">学院搬运工</span>",
            "time": "2023-07-03 12:37:44"
        },
        {
            "id": 68,
            "PatchName": "buff插画",
            "PatchType": "活动",
            "view_num": 334,
            "Remark": "<p>链接: https://pan.baidu.com/s/1l2z_c6I-MG_kcnFgwV80Lg?pwd=a2by 提取码: a2by 复制这段内容后打开百度网盘手机App，操作更方便哦&nbsp;<br />\n--来自百度网盘超级会员v2的分享</p>",
            "user": "<img height=\"25px\" src=\"https://dafstatic.oss-cn-beijing.aliyuncs.com/static/title/level4.gif\"><span class=\"orange\">学院搬运工</span>",
            "time": "2023-07-03 13:01:16"
        },
        {
            "id": 56,
            "PatchName": "长青5女鬼",
            "PatchType": "活动",
            "view_num": 330,
            "Remark": "<p>链接: https://pan.baidu.com/s/1Zk-SxFtJ56O1yqa87t81uA?pwd=w8jd 提取码: w8jd 复制这段内容后打开百度网盘手机App，操作更方便哦&nbsp;<br />\n--来自百度网盘超级会员v2的分享</p>",
            "user": "<img height=\"25px\" src=\"https://dafstatic.oss-cn-beijing.aliyuncs.com/static/title/level4.gif\"><span class=\"orange\">学院搬运工</span>",
            "time": "2023-07-03 12:54:28"
        },
        {
            "id": 48,
            "PatchName": "完整神迹字体",
            "PatchType": "活动",
            "view_num": 319,
            "Remark": "<p>链接: https://pan.baidu.com/s/1zcvZUWFeVOvLbPcHuMRfow?pwd=v5ig 提取码: v5ig 复制这段内容后打开百度网盘手机App，操作更方便哦&nbsp;<br />\n--来自百度网盘超级会员v2的分享</p>\n\n<p><img alt=\"\" height=\"393\" src=\"/media/uploads/2023/07/03/image-20230703124835-1.png\" width=\"716\" /></p>",
            "user": "<img height=\"25px\" src=\"https://dafstatic.oss-cn-beijing.aliyuncs.com/static/title/level4.gif\"><span class=\"orange\">学院搬运工</span>",
            "time": "2023-07-03 12:46:58"
        },
        {
            "id": 69,
            "PatchName": "战力",
            "PatchType": "活动",
            "view_num": 308,
            "Remark": "<p>链接: https://pan.baidu.com/s/15WDbOxIa51BXocpFK7ETGg?pwd=stda 提取码: stda 复制这段内容后打开百度网盘手机App，操作更方便哦&nbsp;<br />\n--来自百度网盘超级会员v2的分享</p>\n\n<p><img alt=\"\" height=\"308\" src=\"/media/uploads/2023/07/03/image-20230703130600-1.png\" width=\"714\" /></p>",
            "user": "<img height=\"25px\" src=\"https://dafstatic.oss-cn-beijing.aliyuncs.com/static/title/level4.gif\"><span class=\"orange\">学院搬运工</span>",
            "time": "2023-07-03 13:04:20"
        },
        {
            "id": 211,
            "PatchName": "活动ui重置<span style='margin-left: 2px;padding-left: 16px;color: blue;text-align: center;background: url(/static/images/msg.png) no-repeat; center' title='回复'>1</span>",
            "PatchType": "活动",
            "view_num": 296,
            "Remark": "<p>https://www.123pan.com/s/tJCtVv-Jb5EH.html提取码:lJ2k</p>",
            "user": "<img height=\"25px\" src=\"https://dafstatic.oss-cn-beijing.aliyuncs.com/static/title/level4.gif\"><span class=\"orange\">学院搬运工</span>",
            "time": "2023-09-17 13:20:43"
        },
        {
            "id": 64,
            "PatchName": "快捷栏装备",
            "PatchType": "活动",
            "view_num": 285,
            "Remark": "<p>链接: https://pan.baidu.com/s/1Rc2wQmm1rKYhiwgh6QLf6Q?pwd=s9cb 提取码: s9cb 复制这段内容后打开百度网盘手机App，操作更方便哦&nbsp;<br />\n--来自百度网盘超级会员v2的分享</p>",
            "user": "<img height=\"25px\" src=\"https://dafstatic.oss-cn-beijing.aliyuncs.com/static/title/level4.gif\"><span class=\"orange\">学院搬运工</span>",
            "time": "2023-07-03 12:59:11"
        },
        {
            "id": 53,
            "PatchName": "完美修炼场（美化UI完成）",
            "PatchType": "活动",
            "view_num": 280,
            "Remark": "<p>链接: https://pan.baidu.com/s/1iyyCWzweaCMHDic-llSxVA?pwd=anr7 提取码: anr7 复制这段内容后打开百度网盘手机App，操作更方便哦&nbsp;<br />\n--来自百度网盘超级会员v2的分享</p>",
            "user": "<img height=\"25px\" src=\"https://dafstatic.oss-cn-beijing.aliyuncs.com/static/title/level4.gif\"><span class=\"orange\">学院搬运工</span>",
            "time": "2023-07-03 12:49:38"
        },
        {
            "id": 70,
            "PatchName": "字体仓库",
            "PatchType": "活动",
            "view_num": 246,
            "Remark": "<p>链接: https://pan.baidu.com/s/1k2RO-PROHAc6FC4FPUyV1g?pwd=jktc 提取码: jktc 复制这段内容后打开百度网盘手机App，操作更方便哦&nbsp;<br />\n--来自百度网盘超级会员v2的分享</p>",
            "user": "<img height=\"25px\" src=\"https://dafstatic.oss-cn-beijing.aliyuncs.com/static/title/level4.gif\"><span class=\"orange\">学院搬运工</span>",
            "time": "2023-07-03 13:04:43"
        },
        {
            "id": 30,
            "PatchName": "狂战士被动狂暴血气",
            "PatchType": "活动",
            "view_num": 241,
            "Remark": "<p>https://www.123pan.com/s/tJCtVv-3T5EH.html提取码:iijo</p>",
            "user": "<img height=\"25px\" src=\"https://dafstatic.oss-cn-beijing.aliyuncs.com/static/title/level4.gif\"><span class=\"orange\">学院搬运工</span>",
            "time": "2023-06-30 10:24:11"
        },
        {
            "id": 202,
            "PatchName": "阿拉德征服计划活动 2",
            "PatchType": "活动",
            "view_num": 227,
            "Remark": "<p>https://www.123pan.com/s/tJCtVv-9U5EH.html提取码:uazu</p>",
            "user": "<img height=\"25px\" src=\"https://dafstatic.oss-cn-beijing.aliyuncs.com/static/title/level4.gif\"><span class=\"orange\">学院搬运工</span>",
            "time": "2023-09-12 13:42:39"
        },
        {
            "id": 24,
            "PatchName": "nut国服伤害字体贴吧大佬(汉城龙魂)放",
            "PatchType": "活动",
            "view_num": 225,
            "Remark": "<p>链接: https://pan.baidu.com/s/1Dk3DCA1r8GYfnRjdipsH3A?pwd=2d6p 提取码: 2d6p 复制这段内容后打开百度网盘手机App，操作更方便哦&nbsp;<br />\n--来自百度网盘超级会员v2的分享</p>",
            "user": "<img height=\"25px\" src=\"https://dafstatic.oss-cn-beijing.aliyuncs.com/static/title/level4.gif\"><span class=\"orange\">学院搬运工</span>",
            "time": "2023-06-30 10:01:57"
        },
        {
            "id": 60,
            "PatchName": "空中流心[详解版]",
            "PatchType": "活动",
            "view_num": 204,
            "Remark": "<p>链接: https://pan.baidu.com/s/1ttMrlbhs8qlU-Yp0luNrJw?pwd=s4d5 提取码: s4d5 复制这段内容后打开百度网盘手机App，操作更方便哦&nbsp;<br />\n--来自百度网盘超级会员v2的分享</p>",
            "user": "<img height=\"25px\" src=\"https://dafstatic.oss-cn-beijing.aliyuncs.com/static/title/level4.gif\"><span class=\"orange\">学院搬运工</span>",
            "time": "2023-07-03 12:57:44"
        },
        {
            "id": 27,
            "PatchName": "monster异常状态显示",
            "PatchType": "活动",
            "view_num": 185,
            "Remark": "<p>链接: https://www.123pan.com/s/tJCtVv-vT5EH.html提取码:XBCW</p>\n\n<p><img alt=\"\" height=\"395\" src=\"/media/uploads/2023/06/30/image-20230630101925-1.png\" width=\"666\" /></p>",
            "user": "<img height=\"25px\" src=\"https://dafstatic.oss-cn-beijing.aliyuncs.com/static/title/level4.gif\"><span class=\"orange\">学院搬运工</span>",
            "time": "2023-06-30 10:18:15"
        },
        {
            "id": 50,
            "PatchName": "女气功光之兵刃加魔攻",
            "PatchType": "活动",
            "view_num": 178,
            "Remark": "<p>链接: https://pan.baidu.com/s/13DkXwd66Buk41XHx7QgaHA?pwd=x54r 提取码: x54r 复制这段内容后打开百度网盘手机App，操作更方便哦&nbsp;<br />\n--来自百度网盘超级会员v2的分享</p>\n\n<p><img alt=\"\" height=\"258\" src=\"/media/uploads/2023/07/03/image-20230703124932-1.png\" width=\"710\" /></p>",
            "user": "<img height=\"25px\" src=\"https://dafstatic.oss-cn-beijing.aliyuncs.com/static/title/level4.gif\"><span class=\"orange\">学院搬运工</span>",
            "time": "2023-07-03 12:47:53"
        },
        {
            "id": 58,
            "PatchName": "红狗一觉nut脱手",
            "PatchType": "活动",
            "view_num": 166,
            "Remark": "<p>链接: https://pan.baidu.com/s/14uTSUcTTx5zvU6DU_Upa1A?pwd=efxn 提取码: efxn 复制这段内容后打开百度网盘手机App，操作更方便哦&nbsp;<br />\n--来自百度网盘超级会员v2的分享</p>",
            "user": "<img height=\"25px\" src=\"https://dafstatic.oss-cn-beijing.aliyuncs.com/static/title/level4.gif\"><span class=\"orange\">学院搬运工</span>",
            "time": "2023-07-03 12:55:05"
        },
        {
            "id": 200,
            "PatchName": "龙之路 2",
            "PatchType": "活动",
            "view_num": 161,
            "Remark": "<p>https://www.123pan.com/s/tJCtVv-HU5EH.html提取码:VvoS</p>",
            "user": "<img height=\"25px\" src=\"https://dafstatic.oss-cn-beijing.aliyuncs.com/static/title/level4.gif\"><span class=\"orange\">学院搬运工</span>",
            "time": "2023-09-12 13:42:01"
        },
        {
            "id": 46,
            "PatchName": "怪物无敌提示",
            "PatchType": "活动",
            "view_num": 148,
            "Remark": "<p>链接: https://pan.baidu.com/s/1RcMpTTnkjaZX9Qt3jdE1Lg?pwd=56ke 提取码: 56ke 复制这段内容后打开百度网盘手机App，操作更方便哦&nbsp;<br />\n--来自百度网盘超级会员v2的分享</p>",
            "user": "<img height=\"25px\" src=\"https://dafstatic.oss-cn-beijing.aliyuncs.com/static/title/level4.gif\"><span class=\"orange\">学院搬运工</span>",
            "time": "2023-07-03 12:39:04"
        },
        {
            "id": 201,
            "PatchName": "阿拉德征服计划活动",
            "PatchType": "活动",
            "view_num": 146,
            "Remark": "<p>https://www.123pan.com/s/tJCtVv-AU5EH.html提取码:hfOb</p>",
            "user": "<img height=\"25px\" src=\"https://dafstatic.oss-cn-beijing.aliyuncs.com/static/title/level4.gif\"><span class=\"orange\">学院搬运工</span>",
            "time": "2023-09-12 13:42:19"
        },
        {
            "id": 41,
            "PatchName": "冷却",
            "PatchType": "活动",
            "view_num": 137,
            "Remark": "<p>链接: https://pan.baidu.com/s/1KGSH81zJrVe8pekrmFdpcA?pwd=shwg 提取码: shwg 复制这段内容后打开百度网盘手机App，操作更方便哦&nbsp;<br />\n--来自百度网盘超级会员v2的分享</p>",
            "user": "<img height=\"25px\" src=\"https://dafstatic.oss-cn-beijing.aliyuncs.com/static/title/level4.gif\"><span class=\"orange\">学院搬运工</span>",
            "time": "2023-07-03 12:36:26"
        },
        {
            "id": 65,
            "PatchName": "女圣骑添加文件和皮肤（带npk）",
            "PatchType": "活动",
            "view_num": 132,
            "Remark": "<p>链接: https://pan.baidu.com/s/1mTXZsk_JOhvnL0Q7wOhytw?pwd=9fsw 提取码: 9fsw 复制这段内容后打开百度网盘手机App，操作更方便哦&nbsp;<br />\n--来自百度网盘超级会员v2的分享</p>",
            "user": "<img height=\"25px\" src=\"https://dafstatic.oss-cn-beijing.aliyuncs.com/static/title/level4.gif\"><span class=\"orange\">学院搬运工</span>",
            "time": "2023-07-03 12:59:57"
        },
        {
            "id": 43,
            "PatchName": "三魔枪",
            "PatchType": "活动",
            "view_num": 124,
            "Remark": "<p>链接: https://pan.baidu.com/s/1FDDlN08rOIUWFZ643Fk5eQ?pwd=vp2q 提取码: vp2q 复制这段内容后打开百度网盘手机App，操作更方便哦&nbsp;<br />\n--来自百度网盘超级会员v2的分享</p>",
            "user": "<img height=\"25px\" src=\"https://dafstatic.oss-cn-beijing.aliyuncs.com/static/title/level4.gif\"><span class=\"orange\">学院搬运工</span>",
            "time": "2023-07-03 12:37:27"
        },
        {
            "id": 54,
            "PatchName": ":Debug+热重载",
            "PatchType": "活动",
            "view_num": 123,
            "Remark": "<p>链接: https://pan.baidu.com/s/1-9zScw7qcBndR7BwgYdKLQ?pwd=689c 提取码: 689c 复制这段内容后打开百度网盘手机App，操作更方便哦&nbsp;<br />\n--来自百度网盘超级会员v2的分享</p>\n\n<p><img alt=\"\" height=\"535\" src=\"/media/uploads/2023/07/03/image-20230703125423-1.png\" width=\"871\" /></p>",
            "user": "<img height=\"25px\" src=\"https://dafstatic.oss-cn-beijing.aliyuncs.com/static/title/level4.gif\"><span class=\"orange\">学院搬运工</span>",
            "time": "2023-07-03 12:52:43"
        },
        {
            "id": 49,
            "PatchName": "（注释）瞎子【波动刻印】普通剑气nut",
            "PatchType": "活动",
            "view_num": 119,
            "Remark": "<p>链接: https://pan.baidu.com/s/1QBPmXshxhJQdLHFZ5yoZhA?pwd=644b 提取码: 644b 复制这段内容后打开百度网盘手机App，操作更方便哦&nbsp;<br />\n--来自百度网盘超级会员v2的分享</p>",
            "user": "<img height=\"25px\" src=\"https://dafstatic.oss-cn-beijing.aliyuncs.com/static/title/level4.gif\"><span class=\"orange\">学院搬运工</span>",
            "time": "2023-07-03 12:47:26"
        },
        {
            "id": 47,
            "PatchName": "月魂血条",
            "PatchType": "活动",
            "view_num": 118,
            "Remark": "<p>链接: https://pan.baidu.com/s/1L778iz-sodAuwmYdnwpFbg?pwd=hv1f 提取码: hv1f 复制这段内容后打开百度网盘手机App，操作更方便哦&nbsp;<br />\n--来自百度网盘超级会员v2的分享</p>",
            "user": "<img height=\"25px\" src=\"https://dafstatic.oss-cn-beijing.aliyuncs.com/static/title/level4.gif\"><span class=\"orange\">学院搬运工</span>",
            "time": "2023-07-03 12:40:12"
        },
        {
            "id": 39,
            "PatchName": "完美nut荒古",
            "PatchType": "活动",
            "view_num": 108,
            "Remark": "<p>链接: https://pan.baidu.com/s/17hIOf4PDX0lzMbatoP8XPQ?pwd=sa4u 提取码: sa4u 复制这段内容后打开百度网盘手机App，操作更方便哦&nbsp;<br />\n--来自百度网盘超级会员v2的分享</p>",
            "user": "<img height=\"25px\" src=\"https://dafstatic.oss-cn-beijing.aliyuncs.com/static/title/level4.gif\"><span class=\"orange\">学院搬运工</span>",
            "time": "2023-07-03 12:33:56"
        },
        {
            "id": 42,
            "PatchName": "buff插画无npk",
            "PatchType": "活动",
            "view_num": 108,
            "Remark": "<p>链接: https://pan.baidu.com/s/1_X5FtbNBwZeEGTfps-PB9Q?pwd=x49k 提取码: x49k 复制这段内容后打开百度网盘手机App，操作更方便哦&nbsp;<br />\n--来自百度网盘超级会员v2的分享</p>",
            "user": "<img height=\"25px\" src=\"https://dafstatic.oss-cn-beijing.aliyuncs.com/static/title/level4.gif\"><span class=\"orange\">学院搬运工</span>",
            "time": "2023-07-03 12:36:59"
        },
        {
            "id": 199,
            "PatchName": "龙之路",
            "PatchType": "活动",
            "view_num": 106,
            "Remark": "<p>https://www.123pan.com/s/tJCtVv-hU5EH.html提取码:q85r</p>",
            "user": "<img height=\"25px\" src=\"https://dafstatic.oss-cn-beijing.aliyuncs.com/static/title/level4.gif\"><span class=\"orange\">学院搬运工</span>",
            "time": "2023-09-12 13:41:38"
        },
        {
            "id": 61,
            "PatchName": "仓库",
            "PatchType": "活动",
            "view_num": 105,
            "Remark": "<p>链接: https://pan.baidu.com/s/1L6FG0pCAScSvluXbW6kmgg?pwd=fexf 提取码: fexf 复制这段内容后打开百度网盘手机App，操作更方便哦&nbsp;<br />\n--来自百度网盘超级会员v2的分享</p>",
            "user": "<img height=\"25px\" src=\"https://dafstatic.oss-cn-beijing.aliyuncs.com/static/title/level4.gif\"><span class=\"orange\">学院搬运工</span>",
            "time": "2023-07-03 12:58:01"
        },
        {
            "id": 55,
            "PatchName": "积分",
            "PatchType": "活动",
            "view_num": 93,
            "Remark": "<p>链接: https://pan.baidu.com/s/1It3oh2Imi_Bq3iCPppnwHQ?pwd=ispd 提取码: ispd 复制这段内容后打开百度网盘手机App，操作更方便哦&nbsp;<br />\n--来自百度网盘超级会员v2的分享</p>",
            "user": "<img height=\"25px\" src=\"https://dafstatic.oss-cn-beijing.aliyuncs.com/static/title/level4.gif\"><span class=\"orange\">学院搬运工</span>",
            "time": "2023-07-03 12:53:01"
        },
        {
            "id": 12,
            "PatchName": "剑圣7职业二觉修复第二版",
            "PatchType": "活动",
            "view_num": 92,
            "Remark": "<p>链接: https://pan.baidu.com/s/1nrdE76DcuAdk7GwEebMxdQ?pwd=xahg 提取码: xahg 复制这段内容后打开百度网盘手机App，操作更方便哦&nbsp;<br />\n--来自百度网盘超级会员v2的分享</p>",
            "user": "<img height=\"25px\" src=\"https://dafstatic.oss-cn-beijing.aliyuncs.com/static/title/level4.gif\"><span class=\"orange\">学院搬运工</span>",
            "time": "2023-06-29 21:07:59"
        },
        {
            "id": 67,
            "PatchName": "Pure的nut写法邪光脱手",
            "PatchType": "活动",
            "view_num": 88,
            "Remark": "<p>链接: https://pan.baidu.com/s/1p2lMsSTweoq9Z_y8qQe5RQ?pwd=6cmp 提取码: 6cmp 复制这段内容后打开百度网盘手机App，操作更方便哦&nbsp;<br />\n--来自百度网盘超级会员v2的分享</p>",
            "user": "<img height=\"25px\" src=\"https://dafstatic.oss-cn-beijing.aliyuncs.com/static/title/level4.gif\"><span class=\"orange\">学院搬运工</span>",
            "time": "2023-07-03 13:00:59"
        },
        {
            "id": 45,
            "PatchName": "血气分流",
            "PatchType": "活动",
            "view_num": 80,
            "Remark": "<p>链接: https://pan.baidu.com/s/1qHBPjZenzwtmdU_Mp9HFDQ?pwd=kbmz 提取码: kbmz 复制这段内容后打开百度网盘手机App，操作更方便哦&nbsp;<br />\n--来自百度网盘超级会员v2的分享</p>",
            "user": "<img height=\"25px\" src=\"https://dafstatic.oss-cn-beijing.aliyuncs.com/static/title/level4.gif\"><span class=\"orange\">学院搬运工</span>",
            "time": "2023-07-03 12:38:44"
        },
        {
            "id": 20,
            "PatchName": "全职业真伤吃面板二觉",
            "PatchType": "活动",
            "view_num": 73,
            "Remark": "<p>链接: https://pan.baidu.com/s/1F1Ym25p2RaJI0l88kWSoQw?pwd=btza 提取码: btza 复制这段内容后打开百度网盘手机App，操作更方便哦&nbsp;<br />\n--来自百度网盘超级会员v2的分享</p>",
            "user": "<img height=\"25px\" src=\"https://dafstatic.oss-cn-beijing.aliyuncs.com/static/title/level4.gif\"><span class=\"orange\">学院搬运工</span>",
            "time": "2023-06-29 21:19:13"
        },
        {
            "id": 59,
            "PatchName": "黑暗武士二觉(5主动+被动)byDieu",
            "PatchType": "活动",
            "view_num": 73,
            "Remark": "<p>链接: https://pan.baidu.com/s/1Vb8j29SjWsmV-O7RHyy91A?pwd=sgdh 提取码: sgdh 复制这段内容后打开百度网盘手机App，操作更方便哦&nbsp;<br />\n--来自百度网盘超级会员v2的分享</p>",
            "user": "<img height=\"25px\" src=\"https://dafstatic.oss-cn-beijing.aliyuncs.com/static/title/level4.gif\"><span class=\"orange\">学院搬运工</span>",
            "time": "2023-07-03 12:55:24"
        },
        {
            "id": 21,
            "PatchName": "剑魂二觉被动极神剑术",
            "PatchType": "活动",
            "view_num": 71,
            "Remark": "<p>链接: https://pan.baidu.com/s/1lV5eWJz74kyv3klAOTigaw?pwd=fdyk 提取码: fdyk 复制这段内容后打开百度网盘手机App，操作更方便哦&nbsp;<br />\n--来自百度网盘超级会员v2的分享</p>",
            "user": "<img height=\"25px\" src=\"https://dafstatic.oss-cn-beijing.aliyuncs.com/static/title/level4.gif\"><span class=\"orange\">学院搬运工</span>",
            "time": "2023-06-29 21:22:58"
        },
        {
            "id": 38,
            "PatchName": "yb无我之境",
            "PatchType": "活动",
            "view_num": 71,
            "Remark": "<p>链接: https://pan.baidu.com/s/1XoYoHhwvneW5DMTDDf1Biw?pwd=hakb 提取码: hakb 复制这段内容后打开百度网盘手机App，操作更方便哦&nbsp;<br />\n--来自百度网盘超级会员v2的分享</p>",
            "user": "<img height=\"25px\" src=\"https://dafstatic.oss-cn-beijing.aliyuncs.com/static/title/level4.gif\"><span class=\"orange\">学院搬运工</span>",
            "time": "2023-07-03 12:33:38"
        },
        {
            "id": 40,
            "PatchName": "角色无敌白框（带呼吸灯）",
            "PatchType": "活动",
            "view_num": 71,
            "Remark": "<p>链接: https://pan.baidu.com/s/1nj-6fOehHOHhUf6G5zOl9A?pwd=e43z 提取码: e43z 复制这段内容后打开百度网盘手机App，操作更方便哦&nbsp;<br />\n--来自百度网盘超级会员v2的分享</p>",
            "user": "<img height=\"25px\" src=\"https://dafstatic.oss-cn-beijing.aliyuncs.com/static/title/level4.gif\"><span class=\"orange\">学院搬运工</span>",
            "time": "2023-07-03 12:34:22"
        },
        {
            "id": 71,
            "PatchName": "流星落 2",
            "PatchType": "活动",
            "view_num": 70,
            "Remark": "<p>链接: https://pan.baidu.com/s/1M8n6UQgAxAX9B-GwvK7N7w?pwd=fgqc 提取码: fgqc 复制这段内容后打开百度网盘手机App，操作更方便哦&nbsp;<br />\n--来自百度网盘超级会员v2的分享</p>",
            "user": "<img height=\"25px\" src=\"https://dafstatic.oss-cn-beijing.aliyuncs.com/static/title/level4.gif\"><span class=\"orange\">学院搬运工</span>",
            "time": "2023-07-03 13:05:10"
        },
        {
            "id": 66,
            "PatchName": "角色无敌白边",
            "PatchType": "活动",
            "view_num": 51,
            "Remark": "<p>链接: https://pan.baidu.com/s/1-aLREV1dlUCvryOfakO6UQ?pwd=gi8q 提取码: gi8q 复制这段内容后打开百度网盘手机App，操作更方便哦&nbsp;<br />\n--来自百度网盘超级会员v2的分享</p>",
            "user": "<img height=\"25px\" src=\"https://dafstatic.oss-cn-beijing.aliyuncs.com/static/title/level4.gif\"><span class=\"orange\">学院搬运工</span>",
            "time": "2023-07-03 13:00:35"
        }
    ]
}