{
    "total": 27,
    "rows": [
        {
            "id": 1,
            "PatchName": "等级补丁",
            "PatchType": "解包",
            "view_num": 1528,
            "Remark": "<p>链接：https://pan.baidu.com/s/1kbJa0SrZ_t2it57mGI9CXQ&nbsp;<br />\r\n提取码：gxqe</p>",
            "user": "<img height=\"25px\" src=\"https://dafstatic.oss-cn-beijing.aliyuncs.com/static/title/level4.gif\"><span class=\"orange\">学院搬运工</span>",
            "time": "2023-05-21 19:07:34"
        },
        {
            "id": 124,
            "PatchName": "全等级补丁（缔造者创建+免门票修复+区域下线修复+防炸频道+史诗免确认+公平PVP）(1)",
            "PatchType": "解包",
            "view_num": 1217,
            "Remark": "<p>https://www.123pan.com/s/tJCtVv-G95EH.html提取码:uKn1</p>",
            "user": "<img height=\"25px\" src=\"https://dafstatic.oss-cn-beijing.aliyuncs.com/static/title/level4.gif\"><span class=\"orange\">学院搬运工</span>",
            "time": "2023-07-15 21:26:51"
        },
        {
            "id": 131,
            "PatchName": "809个技能宝珠导入包",
            "PatchType": "解包",
            "view_num": 850,
            "Remark": "<p>https://www.123pan.com/s/tJCtVv-O45EH.html提取码:4wqE</p>\r\n\r\n<p><img alt=\"\" height=\"600\" src=\"/media/uploads/2023/07/28/image-20230728171900-1.png\" width=\"800\" /></p>\r\n\r\n<p><img alt=\"\" height=\"600\" src=\"/media/uploads/2023/07/28/image-20230728171917-4.png\" width=\"800\" /></p>\r\n\r\n<p><img alt=\"\" height=\"249\" src=\"/media/uploads/2023/07/28/image-20230728171904-2.png\" width=\"780\" /></p>\r\n\r\n<p><img alt=\"\" height=\"360\" src=\"/media/uploads/2023/07/28/image-20230728171910-3.png\" width=\"692\" /></p>",
            "user": "<img height=\"25px\" src=\"https://dafstatic.oss-cn-beijing.aliyuncs.com/static/title/level4.gif\"><span class=\"orange\">学院搬运工</span>",
            "time": "2023-07-28 17:19:20"
        },
        {
            "id": 73,
            "PatchName": "全部位全技能宝珠",
            "PatchType": "解包",
            "view_num": 634,
            "Remark": "<p>链接: https://pan.baidu.com/s/1owMs1kJ2cUgNNVqjageAMQ?pwd=peu7 提取码: peu7 复制这段内容后打开百度网盘手机App，操作更方便哦&nbsp;<br />\r\n--来自百度网盘超级会员v2的分享</p>",
            "user": "<img height=\"25px\" src=\"https://dafstatic.oss-cn-beijing.aliyuncs.com/static/title/level4.gif\"><span class=\"orange\">学院搬运工</span>",
            "time": "2023-07-03 13:52:32"
        },
        {
            "id": 192,
            "PatchName": "侍魂宝珠 修复",
            "PatchType": "解包",
            "view_num": 489,
            "Remark": "<p>https://www.123pan.com/s/tJCtVv-ru5EH.html提取码:OL2A</p>",
            "user": "<img height=\"25px\" src=\"https://dafstatic.oss-cn-beijing.aliyuncs.com/static/title/level4.gif\"><span class=\"orange\">学院搬运工</span>",
            "time": "2023-09-12 11:23:07"
        },
        {
            "id": 186,
            "PatchName": "异界宝珠 优化版",
            "PatchType": "解包",
            "view_num": 408,
            "Remark": "<p>https://www.123pan.com/s/tJCtVv-Wu5EH.html提取码:O8BI</p>",
            "user": "<img height=\"25px\" src=\"https://dafstatic.oss-cn-beijing.aliyuncs.com/static/title/level4.gif\"><span class=\"orange\">学院搬运工</span>",
            "time": "2023-09-12 11:21:05"
        },
        {
            "id": 123,
            "PatchName": "100-120等级补丁",
            "PatchType": "解包",
            "view_num": 304,
            "Remark": "<p>链接: https://pan.baidu.com/s/1n1VCO0jqFS8GDxse9uQBhQ?pwd=xn9f 提取码: xn9f 复制这段内容后打开百度网盘手机App，操作更方便哦&nbsp;<br />\n--来自百度网盘超级会员v2的分享</p>",
            "user": "<img height=\"25px\" src=\"https://dafstatic.oss-cn-beijing.aliyuncs.com/static/title/level6.gif\"><span class=\"rainbow\">玲珑</span>",
            "time": "2023-07-14 09:09:55"
        },
        {
            "id": 74,
            "PatchName": "技能宝珠Lv1-Lv30+1",
            "PatchType": "解包",
            "view_num": 297,
            "Remark": "<p>链接: https://pan.baidu.com/s/1sZn65hsJiqQyh0ZnS3Ow8w?pwd=fcze 提取码: fcze 复制这段内容后打开百度网盘手机App，操作更方便哦&nbsp;<br />\r\n--来自百度网盘超级会员v2的分享</p>",
            "user": "<img height=\"25px\" src=\"https://dafstatic.oss-cn-beijing.aliyuncs.com/static/title/level4.gif\"><span class=\"orange\">学院搬运工</span>",
            "time": "2023-07-03 13:52:50"
        },
        {
            "id": 197,
            "PatchName": "200+特效宝珠",
            "PatchType": "解包",
            "view_num": 248,
            "Remark": "<p>https://www.123pan.com/s/tJCtVv-Su5EH.html提取码:n9bo</p>",
            "user": "<img height=\"25px\" src=\"https://dafstatic.oss-cn-beijing.aliyuncs.com/static/title/level4.gif\"><span class=\"orange\">学院搬运工</span>",
            "time": "2023-09-12 11:29:22"
        },
        {
            "id": 119,
            "PatchName": "全等级防炸+免确认+GM等级补丁",
            "PatchType": "解包",
            "view_num": 232,
            "Remark": "<p>链接: https://pan.baidu.com/s/1PBFfL2KJV8PYOaZQNpu9Gg?pwd=qga3 提取码: qga3 复制这段内容后打开百度网盘手机App，操作更方便哦</p>",
            "user": "<img height=\"25px\" src=\"https://dafstatic.oss-cn-beijing.aliyuncs.com/static/title/level4.gif\"><span class=\"orange\">学院搬运工</span>",
            "time": "2023-07-04 21:26:35"
        },
        {
            "id": 118,
            "PatchName": "110等级补丁",
            "PatchType": "解包",
            "view_num": 220,
            "Remark": "<p>链接: https://pan.baidu.com/s/13kPyi9pliH4jjiYCodaTBw?pwd=kn9q 提取码: kn9q 复制这段内容后打开百度网盘手机App，操作更方便哦</p>",
            "user": "<img height=\"25px\" src=\"https://dafstatic.oss-cn-beijing.aliyuncs.com/static/title/level4.gif\"><span class=\"orange\">学院搬运工</span>",
            "time": "2023-07-04 21:26:10"
        },
        {
            "id": 191,
            "PatchName": "侍魂宝珠",
            "PatchType": "解包",
            "view_num": 188,
            "Remark": "<p>https://www.123pan.com/s/tJCtVv-Du5EH.html提取码:ESYZ</p>",
            "user": "<img height=\"25px\" src=\"https://dafstatic.oss-cn-beijing.aliyuncs.com/static/title/level4.gif\"><span class=\"orange\">学院搬运工</span>",
            "time": "2023-09-12 11:22:46"
        },
        {
            "id": 189,
            "PatchName": "全职业宝珠自选礼盒",
            "PatchType": "解包",
            "view_num": 180,
            "Remark": "<p>https://www.123pan.com/s/tJCtVv-Ou5EH.html提取码:OpwN</p>",
            "user": "<img height=\"25px\" src=\"https://dafstatic.oss-cn-beijing.aliyuncs.com/static/title/level4.gif\"><span class=\"orange\">学院搬运工</span>",
            "time": "2023-09-12 11:21:59"
        },
        {
            "id": 183,
            "PatchName": "技能宝珠",
            "PatchType": "解包",
            "view_num": 146,
            "Remark": "<p>https://www.123pan.com/s/tJCtVv-nu5EH.html提取码:vvf7</p>",
            "user": "<img height=\"25px\" src=\"https://dafstatic.oss-cn-beijing.aliyuncs.com/static/title/level4.gif\"><span class=\"orange\">学院搬运工</span>",
            "time": "2023-09-12 11:18:44"
        },
        {
            "id": 198,
            "PatchName": "100+宝珠",
            "PatchType": "解包",
            "view_num": 143,
            "Remark": "<p>https://www.123pan.com/s/tJCtVv-lu5EH.html提取码:40Du</p>",
            "user": "<img height=\"25px\" src=\"https://dafstatic.oss-cn-beijing.aliyuncs.com/static/title/level4.gif\"><span class=\"orange\">学院搬运工</span>",
            "time": "2023-09-12 11:29:41"
        },
        {
            "id": 72,
            "PatchName": "使徒宝珠提取",
            "PatchType": "解包",
            "view_num": 108,
            "Remark": "<p>链接: https://pan.baidu.com/s/1-x4nwazDpMoP1xsq5jPm4Q?pwd=ph4n 提取码: ph4n 复制这段内容后打开百度网盘手机App，操作更方便哦&nbsp;<br />\r\n--来自百度网盘超级会员v2的分享</p>",
            "user": "<img height=\"25px\" src=\"https://dafstatic.oss-cn-beijing.aliyuncs.com/static/title/level4.gif\"><span class=\"orange\">学院搬运工</span>",
            "time": "2023-07-03 13:52:13"
        },
        {
            "id": 196,
            "PatchName": "200+特殊宝珠",
            "PatchType": "解包",
            "view_num": 107,
            "Remark": "<p>https://www.123pan.com/s/tJCtVv-Uu5EH.html提取码:SAqj</p>",
            "user": "<img height=\"25px\" src=\"https://dafstatic.oss-cn-beijing.aliyuncs.com/static/title/level4.gif\"><span class=\"orange\">学院搬运工</span>",
            "time": "2023-09-12 11:29:00"
        },
        {
            "id": 105,
            "PatchName": "100级等级补丁<span style='margin-left: 2px;padding-left: 16px;color: blue;text-align: center;background: url(/static/images/msg.png) no-repeat; center' title='回复'>1</span>",
            "PatchType": "解包",
            "view_num": 99,
            "Remark": "<p>链接: https://pan.baidu.com/s/1n9TTvR08RHSFV7MnAgCrVQ?pwd=sgba 提取码: sgba 复制这段内容后打开百度网盘手机App，操作更方便哦&nbsp;<br />\n--来自百度网盘超级会员v2的分享</p>",
            "user": "<img height=\"25px\" src=\"https://dafstatic.oss-cn-beijing.aliyuncs.com/static/title/level4.gif\"><span class=\"orange\">学院搬运工</span>",
            "time": "2023-07-04 19:25:13"
        },
        {
            "id": 190,
            "PatchName": "全职业宝珠",
            "PatchType": "解包",
            "view_num": 93,
            "Remark": "<p>https://www.123pan.com/s/tJCtVv-Ru5EH.html提取码:K0HL</p>",
            "user": "<img height=\"25px\" src=\"https://dafstatic.oss-cn-beijing.aliyuncs.com/static/title/level4.gif\"><span class=\"orange\">学院搬运工</span>",
            "time": "2023-09-12 11:22:26"
        },
        {
            "id": 184,
            "PatchName": "异界宝珠",
            "PatchType": "解包",
            "view_num": 83,
            "Remark": "<p>https://www.123pan.com/s/tJCtVv-2u5EH.html提取码:urAI</p>",
            "user": "<img height=\"25px\" src=\"https://dafstatic.oss-cn-beijing.aliyuncs.com/static/title/level4.gif\"><span class=\"orange\">学院搬运工</span>",
            "time": "2023-09-12 11:20:11"
        },
        {
            "id": 182,
            "PatchName": "春节 三国 安徒恩宝珠",
            "PatchType": "解包",
            "view_num": 77,
            "Remark": "<p>https://www.123pan.com/s/tJCtVv-Pu5EH.html提取码:Tosa</p>",
            "user": "<img height=\"25px\" src=\"https://dafstatic.oss-cn-beijing.aliyuncs.com/static/title/level4.gif\"><span class=\"orange\">学院搬运工</span>",
            "time": "2023-09-12 11:18:00"
        },
        {
            "id": 193,
            "PatchName": "使徒宝珠",
            "PatchType": "解包",
            "view_num": 48,
            "Remark": "<p>https://www.123pan.com/s/tJCtVv-0u5EH.html提取码:d5eM</p>",
            "user": "<img height=\"25px\" src=\"https://dafstatic.oss-cn-beijing.aliyuncs.com/static/title/level4.gif\"><span class=\"orange\">学院搬运工</span>",
            "time": "2023-09-12 11:27:12"
        },
        {
            "id": 194,
            "PatchName": "三女鬼异界宝珠+自选礼盒",
            "PatchType": "解包",
            "view_num": 48,
            "Remark": "<p>https://www.123pan.com/s/tJCtVv-Ku5EH.html提取码:Aiji</p>",
            "user": "<img height=\"25px\" src=\"https://dafstatic.oss-cn-beijing.aliyuncs.com/static/title/level4.gif\"><span class=\"orange\">学院搬运工</span>",
            "time": "2023-09-12 11:27:57"
        },
        {
            "id": 187,
            "PatchName": "字体宝珠",
            "PatchType": "解包",
            "view_num": 44,
            "Remark": "<p>https://www.123pan.com/s/tJCtVv-Cu5EH.html提取码:W9b9</p>",
            "user": "<img height=\"25px\" src=\"https://dafstatic.oss-cn-beijing.aliyuncs.com/static/title/level4.gif\"><span class=\"orange\">学院搬运工</span>",
            "time": "2023-09-12 11:21:23"
        },
        {
            "id": 188,
            "PatchName": "决斗场宝珠",
            "PatchType": "解包",
            "view_num": 34,
            "Remark": "<p>https://www.123pan.com/s/tJCtVv-Nu5EH.html提取码:MnIM</p>",
            "user": "<img height=\"25px\" src=\"https://dafstatic.oss-cn-beijing.aliyuncs.com/static/title/level4.gif\"><span class=\"orange\">学院搬运工</span>",
            "time": "2023-09-12 11:21:41"
        },
        {
            "id": 185,
            "PatchName": "异界宝珠 修复侵袭光明闪退",
            "PatchType": "解包",
            "view_num": 31,
            "Remark": "<p>https://www.123pan.com/s/tJCtVv-su5EH.html提取码:nA62</p>",
            "user": "<img height=\"25px\" src=\"https://dafstatic.oss-cn-beijing.aliyuncs.com/static/title/level4.gif\"><span class=\"orange\">学院搬运工</span>",
            "time": "2023-09-12 11:20:32"
        },
        {
            "id": 195,
            "PatchName": "三女鬼剑异界宝珠",
            "PatchType": "解包",
            "view_num": 31,
            "Remark": "<p>https://www.123pan.com/s/tJCtVv-uu5EH.html提取码:NbIa</p>",
            "user": "<img height=\"25px\" src=\"https://dafstatic.oss-cn-beijing.aliyuncs.com/static/title/level4.gif\"><span class=\"orange\">学院搬运工</span>",
            "time": "2023-09-12 11:28:38"
        }
    ]
}