{
    "total": 50,
    "rows": [
        {
            "id": 222,
            "PatchName": "16:9宽屏+全自定义HUD血槽DLL插件，支持0627和1031<span style='margin-left: 2px;padding-left: 16px;color: blue;text-align: center;background: url(/static/images/msg.png) no-repeat; center' title='回复'>2</span>",
            "PatchType": "副本补丁",
            "view_num": 1028,
            "Remark": "<p><a href=\"https://pan.baidu.com/s/17S7juzeMjw71yszQxUZu-g\" target=\"_blank\">https://pan.baidu.com/s/17S7juzeMjw71yszQxUZu-g</a>?pwd=4rp2</p>\n\n<p>4rp2</p>\n\n<p>有两个版本，分别支持0627和1031，1031版本支持原生冷却提示位置调整，C++源码编译不报毒。</p>\n\n<p>提供55血槽和百级血槽两种预置方案，其他版本有npk贴图后都可以通过改配置坐标实现。</p>\n\n<p>原帖链接：https://tieba.baidu.com/p/9005430570</p>\n",
            "user": "<img height=\"25px\" src=\"\">shizuku30",
            "time": "2024-05-15 12:42:00"
        },
        {
            "id": 218,
            "PatchName": "花枝百级适配+默认创建女鬼<span style='margin-left: 2px;padding-left: 16px;color: blue;text-align: center;background: url(/static/images/msg.png) no-repeat; center' title='回复'>1</span>",
            "PatchType": "副本补丁",
            "view_num": 951,
            "Remark": "<p>https://pan.baidu.com/s/1TPr35HqVXO-CPYLeDGHAew?pwd=1111&nbsp;<br />\n&nbsp;码1111&nbsp; 如果有花枝配套了，除了文件夹和Script都删除，注意文件夹和Script是保留，不是删除，im2提示有重复选择替换，然后重新生成授权文件（hztcp）弄进来，知道在哪复制过来也可以。<br />\n没有花枝配套，直接全部解压到客户端pvf放进来hztcp放进来（授权文件）</p>\n",
            "user": "<img height=\"25px\" src=\"https://dafstatic.oss-cn-beijing.aliyuncs.com/static/title/level2.gif\">yua222",
            "time": "2024-02-27 00:37:29"
        },
        {
            "id": 99,
            "PatchName": "徽章栏+达芙妮（pvf直接导入）",
            "PatchType": "副本补丁",
            "view_num": 766,
            "Remark": "<p>链接: https://pan.baidu.com/s/1MM4P8GeDHGU_TLeXG8moAA?pwd=evgj 提取码: evgj 复制这段内容后打开百度网盘手机App，操作更方便哦&nbsp;<br />\n--来自百度网盘超级会员v2的分享</p>",
            "user": "<img height=\"25px\" src=\"https://dafstatic.oss-cn-beijing.aliyuncs.com/static/title/level4.gif\"><span class=\"orange\">学院搬运工</span>",
            "time": "2023-07-03 14:16:25"
        },
        {
            "id": 219,
            "PatchName": "花枝默认创建女鬼剑dll<span style='margin-left: 2px;padding-left: 16px;color: blue;text-align: center;background: url(/static/images/msg.png) no-repeat; center' title='回复'>3</span>",
            "PatchType": "副本补丁",
            "view_num": 630,
            "Remark": "<p>链接：https://pan.baidu.com/s/1RV2FpM7RNz9O10-uoGz3tg?pwd=1111&nbsp;<br />\n1111 补了<br />\n直接替换，提示网络中断就挂dp或者不支持</p>\n",
            "user": "<img height=\"25px\" src=\"https://dafstatic.oss-cn-beijing.aliyuncs.com/static/title/level2.gif\">yua222",
            "time": "2024-03-01 01:24:46"
        },
        {
            "id": 96,
            "PatchName": "全职业buff无限持续<span style='margin-left: 2px;padding-left: 16px;color: blue;text-align: center;background: url(/static/images/msg.png) no-repeat; center' title='回复'>1</span>",
            "PatchType": "副本补丁",
            "view_num": 565,
            "Remark": "<p>链接: https://pan.baidu.com/s/1aFs25g1nAnep1dCv-zCSDQ?pwd=s9r4 提取码: s9r4 复制这段内容后打开百度网盘手机App，操作更方便哦&nbsp;<br />\n--来自百度网盘超级会员v2的分享</p>",
            "user": "<img height=\"25px\" src=\"https://dafstatic.oss-cn-beijing.aliyuncs.com/static/title/level4.gif\"><span class=\"orange\">学院搬运工</span>",
            "time": "2023-07-03 14:13:39"
        },
        {
            "id": 210,
            "PatchName": "增幅+15至31文件<span style='margin-left: 2px;padding-left: 16px;color: blue;text-align: center;background: url(/static/images/msg.png) no-repeat; center' title='回复'>1</span>",
            "PatchType": "副本补丁",
            "view_num": 547,
            "Remark": "<p>https://www.123pan.com/s/tJCtVv-Bb5EH.html提取码:dDjd</p>",
            "user": "<img height=\"25px\" src=\"https://dafstatic.oss-cn-beijing.aliyuncs.com/static/title/level4.gif\"><span class=\"orange\">学院搬运工</span>",
            "time": "2023-09-17 13:19:24"
        },
        {
            "id": 91,
            "PatchName": "一键换装",
            "PatchType": "副本补丁",
            "view_num": 474,
            "Remark": "<p>链接: https://pan.baidu.com/s/1kYNSSoJq4d5Kb1bgCjVbeg?pwd=c67f 提取码: c67f 复制这段内容后打开百度网盘手机App，操作更方便哦&nbsp;<br />\n--来自百度网盘超级会员v2的分享</p>",
            "user": "<img height=\"25px\" src=\"https://dafstatic.oss-cn-beijing.aliyuncs.com/static/title/level4.gif\"><span class=\"orange\">学院搬运工</span>",
            "time": "2023-07-03 14:09:27"
        },
        {
            "id": 216,
            "PatchName": "无脑圣骑士一键buff",
            "PatchType": "副本补丁",
            "view_num": 432,
            "Remark": "<p>链接：https://pan.baidu.com/s/1mhEylQIAZtQe8VtUjIqGhg?pwd=a4dl&nbsp;<br />\n提取码：a4dl&nbsp;<br />\n--来自百度网盘超级会员V1的分享</p>",
            "user": "<img height=\"25px\" src=\"\">鲨鱼大辣椒",
            "time": "2024-01-05 19:41:37"
        },
        {
            "id": 18,
            "PatchName": "宠物装备异界化（修正版）<span style='margin-left: 2px;padding-left: 16px;color: blue;text-align: center;background: url(/static/images/msg.png) no-repeat; center' title='回复'>1</span>",
            "PatchType": "副本补丁",
            "view_num": 311,
            "Remark": "<p>链接: https://pan.baidu.com/s/1YgZHnUN8o1pe9RXfFw4zDA?pwd=u5b9 提取码: u5b9 复制这段内容后打开百度网盘手机App，操作更方便哦&nbsp;<br />\r\n--来自百度网盘超级会员v2的分享</p>",
            "user": "<img height=\"25px\" src=\"https://dafstatic.oss-cn-beijing.aliyuncs.com/static/title/level4.gif\"><span class=\"orange\">学院搬运工</span>",
            "time": "2023-06-29 21:17:53"
        },
        {
            "id": 221,
            "PatchName": "SS闪光掉落修复+两款SS闪光补丁",
            "PatchType": "副本补丁",
            "view_num": 286,
            "Remark": "<p>链接: https://pan.baidu.com/s/1MggGFBGacBRmjkX2BBzDcQ 提取码: 91ei 复制这段内容后打开百度网盘手机App，操作更方便哦</p>\n\n<p>&nbsp;</p>\n\n<p>&nbsp;</p>\n\n<p>&nbsp;</p>\n\n<p>导入即可<img alt=\"wink\" height=\"23\" src=\"https://daf.linglonger.com/static/ckeditor/ckeditor/plugins/smiley/images/wink_smile.png\" title=\"wink\" width=\"23\" /></p>",
            "user": "<img height=\"25px\" src=\"\">长青",
            "time": "2024-05-09 11:04:20"
        },
        {
            "id": 209,
            "PatchName": "7个可用魔盒代码<span style='margin-left: 2px;padding-left: 16px;color: blue;text-align: center;background: url(/static/images/msg.png) no-repeat; center' title='回复'>1</span>",
            "PatchType": "副本补丁",
            "view_num": 285,
            "Remark": "<p>https://www.123pan.com/s/tJCtVv-1b5EH.html提取码:sp7a</p>",
            "user": "<img height=\"25px\" src=\"https://dafstatic.oss-cn-beijing.aliyuncs.com/static/title/level4.gif\"><span class=\"orange\">学院搬运工</span>",
            "time": "2023-09-17 13:09:45"
        },
        {
            "id": 84,
            "PatchName": "默认创建改女鬼dll",
            "PatchType": "副本补丁",
            "view_num": 272,
            "Remark": "<p>链接: https://pan.baidu.com/s/1BtblnO2JgiMQCy9yjNLWXA?pwd=b7kq 提取码: b7kq 复制这段内容后打开百度网盘手机App，操作更方便哦&nbsp;<br />\n--来自百度网盘超级会员v2的分享</p>",
            "user": "<img height=\"25px\" src=\"https://dafstatic.oss-cn-beijing.aliyuncs.com/static/title/level4.gif\"><span class=\"orange\">学院搬运工</span>",
            "time": "2023-07-03 14:05:36"
        },
        {
            "id": 101,
            "PatchName": "放了阿拉德假人破解<span style='margin-left: 2px;padding-left: 16px;color: blue;text-align: center;background: url(/static/images/msg.png) no-repeat; center' title='回复'>1</span>",
            "PatchType": "副本补丁",
            "view_num": 272,
            "Remark": "<p>链接: https://pan.baidu.com/s/10qrF1IOse3lsyPyuEQhzEw?pwd=ueem 提取码: ueem 复制这段内容后打开百度网盘手机App，操作更方便哦&nbsp;<br />\n--来自百度网盘超级会员v2的分享</p>",
            "user": "<img height=\"25px\" src=\"https://dafstatic.oss-cn-beijing.aliyuncs.com/static/title/level4.gif\"><span class=\"orange\">学院搬运工</span>",
            "time": "2023-07-03 14:17:04"
        },
        {
            "id": 94,
            "PatchName": "黑钻完整文件补丁",
            "PatchType": "副本补丁",
            "view_num": 262,
            "Remark": "<p>链接: https://pan.baidu.com/s/1nikH6dRskxCFhSVVY61iMQ?pwd=kj6r 提取码: kj6r 复制这段内容后打开百度网盘手机App，操作更方便哦&nbsp;<br />\n--来自百度网盘超级会员v2的分享</p>",
            "user": "<img height=\"25px\" src=\"https://dafstatic.oss-cn-beijing.aliyuncs.com/static/title/level4.gif\"><span class=\"orange\">学院搬运工</span>",
            "time": "2023-07-03 14:12:51"
        },
        {
            "id": 80,
            "PatchName": "增幅强化1-31",
            "PatchType": "副本补丁",
            "view_num": 234,
            "Remark": "<p>链接: https://pan.baidu.com/s/12tk3o0fxPwhfHSfUUcHFeg?pwd=ckgs 提取码: ckgs 复制这段内容后打开百度网盘手机App，操作更方便哦&nbsp;<br />\n--来自百度网盘超级会员v2的分享</p>",
            "user": "<img height=\"25px\" src=\"https://dafstatic.oss-cn-beijing.aliyuncs.com/static/title/level4.gif\"><span class=\"orange\">学院搬运工</span>",
            "time": "2023-07-03 14:03:00"
        },
        {
            "id": 86,
            "PatchName": "全职业站街特效无脑导入",
            "PatchType": "副本补丁",
            "view_num": 225,
            "Remark": "<p>链接: https://pan.baidu.com/s/1V2Rzg-vpDwe5biThJtFchQ?pwd=371x 提取码: 371x 复制这段内容后打开百度网盘手机App，操作更方便哦&nbsp;<br />\n--来自百度网盘超级会员v2的分享</p>",
            "user": "<img height=\"25px\" src=\"https://dafstatic.oss-cn-beijing.aliyuncs.com/static/title/level4.gif\"><span class=\"orange\">学院搬运工</span>",
            "time": "2023-07-03 14:06:12"
        },
        {
            "id": 79,
            "PatchName": "强化增幅变快",
            "PatchType": "副本补丁",
            "view_num": 212,
            "Remark": "<p>链接: https://pan.baidu.com/s/1pCVKwTNw2hMQ6ZbWQbmpqA?pwd=3f8k 提取码: 3f8k 复制这段内容后打开百度网盘手机App，操作更方便哦&nbsp;<br />\n--来自百度网盘超级会员v2的分享</p>",
            "user": "<img height=\"25px\" src=\"https://dafstatic.oss-cn-beijing.aliyuncs.com/static/title/level4.gif\"><span class=\"orange\">学院搬运工</span>",
            "time": "2023-07-03 14:02:32"
        },
        {
            "id": 171,
            "PatchName": "装备回收礼盒<span style='margin-left: 2px;padding-left: 16px;color: blue;text-align: center;background: url(/static/images/msg.png) no-repeat; center' title='回复'>1</span>",
            "PatchType": "副本补丁",
            "view_num": 209,
            "Remark": "<p>https://www.123pan.com/s/tJCtVv-4u5EH.html提取码:acez</p>",
            "user": "<img height=\"25px\" src=\"https://dafstatic.oss-cn-beijing.aliyuncs.com/static/title/level4.gif\"><span class=\"orange\">学院搬运工</span>",
            "time": "2023-09-12 11:12:01"
        },
        {
            "id": 102,
            "PatchName": "16-31增幅卷",
            "PatchType": "副本补丁",
            "view_num": 168,
            "Remark": "<p>链接: https://pan.baidu.com/s/1UGSOfwASTfKjNznmETyvLw?pwd=amh3 提取码: amh3 复制这段内容后打开百度网盘手机App，操作更方便哦&nbsp;<br />\n--来自百度网盘超级会员v2的分享</p>",
            "user": "<img height=\"25px\" src=\"https://dafstatic.oss-cn-beijing.aliyuncs.com/static/title/level4.gif\"><span class=\"orange\">学院搬运工</span>",
            "time": "2023-07-03 14:17:24"
        },
        {
            "id": 98,
            "PatchName": "连发",
            "PatchType": "副本补丁",
            "view_num": 166,
            "Remark": "<p>链接: https://pan.baidu.com/s/1n9lKHyjwSQi2y-bT1O-Img?pwd=387f 提取码: 387f 复制这段内容后打开百度网盘手机App，操作更方便哦&nbsp;<br />\n--来自百度网盘超级会员v2的分享</p>",
            "user": "<img height=\"25px\" src=\"https://dafstatic.oss-cn-beijing.aliyuncs.com/static/title/level4.gif\"><span class=\"orange\">学院搬运工</span>",
            "time": "2023-07-03 14:15:30"
        },
        {
            "id": 169,
            "PatchName": "跨界石<span style='margin-left: 2px;padding-left: 16px;color: blue;text-align: center;background: url(/static/images/msg.png) no-repeat; center' title='回复'>2</span>",
            "PatchType": "副本补丁",
            "view_num": 162,
            "Remark": "<p>https://www.123pan.com/s/tJCtVv-mu5EH.html提取码:16VE</p>",
            "user": "<img height=\"25px\" src=\"https://dafstatic.oss-cn-beijing.aliyuncs.com/static/title/level4.gif\"><span class=\"orange\">学院搬运工</span>",
            "time": "2023-09-12 11:11:22"
        },
        {
            "id": 103,
            "PatchName": "自动开盒子罐子物品放到物品栏一",
            "PatchType": "副本补丁",
            "view_num": 151,
            "Remark": "<p>链接: https://pan.baidu.com/s/1QAshWvVg3wqQeZsVuXHaew?pwd=85mm 提取码: 85mm 复制这段内容后打开百度网盘手机App，操作更方便哦&nbsp;<br />\n--来自百度网盘超级会员v2的分享</p>",
            "user": "<img height=\"25px\" src=\"https://dafstatic.oss-cn-beijing.aliyuncs.com/static/title/level4.gif\"><span class=\"orange\">学院搬运工</span>",
            "time": "2023-07-03 14:17:45"
        },
        {
            "id": 104,
            "PatchName": "防具百分比伤害添加",
            "PatchType": "副本补丁",
            "view_num": 147,
            "Remark": "<p>链接: https://pan.baidu.com/s/1vRhtu3liiH0fP09HEOSiYw?pwd=k8tj 提取码: k8tj 复制这段内容后打开百度网盘手机App，操作更方便哦&nbsp;<br />\n--来自百度网盘超级会员v2的分享</p>",
            "user": "<img height=\"25px\" src=\"https://dafstatic.oss-cn-beijing.aliyuncs.com/static/title/level4.gif\"><span class=\"orange\">学院搬运工</span>",
            "time": "2023-07-03 14:18:17"
        },
        {
            "id": 75,
            "PatchName": "变身消耗品",
            "PatchType": "副本补丁",
            "view_num": 126,
            "Remark": "<p>链接: https://pan.baidu.com/s/1K7SOktrjonIK3nFESMvLvg?pwd=6eqb 提取码: 6eqb 复制这段内容后打开百度网盘手机App，操作更方便哦&nbsp;<br />\n--来自百度网盘超级会员v2的分享</p>",
            "user": "<img height=\"25px\" src=\"https://dafstatic.oss-cn-beijing.aliyuncs.com/static/title/level4.gif\"><span class=\"orange\">学院搬运工</span>",
            "time": "2023-07-03 13:53:05"
        },
        {
            "id": 88,
            "PatchName": "防buff消失药水",
            "PatchType": "副本补丁",
            "view_num": 124,
            "Remark": "<p>链接: https://pan.baidu.com/s/1O28IcnvCMr7cJeBmdjuOhQ?pwd=9tmt 提取码: 9tmt 复制这段内容后打开百度网盘手机App，操作更方便哦&nbsp;<br />\n--来自百度网盘超级会员v2的分享</p>",
            "user": "<img height=\"25px\" src=\"https://dafstatic.oss-cn-beijing.aliyuncs.com/static/title/level4.gif\"><span class=\"orange\">学院搬运工</span>",
            "time": "2023-07-03 14:06:52"
        },
        {
            "id": 87,
            "PatchName": "【夜白修复】阿拉德征服计划活动",
            "PatchType": "副本补丁",
            "view_num": 122,
            "Remark": "<p>链接: https://pan.baidu.com/s/1sS7IBAaq3nspNvcdge4i8A?pwd=m4nv 提取码: m4nv 复制这段内容后打开百度网盘手机App，操作更方便哦&nbsp;<br />\n--来自百度网盘超级会员v2的分享</p>",
            "user": "<img height=\"25px\" src=\"https://dafstatic.oss-cn-beijing.aliyuncs.com/static/title/level4.gif\"><span class=\"orange\">学院搬运工</span>",
            "time": "2023-07-03 14:06:32"
        },
        {
            "id": 83,
            "PatchName": "夜白自用传送门",
            "PatchType": "副本补丁",
            "view_num": 112,
            "Remark": "<p>链接: https://pan.baidu.com/s/1l117jOvicMjkGoWMG-K0xg?pwd=vid7 提取码: vid7 复制这段内容后打开百度网盘手机App，操作更方便哦&nbsp;<br />\r\n--来自百度网盘超级会员v2的分享</p>",
            "user": "<img height=\"25px\" src=\"https://dafstatic.oss-cn-beijing.aliyuncs.com/static/title/level4.gif\"><span class=\"orange\">学院搬运工</span>",
            "time": "2023-07-03 14:04:28"
        },
        {
            "id": 170,
            "PatchName": "装备自选礼盒<span style='margin-left: 2px;padding-left: 16px;color: blue;text-align: center;background: url(/static/images/msg.png) no-repeat; center' title='回复'>1</span>",
            "PatchType": "副本补丁",
            "view_num": 107,
            "Remark": "<p>https://www.123pan.com/s/tJCtVv-1u5EH.html提取码:yaZT</p>",
            "user": "<img height=\"25px\" src=\"https://dafstatic.oss-cn-beijing.aliyuncs.com/static/title/level4.gif\"><span class=\"orange\">学院搬运工</span>",
            "time": "2023-09-12 11:11:42"
        },
        {
            "id": 97,
            "PatchName": "map倒计时",
            "PatchType": "副本补丁",
            "view_num": 106,
            "Remark": "<p>链接: https://pan.baidu.com/s/1bVskMtte3oXsA-KXPqeVWw?pwd=kbgp 提取码: kbgp 复制这段内容后打开百度网盘手机App，操作更方便哦&nbsp;<br />\n--来自百度网盘超级会员v2的分享</p>",
            "user": "<img height=\"25px\" src=\"https://dafstatic.oss-cn-beijing.aliyuncs.com/static/title/level4.gif\"><span class=\"orange\">学院搬运工</span>",
            "time": "2023-07-03 14:15:07"
        },
        {
            "id": 81,
            "PatchName": "全频道文件与交流",
            "PatchType": "副本补丁",
            "view_num": 102,
            "Remark": "<p>链接: https://pan.baidu.com/s/1rnTsfyvewyQvtQT-TBp9JQ?pwd=egr3 提取码: egr3 复制这段内容后打开百度网盘手机App，操作更方便哦&nbsp;<br />\n--来自百度网盘超级会员v2的分享</p>",
            "user": "<img height=\"25px\" src=\"https://dafstatic.oss-cn-beijing.aliyuncs.com/static/title/level4.gif\"><span class=\"orange\">学院搬运工</span>",
            "time": "2023-07-03 14:03:41"
        },
        {
            "id": 100,
            "PatchName": "德利拉改云幂",
            "PatchType": "副本补丁",
            "view_num": 99,
            "Remark": "<p>链接: https://pan.baidu.com/s/1GVQQRk4rSCGUKfLj3lI6yQ?pwd=45qc 提取码: 45qc 复制这段内容后打开百度网盘手机App，操作更方便哦&nbsp;<br />\n--来自百度网盘超级会员v2的分享</p>",
            "user": "<img height=\"25px\" src=\"https://dafstatic.oss-cn-beijing.aliyuncs.com/static/title/level4.gif\"><span class=\"orange\">学院搬运工</span>",
            "time": "2023-07-03 14:16:44"
        },
        {
            "id": 179,
            "PatchName": "回收装备任务素材<span style='margin-left: 2px;padding-left: 16px;color: blue;text-align: center;background: url(/static/images/msg.png) no-repeat; center' title='回复'>1</span>",
            "PatchType": "副本补丁",
            "view_num": 92,
            "Remark": "<p>https://www.123pan.com/s/tJCtVv-gu5EH.html提取码:4jAE</p>",
            "user": "<img height=\"25px\" src=\"https://dafstatic.oss-cn-beijing.aliyuncs.com/static/title/level4.gif\"><span class=\"orange\">学院搬运工</span>",
            "time": "2023-09-12 11:15:40"
        },
        {
            "id": 120,
            "PatchName": "道具-国服大黄蜂变身道具<span style='margin-left: 2px;padding-left: 16px;color: blue;text-align: center;background: url(/static/images/msg.png) no-repeat; center' title='回复'>1</span>",
            "PatchType": "副本补丁",
            "view_num": 91,
            "Remark": "<p>链接: https://pan.baidu.com/s/1ysqwyAqm2DIcXn8gF21_wg?pwd=imyn 提取码: imyn 复制这段内容后打开百度网盘手机App，操作更方便哦</p>",
            "user": "<img height=\"25px\" src=\"https://dafstatic.oss-cn-beijing.aliyuncs.com/static/title/level4.gif\"><span class=\"orange\">学院搬运工</span>",
            "time": "2023-07-04 21:28:59"
        },
        {
            "id": 93,
            "PatchName": "召唤四剑圣",
            "PatchType": "副本补丁",
            "view_num": 89,
            "Remark": "<p>链接: https://pan.baidu.com/s/173Qnkp_3rscqY824nTOlqg?pwd=g95a 提取码: g95a 复制这段内容后打开百度网盘手机App，操作更方便哦&nbsp;<br />\n--来自百度网盘超级会员v2的分享</p>",
            "user": "<img height=\"25px\" src=\"https://dafstatic.oss-cn-beijing.aliyuncs.com/static/title/level4.gif\"><span class=\"orange\">学院搬运工</span>",
            "time": "2023-07-03 14:12:18"
        },
        {
            "id": 172,
            "PatchName": "自选史诗礼盒<span style='margin-left: 2px;padding-left: 16px;color: blue;text-align: center;background: url(/static/images/msg.png) no-repeat; center' title='回复'>1</span>",
            "PatchType": "副本补丁",
            "view_num": 88,
            "Remark": "<p>https://www.123pan.com/s/tJCtVv-pu5EH.html提取码:0oAx</p>",
            "user": "<img height=\"25px\" src=\"https://dafstatic.oss-cn-beijing.aliyuncs.com/static/title/level4.gif\"><span class=\"orange\">学院搬运工</span>",
            "time": "2023-09-12 11:13:11"
        },
        {
            "id": 162,
            "PatchName": "2022国服名片装饰卡",
            "PatchType": "副本补丁",
            "view_num": 75,
            "Remark": "<p>链接: https://pan.baidu.com/s/1JRq53LPZPQAVf9XfsrUYTw?pwd=icgg 提取码: icgg 复制这段内容后打开百度网盘手机App，操作更方便哦&nbsp;<br />\n--来自百度网盘超级会员v3的分享</p>",
            "user": "<img height=\"25px\" src=\"https://dafstatic.oss-cn-beijing.aliyuncs.com/static/title/level6.gif\"><span class=\"rainbow\">玲珑</span>",
            "time": "2023-09-04 20:50:07"
        },
        {
            "id": 76,
            "PatchName": "Script低等级地图添加地狱难度",
            "PatchType": "副本补丁",
            "view_num": 70,
            "Remark": "<p>链接: https://pan.baidu.com/s/13OErzDg1MKLul17v6sSSVQ?pwd=rah4 提取码: rah4 复制这段内容后打开百度网盘手机App，操作更方便哦&nbsp;<br />\n--来自百度网盘超级会员v2的分享</p>",
            "user": "<img height=\"25px\" src=\"https://dafstatic.oss-cn-beijing.aliyuncs.com/static/title/level4.gif\"><span class=\"orange\">学院搬运工</span>",
            "time": "2023-07-03 13:59:40"
        },
        {
            "id": 85,
            "PatchName": "无毒国转台",
            "PatchType": "副本补丁",
            "view_num": 63,
            "Remark": "<p>链接: https://pan.baidu.com/s/1Bufc9CybGYE5JdKRZPWuAA?pwd=uwk4 提取码: uwk4 复制这段内容后打开百度网盘手机App，操作更方便哦&nbsp;<br />\n--来自百度网盘超级会员v2的分享</p>",
            "user": "<img height=\"25px\" src=\"https://dafstatic.oss-cn-beijing.aliyuncs.com/static/title/level4.gif\"><span class=\"orange\">学院搬运工</span>",
            "time": "2023-07-03 14:05:53"
        },
        {
            "id": 175,
            "PatchName": "晶体契约<span style='margin-left: 2px;padding-left: 16px;color: blue;text-align: center;background: url(/static/images/msg.png) no-repeat; center' title='回复'>1</span>",
            "PatchType": "副本补丁",
            "view_num": 63,
            "Remark": "<p>https://www.123pan.com/s/tJCtVv-Bu5EH.html提取码:rY3d</p>",
            "user": "<img height=\"25px\" src=\"https://dafstatic.oss-cn-beijing.aliyuncs.com/static/title/level4.gif\"><span class=\"orange\">学院搬运工</span>",
            "time": "2023-09-12 11:14:15"
        },
        {
            "id": 181,
            "PatchName": "18级经验胶囊",
            "PatchType": "副本补丁",
            "view_num": 63,
            "Remark": "<p>https://www.123pan.com/s/tJCtVv-Gu5EH.html提取码:bex2</p>",
            "user": "<img height=\"25px\" src=\"https://dafstatic.oss-cn-beijing.aliyuncs.com/static/title/level4.gif\"><span class=\"orange\">学院搬运工</span>",
            "time": "2023-09-12 11:16:43"
        },
        {
            "id": 173,
            "PatchName": "移动药剂",
            "PatchType": "副本补丁",
            "view_num": 60,
            "Remark": "<p>https://www.123pan.com/s/tJCtVv-fu5EH.html提取码:dG6a</p>",
            "user": "<img height=\"25px\" src=\"https://dafstatic.oss-cn-beijing.aliyuncs.com/static/title/level4.gif\"><span class=\"orange\">学院搬运工</span>",
            "time": "2023-09-12 11:13:34"
        },
        {
            "id": 176,
            "PatchName": "新年爆竹<span style='margin-left: 2px;padding-left: 16px;color: blue;text-align: center;background: url(/static/images/msg.png) no-repeat; center' title='回复'>1</span>",
            "PatchType": "副本补丁",
            "view_num": 59,
            "Remark": "<p>https://www.123pan.com/s/tJCtVv-Ju5EH.html提取码:IauG</p>",
            "user": "<img height=\"25px\" src=\"https://dafstatic.oss-cn-beijing.aliyuncs.com/static/title/level4.gif\"><span class=\"orange\">学院搬运工</span>",
            "time": "2023-09-12 11:14:37"
        },
        {
            "id": 89,
            "PatchName": "取消林纳斯武器奖励(领取闪退的自选导入)",
            "PatchType": "副本补丁",
            "view_num": 56,
            "Remark": "<p>链接: https://pan.baidu.com/s/1TVCcZ9JqrDTlnl9JmvWNKw?pwd=h3i3 提取码: h3i3 复制这段内容后打开百度网盘手机App，操作更方便哦&nbsp;<br />\n--来自百度网盘超级会员v2的分享</p>",
            "user": "<img height=\"25px\" src=\"https://dafstatic.oss-cn-beijing.aliyuncs.com/static/title/level4.gif\"><span class=\"orange\">学院搬运工</span>",
            "time": "2023-07-03 14:07:15"
        },
        {
            "id": 178,
            "PatchName": "安图恩材料 灵魂碎片 魔能结晶 装备自选礼盒<span style='margin-left: 2px;padding-left: 16px;color: blue;text-align: center;background: url(/static/images/msg.png) no-repeat; center' title='回复'>1</span>",
            "PatchType": "副本补丁",
            "view_num": 43,
            "Remark": "<p>https://www.123pan.com/s/tJCtVv-wu5EH.html提取码:0kAg</p>",
            "user": "<img height=\"25px\" src=\"https://dafstatic.oss-cn-beijing.aliyuncs.com/static/title/level4.gif\"><span class=\"orange\">学院搬运工</span>",
            "time": "2023-09-12 11:15:20"
        },
        {
            "id": 168,
            "PatchName": "远古精灵的秘药 修复版<span style='margin-left: 2px;padding-left: 16px;color: blue;text-align: center;background: url(/static/images/msg.png) no-repeat; center' title='回复'>1</span>",
            "PatchType": "副本补丁",
            "view_num": 37,
            "Remark": "<p>https://www.123pan.com/s/tJCtVv-ou5EH.html提取码:pFez</p>",
            "user": "<img height=\"25px\" src=\"https://dafstatic.oss-cn-beijing.aliyuncs.com/static/title/level4.gif\"><span class=\"orange\">学院搬运工</span>",
            "time": "2023-09-12 11:11:02"
        },
        {
            "id": 177,
            "PatchName": "安图恩材料<span style='margin-left: 2px;padding-left: 16px;color: blue;text-align: center;background: url(/static/images/msg.png) no-repeat; center' title='回复'>1</span>",
            "PatchType": "副本补丁",
            "view_num": 33,
            "Remark": "<p>https://www.123pan.com/s/tJCtVv-Mu5EH.html提取码:ubxE</p>",
            "user": "<img height=\"25px\" src=\"https://dafstatic.oss-cn-beijing.aliyuncs.com/static/title/level4.gif\"><span class=\"orange\">学院搬运工</span>",
            "time": "2023-09-12 11:14:54"
        },
        {
            "id": 92,
            "PatchName": "字体初始化失败解压到客户端里的Fonts",
            "PatchType": "副本补丁",
            "view_num": 28,
            "Remark": "<p>链接: https://pan.baidu.com/s/1xKgGI0V6MQsQ_qZOURAjaQ?pwd=tqs1 提取码: tqs1 复制这段内容后打开百度网盘手机App，操作更方便哦&nbsp;<br />\n--来自百度网盘超级会员v2的分享</p>",
            "user": "<img height=\"25px\" src=\"https://dafstatic.oss-cn-beijing.aliyuncs.com/static/title/level4.gif\"><span class=\"orange\">学院搬运工</span>",
            "time": "2023-07-03 14:09:45"
        },
        {
            "id": 180,
            "PatchName": "卢克材料<span style='margin-left: 2px;padding-left: 16px;color: blue;text-align: center;background: url(/static/images/msg.png) no-repeat; center' title='回复'>1</span>",
            "PatchType": "副本补丁",
            "view_num": 24,
            "Remark": "<p>https://www.123pan.com/s/tJCtVv-Yu5EH.html提取码:yZMd</p>",
            "user": "<img height=\"25px\" src=\"https://dafstatic.oss-cn-beijing.aliyuncs.com/static/title/level4.gif\"><span class=\"orange\">学院搬运工</span>",
            "time": "2023-09-12 11:16:22"
        },
        {
            "id": 174,
            "PatchName": "海之勇者礼包<span style='margin-left: 2px;padding-left: 16px;color: blue;text-align: center;background: url(/static/images/msg.png) no-repeat; center' title='回复'>1</span>",
            "PatchType": "副本补丁",
            "view_num": 20,
            "Remark": "<p>https://www.123pan.com/s/tJCtVv-au5EH.html提取码:CPHz</p>",
            "user": "<img height=\"25px\" src=\"https://dafstatic.oss-cn-beijing.aliyuncs.com/static/title/level4.gif\"><span class=\"orange\">学院搬运工</span>",
            "time": "2023-09-12 11:13:56"
        },
        {
            "id": 77,
            "PatchName": "普雷地板马赛克修复",
            "PatchType": "副本补丁",
            "view_num": 16,
            "Remark": "<p>链接: https://pan.baidu.com/s/1HxDpgdEosDr18j073hwGdw?pwd=fu32 提取码: fu32 复制这段内容后打开百度网盘手机App，操作更方便哦&nbsp;<br />\n--来自百度网盘超级会员v2的分享</p>",
            "user": "<img height=\"25px\" src=\"https://dafstatic.oss-cn-beijing.aliyuncs.com/static/title/level4.gif\"><span class=\"orange\">学院搬运工</span>",
            "time": "2023-07-03 13:59:59"
        }
    ]
}