{
    "total": 5,
    "rows": [
        {
            "id": 5,
            "PatchName": "全网最全的副本地图包完美机制带声音 （@风见宝宝）",
            "PatchType": "技能补丁",
            "view_num": 849,
            "Remark": "<p>链接：https://pan.baidu.com/s/1OI9eJD7i1G48tPFTjBQ7pw&nbsp;<br />\r\n提取码：dl0z</p>\r\n\r\n<p>已经全部测试地图（用60版本红狗测试），<br />\r\n问题如下，暂时未修BUG，地图包目录在下面，BUG在后面<br />\r\n我测试的版本是60版本比较纯净自己修改的<br />\r\n<br />\r\n<br />\r\n副本目录：（截图在本贴里面）<br />\r\n0.远古魂图7张，带深渊模式（地图包的有个时空怪没补丁，我自己导入的已经找其他补丁修复）<br />\r\n1.魂图卡修斯要地2张<br />\r\n2.超时空大战2张（有一本地图掉线，原因是地图的指向编号不是副本的编号，我导入的已修改，这个包没修改）<br />\r\n3.超星空裂缝1张<br />\r\n4.大转移副本54-57地图6张<br />\r\n5.大转移58副本地图6张<br />\r\n6.大转移59地图副本6张<br />\r\n7.大转移60地图7张<br />\r\n8.安徒恩困难模式6张<br />\r\n9.卢克困难模式6张<br />\r\n10.安徒恩地图6张<br />\r\n11.卢克地图6张<br />\r\n12.东哈林地图6张<br />\r\n13.黑色庭院2张<br />\r\n14.寂静城地图6张<br />\r\n15.矿山4张<br />\r\n16.流放者山脉5张<br />\r\n17.魔界营地地图6张<br />\r\n18.时空之门地图8张<br />\r\n19.泰波尔斯1张<br />\r\n20.普雷地图14张<br />\r\n21.希洛克地图16张<br />\r\n22.虚无神殿4张<br />\r\n23.异界四期无相冥渊3张<br />\r\n24.远古地图高难度特制6张，多个地图BOSS<br />\r\n25.公会地图12张<br />\r\n26.发电站地图5张<br />\r\n27.洞察之眼：复活圣殿1张<br />\r\n28.黑岩塔1张<br />\r\n29.秘密之森1张<br />\r\n30.世界树、牛头怪乐园、智慧引导、修炼道场5张<br />\r\n31.装备80、85、90、95、100、110SS装备<br />\r\n32.这个60-100地图副本合集地图没测试，我自己提取的全部测试。<br />\r\n<br />\r\n<br />\r\n亮点：安徒恩和卢克副本，完美机制，加上我传的音乐包，简直像国服一样，带怪物声音、BOSS国语声音、特效。<br />\r\n<br />\r\n<br />\r\n<br />\r\n<img alt=\"\" height=\"415\" src=\"http://tiebapic.baidu.com/forum/w%3D580/sign=7c79f2d649d79123e0e0947c9d365917/e6c85da98226cffca8ee1d6cfc014a90f403eab2.jpg?tbpicau=2023-05-28-05_3d487700d575ceb838914f9bb84424de\" width=\"560\" /></p>\r\n\r\n<p>110副本，小不分怪物无特效（缺少OBJ）<br />\r\n王的书库副本BOSS，BUG杀不死，<br />\r\n哀之穴 副本一个小BOSS自杀（原因血量太多，降低修改血量就可以）<br />\r\n复活圣殿，，BOSS有问题<br />\r\n希洛克：法则之门地图BOSS有问题（删错了OBJ）<br />\r\n希洛克进地图却插图（只提取了副本，没有提取城镇，所有没插图和副本图标，）<br />\r\n副本没有选择图标的那些是希洛克副本。<br />\r\n希洛克选图无副本小图标（等待替换其他图标，或者自己加城镇）<br />\r\n所有副本都带音乐，怪物攻击音乐，特效音乐，语音等<br />\r\n<br />\r\n<br />\r\n和平精英套装有问题<br />\r\n武器扮装，透明扮装闪退（原因我删除了所有代码，准备导入朝幕的皮肤扮装和武器扮装）<br />\r\n真人套触发秒杀（忘记加了什么代码有时候触发秒杀怪物）<br />\r\n热血传奇套有问题 （替换装备属性出问题）<br />\r\n已添加43套装备，目前已修到第15套自制装备，并且在每个地图门口前面添加了NPC商店，也按顺序排版好了，只要改装备属性就可以使用。<br />\r\n全部装备写法已经排版好属性顺序，全部统一，想要来修改，超级方便。<br />\r\n套装属性也写好了，只要复制粘贴，修改里面的属性就可以。<br />\r\n设计图已经做好一套，55个是一套包括（防具5+首饰5+武器1、=*5重甲、轻甲、板甲、布甲、皮甲）共55件，也是全部统一，<br />\r\n只要复制粘贴设计图，修改里面的合成材料就可以轻松做无数个装备设计图。<br />\r\n已经写了10套装备掉落和材料，全部写在怪物mob里面，没有写在独立爆率上。就是为了别人盗版的时候，也要恶心他全部一个个改完。<br />\r\n普通材料写在等级掉落里面，<br />\r\n宠物和称号皮肤未导入，不过已经准备好在副本包里面，原有的100多个皮肤我删掉了。自己添加。<br />\r\n宠物30个，已经做好30个带设计图，礼包盒。<br />\r\n所有系列副本做了独立的btl全局属性，改副本血量防御等，超级方便，不用一个个怪去修改。<br />\r\n新手第一个和第二个任务是开左右槽<br />\r\n该版本是70版本补丁我改60版。所有副本都是60级进入，客户端3.5G，不过已经被我添加了200多张地图进去，变成13G的大小。<br />\r\n8职业，除了我自己添加的副本和我自己添加的装备，没有改动过任何技能，角色属性，大家拿去修改，随意添加2-3觉女鬼什么的。</p>",
            "user": "<img height=\"25px\" src=\"https://dafstatic.oss-cn-beijing.aliyuncs.com/static/title/level4.gif\"><span class=\"orange\">学院搬运工</span>",
            "time": "2023-05-26 10:11:56"
        },
        {
            "id": 78,
            "PatchName": "新异界优化包",
            "PatchType": "技能补丁",
            "view_num": 534,
            "Remark": "<p>链接: https://pan.baidu.com/s/1X4g8hYA3GpF4LcPmmeYJjg?pwd=va86 提取码: va86 复制这段内容后打开百度网盘手机App，操作更方便哦&nbsp;<br />\n--来自百度网盘超级会员v2的分享</p>",
            "user": "<img height=\"25px\" src=\"https://dafstatic.oss-cn-beijing.aliyuncs.com/static/title/level4.gif\"><span class=\"orange\">学院搬运工</span>",
            "time": "2023-07-03 14:00:32"
        },
        {
            "id": 158,
            "PatchName": "异界优化包",
            "PatchType": "技能补丁",
            "view_num": 389,
            "Remark": "<p>链接: https://pan.baidu.com/s/1jKDtsG7CcJAP19kIB1BuVA?pwd=vqxp 提取码: vqxp 复制这段内容后打开百度网盘手机App，操作更方便哦&nbsp;<br />\n--来自百度网盘超级会员v3的分享</p>\n\n<p>&nbsp;</p>\n\n<p><img alt=\"\" height=\"194\" src=\"/media/uploads/2023/09/04/image-20230904204258-1.png\" width=\"644\" /></p>",
            "user": "<img height=\"25px\" src=\"https://dafstatic.oss-cn-beijing.aliyuncs.com/static/title/level6.gif\"><span class=\"rainbow\">玲珑</span>",
            "time": "2023-09-04 20:42:59"
        },
        {
            "id": 128,
            "PatchName": "加低级深渊无脑导入包<span style='margin-left: 2px;padding-left: 16px;color: blue;text-align: center;background: url(/static/images/msg.png) no-repeat; center' title='回复'>4</span>",
            "PatchType": "技能补丁",
            "view_num": 305,
            "Remark": "<p>https://www.123pan.com/s/tJCtVv-Xk5EH.html提取码:MwtR</p>",
            "user": "<img height=\"25px\" src=\"https://dafstatic.oss-cn-beijing.aliyuncs.com/static/title/level4.gif\"><span class=\"orange\">学院搬运工</span>",
            "time": "2023-07-20 14:57:00"
        },
        {
            "id": 14,
            "PatchName": "娱心修炼场",
            "PatchType": "技能补丁",
            "view_num": 273,
            "Remark": "<p>链接: https://pan.baidu.com/s/1bjbKayg_z21IvUADvheQjw?pwd=5m7g 提取码: 5m7g 复制这段内容后打开百度网盘手机App，操作更方便哦&nbsp;<br />\r\n--来自百度网盘超级会员v2的分享</p>",
            "user": "<img height=\"25px\" src=\"https://dafstatic.oss-cn-beijing.aliyuncs.com/static/title/level4.gif\"><span class=\"orange\">学院搬运工</span>",
            "time": "2023-06-29 21:08:44"
        }
    ]
}