{
    "total": 21,
    "rows": [
        {
            "id": 152,
            "PatchName": "22年最新国服解包",
            "PatchType": "道具",
            "view_num": 844,
            "Remark": "<p>https://www.123pan.com/s/tJCtVv-hf5EH.html提取码:RH7P</p>",
            "user": "<img height=\"25px\" src=\"https://dafstatic.oss-cn-beijing.aliyuncs.com/static/title/level4.gif\"><span class=\"orange\">学院搬运工</span>",
            "time": "2023-08-01 13:34:22"
        },
        {
            "id": 148,
            "PatchName": "国服110解包",
            "PatchType": "道具",
            "view_num": 536,
            "Remark": "<p>https://www.123pan.com/s/tJCtVv-jp5EH.html提取码:aVRa</p>",
            "user": "<img height=\"25px\" src=\"https://dafstatic.oss-cn-beijing.aliyuncs.com/static/title/level4.gif\"><span class=\"orange\">学院搬运工</span>",
            "time": "2023-08-01 13:32:26"
        },
        {
            "id": 151,
            "PatchName": "60版本解包好的PVF文件",
            "PatchType": "道具",
            "view_num": 298,
            "Remark": "<p>https://www.123pan.com/s/tJCtVv-df5EH.html提取码:8W0C</p>",
            "user": "<img height=\"25px\" src=\"https://dafstatic.oss-cn-beijing.aliyuncs.com/static/title/level4.gif\"><span class=\"orange\">学院搬运工</span>",
            "time": "2023-08-01 13:33:55"
        },
        {
            "id": 141,
            "PatchName": "国服70版本最后PVF版本号6.077.4",
            "PatchType": "道具",
            "view_num": 237,
            "Remark": "<p>https://www.123pan.com/s/tJCtVv-ip5EH.html提取码:kyPX</p>",
            "user": "<img height=\"25px\" src=\"https://dafstatic.oss-cn-beijing.aliyuncs.com/static/title/level4.gif\"><span class=\"orange\">学院搬运工</span>",
            "time": "2023-08-01 13:29:55"
        },
        {
            "id": 139,
            "PatchName": "国服86-90最新pvf_1_14",
            "PatchType": "道具",
            "view_num": 236,
            "Remark": "<p>https://www.123pan.com/s/tJCtVv-ep5EH.html提取码:UUnH</p>",
            "user": "<img height=\"25px\" src=\"https://dafstatic.oss-cn-beijing.aliyuncs.com/static/title/level4.gif\"><span class=\"orange\">学院搬运工</span>",
            "time": "2023-08-01 13:29:07"
        },
        {
            "id": 142,
            "PatchName": "国服60级版本解包",
            "PatchType": "道具",
            "view_num": 183,
            "Remark": "<p>https://www.123pan.com/s/tJCtVv-zp5EH.html提取码:poD4</p>",
            "user": "<img height=\"25px\" src=\"https://dafstatic.oss-cn-beijing.aliyuncs.com/static/title/level4.gif\"><span class=\"orange\">学院搬运工</span>",
            "time": "2023-08-01 13:30:18"
        },
        {
            "id": 140,
            "PatchName": "国服85级版本解包 已繁体化",
            "PatchType": "道具",
            "view_num": 170,
            "Remark": "<p>https://www.123pan.com/s/tJCtVv-tp5EH.html提取码:pAWu</p>",
            "user": "<img height=\"25px\" src=\"https://dafstatic.oss-cn-beijing.aliyuncs.com/static/title/level4.gif\"><span class=\"orange\">学院搬运工</span>",
            "time": "2023-08-01 13:29:28"
        },
        {
            "id": 138,
            "PatchName": "国服86解包9月27日版本",
            "PatchType": "道具",
            "view_num": 152,
            "Remark": "<p>https://www.123pan.com/s/tJCtVv-Zp5EH.html提取码:utkx</p>",
            "user": "<img height=\"25px\" src=\"https://dafstatic.oss-cn-beijing.aliyuncs.com/static/title/level4.gif\"><span class=\"orange\">学院搬运工</span>",
            "time": "2023-08-01 13:27:56"
        },
        {
            "id": 136,
            "PatchName": "国服大转移86解包2016.4月26日版本",
            "PatchType": "道具",
            "view_num": 135,
            "Remark": "<p>https://www.123pan.com/s/tJCtVv-7p5EH.html提取码:A16S</p>",
            "user": "<img height=\"25px\" src=\"https://dafstatic.oss-cn-beijing.aliyuncs.com/static/title/level4.gif\"><span class=\"orange\">学院搬运工</span>",
            "time": "2023-08-01 13:25:46"
        },
        {
            "id": 137,
            "PatchName": "国服95级普雷版本解包",
            "PatchType": "道具",
            "view_num": 120,
            "Remark": "<p>https://www.123pan.com/s/tJCtVv-bp5EH.html提取码:AwJn</p>",
            "user": "<img height=\"25px\" src=\"https://dafstatic.oss-cn-beijing.aliyuncs.com/static/title/level4.gif\"><span class=\"orange\">学院搬运工</span>",
            "time": "2023-08-01 13:26:16"
        },
        {
            "id": 134,
            "PatchName": "韩服55级版本解包",
            "PatchType": "道具",
            "view_num": 114,
            "Remark": "<p>https://www.123pan.com/s/tJCtVv-Sp5EH.html提取码:GB8O</p>",
            "user": "<img height=\"25px\" src=\"https://dafstatic.oss-cn-beijing.aliyuncs.com/static/title/level4.gif\"><span class=\"orange\">学院搬运工</span>",
            "time": "2023-08-01 13:24:56"
        },
        {
            "id": 149,
            "PatchName": "台服解包（60级）",
            "PatchType": "道具",
            "view_num": 114,
            "Remark": "<p>https://www.123pan.com/s/tJCtVv-Tf5EH.html提取码:HYkL</p>",
            "user": "<img height=\"25px\" src=\"https://dafstatic.oss-cn-beijing.aliyuncs.com/static/title/level4.gif\"><span class=\"orange\">学院搬运工</span>",
            "time": "2023-08-01 13:32:51"
        },
        {
            "id": 135,
            "PatchName": "日服解包（60级）",
            "PatchType": "道具",
            "view_num": 74,
            "Remark": "<p>https://www.123pan.com/s/tJCtVv-lp5EH.html提取码:21IG</p>",
            "user": "<img height=\"25px\" src=\"https://dafstatic.oss-cn-beijing.aliyuncs.com/static/title/level4.gif\"><span class=\"orange\">学院搬运工</span>",
            "time": "2023-08-01 13:25:17"
        },
        {
            "id": 147,
            "PatchName": "国服12.06.17解包",
            "PatchType": "道具",
            "view_num": 74,
            "Remark": "<p>https://www.123pan.com/s/tJCtVv-Vp5EH.html提取码:Eb2j</p>",
            "user": "<img height=\"25px\" src=\"https://dafstatic.oss-cn-beijing.aliyuncs.com/static/title/level4.gif\"><span class=\"orange\">学院搬运工</span>",
            "time": "2023-08-01 13:32:07"
        },
        {
            "id": 153,
            "PatchName": "20.3.19解包",
            "PatchType": "道具",
            "view_num": 74,
            "Remark": "<p>https://www.123pan.com/s/tJCtVv-Hf5EH.html提取码:voej</p>",
            "user": "<img height=\"25px\" src=\"https://dafstatic.oss-cn-beijing.aliyuncs.com/static/title/level4.gif\"><span class=\"orange\">学院搬运工</span>",
            "time": "2023-08-01 13:34:45"
        },
        {
            "id": 143,
            "PatchName": "国服20.11.12解包",
            "PatchType": "道具",
            "view_num": 66,
            "Remark": "<p>https://www.123pan.com/s/tJCtVv-Lp5EH.html提取码:wt58</p>",
            "user": "<img height=\"25px\" src=\"https://dafstatic.oss-cn-beijing.aliyuncs.com/static/title/level4.gif\"><span class=\"orange\">学院搬运工</span>",
            "time": "2023-08-01 13:30:38"
        },
        {
            "id": 146,
            "PatchName": "国服14.05.02解包",
            "PatchType": "道具",
            "view_num": 59,
            "Remark": "<p>https://www.123pan.com/s/tJCtVv-yp5EH.html提取码:w3Yt</p>",
            "user": "<img height=\"25px\" src=\"https://dafstatic.oss-cn-beijing.aliyuncs.com/static/title/level4.gif\"><span class=\"orange\">学院搬运工</span>",
            "time": "2023-08-01 13:31:49"
        },
        {
            "id": 150,
            "PatchName": "菁英测试[20090603]PVF版本不知道",
            "PatchType": "道具",
            "view_num": 58,
            "Remark": "<p>https://www.123pan.com/s/tJCtVv-vf5EH.html提取码:ahGB</p>",
            "user": "<img height=\"25px\" src=\"https://dafstatic.oss-cn-beijing.aliyuncs.com/static/title/level4.gif\"><span class=\"orange\">学院搬运工</span>",
            "time": "2023-08-01 13:33:34"
        },
        {
            "id": 133,
            "PatchName": "韩服90解包10月14日版本",
            "PatchType": "道具",
            "view_num": 56,
            "Remark": "<p>https://www.123pan.com/s/tJCtVv-Up5EH.html提取码:fhdy</p>",
            "user": "<img height=\"25px\" src=\"https://dafstatic.oss-cn-beijing.aliyuncs.com/static/title/level4.gif\"><span class=\"orange\">学院搬运工</span>",
            "time": "2023-08-01 13:24:33"
        },
        {
            "id": 144,
            "PatchName": "国服20.03.19解包",
            "PatchType": "道具",
            "view_num": 45,
            "Remark": "<p>https://www.123pan.com/s/tJCtVv-5p5EH.html提取码:Vr4o</p>",
            "user": "<img height=\"25px\" src=\"https://dafstatic.oss-cn-beijing.aliyuncs.com/static/title/level4.gif\"><span class=\"orange\">学院搬运工</span>",
            "time": "2023-08-01 13:30:57"
        },
        {
            "id": 145,
            "PatchName": "国服19.04解包",
            "PatchType": "道具",
            "view_num": 43,
            "Remark": "<p>https://www.123pan.com/s/tJCtVv-6p5EH.html提取码:EHbd</p>",
            "user": "<img height=\"25px\" src=\"https://dafstatic.oss-cn-beijing.aliyuncs.com/static/title/level4.gif\"><span class=\"orange\">学院搬运工</span>",
            "time": "2023-08-01 13:31:28"
        }
    ]
}