{
    "total": 33,
    "rows": [
        {
            "id": 448,
            "SourceName": "蝶舞花雾皮肤+武器+光环",
            "SourceType": "皮肤",
            "view_num": 1296,
            "Remark": "<p>https://www.123pan.com/s/tJCtVv-Se5EH.html提取码:a6SP</p>\n\n<p>&nbsp;</p>\n\n<p><img alt=\"\" height=\"600\" src=\"/media/uploads/2023/09/23/image-20230923125819-1.gif\" width=\"800\" /></p>\n\n<p>&nbsp;</p>",
            "user": "<img height=\"25px\" src=\"https://dafstatic.oss-cn-beijing.aliyuncs.com/static/title/level6.gif\"><span class=\"rainbow\">玲珑</span>",
            "time": "2023-09-23 12:58:32"
        },
        {
            "id": 7,
            "SourceName": "御蔚启仁自制全职业皮肤（@阿启）",
            "SourceType": "皮肤",
            "view_num": 857,
            "Remark": "<p>链接: https://pan.baidu.com/s/1ctOrY6CVxhhr9f1iyCqj6A?pwd=qvew 提取码: qvew 复制这段内容后打开百度网盘手机App，操作更方便哦&nbsp;<br />\n--来自百度网盘超级会员v2的分享</p>\n",
            "user": "<img height=\"25px\" src=\"https://dafstatic.oss-cn-beijing.aliyuncs.com/static/title/level4.gif\"><span class=\"orange\">学院搬运工</span>",
            "time": "2023-06-28 14:33:52"
        },
        {
            "id": 478,
            "SourceName": "拳皇<span style='margin-left: 2px;padding-left: 16px;color: blue;text-align: center;background: url(/static/images/msg.png) no-repeat; center' title='回复'>2</span>",
            "SourceType": "皮肤",
            "view_num": 736,
            "Remark": "<p>链接：https://pan.baidu.com/s/1zGsdnjXIR-ILpaxEz6lrsA?pwd=5qcw&nbsp;<br />\n提取码：5qcw&nbsp;<br />\n--来自百度网盘超级会员V1的分享</p>",
            "user": "<img height=\"25px\" src=\"\">sjfoasn",
            "time": "2024-05-12 04:38:19"
        },
        {
            "id": 479,
            "SourceName": "2024夏日皮肤",
            "SourceType": "皮肤",
            "view_num": 608,
            "Remark": "<p>链接：https://pan.baidu.com/s/1vq8HOqo1V9MQL4Tb6qEl0g?pwd=xk66&nbsp;<br />\n提取码：xk66&nbsp;<br />\n--来自百度网盘超级会员V6的分享</p>\n\n<p>&nbsp;</p>",
            "user": "<img height=\"25px\" src=\"https://dafstatic.oss-cn-beijing.aliyuncs.com/static/title/level2.gif\">星空皇帝",
            "time": "2024-06-15 07:49:43"
        },
        {
            "id": 55,
            "SourceName": "全职业199款皮肤带礼盒",
            "SourceType": "皮肤",
            "view_num": 578,
            "Remark": "<p>链接: https://pan.baidu.com/s/1J-6zkxoWjPc-XN_y10UcxQ?pwd=wn4f 提取码: wn4f 复制这段内容后打开百度网盘手机App，操作更方便哦 \r\n--来自百度网盘超级会员v2的分享</p>",
            "user": "<img height=\"25px\" src=\"https://dafstatic.oss-cn-beijing.aliyuncs.com/static/title/level4.gif\"><span class=\"orange\">学院搬运工</span>",
            "time": "2023-06-28 14:30:06"
        },
        {
            "id": 354,
            "SourceName": "全职业个性皮肤.NPK",
            "SourceType": "皮肤",
            "view_num": 467,
            "Remark": "<p>https://www.123pan.com/s/tJCtVv-9K5EH.html提取码:DUWW</p>",
            "user": "<img height=\"25px\" src=\"https://dafstatic.oss-cn-beijing.aliyuncs.com/static/title/level6.gif\"><span class=\"rainbow\">玲珑</span>",
            "time": "2023-09-10 22:37:06"
        },
        {
            "id": 339,
            "SourceName": "SAO全职业皮肤含NPK",
            "SourceType": "皮肤",
            "view_num": 423,
            "Remark": "<p>https://www.123pan.com/s/tJCtVv-mf5EH.html提取码:986Y</p>",
            "user": "<img height=\"25px\" src=\"https://dafstatic.oss-cn-beijing.aliyuncs.com/static/title/level4.gif\"><span class=\"orange\">学院搬运工</span>",
            "time": "2023-08-01 14:02:48"
        },
        {
            "id": 50,
            "SourceName": "240+自制皮肤",
            "SourceType": "皮肤",
            "view_num": 382,
            "Remark": "<p>链接: https://pan.baidu.com/s/1nifyG_Csi93y9Ui5nBTkUA?pwd=6ex8 提取码: 6ex8 复制这段内容后打开百度网盘手机App，操作更方便哦 \r\n--来自百度网盘超级会员v2的分享</p>",
            "user": "<img height=\"25px\" src=\"https://dafstatic.oss-cn-beijing.aliyuncs.com/static/title/level4.gif\"><span class=\"orange\">学院搬运工</span>",
            "time": "2023-06-28 14:30:06"
        },
        {
            "id": 445,
            "SourceName": "小恐龙",
            "SourceType": "皮肤",
            "view_num": 343,
            "Remark": "<p>https://www.123pan.com/s/tJCtVv-pb5EH.html提取码:14IG</p>",
            "user": "<img height=\"25px\" src=\"https://dafstatic.oss-cn-beijing.aliyuncs.com/static/title/level4.gif\"><span class=\"orange\">学院搬运工</span>",
            "time": "2023-09-17 13:13:00"
        },
        {
            "id": 52,
            "SourceName": "全职业DIY皮肤礼盒[2021年12月10日]",
            "SourceType": "皮肤",
            "view_num": 289,
            "Remark": "<p>链接: https://pan.baidu.com/s/1LMeHoUuH-KwdHILVsKrn1w?pwd=efg4 提取码: efg4 复制这段内容后打开百度网盘手机App，操作更方便哦 \r\n--来自百度网盘超级会员v2的分享</p>",
            "user": "<img height=\"25px\" src=\"https://dafstatic.oss-cn-beijing.aliyuncs.com/static/title/level4.gif\"><span class=\"orange\">学院搬运工</span>",
            "time": "2023-06-28 14:30:06"
        },
        {
            "id": 312,
            "SourceName": "5330件武器幻化皮肤",
            "SourceType": "皮肤",
            "view_num": 236,
            "Remark": "<p>链接: https://pan.baidu.com/s/1oUoXHyldP9UYDEdYZ65R5A?pwd=5s43 提取码: 5s43 复制这段内容后打开百度网盘手机App，操作更方便哦</p>\n",
            "user": "<img height=\"25px\" src=\"https://dafstatic.oss-cn-beijing.aliyuncs.com/static/title/level4.gif\"><span class=\"orange\">学院搬运工</span>",
            "time": "2023-07-04 21:37:29"
        },
        {
            "id": 44,
            "SourceName": "星辰之力[未加密]",
            "SourceType": "皮肤",
            "view_num": 229,
            "Remark": "<p>链接: https://pan.baidu.com/s/16-t1zyFixDC4_-ZTXr-W9w?pwd=kswh 提取码: kswh 复制这段内容后打开百度网盘手机App，操作更方便哦 \r\n--来自百度网盘超级会员v2的分享</p>",
            "user": "<img height=\"25px\" src=\"https://dafstatic.oss-cn-beijing.aliyuncs.com/static/title/level4.gif\"><span class=\"orange\">学院搬运工</span>",
            "time": "2023-06-28 14:30:06"
        },
        {
            "id": 48,
            "SourceName": "透明皮肤",
            "SourceType": "皮肤",
            "view_num": 219,
            "Remark": "<p>链接: https://pan.baidu.com/s/1cRrtQSgxhlnx69oRXOKITA?pwd=rd2c 提取码: rd2c 复制这段内容后打开百度网盘手机App，操作更方便哦 \r\n--来自百度网盘超级会员v2的分享</p>",
            "user": "<img height=\"25px\" src=\"https://dafstatic.oss-cn-beijing.aliyuncs.com/static/title/level4.gif\"><span class=\"orange\">学院搬运工</span>",
            "time": "2023-06-28 14:30:06"
        },
        {
            "id": 333,
            "SourceName": "统一皮肤-牧野制作",
            "SourceType": "皮肤",
            "view_num": 215,
            "Remark": "<p>https://www.123pan.com/s/tJCtVv-Ck5EH.html提取码:Ccx5</p>",
            "user": "<img height=\"25px\" src=\"https://dafstatic.oss-cn-beijing.aliyuncs.com/static/title/level4.gif\"><span class=\"orange\">学院搬运工</span>",
            "time": "2023-07-20 15:10:02"
        },
        {
            "id": 349,
            "SourceName": "紫炎燃武皮肤",
            "SourceType": "皮肤",
            "view_num": 211,
            "Remark": "<p>https://www.123pan.com/s/tJCtVv-TK5EH.html提取码:xS9v</p>",
            "user": "<img height=\"25px\" src=\"https://dafstatic.oss-cn-beijing.aliyuncs.com/static/title/level6.gif\"><span class=\"rainbow\">玲珑</span>",
            "time": "2023-09-10 22:24:56"
        },
        {
            "id": 350,
            "SourceName": "兔年新春皮肤（NPK已破解）",
            "SourceType": "皮肤",
            "view_num": 207,
            "Remark": "<p>https://www.123pan.com/s/tJCtVv-vK5EH.html提取码:h1OX</p>",
            "user": "<img height=\"25px\" src=\"https://dafstatic.oss-cn-beijing.aliyuncs.com/static/title/level6.gif\"><span class=\"rainbow\">玲珑</span>",
            "time": "2023-09-10 22:26:37"
        },
        {
            "id": 304,
            "SourceName": "2023新春三觉顿悟之境皮肤（缔造=女鬼）",
            "SourceType": "皮肤",
            "view_num": 183,
            "Remark": "<p>链接: https://pan.baidu.com/s/1HYjRRu0ShMjSUHv1e38jgA?pwd=xcn3 提取码: xcn3 复制这段内容后打开百度网盘手机App，操作更方便哦</p>\n",
            "user": "<img height=\"25px\" src=\"https://dafstatic.oss-cn-beijing.aliyuncs.com/static/title/level4.gif\"><span class=\"orange\">学院搬运工</span>",
            "time": "2023-07-04 21:29:32"
        },
        {
            "id": 351,
            "SourceName": "2022国庆蝴蝶皮肤带礼盒",
            "SourceType": "皮肤",
            "view_num": 163,
            "Remark": "<p>https://www.123pan.com/s/tJCtVv-dK5EH.html提取码:neBz</p>",
            "user": "<img height=\"25px\" src=\"https://dafstatic.oss-cn-beijing.aliyuncs.com/static/title/level6.gif\"><span class=\"rainbow\">玲珑</span>",
            "time": "2023-09-10 22:28:03"
        },
        {
            "id": 131,
            "SourceName": "全职业超能陆战队皮肤",
            "SourceType": "皮肤",
            "view_num": 142,
            "Remark": "<p>链接: https://pan.baidu.com/s/1LmS0ywAVmb5cEAeHvDCWhg?pwd=xtc6 提取码: xtc6 复制这段内容后打开百度网盘手机App，操作更方便哦 \r\n--来自百度网盘超级会员v2的分享</p>",
            "user": "<img height=\"25px\" src=\"https://dafstatic.oss-cn-beijing.aliyuncs.com/static/title/level4.gif\"><span class=\"orange\">学院搬运工</span>",
            "time": "2023-06-28 14:30:06"
        },
        {
            "id": 348,
            "SourceName": "地狱熔岩系列（有bug要自己修）",
            "SourceType": "皮肤",
            "view_num": 136,
            "Remark": "<p>https://www.123pan.com/s/tJCtVv-y05EH.html提取码:nvfP</p>\n\n<p>&nbsp;</p>\n\n<p><img alt=\"\" height=\"378\" src=\"/media/uploads/2023/09/10/image-20230910221901-1.jpeg\" width=\"500\" /></p>",
            "user": "<img height=\"25px\" src=\"https://dafstatic.oss-cn-beijing.aliyuncs.com/static/title/level6.gif\"><span class=\"rainbow\">玲珑</span>",
            "time": "2023-09-10 22:20:14"
        },
        {
            "id": 708,
            "SourceName": "火柴人联动皮肤",
            "SourceType": "皮肤",
            "view_num": 118,
            "Remark": "<p>链接: https://pan.baidu.com/s/1P0n3-K0QCw7Vs9V5MXiHtA?pwd=ne4g 提取码: ne4g 复制这段内容后打开百度网盘手机App，操作更方便哦&nbsp;<br />\n--来自百度网盘超级会员v3的分享</p>",
            "user": "<img height=\"25px\" src=\"\">萌新小白",
            "time": "2024-07-04 10:50:16"
        },
        {
            "id": 51,
            "SourceName": "女鬼皮肤24个",
            "SourceType": "皮肤",
            "view_num": 114,
            "Remark": "<p>链接: https://pan.baidu.com/s/10IPuqTq9XjC_MtXG07q91g?pwd=2cgm 提取码: 2cgm 复制这段内容后打开百度网盘手机App，操作更方便哦 \r\n--来自百度网盘超级会员v2的分享</p>",
            "user": "<img height=\"25px\" src=\"https://dafstatic.oss-cn-beijing.aliyuncs.com/static/title/level4.gif\"><span class=\"orange\">学院搬运工</span>",
            "time": "2023-06-28 14:30:06"
        },
        {
            "id": 710,
            "SourceName": "蔡徐坤皮肤",
            "SourceType": "皮肤",
            "view_num": 114,
            "Remark": "<p>链接: https://pan.baidu.com/s/1Z1nJ2hmsqaS0kaWu4E5fpw?pwd=6xin 提取码: 6xin 复制这段内容后打开百度网盘手机App，操作更方便哦&nbsp;<br />\n--来自百度网盘超级会员v3的分享</p>",
            "user": "<img height=\"25px\" src=\"\">萌新小白",
            "time": "2024-07-04 17:23:24"
        },
        {
            "id": 93,
            "SourceName": "土土土828皮肤导入包",
            "SourceType": "皮肤",
            "view_num": 112,
            "Remark": "<p>链接: https://pan.baidu.com/s/1mvOXn0PdcJaeSI0o2byu0w?pwd=9ypm 提取码: 9ypm 复制这段内容后打开百度网盘手机App，操作更方便哦 \r\n--来自百度网盘超级会员v2的分享</p>",
            "user": "<img height=\"25px\" src=\"https://dafstatic.oss-cn-beijing.aliyuncs.com/static/title/level4.gif\"><span class=\"orange\">学院搬运工</span>",
            "time": "2023-06-28 14:30:06"
        },
        {
            "id": 49,
            "SourceName": "2023耕耘皮肤",
            "SourceType": "皮肤",
            "view_num": 96,
            "Remark": "<p>链接: https://pan.baidu.com/s/1ZuXbHYP2NsDo-pKTE6wXmw?pwd=sat1 提取码: sat1 复制这段内容后打开百度网盘手机App，操作更方便哦 \r\n--来自百度网盘超级会员v2的分享</p>",
            "user": "<img height=\"25px\" src=\"https://dafstatic.oss-cn-beijing.aliyuncs.com/static/title/level4.gif\"><span class=\"orange\">学院搬运工</span>",
            "time": "2023-06-28 14:30:06"
        },
        {
            "id": 43,
            "SourceName": "鬼剑DIY皮肤",
            "SourceType": "皮肤",
            "view_num": 72,
            "Remark": "<p>链接: https://pan.baidu.com/s/169sKVVOQ1AsCzA_zxlR56w?pwd=2px9 提取码: 2px9 复制这段内容后打开百度网盘手机App，操作更方便哦 \r\n--来自百度网盘超级会员v2的分享</p>",
            "user": "<img height=\"25px\" src=\"https://dafstatic.oss-cn-beijing.aliyuncs.com/static/title/level4.gif\"><span class=\"orange\">学院搬运工</span>",
            "time": "2023-06-28 14:30:06"
        },
        {
            "id": 40,
            "SourceName": "缔造女鬼皮肤",
            "SourceType": "皮肤",
            "view_num": 65,
            "Remark": "<p>链接: https://pan.baidu.com/s/17LK4zJ7X3biFau0-j1DfyQ?pwd=53ih 提取码: 53ih 复制这段内容后打开百度网盘手机App，操作更方便哦 \r\n--来自百度网盘超级会员v2的分享</p>",
            "user": "<img height=\"25px\" src=\"https://dafstatic.oss-cn-beijing.aliyuncs.com/static/title/level4.gif\"><span class=\"orange\">学院搬运工</span>",
            "time": "2023-06-28 14:30:06"
        },
        {
            "id": 39,
            "SourceName": "鬼剑士恐龙皮肤",
            "SourceType": "皮肤",
            "view_num": 63,
            "Remark": "<p>链接: https://pan.baidu.com/s/1TW7poSdAt8QTD8Mj4F96QQ?pwd=q5ww 提取码: q5ww 复制这段内容后打开百度网盘手机App，操作更方便哦 \r\n--来自百度网盘超级会员v2的分享</p>",
            "user": "<img height=\"25px\" src=\"https://dafstatic.oss-cn-beijing.aliyuncs.com/static/title/level4.gif\"><span class=\"orange\">学院搬运工</span>",
            "time": "2023-06-28 14:30:06"
        },
        {
            "id": 53,
            "SourceName": "鬼剑皮肤肥鯮骑井盖",
            "SourceType": "皮肤",
            "view_num": 53,
            "Remark": "<p>链接: https://pan.baidu.com/s/1tHr-mR2msRT5VVlX7lTALg?pwd=dyjm 提取码: dyjm 复制这段内容后打开百度网盘手机App，操作更方便哦 \r\n--来自百度网盘超级会员v2的分享</p>",
            "user": "<img height=\"25px\" src=\"https://dafstatic.oss-cn-beijing.aliyuncs.com/static/title/level4.gif\"><span class=\"orange\">学院搬运工</span>",
            "time": "2023-06-28 14:30:06"
        },
        {
            "id": 130,
            "SourceName": "皮肤",
            "SourceType": "皮肤",
            "view_num": 50,
            "Remark": "<p>链接: https://pan.baidu.com/s/1sDLmme0ar-lieN0dAUYH4Q?pwd=xwpb 提取码: xwpb 复制这段内容后打开百度网盘手机App，操作更方便哦 \r\n--来自百度网盘超级会员v2的分享</p>",
            "user": "<img height=\"25px\" src=\"https://dafstatic.oss-cn-beijing.aliyuncs.com/static/title/level4.gif\"><span class=\"orange\">学院搬运工</span>",
            "time": "2023-06-28 14:30:06"
        },
        {
            "id": 45,
            "SourceName": "女鬼皮肤6款",
            "SourceType": "皮肤",
            "view_num": 45,
            "Remark": "<p>链接: https://pan.baidu.com/s/1T_2q8_GQkz_2bCNpPqXZyw?pwd=zkya 提取码: zkya 复制这段内容后打开百度网盘手机App，操作更方便哦 \r\n--来自百度网盘超级会员v2的分享</p>",
            "user": "<img height=\"25px\" src=\"https://dafstatic.oss-cn-beijing.aliyuncs.com/static/title/level4.gif\"><span class=\"orange\">学院搬运工</span>",
            "time": "2023-06-28 14:30:06"
        },
        {
            "id": 54,
            "SourceName": "蒸汽朋克黄金套装-格斗家(女)",
            "SourceType": "皮肤",
            "view_num": 42,
            "Remark": "<p>链接: https://pan.baidu.com/s/15g_M5zvuelrbKFRmLi-CCg?pwd=b7ap 提取码: b7ap 复制这段内容后打开百度网盘手机App，操作更方便哦 \r\n--来自百度网盘超级会员v2的分享</p>",
            "user": "<img height=\"25px\" src=\"https://dafstatic.oss-cn-beijing.aliyuncs.com/static/title/level4.gif\"><span class=\"orange\">学院搬运工</span>",
            "time": "2023-06-28 14:30:06"
        },
        {
            "id": 129,
            "SourceName": "女鬼皮肤6款",
            "SourceType": "皮肤",
            "view_num": 35,
            "Remark": "<p>链接: https://pan.baidu.com/s/1r1TIo_7Kh-TwXFohlkFoiA?pwd=nxj5 提取码: nxj5 复制这段内容后打开百度网盘手机App，操作更方便哦 \r\n--来自百度网盘超级会员v2的分享</p>",
            "user": "<img height=\"25px\" src=\"https://dafstatic.oss-cn-beijing.aliyuncs.com/static/title/level4.gif\"><span class=\"orange\">学院搬运工</span>",
            "time": "2023-06-28 14:30:06"
        }
    ]
}