{
    "total": 131,
    "rows": [
        {
            "id": 222,
            "SourceName": "60-100副本合集",
            "SourceType": "副本|城镇",
            "view_num": 1154,
            "Remark": "<p>链接: https://pan.baidu.com/s/1QtmQwCo6NPHqjL886Kt0_Q?pwd=7d6w 提取码: 7d6w 复制这段内容后打开百度网盘手机App，操作更方便哦 \r\n--来自百度网盘超级会员v2的分享</p>",
            "user": "<img height=\"25px\" src=\"https://dafstatic.oss-cn-beijing.aliyuncs.com/static/title/level4.gif\"><span class=\"orange\">学院搬运工</span>",
            "time": "2023-06-28 21:30:06"
        },
        {
            "id": 484,
            "SourceName": "全网最全的副本地图包完美机制带声音 （@风见宝宝）",
            "SourceType": "副本|城镇",
            "view_num": 892,
            "Remark": "<p>链接：https://pan.baidu.com/s/1OI9eJD7i1G48tPFTjBQ7pw&nbsp;<br />\r\n提取码：dl0z</p>\r\n\r\n<p>已经全部测试地图（用60版本红狗测试），<br />\r\n问题如下，暂时未修BUG，地图包目录在下面，BUG在后面<br />\r\n我测试的版本是60版本比较纯净自己修改的<br />\r\n<br />\r\n<br />\r\n副本目录：（截图在本贴里面）<br />\r\n0.远古魂图7张，带深渊模式（地图包的有个时空怪没补丁，我自己导入的已经找其他补丁修复）<br />\r\n1.魂图卡修斯要地2张<br />\r\n2.超时空大战2张（有一本地图掉线，原因是地图的指向编号不是副本的编号，我导入的已修改，这个包没修改）<br />\r\n3.超星空裂缝1张<br />\r\n4.大转移副本54-57地图6张<br />\r\n5.大转移58副本地图6张<br />\r\n6.大转移59地图副本6张<br />\r\n7.大转移60地图7张<br />\r\n8.安徒恩困难模式6张<br />\r\n9.卢克困难模式6张<br />\r\n10.安徒恩地图6张<br />\r\n11.卢克地图6张<br />\r\n12.东哈林地图6张<br />\r\n13.黑色庭院2张<br />\r\n14.寂静城地图6张<br />\r\n15.矿山4张<br />\r\n16.流放者山脉5张<br />\r\n17.魔界营地地图6张<br />\r\n18.时空之门地图8张<br />\r\n19.泰波尔斯1张<br />\r\n20.普雷地图14张<br />\r\n21.希洛克地图16张<br />\r\n22.虚无神殿4张<br />\r\n23.异界四期无相冥渊3张<br />\r\n24.远古地图高难度特制6张，多个地图BOSS<br />\r\n25.公会地图12张<br />\r\n26.发电站地图5张<br />\r\n27.洞察之眼：复活圣殿1张<br />\r\n28.黑岩塔1张<br />\r\n29.秘密之森1张<br />\r\n30.世界树、牛头怪乐园、智慧引导、修炼道场5张<br />\r\n31.装备80、85、90、95、100、110SS装备<br />\r\n32.这个60-100地图副本合集地图没测试，我自己提取的全部测试。<br />\r\n<br />\r\n<br />\r\n亮点：安徒恩和卢克副本，完美机制，加上我传的音乐包，简直像国服一样，带怪物声音、BOSS国语声音、特效。<br />\r\n<br />\r\n<br />\r\n<br />\r\n<img alt=\"\" height=\"415\" src=\"http://tiebapic.baidu.com/forum/w%3D580/sign=7c79f2d649d79123e0e0947c9d365917/e6c85da98226cffca8ee1d6cfc014a90f403eab2.jpg?tbpicau=2023-05-28-05_3d487700d575ceb838914f9bb84424de\" width=\"560\" /></p>\r\n\r\n<p>110副本，小不分怪物无特效（缺少OBJ）<br />\r\n王的书库副本BOSS，BUG杀不死，<br />\r\n哀之穴 副本一个小BOSS自杀（原因血量太多，降低修改血量就可以）<br />\r\n复活圣殿，，BOSS有问题<br />\r\n希洛克：法则之门地图BOSS有问题（删错了OBJ）<br />\r\n希洛克进地图却插图（只提取了副本，没有提取城镇，所有没插图和副本图标，）<br />\r\n副本没有选择图标的那些是希洛克副本。<br />\r\n希洛克选图无副本小图标（等待替换其他图标，或者自己加城镇）<br />\r\n所有副本都带音乐，怪物攻击音乐，特效音乐，语音等<br />\r\n<br />\r\n<br />\r\n和平精英套装有问题<br />\r\n武器扮装，透明扮装闪退（原因我删除了所有代码，准备导入朝幕的皮肤扮装和武器扮装）<br />\r\n真人套触发秒杀（忘记加了什么代码有时候触发秒杀怪物）<br />\r\n热血传奇套有问题 （替换装备属性出问题）<br />\r\n已添加43套装备，目前已修到第15套自制装备，并且在每个地图门口前面添加了NPC商店，也按顺序排版好了，只要改装备属性就可以使用。<br />\r\n全部装备写法已经排版好属性顺序，全部统一，想要来修改，超级方便。<br />\r\n套装属性也写好了，只要复制粘贴，修改里面的属性就可以。<br />\r\n设计图已经做好一套，55个是一套包括（防具5+首饰5+武器1、=*5重甲、轻甲、板甲、布甲、皮甲）共55件，也是全部统一，<br />\r\n只要复制粘贴设计图，修改里面的合成材料就可以轻松做无数个装备设计图。<br />\r\n已经写了10套装备掉落和材料，全部写在怪物mob里面，没有写在独立爆率上。就是为了别人盗版的时候，也要恶心他全部一个个改完。<br />\r\n普通材料写在等级掉落里面，<br />\r\n宠物和称号皮肤未导入，不过已经准备好在副本包里面，原有的100多个皮肤我删掉了。自己添加。<br />\r\n宠物30个，已经做好30个带设计图，礼包盒。<br />\r\n所有系列副本做了独立的btl全局属性，改副本血量防御等，超级方便，不用一个个怪去修改。<br />\r\n新手第一个和第二个任务是开左右槽<br />\r\n该版本是70版本补丁我改60版。所有副本都是60级进入，客户端3.5G，不过已经被我添加了200多张地图进去，变成13G的大小。<br />\r\n8职业，除了我自己添加的副本和我自己添加的装备，没有改动过任何技能，角色属性，大家拿去修改，随意添加2-3觉女鬼什么的。</p>",
            "user": "<img height=\"25px\" src=\"https://dafstatic.oss-cn-beijing.aliyuncs.com/static/title/level4.gif\"><span class=\"orange\">学院搬运工</span>",
            "time": "2023-05-26 10:11:56"
        },
        {
            "id": 473,
            "SourceName": "15周年城镇+赛丽亚房间",
            "SourceType": "副本|城镇",
            "view_num": 791,
            "Remark": "<p>npc.lst<br />\n74&nbsp;&nbsp; &nbsp;`runa.npc`<br />\n20074&nbsp;&nbsp; &nbsp;`runa_ad.npc`<br />\n20070&nbsp;&nbsp; &nbsp;`15th_apc1.npc`<br />\n20071&nbsp;&nbsp; &nbsp;`15th_apc2.npc`<br />\n20072&nbsp;&nbsp; &nbsp;`15th_apc3.npc`<br />\n20073&nbsp;&nbsp; &nbsp;`15th_apc4.npc`</p>\n\n<p>town/hendonmyre.twn</p>\n\n<p>[area]<br />\n&nbsp;&nbsp; &nbsp;10<br />\n&nbsp;&nbsp; &nbsp;`HendonMyre/Hendon_15th.map`<br />\n&nbsp;&nbsp; &nbsp;`[normal]`<br />\n[/area]<br />\n如果城镇10已经有了，自己改成11之类的就行，后面世界区域的10也改成对应的。</p>\n\n<p><br />\n下面的区域传送NPC的添加教程，如果不需要可以无视，自己给活动区域添加一个传送接口也行。<br />\n如果你的赫顿玛尔城镇文件是<br />\n[area]<br />\n&nbsp;&nbsp; &nbsp;5<br />\n&nbsp;&nbsp; &nbsp;`HendonMyre/Gate_Hendon.map`<br />\n&nbsp;&nbsp; &nbsp;`[minimap rect]`&nbsp;&nbsp; &nbsp;258&nbsp;&nbsp; &nbsp;149&nbsp;&nbsp; &nbsp;271&nbsp;&nbsp; &nbsp;157<br />\n&nbsp;&nbsp; &nbsp;`[/minimap rect]`<br />\n&nbsp;&nbsp; &nbsp;`[gate]`&nbsp;&nbsp; &nbsp;474&nbsp;&nbsp; &nbsp;234<br />\n[/area]<br />\n那么就在region/arad.rgn文件的index5下面的npc列表加上&nbsp;&nbsp; &nbsp;&nbsp;&nbsp; &nbsp;&nbsp;&nbsp; &nbsp;74&nbsp;&nbsp; &nbsp;474&nbsp;&nbsp; &nbsp;234，如下图（74是区域传送梦娜的NPC编号）<br />\n&nbsp;&nbsp; &nbsp;[area]<br />\n&nbsp;&nbsp; &nbsp;&nbsp;&nbsp; &nbsp;[index]<br />\n&nbsp;&nbsp; &nbsp;&nbsp;&nbsp; &nbsp;&nbsp;&nbsp; &nbsp;5<br />\n&nbsp;&nbsp; &nbsp;&nbsp;&nbsp; &nbsp;[type]<br />\n&nbsp;&nbsp; &nbsp;&nbsp;&nbsp; &nbsp;&nbsp;&nbsp; &nbsp;1<br />\n&nbsp;&nbsp; &nbsp;&nbsp;&nbsp; &nbsp;[real rect]<br />\n&nbsp;&nbsp; &nbsp;&nbsp;&nbsp; &nbsp;&nbsp;&nbsp; &nbsp;45&nbsp;&nbsp; &nbsp;165&nbsp;&nbsp; &nbsp;893&nbsp;&nbsp; &nbsp;335<br />\n&nbsp;&nbsp; &nbsp;&nbsp;&nbsp; &nbsp;[project rect]<br />\n&nbsp;&nbsp; &nbsp;&nbsp;&nbsp; &nbsp;&nbsp;&nbsp; &nbsp;295&nbsp;&nbsp; &nbsp;278&nbsp;&nbsp; &nbsp;314&nbsp;&nbsp; &nbsp;288<br />\n&nbsp;&nbsp; &nbsp;&nbsp;&nbsp; &nbsp;[npc]<br />\n&nbsp;&nbsp; &nbsp;&nbsp;&nbsp; &nbsp;&nbsp;&nbsp; &nbsp;2&nbsp;&nbsp; &nbsp;477&nbsp;&nbsp; &nbsp;160<br />\n&nbsp;&nbsp; &nbsp;&nbsp;&nbsp; &nbsp;[npc]<br />\n&nbsp;&nbsp; &nbsp;&nbsp;&nbsp; &nbsp;&nbsp;&nbsp; &nbsp;74&nbsp;&nbsp; &nbsp;474&nbsp;&nbsp; &nbsp;234<br />\n&nbsp;&nbsp; &nbsp;[/area]</p>\n\n<p>然后自己黏贴下列数据到区域文件属于赫顿玛尔的列表里面<br />\nindex&nbsp;&nbsp; &nbsp;10 对应town/hendonmyre.twn里面的 area&nbsp;&nbsp; &nbsp;10<br />\n&nbsp;&nbsp; &nbsp;[area]<br />\n&nbsp;&nbsp; &nbsp;&nbsp;&nbsp; &nbsp;[index]<br />\n&nbsp;&nbsp; &nbsp;&nbsp;&nbsp; &nbsp;&nbsp;&nbsp; &nbsp;10<br />\n&nbsp;&nbsp; &nbsp;&nbsp;&nbsp; &nbsp;[type]<br />\n&nbsp;&nbsp; &nbsp;&nbsp;&nbsp; &nbsp;&nbsp;&nbsp; &nbsp;0<br />\n&nbsp;&nbsp; &nbsp;&nbsp;&nbsp; &nbsp;[real rect]<br />\n&nbsp;&nbsp; &nbsp;&nbsp;&nbsp; &nbsp;&nbsp;&nbsp; &nbsp;23&nbsp;&nbsp; &nbsp;210&nbsp;&nbsp; &nbsp;876&nbsp;&nbsp; &nbsp;349<br />\n&nbsp;&nbsp; &nbsp;&nbsp;&nbsp; &nbsp;[project rect]<br />\n&nbsp;&nbsp; &nbsp;&nbsp;&nbsp; &nbsp;&nbsp;&nbsp; &nbsp;242&nbsp;&nbsp; &nbsp;127&nbsp;&nbsp; &nbsp;286&nbsp;&nbsp; &nbsp;154<br />\n&nbsp;&nbsp; &nbsp;&nbsp;&nbsp; &nbsp;[npc]<br />\n&nbsp;&nbsp; &nbsp;&nbsp;&nbsp; &nbsp;&nbsp;&nbsp; &nbsp;20074&nbsp;&nbsp; &nbsp;355&nbsp;&nbsp; &nbsp;372<br />\n&nbsp;&nbsp; &nbsp;[/area]</p>\n\n<p>然后在arad.rgn文件最后面加上</p>\n\n<p>[npc]<br />\n&nbsp;&nbsp; &nbsp;[index]<br />\n&nbsp;&nbsp; &nbsp;&nbsp;&nbsp; &nbsp;74<br />\n&nbsp;&nbsp; &nbsp;[name]<br />\n&nbsp;&nbsp; &nbsp;&nbsp;&nbsp; &nbsp;`梦娜`<br />\n&nbsp;&nbsp; &nbsp;[role]<br />\n&nbsp;&nbsp; &nbsp;&nbsp;&nbsp; &nbsp;`[move town]`<br />\n&nbsp;&nbsp; &nbsp;[/role]<br />\n[/npc]</p>\n\n<p>[npc]<br />\n&nbsp;&nbsp; &nbsp;[index]<br />\n&nbsp;&nbsp; &nbsp;&nbsp;&nbsp; &nbsp;20074<br />\n&nbsp;&nbsp; &nbsp;[name]<br />\n&nbsp;&nbsp; &nbsp;&nbsp;&nbsp; &nbsp;`梦娜`<br />\n&nbsp;&nbsp; &nbsp;[role]<br />\n&nbsp;&nbsp; &nbsp;&nbsp;&nbsp; &nbsp;`[move town]`<br />\n&nbsp;&nbsp; &nbsp;[/role]<br />\n[/npc]</p>\n\n<p>最后就是周年城镇的背景音乐，如果不想整个替换audio.xml就自己复制下列内容加到audio.xml最后面<br />\n&nbsp;&nbsp; &nbsp;&lt;MUSIC ID=&quot;M_EVENT_BAND_HARMONY_NIGHT&quot; FILE=&quot;music\\event_band_harmony_night.ogg&quot; LOOP_DELAY=&quot;0&quot;/&gt;</p>\n\n<p><br />\n&nbsp;</p>\n\n<p>&nbsp;</p>\n\n<p>&nbsp;</p>\n\n<p>https://www.123pan.com/s/JP5A-KSxzH.html提取码:0Zio</p>\n\n<p>&nbsp;</p>",
            "user": "<img height=\"25px\" src=\"\">安安静静",
            "time": "2024-02-09 16:26:38"
        },
        {
            "id": 343,
            "SourceName": "巴卡尔系列<span style='margin-left: 2px;padding-left: 16px;color: blue;text-align: center;background: url(/static/images/msg.png) no-repeat; center' title='回复'>1</span>",
            "SourceType": "副本|城镇",
            "view_num": 712,
            "Remark": "<p>https://www.123pan.com/s/tJCtVv-3W5EH.html提取码:untc</p>",
            "user": "<img height=\"25px\" src=\"https://dafstatic.oss-cn-beijing.aliyuncs.com/static/title/level6.gif\"><span class=\"rainbow\">玲珑</span>",
            "time": "2023-08-26 20:17:09"
        },
        {
            "id": 557,
            "SourceName": "新异界优化包",
            "SourceType": "副本|城镇",
            "view_num": 558,
            "Remark": "<p>链接: https://pan.baidu.com/s/1X4g8hYA3GpF4LcPmmeYJjg?pwd=va86 提取码: va86 复制这段内容后打开百度网盘手机App，操作更方便哦&nbsp;<br />\n--来自百度网盘超级会员v2的分享</p>",
            "user": "<img height=\"25px\" src=\"https://dafstatic.oss-cn-beijing.aliyuncs.com/static/title/level4.gif\"><span class=\"orange\">学院搬运工</span>",
            "time": "2023-07-03 14:00:32"
        },
        {
            "id": 256,
            "SourceName": "安图恩副本",
            "SourceType": "副本|城镇",
            "view_num": 500,
            "Remark": "<p>链接: https://pan.baidu.com/s/1QTV7LjHkmKZm6dxl0xDZ5w?pwd=pm9t 提取码: pm9t 复制这段内容后打开百度网盘手机App，操作更方便哦 \r\n--来自百度网盘超级会员v2的分享</p>",
            "user": "<img height=\"25px\" src=\"https://dafstatic.oss-cn-beijing.aliyuncs.com/static/title/level4.gif\"><span class=\"orange\">学院搬运工</span>",
            "time": "2023-06-29 20:30:06"
        },
        {
            "id": 637,
            "SourceName": "异界优化包",
            "SourceType": "副本|城镇",
            "view_num": 413,
            "Remark": "<p>链接: https://pan.baidu.com/s/1jKDtsG7CcJAP19kIB1BuVA?pwd=vqxp 提取码: vqxp 复制这段内容后打开百度网盘手机App，操作更方便哦&nbsp;<br />\n--来自百度网盘超级会员v3的分享</p>\n\n<p>&nbsp;</p>\n\n<p><img alt=\"\" height=\"194\" src=\"/media/uploads/2023/09/04/image-20230904204258-1.png\" width=\"644\" /></p>",
            "user": "<img height=\"25px\" src=\"https://dafstatic.oss-cn-beijing.aliyuncs.com/static/title/level6.gif\"><span class=\"rainbow\">玲珑</span>",
            "time": "2023-09-04 20:42:59"
        },
        {
            "id": 319,
            "SourceName": "全特效武神塔副本<span style='margin-left: 2px;padding-left: 16px;color: blue;text-align: center;background: url(/static/images/msg.png) no-repeat; center' title='回复'>2</span>",
            "SourceType": "副本|城镇",
            "view_num": 356,
            "Remark": "<p>https://www.123pan.com/s/tJCtVv-X95EH.html提取码:9Axc</p>",
            "user": "<img height=\"25px\" src=\"https://dafstatic.oss-cn-beijing.aliyuncs.com/static/title/level4.gif\"><span class=\"orange\">学院搬运工</span>",
            "time": "2023-07-15 21:28:05"
        },
        {
            "id": 340,
            "SourceName": "希洛克副本",
            "SourceType": "副本|城镇",
            "view_num": 322,
            "Remark": "<p>https://www.123pan.com/s/tJCtVv-1f5EH.html提取码:5c1h</p>",
            "user": "<img height=\"25px\" src=\"https://dafstatic.oss-cn-beijing.aliyuncs.com/static/title/level4.gif\"><span class=\"orange\">学院搬运工</span>",
            "time": "2023-08-01 14:05:48"
        },
        {
            "id": 607,
            "SourceName": "加低级深渊无脑导入包",
            "SourceType": "副本|城镇",
            "view_num": 322,
            "Remark": "<p>https://www.123pan.com/s/tJCtVv-Xk5EH.html提取码:MwtR</p>",
            "user": "<img height=\"25px\" src=\"https://dafstatic.oss-cn-beijing.aliyuncs.com/static/title/level4.gif\"><span class=\"orange\">学院搬运工</span>",
            "time": "2023-07-20 14:57:00"
        },
        {
            "id": 338,
            "SourceName": "四种60版本城镇",
            "SourceType": "副本|城镇",
            "view_num": 320,
            "Remark": "<p>https://www.123pan.com/s/tJCtVv-kf5EH.html提取码:F1mY</p>",
            "user": "<img height=\"25px\" src=\"https://dafstatic.oss-cn-beijing.aliyuncs.com/static/title/level4.gif\"><span class=\"orange\">学院搬运工</span>",
            "time": "2023-08-01 14:00:53"
        },
        {
            "id": 289,
            "SourceName": "三国系列<span style='margin-left: 2px;padding-left: 16px;color: blue;text-align: center;background: url(/static/images/msg.png) no-repeat; center' title='回复'>1</span>",
            "SourceType": "副本|城镇",
            "view_num": 311,
            "Remark": "<p>链接: https://pan.baidu.com/s/1BGdxpdRSTqlYNw78Fur7-Q?pwd=kun7 提取码: kun7 复制这段内容后打开百度网盘手机App，操作更方便哦&nbsp;<br />\n--来自百度网盘超级会员v2的分享</p>",
            "user": "<img height=\"25px\" src=\"https://dafstatic.oss-cn-beijing.aliyuncs.com/static/title/level4.gif\"><span class=\"orange\">学院搬运工</span>",
            "time": "2023-07-04 19:11:13"
        },
        {
            "id": 260,
            "SourceName": "是男人就下100层<span style='margin-left: 2px;padding-left: 16px;color: blue;text-align: center;background: url(/static/images/msg.png) no-repeat; center' title='回复'>1</span>",
            "SourceType": "副本|城镇",
            "view_num": 287,
            "Remark": "<p>链接: https://pan.baidu.com/s/1d6HcUqipzoACiCsO9vJxJw?pwd=qwcs 提取码: qwcs 复制这段内容后打开百度网盘手机App，操作更方便哦 \r\n--来自百度网盘超级会员v2的分享</p>",
            "user": "<img height=\"25px\" src=\"https://dafstatic.oss-cn-beijing.aliyuncs.com/static/title/level4.gif\"><span class=\"orange\">学院搬运工</span>",
            "time": "2023-06-29 20:30:06"
        },
        {
            "id": 493,
            "SourceName": "娱心修炼场",
            "SourceType": "副本|城镇",
            "view_num": 286,
            "Remark": "<p>链接: https://pan.baidu.com/s/1bjbKayg_z21IvUADvheQjw?pwd=5m7g 提取码: 5m7g 复制这段内容后打开百度网盘手机App，操作更方便哦&nbsp;<br />\r\n--来自百度网盘超级会员v2的分享</p>",
            "user": "<img height=\"25px\" src=\"https://dafstatic.oss-cn-beijing.aliyuncs.com/static/title/level4.gif\"><span class=\"orange\">学院搬运工</span>",
            "time": "2023-06-29 21:08:44"
        },
        {
            "id": 443,
            "SourceName": "侍魂版魔兽团本",
            "SourceType": "副本|城镇",
            "view_num": 264,
            "Remark": "<p>https://www.123pan.com/s/tJCtVv-Qb5EH.html提取码:7zLm</p>",
            "user": "<img height=\"25px\" src=\"https://dafstatic.oss-cn-beijing.aliyuncs.com/static/title/level4.gif\"><span class=\"orange\">学院搬运工</span>",
            "time": "2023-09-17 13:07:20"
        },
        {
            "id": 218,
            "SourceName": "世界树：系统区域<span style='margin-left: 2px;padding-left: 16px;color: blue;text-align: center;background: url(/static/images/msg.png) no-repeat; center' title='回复'>2</span>",
            "SourceType": "副本|城镇",
            "view_num": 238,
            "Remark": "<p>链接: https://pan.baidu.com/s/1Mm3awwTM5f92k6lJp4nlvQ?pwd=91hj 提取码: 91hj 复制这段内容后打开百度网盘手机App，操作更方便哦 \r\n--来自百度网盘超级会员v2的分享</p>",
            "user": "<img height=\"25px\" src=\"https://dafstatic.oss-cn-beijing.aliyuncs.com/static/title/level4.gif\"><span class=\"orange\">学院搬运工</span>",
            "time": "2023-06-28 21:30:06"
        },
        {
            "id": 705,
            "SourceName": "传送阵傻瓜包（墨杀青完善整理V3）",
            "SourceType": "副本|城镇",
            "view_num": 224,
            "Remark": "<p>链接：https://pan.baidu.com/s/1L5G4wPa35loF77qhIc9EFg?pwd=6e0i&nbsp;<br />\n提取码：6e0i&nbsp;<br />\n--来自百度网盘超级会员V4的分享</p>\n\n<p>&nbsp;</p>\n\n<p><img alt=\"\" height=\"385\" src=\"https://dafstatic.oss-cn-beijing.aliyuncs.com/static/image/2024/7/2/0lcufT0Fn6KdfQTAzGTk.png\" width=\"552\" /></p>",
            "user": "<img height=\"25px\" src=\"https://dafstatic.oss-cn-beijing.aliyuncs.com/static/title/level2.gif\">门卫大爷",
            "time": "2024-07-02 18:48:33"
        },
        {
            "id": 192,
            "SourceName": "怪物攻城镶嵌源码",
            "SourceType": "副本|城镇",
            "view_num": 221,
            "Remark": "<p>链接: https://pan.baidu.com/s/1IzmNbKlIYL95fPyCHgQeLQ?pwd=j4ky 提取码: j4ky 复制这段内容后打开百度网盘手机App，操作更方便哦 --来自百度网盘超级会员v2的分享</p>",
            "user": "<img height=\"25px\" src=\"https://dafstatic.oss-cn-beijing.aliyuncs.com/static/title/level4.gif\"><span class=\"orange\">学院搬运工</span>",
            "time": "2023-06-28 21:30:06"
        },
        {
            "id": 255,
            "SourceName": "未央幻境副本完工",
            "SourceType": "副本|城镇",
            "view_num": 215,
            "Remark": "<p>链接: https://pan.baidu.com/s/16C03zATuZtVI4qXmbgu8_w?pwd=dtsh 提取码: dtsh 复制这段内容后打开百度网盘手机App，操作更方便哦 \r\n--来自百度网盘超级会员v2的分享</p>",
            "user": "<img height=\"25px\" src=\"https://dafstatic.oss-cn-beijing.aliyuncs.com/static/title/level4.gif\"><span class=\"orange\">学院搬运工</span>",
            "time": "2023-06-29 20:30:06"
        },
        {
            "id": 244,
            "SourceName": "希洛克城镇和副本",
            "SourceType": "副本|城镇",
            "view_num": 202,
            "Remark": "<p>链接: https://pan.baidu.com/s/1kxage-RnBd39KL33iS94RA?pwd=zswn 提取码: zswn 复制这段内容后打开百度网盘手机App，操作更方便哦 \r\n--来自百度网盘超级会员v2的分享</p>",
            "user": "<img height=\"25px\" src=\"https://dafstatic.oss-cn-beijing.aliyuncs.com/static/title/level4.gif\"><span class=\"orange\">学院搬运工</span>",
            "time": "2023-06-29 20:30:06"
        },
        {
            "id": 248,
            "SourceName": "月溪镇+副本+任务+N地图+音乐",
            "SourceType": "副本|城镇",
            "view_num": 188,
            "Remark": "<p>链接: https://pan.baidu.com/s/1uSHvIhDvubYA4Zj6Lj5ONw?pwd=7piv 提取码: 7piv 复制这段内容后打开百度网盘手机App，操作更方便哦 \r\n--来自百度网盘超级会员v2的分享</p>",
            "user": "<img height=\"25px\" src=\"https://dafstatic.oss-cn-beijing.aliyuncs.com/static/title/level4.gif\"><span class=\"orange\">学院搬运工</span>",
            "time": "2023-06-29 20:30:06"
        },
        {
            "id": 240,
            "SourceName": "所有副本音乐包，可以覆盖任何版不冲突，包括110副本",
            "SourceType": "副本|城镇",
            "view_num": 186,
            "Remark": "<p>链接: https://pan.baidu.com/s/1WiqEIbjvOyGYDLmKzr9aAQ?pwd=58at 提取码: 58at 复制这段内容后打开百度网盘手机App，操作更方便哦 \r\n--来自百度网盘超级会员v2的分享</p>",
            "user": "<img height=\"25px\" src=\"https://dafstatic.oss-cn-beijing.aliyuncs.com/static/title/level4.gif\"><span class=\"orange\">学院搬运工</span>",
            "time": "2023-06-28 21:30:06"
        },
        {
            "id": 706,
            "SourceName": "传送阵贴图",
            "SourceType": "副本|城镇",
            "view_num": 178,
            "Remark": "<p>链接：https://pan.baidu.com/s/1-sjgpW_Y_QdpcV0eWB9_CQ?pwd=f4f2&nbsp;<br />\n提取码：f4f2&nbsp;<br />\n--来自百度网盘超级会员V4的分享</p>\n\n<p><img alt=\"\" height=\"385\" src=\"https://dafstatic.oss-cn-beijing.aliyuncs.com/static/image/2024/7/2/OgGu74eoxeLpl0ZBiBba.png\" width=\"552\" /></p>",
            "user": "<img height=\"25px\" src=\"https://dafstatic.oss-cn-beijing.aliyuncs.com/static/title/level2.gif\">门卫大爷",
            "time": "2024-07-02 18:49:22"
        },
        {
            "id": 431,
            "SourceName": "UI 城镇：赫顿玛尔 拔剑石",
            "SourceType": "副本|城镇",
            "view_num": 172,
            "Remark": "<p>https://www.123pan.com/s/tJCtVv-L75EH.html提取码:u1we</p>\n",
            "user": "<img height=\"25px\" src=\"https://dafstatic.oss-cn-beijing.aliyuncs.com/static/title/level4.gif\"><span class=\"orange\">学院搬运工</span>",
            "time": "2023-09-17 12:41:55"
        },
        {
            "id": 251,
            "SourceName": "普雷5本+UI接口动画",
            "SourceType": "副本|城镇",
            "view_num": 146,
            "Remark": "<p>链接: https://pan.baidu.com/s/15LVdp4M8fZreIiQzSvuMVw?pwd=rqep 提取码: rqep 复制这段内容后打开百度网盘手机App，操作更方便哦 \r\n--来自百度网盘超级会员v2的分享</p>",
            "user": "<img height=\"25px\" src=\"https://dafstatic.oss-cn-beijing.aliyuncs.com/static/title/level4.gif\"><span class=\"orange\">学院搬运工</span>",
            "time": "2023-06-29 20:30:06"
        },
        {
            "id": 252,
            "SourceName": "无脑酒馆DJ【夜白包】",
            "SourceType": "副本|城镇",
            "view_num": 144,
            "Remark": "<p>链接: https://pan.baidu.com/s/1DBJLbW8RDrT5OClCZ1Sesw?pwd=tn9q 提取码: tn9q 复制这段内容后打开百度网盘手机App，操作更方便哦 \r\n--来自百度网盘超级会员v2的分享</p>",
            "user": "<img height=\"25px\" src=\"https://dafstatic.oss-cn-beijing.aliyuncs.com/static/title/level4.gif\"><span class=\"orange\">学院搬运工</span>",
            "time": "2023-06-29 20:30:06"
        },
        {
            "id": 200,
            "SourceName": "镇魂深渊副本",
            "SourceType": "副本|城镇",
            "view_num": 141,
            "Remark": "<p>链接: https://pan.baidu.com/s/1jgo5r5_wVRBV_FYG6-4aOw?pwd=2yej 提取码: 2yej 复制这段内容后打开百度网盘手机App，操作更方便哦 \r\n--来自百度网盘超级会员v2的分享</p>",
            "user": "<img height=\"25px\" src=\"https://dafstatic.oss-cn-beijing.aliyuncs.com/static/title/level4.gif\"><span class=\"orange\">学院搬运工</span>",
            "time": "2023-06-28 21:30:06"
        },
        {
            "id": 211,
            "SourceName": "超时空大战2本",
            "SourceType": "副本|城镇",
            "view_num": 141,
            "Remark": "<p>链接: https://pan.baidu.com/s/1Vsgxn9ucf3SqjAwRpQh-VQ?pwd=cgx4 提取码: cgx4 复制这段内容后打开百度网盘手机App，操作更方便哦 \r\n--来自百度网盘超级会员v2的分享</p>",
            "user": "<img height=\"25px\" src=\"https://dafstatic.oss-cn-beijing.aliyuncs.com/static/title/level4.gif\"><span class=\"orange\">学院搬运工</span>",
            "time": "2023-06-28 21:30:06"
        },
        {
            "id": 245,
            "SourceName": "春季海岛风城镇",
            "SourceType": "副本|城镇",
            "view_num": 140,
            "Remark": "<p>链接: https://pan.baidu.com/s/1L_BUfVNTAf3TnfXD-HquTw?pwd=wyvb 提取码: wyvb 复制这段内容后打开百度网盘手机App，操作更方便哦 \r\n--来自百度网盘超级会员v2的分享</p>",
            "user": "<img height=\"25px\" src=\"https://dafstatic.oss-cn-beijing.aliyuncs.com/static/title/level4.gif\"><span class=\"orange\">学院搬运工</span>",
            "time": "2023-06-29 20:30:06"
        },
        {
            "id": 331,
            "SourceName": "魔兽阶梯副本",
            "SourceType": "副本|城镇",
            "view_num": 138,
            "Remark": "<p>https://www.123pan.com/s/tJCtVv-Ik5EH.html提取码:pBFL</p>",
            "user": "<img height=\"25px\" src=\"https://dafstatic.oss-cn-beijing.aliyuncs.com/static/title/level4.gif\"><span class=\"orange\">学院搬运工</span>",
            "time": "2023-07-20 14:12:06"
        },
        {
            "id": 195,
            "SourceName": "奥兹玛带独立爆率带NPK<span style='margin-left: 2px;padding-left: 16px;color: blue;text-align: center;background: url(/static/images/msg.png) no-repeat; center' title='回复'>1</span>",
            "SourceType": "副本|城镇",
            "view_num": 134,
            "Remark": "<p>链接: https://pan.baidu.com/s/1AAQGT6_KmHXqQXN5qdNscw?pwd=tanx 提取码: tanx 复制这段内容后打开百度网盘手机App，操作更方便哦 --来自百度网盘超级会员v2的分享</p>",
            "user": "<img height=\"25px\" src=\"https://dafstatic.oss-cn-beijing.aliyuncs.com/static/title/level4.gif\"><span class=\"orange\">学院搬运工</span>",
            "time": "2023-06-28 21:30:06"
        },
        {
            "id": 366,
            "SourceName": "牛头怪乐园",
            "SourceType": "副本|城镇",
            "view_num": 132,
            "Remark": "<p>https://www.123pan.com/s/tJCtVv-UK5EH.html提取码:NTG1</p>",
            "user": "<img height=\"25px\" src=\"https://dafstatic.oss-cn-beijing.aliyuncs.com/static/title/level4.gif\"><span class=\"orange\">学院搬运工</span>",
            "time": "2023-09-12 10:56:05"
        },
        {
            "id": 360,
            "SourceName": "超时空副本",
            "SourceType": "副本|城镇",
            "view_num": 127,
            "Remark": "<p>https://www.123pan.com/s/tJCtVv-DK5EH.html提取码:UsE5</p>",
            "user": "<img height=\"25px\" src=\"https://dafstatic.oss-cn-beijing.aliyuncs.com/static/title/level6.gif\"><span class=\"rainbow\">玲珑</span>",
            "time": "2023-09-12 10:52:02"
        },
        {
            "id": 238,
            "SourceName": "巨龙三副本精修带NPK",
            "SourceType": "副本|城镇",
            "view_num": 120,
            "Remark": "<p>链接: https://pan.baidu.com/s/1A4HaIp_zZiUSJUEaPglHgQ?pwd=7up2 提取码: 7up2 复制这段内容后打开百度网盘手机App，操作更方便哦 \r\n--来自百度网盘超级会员v2的分享</p>",
            "user": "<img height=\"25px\" src=\"https://dafstatic.oss-cn-beijing.aliyuncs.com/static/title/level4.gif\"><span class=\"orange\">学院搬运工</span>",
            "time": "2023-06-28 21:30:06"
        },
        {
            "id": 257,
            "SourceName": "夜景城镇",
            "SourceType": "副本|城镇",
            "view_num": 119,
            "Remark": "<p>链接: https://pan.baidu.com/s/1FnF4grGvSneFOo2bCSmQLQ?pwd=pym5 提取码: pym5 复制这段内容后打开百度网盘手机App，操作更方便哦 \r\n--来自百度网盘超级会员v2的分享</p>",
            "user": "<img height=\"25px\" src=\"https://dafstatic.oss-cn-beijing.aliyuncs.com/static/title/level4.gif\"><span class=\"orange\">学院搬运工</span>",
            "time": "2023-06-29 20:30:06"
        },
        {
            "id": 208,
            "SourceName": "虚无神殿4本骨龙",
            "SourceType": "副本|城镇",
            "view_num": 119,
            "Remark": "<p>链接: https://pan.baidu.com/s/1MHMTms-RVnhqy6VCD6x0eA?pwd=6mdf 提取码: 6mdf 复制这段内容后打开百度网盘手机App，操作更方便哦 \r\n--来自百度网盘超级会员v2的分享</p>",
            "user": "<img height=\"25px\" src=\"https://dafstatic.oss-cn-beijing.aliyuncs.com/static/title/level4.gif\"><span class=\"orange\">学院搬运工</span>",
            "time": "2023-06-28 21:30:06"
        },
        {
            "id": 189,
            "SourceName": "黑鸦之境副本带NPK",
            "SourceType": "副本|城镇",
            "view_num": 117,
            "Remark": "<p>链接: https://pan.baidu.com/s/1zDWIfq2JZzU-17gTY1_VeQ?pwd=iphu 提取码: iphu 复制这段内容后打开百度网盘手机App，操作更方便哦 --来自百度网盘超级会员v2的分享</p>",
            "user": "<img height=\"25px\" src=\"https://dafstatic.oss-cn-beijing.aliyuncs.com/static/title/level4.gif\"><span class=\"orange\">学院搬运工</span>",
            "time": "2023-06-28 21:30:06"
        },
        {
            "id": 201,
            "SourceName": "所有地图截图",
            "SourceType": "副本|城镇",
            "view_num": 106,
            "Remark": "<p>链接: https://pan.baidu.com/s/1NLJlwOwy3GVqyGL9vAzaow?pwd=a327 提取码: a327 复制这段内容后打开百度网盘手机App，操作更方便哦 \r\n--来自百度网盘超级会员v2的分享</p>",
            "user": "<img height=\"25px\" src=\"https://dafstatic.oss-cn-beijing.aliyuncs.com/static/title/level4.gif\"><span class=\"orange\">学院搬运工</span>",
            "time": "2023-06-28 21:30:06"
        },
        {
            "id": 229,
            "SourceName": "地狱安徒恩6本",
            "SourceType": "副本|城镇",
            "view_num": 105,
            "Remark": "<p>链接: https://pan.baidu.com/s/1MkbZTe3sZGUUunlSCh-7Ag?pwd=tpc5 提取码: tpc5 复制这段内容后打开百度网盘手机App，操作更方便哦 \r\n--来自百度网盘超级会员v2的分享</p>",
            "user": "<img height=\"25px\" src=\"https://dafstatic.oss-cn-beijing.aliyuncs.com/static/title/level4.gif\"><span class=\"orange\">学院搬运工</span>",
            "time": "2023-06-28 21:30:06"
        },
        {
            "id": 242,
            "SourceName": "卢克副本6个",
            "SourceType": "副本|城镇",
            "view_num": 105,
            "Remark": "<p>链接: https://pan.baidu.com/s/1QDVXS2aXV8LtdE2PW43V0Q?pwd=w4bc 提取码: w4bc 复制这段内容后打开百度网盘手机App，操作更方便哦 \r\n--来自百度网盘超级会员v2的分享</p>",
            "user": "<img height=\"25px\" src=\"https://dafstatic.oss-cn-beijing.aliyuncs.com/static/title/level4.gif\"><span class=\"orange\">学院搬运工</span>",
            "time": "2023-06-28 21:30:06"
        },
        {
            "id": 264,
            "SourceName": "城镇下雪OBJ",
            "SourceType": "副本|城镇",
            "view_num": 103,
            "Remark": "<p>链接: https://pan.baidu.com/s/1Hq2bnIr95nwnU3T4FL1wEA?pwd=ak1u 提取码: ak1u 复制这段内容后打开百度网盘手机App，操作更方便哦 \r\n--来自百度网盘超级会员v2的分享</p>",
            "user": "<img height=\"25px\" src=\"https://dafstatic.oss-cn-beijing.aliyuncs.com/static/title/level4.gif\"><span class=\"orange\">学院搬运工</span>",
            "time": "2023-06-29 20:30:06"
        },
        {
            "id": 373,
            "SourceName": "智慧100 深渊副本",
            "SourceType": "副本|城镇",
            "view_num": 102,
            "Remark": "<p>https://www.123pan.com/s/tJCtVv-iK5EH.html提取码:EPT8</p>",
            "user": "<img height=\"25px\" src=\"https://dafstatic.oss-cn-beijing.aliyuncs.com/static/title/level4.gif\"><span class=\"orange\">学院搬运工</span>",
            "time": "2023-09-12 10:59:52"
        },
        {
            "id": 381,
            "SourceName": "安图恩2",
            "SourceType": "副本|城镇",
            "view_num": 101,
            "Remark": "<p>https://www.123pan.com/s/tJCtVv-jK5EH.html提取码:SupD</p>",
            "user": "<img height=\"25px\" src=\"https://dafstatic.oss-cn-beijing.aliyuncs.com/static/title/level4.gif\"><span class=\"orange\">学院搬运工</span>",
            "time": "2023-09-12 11:03:53"
        },
        {
            "id": 362,
            "SourceName": "艾恩葛朗特   世界树  世界树入口   逆袭之谷<span style='margin-left: 2px;padding-left: 16px;color: blue;text-align: center;background: url(/static/images/msg.png) no-repeat; center' title='回复'>1</span>",
            "SourceType": "副本|城镇",
            "view_num": 100,
            "Remark": "<p>https://www.123pan.com/s/tJCtVv-8K5EH.html提取码:itWe</p>",
            "user": "<img height=\"25px\" src=\"https://dafstatic.oss-cn-beijing.aliyuncs.com/static/title/level4.gif\"><span class=\"orange\">学院搬运工</span>",
            "time": "2023-09-12 10:53:58"
        },
        {
            "id": 380,
            "SourceName": "安图恩",
            "SourceType": "副本|城镇",
            "view_num": 100,
            "Remark": "<p>https://www.123pan.com/s/tJCtVv-VK5EH.html提取码:xB0t</p>",
            "user": "<img height=\"25px\" src=\"https://dafstatic.oss-cn-beijing.aliyuncs.com/static/title/level4.gif\"><span class=\"orange\">学院搬运工</span>",
            "time": "2023-09-12 11:03:35"
        },
        {
            "id": 191,
            "SourceName": "时空之门8本",
            "SourceType": "副本|城镇",
            "view_num": 100,
            "Remark": "<p>链接: https://pan.baidu.com/s/1MQfxtGVyCMBfJANIFnVp7A?pwd=rqb5 提取码: rqb5 复制这段内容后打开百度网盘手机App，操作更方便哦 --来自百度网盘超级会员v2的分享</p>",
            "user": "<img height=\"25px\" src=\"https://dafstatic.oss-cn-beijing.aliyuncs.com/static/title/level4.gif\"><span class=\"orange\">学院搬运工</span>",
            "time": "2023-06-28 21:30:06"
        },
        {
            "id": 249,
            "SourceName": "月【魂】镇魂曲城镇",
            "SourceType": "副本|城镇",
            "view_num": 97,
            "Remark": "<p>链接: https://pan.baidu.com/s/1x-bdNwhhgeSZfOsky5jizQ?pwd=myws 提取码: myws 复制这段内容后打开百度网盘手机App，操作更方便哦 \r\n--来自百度网盘超级会员v2的分享</p>",
            "user": "<img height=\"25px\" src=\"https://dafstatic.oss-cn-beijing.aliyuncs.com/static/title/level4.gif\"><span class=\"orange\">学院搬运工</span>",
            "time": "2023-06-29 20:30:06"
        },
        {
            "id": 387,
            "SourceName": "低级深渊",
            "SourceType": "副本|城镇",
            "view_num": 90,
            "Remark": "<p>https://www.123pan.com/s/tJCtVv-Hu5EH.html提取码:HSov</p>",
            "user": "<img height=\"25px\" src=\"https://dafstatic.oss-cn-beijing.aliyuncs.com/static/title/level4.gif\"><span class=\"orange\">学院搬运工</span>",
            "time": "2023-09-12 11:06:39"
        },
        {
            "id": 432,
            "SourceName": "UI 城镇：素喃 发电厂 城镇",
            "SourceType": "副本|城镇",
            "view_num": 90,
            "Remark": "<p>https://www.123pan.com/s/tJCtVv-575EH.html提取码:6c4j</p>\n",
            "user": "<img height=\"25px\" src=\"https://dafstatic.oss-cn-beijing.aliyuncs.com/static/title/level4.gif\"><span class=\"orange\">学院搬运工</span>",
            "time": "2023-09-17 12:42:14"
        },
        {
            "id": 442,
            "SourceName": "UI 城镇：五菱城镇",
            "SourceType": "副本|城镇",
            "view_num": 90,
            "Remark": "<p>https://www.123pan.com/s/tJCtVv-hb5EH.html提取码:d9EA</p>\n",
            "user": "<img height=\"25px\" src=\"https://dafstatic.oss-cn-beijing.aliyuncs.com/static/title/level4.gif\"><span class=\"orange\">学院搬运工</span>",
            "time": "2023-09-17 12:45:35"
        },
        {
            "id": 223,
            "SourceName": "异界四期无相冥渊3本",
            "SourceType": "副本|城镇",
            "view_num": 90,
            "Remark": "<p>链接: https://pan.baidu.com/s/176KbUnPE061z7BmH7olcqw?pwd=wt25 提取码: wt25 复制这段内容后打开百度网盘手机App，操作更方便哦 \r\n--来自百度网盘超级会员v2的分享</p>",
            "user": "<img height=\"25px\" src=\"https://dafstatic.oss-cn-beijing.aliyuncs.com/static/title/level4.gif\"><span class=\"orange\">学院搬运工</span>",
            "time": "2023-06-28 21:30:06"
        },
        {
            "id": 250,
            "SourceName": "夜白-风铃道场-N键地图-背景音乐",
            "SourceType": "副本|城镇",
            "view_num": 90,
            "Remark": "<p>链接: https://pan.baidu.com/s/1puSxqSQyR9RcfIOQ9t_GJQ?pwd=sfpc 提取码: sfpc 复制这段内容后打开百度网盘手机App，操作更方便哦 \r\n--来自百度网盘超级会员v2的分享</p>",
            "user": "<img height=\"25px\" src=\"https://dafstatic.oss-cn-beijing.aliyuncs.com/static/title/level4.gif\"><span class=\"orange\">学院搬运工</span>",
            "time": "2023-06-29 20:30:06"
        },
        {
            "id": 286,
            "SourceName": "阿拉德改大转移城镇补丁",
            "SourceType": "副本|城镇",
            "view_num": 89,
            "Remark": "<p>链接: https://pan.baidu.com/s/1Xw3SAJFDG08OeZsYvsYB8A?pwd=q42x 提取码: q42x 复制这段内容后打开百度网盘手机App，操作更方便哦&nbsp;<br />\n--来自百度网盘超级会员v2的分享</p>",
            "user": "<img height=\"25px\" src=\"https://dafstatic.oss-cn-beijing.aliyuncs.com/static/title/level4.gif\"><span class=\"orange\">学院搬运工</span>",
            "time": "2023-06-30 10:28:31"
        },
        {
            "id": 383,
            "SourceName": "奥兹玛",
            "SourceType": "副本|城镇",
            "view_num": 88,
            "Remark": "<p>https://www.123pan.com/s/tJCtVv-vu5EH.html提取码:KRrE</p>",
            "user": "<img height=\"25px\" src=\"https://dafstatic.oss-cn-beijing.aliyuncs.com/static/title/level4.gif\"><span class=\"orange\">学院搬运工</span>",
            "time": "2023-09-12 11:05:02"
        },
        {
            "id": 332,
            "SourceName": "骨龙副本",
            "SourceType": "副本|城镇",
            "view_num": 85,
            "Remark": "<p>https://www.123pan.com/s/tJCtVv-Mk5EH.html提取码:NRPL</p>",
            "user": "<img height=\"25px\" src=\"https://dafstatic.oss-cn-beijing.aliyuncs.com/static/title/level4.gif\"><span class=\"orange\">学院搬运工</span>",
            "time": "2023-07-20 14:13:34"
        },
        {
            "id": 344,
            "SourceName": "虎子整理克洛诺斯岛城镇添加包<span style='margin-left: 2px;padding-left: 16px;color: blue;text-align: center;background: url(/static/images/msg.png) no-repeat; center' title='回复'>1</span>",
            "SourceType": "副本|城镇",
            "view_num": 85,
            "Remark": "<p>链接：https://pan.baidu.com/s/1YC0qNLDDsQC0xH9ZaAVQRg&nbsp;<br />\n提取码：hznb&nbsp;<br />\n--来自百度网盘超级会员V4的分享</p>\n\n<p>&nbsp;</p>\n\n<p>By,虎子1145192917</p>",
            "user": "<img height=\"25px\" src=\"https://dafstatic.oss-cn-beijing.aliyuncs.com/static/title/level2.gif\">虎子i",
            "time": "2023-08-30 17:03:47"
        },
        {
            "id": 194,
            "SourceName": "云上长安+未央5本",
            "SourceType": "副本|城镇",
            "view_num": 84,
            "Remark": "<p>链接: https://pan.baidu.com/s/1MaBStsLlxGo3UwKbTorqcQ?pwd=2g5s 提取码: 2g5s 复制这段内容后打开百度网盘手机App，操作更方便哦 --来自百度网盘超级会员v2的分享</p>",
            "user": "<img height=\"25px\" src=\"https://dafstatic.oss-cn-beijing.aliyuncs.com/static/title/level4.gif\"><span class=\"orange\">学院搬运工</span>",
            "time": "2023-06-28 21:30:06"
        },
        {
            "id": 290,
            "SourceName": "足球副本",
            "SourceType": "副本|城镇",
            "view_num": 83,
            "Remark": "<p>链接: https://pan.baidu.com/s/1GCAJXFtbJp0NT0tel1BHmA?pwd=rbsq 提取码: rbsq 复制这段内容后打开百度网盘手机App，操作更方便哦&nbsp;<br />\n--来自百度网盘超级会员v2的分享</p>",
            "user": "<img height=\"25px\" src=\"https://dafstatic.oss-cn-beijing.aliyuncs.com/static/title/level4.gif\"><span class=\"orange\">学院搬运工</span>",
            "time": "2023-07-04 19:11:37"
        },
        {
            "id": 359,
            "SourceName": "超时空旋涡",
            "SourceType": "副本|城镇",
            "view_num": 83,
            "Remark": "<p>https://www.123pan.com/s/tJCtVv-RK5EH.html提取码:9HAA</p>",
            "user": "<img height=\"25px\" src=\"https://dafstatic.oss-cn-beijing.aliyuncs.com/static/title/level6.gif\"><span class=\"rainbow\">玲珑</span>",
            "time": "2023-09-12 10:51:37"
        },
        {
            "id": 258,
            "SourceName": "新·金角银角",
            "SourceType": "副本|城镇",
            "view_num": 80,
            "Remark": "<p>链接: https://pan.baidu.com/s/1IOIX3VgSpKK9m5QcRs-NQg?pwd=qpqh 提取码: qpqh 复制这段内容后打开百度网盘手机App，操作更方便哦 \r\n--来自百度网盘超级会员v2的分享</p>",
            "user": "<img height=\"25px\" src=\"https://dafstatic.oss-cn-beijing.aliyuncs.com/static/title/level4.gif\"><span class=\"orange\">学院搬运工</span>",
            "time": "2023-06-29 20:30:06"
        },
        {
            "id": 439,
            "SourceName": "UI 城镇：天界 苍穹贵族号",
            "SourceType": "副本|城镇",
            "view_num": 80,
            "Remark": "<p>https://www.123pan.com/s/tJCtVv-vb5EH.html提取码:HHBe</p>\n",
            "user": "<img height=\"25px\" src=\"https://dafstatic.oss-cn-beijing.aliyuncs.com/static/title/level4.gif\"><span class=\"orange\">学院搬运工</span>",
            "time": "2023-09-17 12:44:32"
        },
        {
            "id": 205,
            "SourceName": "110副本10本",
            "SourceType": "副本|城镇",
            "view_num": 79,
            "Remark": "<p>链接: https://pan.baidu.com/s/1cA4wAHbrf8kk0ghqebAElg?pwd=kxuj 提取码: kxuj 复制这段内容后打开百度网盘手机App，操作更方便哦 \r\n--来自百度网盘超级会员v2的分享</p>",
            "user": "<img height=\"25px\" src=\"https://dafstatic.oss-cn-beijing.aliyuncs.com/static/title/level4.gif\"><span class=\"orange\">学院搬运工</span>",
            "time": "2023-06-28 21:30:06"
        },
        {
            "id": 247,
            "SourceName": "雷米大教堂，活动区域，云上长安区域城镇",
            "SourceType": "副本|城镇",
            "view_num": 79,
            "Remark": "<p>链接: https://pan.baidu.com/s/12DVgoZm4EwcUxveFnn0eig?pwd=688j 提取码: 688j 复制这段内容后打开百度网盘手机App，操作更方便哦 \r\n--来自百度网盘超级会员v2的分享</p>",
            "user": "<img height=\"25px\" src=\"https://dafstatic.oss-cn-beijing.aliyuncs.com/static/title/level4.gif\"><span class=\"orange\">学院搬运工</span>",
            "time": "2023-06-29 20:30:06"
        },
        {
            "id": 389,
            "SourceName": "七宗罪副本",
            "SourceType": "副本|城镇",
            "view_num": 71,
            "Remark": "<p>https://www.123pan.com/s/tJCtVv-Qu5EH.html提取码:S7sE</p>",
            "user": "<img height=\"25px\" src=\"https://dafstatic.oss-cn-beijing.aliyuncs.com/static/title/level4.gif\"><span class=\"orange\">学院搬运工</span>",
            "time": "2023-09-12 11:08:07"
        },
        {
            "id": 382,
            "SourceName": "宇宙屠戮<span style='margin-left: 2px;padding-left: 16px;color: blue;text-align: center;background: url(/static/images/msg.png) no-repeat; center' title='回复'>1</span>",
            "SourceType": "副本|城镇",
            "view_num": 70,
            "Remark": "<p>https://www.123pan.com/s/tJCtVv-Tu5EH.html提取码:rMfn</p>",
            "user": "<img height=\"25px\" src=\"https://dafstatic.oss-cn-beijing.aliyuncs.com/static/title/level4.gif\"><span class=\"orange\">学院搬运工</span>",
            "time": "2023-09-12 11:04:15"
        },
        {
            "id": 361,
            "SourceName": "赫拉斯25图",
            "SourceType": "副本|城镇",
            "view_num": 69,
            "Remark": "<p>https://www.123pan.com/s/tJCtVv-rK5EH.html提取码:GIx2</p>",
            "user": "<img height=\"25px\" src=\"https://dafstatic.oss-cn-beijing.aliyuncs.com/static/title/level6.gif\"><span class=\"rainbow\">玲珑</span>",
            "time": "2023-09-12 10:52:32"
        },
        {
            "id": 210,
            "SourceName": "安徒恩4本精修",
            "SourceType": "副本|城镇",
            "view_num": 68,
            "Remark": "<p>链接: https://pan.baidu.com/s/1_6sDnOGO5VMtcPakWEsLmQ?pwd=1c4p 提取码: 1c4p 复制这段内容后打开百度网盘手机App，操作更方便哦 \r\n--来自百度网盘超级会员v2的分享</p>",
            "user": "<img height=\"25px\" src=\"https://dafstatic.oss-cn-beijing.aliyuncs.com/static/title/level4.gif\"><span class=\"orange\">学院搬运工</span>",
            "time": "2023-06-28 21:30:06"
        },
        {
            "id": 365,
            "SourceName": "牛头怪军团",
            "SourceType": "副本|城镇",
            "view_num": 65,
            "Remark": "<p>https://www.123pan.com/s/tJCtVv-uK5EH.html提取码:rTuK</p>",
            "user": "<img height=\"25px\" src=\"https://dafstatic.oss-cn-beijing.aliyuncs.com/static/title/level4.gif\"><span class=\"orange\">学院搬运工</span>",
            "time": "2023-09-12 10:55:47"
        },
        {
            "id": 374,
            "SourceName": "抉择之沼",
            "SourceType": "副本|城镇",
            "view_num": 65,
            "Remark": "<p>https://www.123pan.com/s/tJCtVv-zK5EH.html提取码:m7YO</p>",
            "user": "<img height=\"25px\" src=\"https://dafstatic.oss-cn-beijing.aliyuncs.com/static/title/level4.gif\"><span class=\"orange\">学院搬运工</span>",
            "time": "2023-09-12 11:00:21"
        },
        {
            "id": 212,
            "SourceName": "圣者遗物",
            "SourceType": "副本|城镇",
            "view_num": 65,
            "Remark": "<p>链接: https://pan.baidu.com/s/1cNySIdR8mFOCkicvLiDd6Q?pwd=u678 提取码: u678 复制这段内容后打开百度网盘手机App，操作更方便哦 \r\n--来自百度网盘超级会员v2的分享</p>",
            "user": "<img height=\"25px\" src=\"https://dafstatic.oss-cn-beijing.aliyuncs.com/static/title/level4.gif\"><span class=\"orange\">学院搬运工</span>",
            "time": "2023-06-28 21:30:06"
        },
        {
            "id": 379,
            "SourceName": "安图恩副本1",
            "SourceType": "副本|城镇",
            "view_num": 62,
            "Remark": "<p>https://www.123pan.com/s/tJCtVv-yK5EH.html提取码:uSuT</p>",
            "user": "<img height=\"25px\" src=\"https://dafstatic.oss-cn-beijing.aliyuncs.com/static/title/level4.gif\"><span class=\"orange\">学院搬运工</span>",
            "time": "2023-09-12 11:03:06"
        },
        {
            "id": 271,
            "SourceName": "城镇下雪OBJ",
            "SourceType": "副本|城镇",
            "view_num": 61,
            "Remark": "<p>链接: https://pan.baidu.com/s/1AxTGz5-iHMPlEAixZILDgA?pwd=hu3n 提取码: hu3n 复制这段内容后打开百度网盘手机App，操作更方便哦 \r\n--来自百度网盘超级会员v2的分享</p>",
            "user": "<img height=\"25px\" src=\"https://dafstatic.oss-cn-beijing.aliyuncs.com/static/title/level4.gif\"><span class=\"orange\">学院搬运工</span>",
            "time": "2023-06-29 20:30:06"
        },
        {
            "id": 254,
            "SourceName": "魔界+卢克城镇",
            "SourceType": "副本|城镇",
            "view_num": 61,
            "Remark": "<p>链接: https://pan.baidu.com/s/1TE1xDRDKf9vLmN2ucV9qYg?pwd=6wmb 提取码: 6wmb 复制这段内容后打开百度网盘手机App，操作更方便哦 \r\n--来自百度网盘超级会员v2的分享</p>",
            "user": "<img height=\"25px\" src=\"https://dafstatic.oss-cn-beijing.aliyuncs.com/static/title/level4.gif\"><span class=\"orange\">学院搬运工</span>",
            "time": "2023-06-29 20:30:06"
        },
        {
            "id": 438,
            "SourceName": "UI 城镇：婚房文件",
            "SourceType": "副本|城镇",
            "view_num": 59,
            "Remark": "<p>https://www.123pan.com/s/tJCtVv-Tb5EH.html提取码:gu1H</p>\n",
            "user": "<img height=\"25px\" src=\"https://dafstatic.oss-cn-beijing.aliyuncs.com/static/title/level4.gif\"><span class=\"orange\">学院搬运工</span>",
            "time": "2023-09-17 12:44:15"
        },
        {
            "id": 330,
            "SourceName": "暴走：黑色火山",
            "SourceType": "副本|城镇",
            "view_num": 57,
            "Remark": "<p>https://www.123pan.com/s/tJCtVv-Jk5EH.html提取码:NYnJ</p>",
            "user": "<img height=\"25px\" src=\"https://dafstatic.oss-cn-beijing.aliyuncs.com/static/title/level4.gif\"><span class=\"orange\">学院搬运工</span>",
            "time": "2023-07-20 14:11:43"
        },
        {
            "id": 199,
            "SourceName": "迷宫副本",
            "SourceType": "副本|城镇",
            "view_num": 56,
            "Remark": "<p>链接: https://pan.baidu.com/s/1PmCnKu8K-zs2o1uR28qADQ?pwd=rynm 提取码: rynm 复制这段内容后打开百度网盘手机App，操作更方便哦 \r\n--来自百度网盘超级会员v2的分享</p>",
            "user": "<img height=\"25px\" src=\"https://dafstatic.oss-cn-beijing.aliyuncs.com/static/title/level4.gif\"><span class=\"orange\">学院搬运工</span>",
            "time": "2023-06-28 21:30:06"
        },
        {
            "id": 435,
            "SourceName": "UI 城镇：希洛克攻坚营",
            "SourceType": "副本|城镇",
            "view_num": 55,
            "Remark": "<p>https://www.123pan.com/s/tJCtVv-y75EH.html提取码:agoi</p>\n",
            "user": "<img height=\"25px\" src=\"https://dafstatic.oss-cn-beijing.aliyuncs.com/static/title/level4.gif\"><span class=\"orange\">学院搬运工</span>",
            "time": "2023-09-17 12:43:12"
        },
        {
            "id": 437,
            "SourceName": "UI 城镇：工业基地城镇",
            "SourceType": "副本|城镇",
            "view_num": 54,
            "Remark": "<p>https://www.123pan.com/s/tJCtVv-j75EH.html提取码:Nxg7</p>\n",
            "user": "<img height=\"25px\" src=\"https://dafstatic.oss-cn-beijing.aliyuncs.com/static/title/level4.gif\"><span class=\"orange\">学院搬运工</span>",
            "time": "2023-09-17 12:43:54"
        },
        {
            "id": 357,
            "SourceName": "骨龙2",
            "SourceType": "副本|城镇",
            "view_num": 53,
            "Remark": "<p>https://www.123pan.com/s/tJCtVv-CK5EH.html提取码:N3hS</p>",
            "user": "<img height=\"25px\" src=\"https://dafstatic.oss-cn-beijing.aliyuncs.com/static/title/level6.gif\"><span class=\"rainbow\">玲珑</span>",
            "time": "2023-09-12 10:49:49"
        },
        {
            "id": 388,
            "SourceName": "众神之墓",
            "SourceType": "副本|城镇",
            "view_num": 51,
            "Remark": "<p>https://www.123pan.com/s/tJCtVv-9u5EH.html提取码:gAJV</p>",
            "user": "<img height=\"25px\" src=\"https://dafstatic.oss-cn-beijing.aliyuncs.com/static/title/level4.gif\"><span class=\"orange\">学院搬运工</span>",
            "time": "2023-09-12 11:07:26"
        },
        {
            "id": 202,
            "SourceName": "魔兽副本七阶段精简NPK",
            "SourceType": "副本|城镇",
            "view_num": 51,
            "Remark": "<p>链接: https://pan.baidu.com/s/1HpLNtlcM88eKo4X1GgmEow?pwd=ks9m 提取码: ks9m 复制这段内容后打开百度网盘手机App，操作更方便哦 \r\n--来自百度网盘超级会员v2的分享</p>",
            "user": "<img height=\"25px\" src=\"https://dafstatic.oss-cn-beijing.aliyuncs.com/static/title/level4.gif\"><span class=\"orange\">学院搬运工</span>",
            "time": "2023-06-28 21:30:06"
        },
        {
            "id": 259,
            "SourceName": "灵魂塚副本",
            "SourceType": "副本|城镇",
            "view_num": 48,
            "Remark": "<p>链接: https://pan.baidu.com/s/1DGCAZm90xk7ad4h39ncNmw?pwd=kq2y 提取码: kq2y 复制这段内容后打开百度网盘手机App，操作更方便哦 \r\n--来自百度网盘超级会员v2的分享</p>",
            "user": "<img height=\"25px\" src=\"https://dafstatic.oss-cn-beijing.aliyuncs.com/static/title/level4.gif\"><span class=\"orange\">学院搬运工</span>",
            "time": "2023-06-29 20:30:06"
        },
        {
            "id": 364,
            "SourceName": "破碎森林副本",
            "SourceType": "副本|城镇",
            "view_num": 47,
            "Remark": "<p>https://www.123pan.com/s/tJCtVv-KK5EH.html提取码:Rs4v</p>",
            "user": "<img height=\"25px\" src=\"https://dafstatic.oss-cn-beijing.aliyuncs.com/static/title/level4.gif\"><span class=\"orange\">学院搬运工</span>",
            "time": "2023-09-12 10:55:08"
        },
        {
            "id": 193,
            "SourceName": "地狱卢克6本",
            "SourceType": "副本|城镇",
            "view_num": 47,
            "Remark": "<p>链接: https://pan.baidu.com/s/1ZaEZ_I6CYJ0oR182NYSezw?pwd=8ept 提取码: 8ept 复制这段内容后打开百度网盘手机App，操作更方便哦 --来自百度网盘超级会员v2的分享</p>",
            "user": "<img height=\"25px\" src=\"https://dafstatic.oss-cn-beijing.aliyuncs.com/static/title/level4.gif\"><span class=\"orange\">学院搬运工</span>",
            "time": "2023-06-28 21:30:06"
        },
        {
            "id": 221,
            "SourceName": "希洛克16本",
            "SourceType": "副本|城镇",
            "view_num": 47,
            "Remark": "<p>链接: https://pan.baidu.com/s/1cdqeWrMRuz4YbqXNKkXVXg?pwd=n2as 提取码: n2as 复制这段内容后打开百度网盘手机App，操作更方便哦 \r\n--来自百度网盘超级会员v2的分享</p>",
            "user": "<img height=\"25px\" src=\"https://dafstatic.oss-cn-beijing.aliyuncs.com/static/title/level4.gif\"><span class=\"orange\">学院搬运工</span>",
            "time": "2023-06-28 21:30:06"
        },
        {
            "id": 237,
            "SourceName": "远古地图英雄级别6本，自行修改重复数据",
            "SourceType": "副本|城镇",
            "view_num": 46,
            "Remark": "<p>链接: https://pan.baidu.com/s/1drb64rqP24A4TXT3aumEXQ?pwd=j432 提取码: j432 复制这段内容后打开百度网盘手机App，操作更方便哦&nbsp;<br />\n--来自百度网盘超级会员v3的分享</p>\n",
            "user": "<img height=\"25px\" src=\"https://dafstatic.oss-cn-beijing.aliyuncs.com/static/title/level4.gif\"><span class=\"orange\">学院搬运工</span>",
            "time": "2023-06-28 21:30:06"
        },
        {
            "id": 261,
            "SourceName": "2017春节副本",
            "SourceType": "副本|城镇",
            "view_num": 45,
            "Remark": "<p>链接: https://pan.baidu.com/s/1Q-RAxqh_FjHZP2Mekj5fvQ?pwd=mn6q 提取码: mn6q 复制这段内容后打开百度网盘手机App，操作更方便哦 \r\n--来自百度网盘超级会员v2的分享</p>",
            "user": "<img height=\"25px\" src=\"https://dafstatic.oss-cn-beijing.aliyuncs.com/static/title/level4.gif\"><span class=\"orange\">学院搬运工</span>",
            "time": "2023-06-29 20:30:06"
        },
        {
            "id": 253,
            "SourceName": "永恒大陆城镇",
            "SourceType": "副本|城镇",
            "view_num": 44,
            "Remark": "<p>链接: https://pan.baidu.com/s/1TrJcsX0efN09XuMZdGMyJg?pwd=auqf 提取码: auqf 复制这段内容后打开百度网盘手机App，操作更方便哦 \r\n--来自百度网盘超级会员v2的分享</p>",
            "user": "<img height=\"25px\" src=\"https://dafstatic.oss-cn-beijing.aliyuncs.com/static/title/level4.gif\"><span class=\"orange\">学院搬运工</span>",
            "time": "2023-06-29 20:30:06"
        },
        {
            "id": 391,
            "SourceName": "2017春节副本 帕修斯<span style='margin-left: 2px;padding-left: 16px;color: blue;text-align: center;background: url(/static/images/msg.png) no-repeat; center' title='回复'>1</span>",
            "SourceType": "副本|城镇",
            "view_num": 42,
            "Remark": "<p>https://www.123pan.com/s/tJCtVv-ku5EH.html提取码:tL0L</p>",
            "user": "<img height=\"25px\" src=\"https://dafstatic.oss-cn-beijing.aliyuncs.com/static/title/level4.gif\"><span class=\"orange\">学院搬运工</span>",
            "time": "2023-09-12 11:08:49"
        },
        {
            "id": 440,
            "SourceName": "UI 城镇：魔界 卢克",
            "SourceType": "副本|城镇",
            "view_num": 42,
            "Remark": "<p>https://www.123pan.com/s/tJCtVv-db5EH.html提取码:1ZHP</p>\n",
            "user": "<img height=\"25px\" src=\"https://dafstatic.oss-cn-beijing.aliyuncs.com/static/title/level4.gif\"><span class=\"orange\">学院搬运工</span>",
            "time": "2023-09-17 12:44:52"
        },
        {
            "id": 217,
            "SourceName": "流放者山脉5本",
            "SourceType": "副本|城镇",
            "view_num": 42,
            "Remark": "<p>链接: https://pan.baidu.com/s/1M8yOi-VCf12GhG7c_w0x-g?pwd=p3vg 提取码: p3vg 复制这段内容后打开百度网盘手机App，操作更方便哦 \r\n--来自百度网盘超级会员v2的分享</p>",
            "user": "<img height=\"25px\" src=\"https://dafstatic.oss-cn-beijing.aliyuncs.com/static/title/level4.gif\"><span class=\"orange\">学院搬运工</span>",
            "time": "2023-06-28 21:30:06"
        },
        {
            "id": 386,
            "SourceName": "光女之役",
            "SourceType": "副本|城镇",
            "view_num": 41,
            "Remark": "<p>https://www.123pan.com/s/tJCtVv-hu5EH.html提取码:An83</p>",
            "user": "<img height=\"25px\" src=\"https://dafstatic.oss-cn-beijing.aliyuncs.com/static/title/level4.gif\"><span class=\"orange\">学院搬运工</span>",
            "time": "2023-09-12 11:06:09"
        },
        {
            "id": 363,
            "SourceName": "艾尔丁纪念馆",
            "SourceType": "副本|城镇",
            "view_num": 40,
            "Remark": "<p>https://www.123pan.com/s/tJCtVv-0K5EH.html提取码:dch4</p>",
            "user": "<img height=\"25px\" src=\"https://dafstatic.oss-cn-beijing.aliyuncs.com/static/title/level4.gif\"><span class=\"orange\">学院搬运工</span>",
            "time": "2023-09-12 10:54:26"
        },
        {
            "id": 378,
            "SourceName": "封印的宝藏地",
            "SourceType": "副本|城镇",
            "view_num": 40,
            "Remark": "<p>https://www.123pan.com/s/tJCtVv-6K5EH.html提取码:vItz</p>",
            "user": "<img height=\"25px\" src=\"https://dafstatic.oss-cn-beijing.aliyuncs.com/static/title/level4.gif\"><span class=\"orange\">学院搬运工</span>",
            "time": "2023-09-12 11:02:12"
        },
        {
            "id": 246,
            "SourceName": "加过春节城镇的还原文件",
            "SourceType": "副本|城镇",
            "view_num": 40,
            "Remark": "<p>链接: https://pan.baidu.com/s/1z_sxmZsMwvRl5I1dQ1UaaQ?pwd=x23y 提取码: x23y 复制这段内容后打开百度网盘手机App，操作更方便哦 \r\n--来自百度网盘超级会员v2的分享</p>",
            "user": "<img height=\"25px\" src=\"https://dafstatic.oss-cn-beijing.aliyuncs.com/static/title/level4.gif\"><span class=\"orange\">学院搬运工</span>",
            "time": "2023-06-29 20:30:06"
        },
        {
            "id": 356,
            "SourceName": "魔界七副本",
            "SourceType": "副本|城镇",
            "view_num": 39,
            "Remark": "<p>https://www.123pan.com/s/tJCtVv-WK5EH.html提取码:rlRa</p>",
            "user": "<img height=\"25px\" src=\"https://dafstatic.oss-cn-beijing.aliyuncs.com/static/title/level6.gif\"><span class=\"rainbow\">玲珑</span>",
            "time": "2023-09-12 10:49:07"
        },
        {
            "id": 230,
            "SourceName": "众神之墓双本",
            "SourceType": "副本|城镇",
            "view_num": 39,
            "Remark": "<p>链接: https://pan.baidu.com/s/1_M1aROz_-gyhbNg3wOHarQ?pwd=6yip 提取码: 6yip 复制这段内容后打开百度网盘手机App，操作更方便哦 \r\n--来自百度网盘超级会员v2的分享</p>",
            "user": "<img height=\"25px\" src=\"https://dafstatic.oss-cn-beijing.aliyuncs.com/static/title/level4.gif\"><span class=\"orange\">学院搬运工</span>",
            "time": "2023-06-28 21:30:06"
        },
        {
            "id": 239,
            "SourceName": "2个魂图卡修斯要地",
            "SourceType": "副本|城镇",
            "view_num": 39,
            "Remark": "<p>链接: https://pan.baidu.com/s/1kQWfByNYqpBe9u92H9O2tg?pwd=pirs 提取码: pirs 复制这段内容后打开百度网盘手机App，操作更方便哦 \r\n--来自百度网盘超级会员v2的分享</p>",
            "user": "<img height=\"25px\" src=\"https://dafstatic.oss-cn-beijing.aliyuncs.com/static/title/level4.gif\"><span class=\"orange\">学院搬运工</span>",
            "time": "2023-06-28 21:30:06"
        },
        {
            "id": 371,
            "SourceName": "指挥引导",
            "SourceType": "副本|城镇",
            "view_num": 38,
            "Remark": "<p>https://www.123pan.com/s/tJCtVv-eK5EH.html提取码:ygJ8</p>",
            "user": "<img height=\"25px\" src=\"https://dafstatic.oss-cn-beijing.aliyuncs.com/static/title/level4.gif\"><span class=\"orange\">学院搬运工</span>",
            "time": "2023-09-12 10:59:06"
        },
        {
            "id": 390,
            "SourceName": "90级深渊",
            "SourceType": "副本|城镇",
            "view_num": 38,
            "Remark": "<p>https://www.123pan.com/s/tJCtVv-Eu5EH.html提取码:I14D</p>",
            "user": "<img height=\"25px\" src=\"https://dafstatic.oss-cn-beijing.aliyuncs.com/static/title/level4.gif\"><span class=\"orange\">学院搬运工</span>",
            "time": "2023-09-12 11:08:27"
        },
        {
            "id": 434,
            "SourceName": "UI 城镇：月溪镇 苍穹贵族号",
            "SourceType": "副本|城镇",
            "view_num": 38,
            "Remark": "<p>https://www.123pan.com/s/tJCtVv-675EH.html提取码:OhfA</p>\n",
            "user": "<img height=\"25px\" src=\"https://dafstatic.oss-cn-beijing.aliyuncs.com/static/title/level4.gif\"><span class=\"orange\">学院搬运工</span>",
            "time": "2023-09-17 12:42:51"
        },
        {
            "id": 233,
            "SourceName": "永恒大陆副本带NPK",
            "SourceType": "副本|城镇",
            "view_num": 38,
            "Remark": "<p>链接: https://pan.baidu.com/s/1WV6g060BzUvcvaydRUDGjw?pwd=qvt8 提取码: qvt8 复制这段内容后打开百度网盘手机App，操作更方便哦 \r\n--来自百度网盘超级会员v2的分享</p>",
            "user": "<img height=\"25px\" src=\"https://dafstatic.oss-cn-beijing.aliyuncs.com/static/title/level4.gif\"><span class=\"orange\">学院搬运工</span>",
            "time": "2023-06-28 21:30:06"
        },
        {
            "id": 433,
            "SourceName": "UI 城镇：月溪镇",
            "SourceType": "副本|城镇",
            "view_num": 37,
            "Remark": "<p>https://www.123pan.com/s/tJCtVv-q75EH.html提取码:vBkg</p>\n",
            "user": "<img height=\"25px\" src=\"https://dafstatic.oss-cn-beijing.aliyuncs.com/static/title/level4.gif\"><span class=\"orange\">学院搬运工</span>",
            "time": "2023-09-17 12:42:32"
        },
        {
            "id": 384,
            "SourceName": "哥特副本",
            "SourceType": "副本|城镇",
            "view_num": 35,
            "Remark": "<p>https://www.123pan.com/s/tJCtVv-du5EH.html提取码:da4a</p>",
            "user": "<img height=\"25px\" src=\"https://dafstatic.oss-cn-beijing.aliyuncs.com/static/title/level4.gif\"><span class=\"orange\">学院搬运工</span>",
            "time": "2023-09-12 11:05:19"
        },
        {
            "id": 213,
            "SourceName": "超星空裂缝",
            "SourceType": "副本|城镇",
            "view_num": 35,
            "Remark": "<p>链接: https://pan.baidu.com/s/1vZGJjIMnTc71dZCiTdx6Uw?pwd=43b1 提取码: 43b1 复制这段内容后打开百度网盘手机App，操作更方便哦 \r\n--来自百度网盘超级会员v2的分享</p>",
            "user": "<img height=\"25px\" src=\"https://dafstatic.oss-cn-beijing.aliyuncs.com/static/title/level4.gif\"><span class=\"orange\">学院搬运工</span>",
            "time": "2023-06-28 21:30:06"
        },
        {
            "id": 355,
            "SourceName": "魔界裂缝副本",
            "SourceType": "副本|城镇",
            "view_num": 34,
            "Remark": "<p>https://www.123pan.com/s/tJCtVv-sK5EH.html提取码:tLDf</p>",
            "user": "<img height=\"25px\" src=\"https://dafstatic.oss-cn-beijing.aliyuncs.com/static/title/level6.gif\"><span class=\"rainbow\">玲珑</span>",
            "time": "2023-09-12 10:48:39"
        },
        {
            "id": 430,
            "SourceName": "UI 城镇：魔界城镇",
            "SourceType": "副本|城镇",
            "view_num": 34,
            "Remark": "<p>https://www.123pan.com/s/tJCtVv-z75EH.html提取码:4NU3</p>\n",
            "user": "<img height=\"25px\" src=\"https://dafstatic.oss-cn-beijing.aliyuncs.com/static/title/level4.gif\"><span class=\"orange\">学院搬运工</span>",
            "time": "2023-09-17 12:41:28"
        },
        {
            "id": 370,
            "SourceName": "暗之血墓",
            "SourceType": "副本|城镇",
            "view_num": 33,
            "Remark": "<p>https://www.123pan.com/s/tJCtVv-cK5EH.html提取码:iAAT</p>",
            "user": "<img height=\"25px\" src=\"https://dafstatic.oss-cn-beijing.aliyuncs.com/static/title/level4.gif\"><span class=\"orange\">学院搬运工</span>",
            "time": "2023-09-12 10:58:38"
        },
        {
            "id": 436,
            "SourceName": "UI 城镇：希洛克 阿甘左商店",
            "SourceType": "副本|城镇",
            "view_num": 33,
            "Remark": "<p>https://www.123pan.com/s/tJCtVv-V75EH.html提取码:DD9d</p>\n",
            "user": "<img height=\"25px\" src=\"https://dafstatic.oss-cn-beijing.aliyuncs.com/static/title/level4.gif\"><span class=\"orange\">学院搬运工</span>",
            "time": "2023-09-17 12:43:33"
        },
        {
            "id": 441,
            "SourceName": "UI 城镇： 魔界 卢克 2",
            "SourceType": "副本|城镇",
            "view_num": 32,
            "Remark": "<p>https://www.123pan.com/s/tJCtVv-3b5EH.html提取码:gPNK</p>\n",
            "user": "<img height=\"25px\" src=\"https://dafstatic.oss-cn-beijing.aliyuncs.com/static/title/level4.gif\"><span class=\"orange\">学院搬运工</span>",
            "time": "2023-09-17 12:45:17"
        },
        {
            "id": 232,
            "SourceName": "大转移60副本7本",
            "SourceType": "副本|城镇",
            "view_num": 32,
            "Remark": "<p>链接: https://pan.baidu.com/s/1YKdjvo1vECz7UJwlRpFbRA?pwd=i7fy 提取码: i7fy 复制这段内容后打开百度网盘手机App，操作更方便哦 \r\n--来自百度网盘超级会员v2的分享</p>",
            "user": "<img height=\"25px\" src=\"https://dafstatic.oss-cn-beijing.aliyuncs.com/static/title/level4.gif\"><span class=\"orange\">学院搬运工</span>",
            "time": "2023-06-28 21:30:06"
        },
        {
            "id": 188,
            "SourceName": "东哈林6图",
            "SourceType": "副本|城镇",
            "view_num": 31,
            "Remark": "<p>链接: https://pan.baidu.com/s/1z0A4v1s3yeZ64nnpqEka0Q?pwd=dt9p 提取码: dt9p 复制这段内容后打开百度网盘手机App，操作更方便哦 --来自百度网盘超级会员v2的分享</p>",
            "user": "<img height=\"25px\" src=\"https://dafstatic.oss-cn-beijing.aliyuncs.com/static/title/level4.gif\"><span class=\"orange\">学院搬运工</span>",
            "time": "2023-06-28 21:30:06"
        },
        {
            "id": 369,
            "SourceName": "暗精灵英雄的考验",
            "SourceType": "副本|城镇",
            "view_num": 30,
            "Remark": "<p>https://www.123pan.com/s/tJCtVv-ZK5EH.html提取码:Zeaa</p>",
            "user": "<img height=\"25px\" src=\"https://dafstatic.oss-cn-beijing.aliyuncs.com/static/title/level4.gif\"><span class=\"orange\">学院搬运工</span>",
            "time": "2023-09-12 10:58:15"
        },
        {
            "id": 372,
            "SourceName": "指挥引导2",
            "SourceType": "副本|城镇",
            "view_num": 30,
            "Remark": "<p>https://www.123pan.com/s/tJCtVv-tK5EH.html提取码:NaZc</p>",
            "user": "<img height=\"25px\" src=\"https://dafstatic.oss-cn-beijing.aliyuncs.com/static/title/level4.gif\"><span class=\"orange\">学院搬运工</span>",
            "time": "2023-09-12 10:59:28"
        },
        {
            "id": 377,
            "SourceName": "巨龙盘踞之地",
            "SourceType": "副本|城镇",
            "view_num": 30,
            "Remark": "<p>https://www.123pan.com/s/tJCtVv-qK5EH.html提取码:hCpG</p>",
            "user": "<img height=\"25px\" src=\"https://dafstatic.oss-cn-beijing.aliyuncs.com/static/title/level4.gif\"><span class=\"orange\">学院搬运工</span>",
            "time": "2023-09-12 11:01:51"
        },
        {
            "id": 241,
            "SourceName": "天空巢穴14本",
            "SourceType": "副本|城镇",
            "view_num": 29,
            "Remark": "<p>链接: https://pan.baidu.com/s/1WaVJzOiMoLzDS2Qq9GWYeQ?pwd=6bgs 提取码: 6bgs 复制这段内容后打开百度网盘手机App，操作更方便哦 \r\n--来自百度网盘超级会员v2的分享</p>",
            "user": "<img height=\"25px\" src=\"https://dafstatic.oss-cn-beijing.aliyuncs.com/static/title/level4.gif\"><span class=\"orange\">学院搬运工</span>",
            "time": "2023-06-28 21:30:06"
        },
        {
            "id": 368,
            "SourceName": "月轮山副本",
            "SourceType": "副本|城镇",
            "view_num": 28,
            "Remark": "<p>https://www.123pan.com/s/tJCtVv-bK5EH.html提取码:2ngC</p>",
            "user": "<img height=\"25px\" src=\"https://dafstatic.oss-cn-beijing.aliyuncs.com/static/title/level4.gif\"><span class=\"orange\">学院搬运工</span>",
            "time": "2023-09-12 10:57:51"
        },
        {
            "id": 187,
            "SourceName": "大转移54-57地图6本",
            "SourceType": "副本|城镇",
            "view_num": 28,
            "Remark": "<p>链接: https://pan.baidu.com/s/1YRKaA5Z3nlLHoc9p0Oc8iA?pwd=gved 提取码: gved 复制这段内容后打开百度网盘手机App，操作更方便哦 --来自百度网盘超级会员v2的分享</p>",
            "user": "<img height=\"25px\" src=\"https://dafstatic.oss-cn-beijing.aliyuncs.com/static/title/level4.gif\"><span class=\"orange\">学院搬运工</span>",
            "time": "2023-06-28 21:30:06"
        },
        {
            "id": 375,
            "SourceName": "怪虫栖息地",
            "SourceType": "副本|城镇",
            "view_num": 26,
            "Remark": "<p>https://www.123pan.com/s/tJCtVv-LK5EH.html提取码:A4OB</p>",
            "user": "<img height=\"25px\" src=\"https://dafstatic.oss-cn-beijing.aliyuncs.com/static/title/level4.gif\"><span class=\"orange\">学院搬运工</span>",
            "time": "2023-09-12 11:00:45"
        },
        {
            "id": 220,
            "SourceName": "黑色庭院2本",
            "SourceType": "副本|城镇",
            "view_num": 26,
            "Remark": "<p>链接: https://pan.baidu.com/s/1kOBscQkI6hsrESa4N6YhsQ?pwd=dq5m 提取码: dq5m 复制这段内容后打开百度网盘手机App，操作更方便哦 \r\n--来自百度网盘超级会员v2的分享</p>",
            "user": "<img height=\"25px\" src=\"https://dafstatic.oss-cn-beijing.aliyuncs.com/static/title/level4.gif\"><span class=\"orange\">学院搬运工</span>",
            "time": "2023-06-28 21:30:06"
        },
        {
            "id": 190,
            "SourceName": "矿山4本",
            "SourceType": "副本|城镇",
            "view_num": 24,
            "Remark": "<p>链接: https://pan.baidu.com/s/1ADyr4c2SQFOsye2NELqyPQ?pwd=vkvk 提取码: vkvk 复制这段内容后打开百度网盘手机App，操作更方便哦 --来自百度网盘超级会员v2的分享</p>",
            "user": "<img height=\"25px\" src=\"https://dafstatic.oss-cn-beijing.aliyuncs.com/static/title/level4.gif\"><span class=\"orange\">学院搬运工</span>",
            "time": "2023-06-28 21:30:06"
        },
        {
            "id": 358,
            "SourceName": "重力法场",
            "SourceType": "副本|城镇",
            "view_num": 22,
            "Remark": "<p>https://www.123pan.com/s/tJCtVv-OK5EH.html提取码:JrL7</p>",
            "user": "<img height=\"25px\" src=\"https://dafstatic.oss-cn-beijing.aliyuncs.com/static/title/level6.gif\"><span class=\"rainbow\">玲珑</span>",
            "time": "2023-09-12 10:51:12"
        },
        {
            "id": 385,
            "SourceName": "克洛诺斯岛副本",
            "SourceType": "副本|城镇",
            "view_num": 22,
            "Remark": "<p>https://www.123pan.com/s/tJCtVv-3u5EH.html提取码:Lh0N</p>",
            "user": "<img height=\"25px\" src=\"https://dafstatic.oss-cn-beijing.aliyuncs.com/static/title/level4.gif\"><span class=\"orange\">学院搬运工</span>",
            "time": "2023-09-12 11:05:43"
        },
        {
            "id": 224,
            "SourceName": "大转移59副本6本",
            "SourceType": "副本|城镇",
            "view_num": 22,
            "Remark": "<p>链接: https://pan.baidu.com/s/1wF3sImjs1VzW2mtbEWVIcw?pwd=958b 提取码: 958b 复制这段内容后打开百度网盘手机App，操作更方便哦 \r\n--来自百度网盘超级会员v2的分享</p>",
            "user": "<img height=\"25px\" src=\"https://dafstatic.oss-cn-beijing.aliyuncs.com/static/title/level4.gif\"><span class=\"orange\">学院搬运工</span>",
            "time": "2023-06-28 21:30:06"
        },
        {
            "id": 231,
            "SourceName": "寂静城6本",
            "SourceType": "副本|城镇",
            "view_num": 22,
            "Remark": "<p>链接: https://pan.baidu.com/s/1g-7z2ZzGd5UQHMUp5J9txA?pwd=tp56 提取码: tp56 复制这段内容后打开百度网盘手机App，操作更方便哦 \r\n--来自百度网盘超级会员v2的分享</p>",
            "user": "<img height=\"25px\" src=\"https://dafstatic.oss-cn-beijing.aliyuncs.com/static/title/level4.gif\"><span class=\"orange\">学院搬运工</span>",
            "time": "2023-06-28 21:30:06"
        },
        {
            "id": 216,
            "SourceName": "魔界营地普通6副本",
            "SourceType": "副本|城镇",
            "view_num": 21,
            "Remark": "<p>链接: https://pan.baidu.com/s/1SErzWzUr_VvHclcf2t09ew?pwd=5jdc 提取码: 5jdc 复制这段内容后打开百度网盘手机App，操作更方便哦 \r\n--来自百度网盘超级会员v2的分享</p>",
            "user": "<img height=\"25px\" src=\"https://dafstatic.oss-cn-beijing.aliyuncs.com/static/title/level4.gif\"><span class=\"orange\">学院搬运工</span>",
            "time": "2023-06-28 21:30:06"
        },
        {
            "id": 367,
            "SourceName": "灵魂塚",
            "SourceType": "副本|城镇",
            "view_num": 19,
            "Remark": "<p>https://www.123pan.com/s/tJCtVv-7K5EH.html提取码:yh04</p>",
            "user": "<img height=\"25px\" src=\"https://dafstatic.oss-cn-beijing.aliyuncs.com/static/title/level4.gif\"><span class=\"orange\">学院搬运工</span>",
            "time": "2023-09-12 10:57:27"
        },
        {
            "id": 329,
            "SourceName": "暴走：黑雾之源",
            "SourceType": "副本|城镇",
            "view_num": 18,
            "Remark": "<p>https://www.123pan.com/s/tJCtVv-Bk5EH.html提取码:dx1E</p>",
            "user": "<img height=\"25px\" src=\"https://dafstatic.oss-cn-beijing.aliyuncs.com/static/title/level4.gif\"><span class=\"orange\">学院搬运工</span>",
            "time": "2023-07-20 14:11:15"
        },
        {
            "id": 328,
            "SourceName": "暴走：震颤的大地",
            "SourceType": "副本|城镇",
            "view_num": 17,
            "Remark": "<p>https://www.123pan.com/s/tJCtVv-ak5EH.html提取码:1mD0</p>",
            "user": "<img height=\"25px\" src=\"https://dafstatic.oss-cn-beijing.aliyuncs.com/static/title/level4.gif\"><span class=\"orange\">学院搬运工</span>",
            "time": "2023-07-20 14:10:53"
        },
        {
            "id": 227,
            "SourceName": "大转移58副本6本",
            "SourceType": "副本|城镇",
            "view_num": 16,
            "Remark": "<p>链接: https://pan.baidu.com/s/15Mxb_KeOl8lr6oIIaZgZFA?pwd=x23a 提取码: x23a 复制这段内容后打开百度网盘手机App，操作更方便哦 \r\n--来自百度网盘超级会员v2的分享</p>",
            "user": "<img height=\"25px\" src=\"https://dafstatic.oss-cn-beijing.aliyuncs.com/static/title/level4.gif\"><span class=\"orange\">学院搬运工</span>",
            "time": "2023-06-28 21:30:06"
        },
        {
            "id": 376,
            "SourceName": "念气洞穴深处",
            "SourceType": "副本|城镇",
            "view_num": 12,
            "Remark": "<p>https://www.123pan.com/s/tJCtVv-5K5EH.html提取码:YZLO</p>",
            "user": "<img height=\"25px\" src=\"https://dafstatic.oss-cn-beijing.aliyuncs.com/static/title/level4.gif\"><span class=\"orange\">学院搬运工</span>",
            "time": "2023-09-12 11:01:28"
        }
    ]
}