{
    "total": 21,
    "rows": [
        {
            "id": 631,
            "SourceName": "22年最新国服解包",
            "SourceType": "解包",
            "view_num": 890,
            "Remark": "<p>https://www.123pan.com/s/tJCtVv-hf5EH.html提取码:RH7P</p>",
            "user": "<img height=\"25px\" src=\"https://dafstatic.oss-cn-beijing.aliyuncs.com/static/title/level4.gif\"><span class=\"orange\">学院搬运工</span>",
            "time": "2023-08-01 13:34:22"
        },
        {
            "id": 627,
            "SourceName": "国服110解包",
            "SourceType": "解包",
            "view_num": 570,
            "Remark": "<p>https://www.123pan.com/s/tJCtVv-jp5EH.html提取码:aVRa</p>",
            "user": "<img height=\"25px\" src=\"https://dafstatic.oss-cn-beijing.aliyuncs.com/static/title/level4.gif\"><span class=\"orange\">学院搬运工</span>",
            "time": "2023-08-01 13:32:26"
        },
        {
            "id": 630,
            "SourceName": "60版本解包好的PVF文件",
            "SourceType": "解包",
            "view_num": 326,
            "Remark": "<p>https://www.123pan.com/s/tJCtVv-df5EH.html提取码:8W0C</p>",
            "user": "<img height=\"25px\" src=\"https://dafstatic.oss-cn-beijing.aliyuncs.com/static/title/level4.gif\"><span class=\"orange\">学院搬运工</span>",
            "time": "2023-08-01 13:33:55"
        },
        {
            "id": 618,
            "SourceName": "国服86-90最新pvf_1_14",
            "SourceType": "解包",
            "view_num": 258,
            "Remark": "<p>https://www.123pan.com/s/tJCtVv-ep5EH.html提取码:UUnH</p>",
            "user": "<img height=\"25px\" src=\"https://dafstatic.oss-cn-beijing.aliyuncs.com/static/title/level4.gif\"><span class=\"orange\">学院搬运工</span>",
            "time": "2023-08-01 13:29:07"
        },
        {
            "id": 620,
            "SourceName": "国服70版本最后PVF版本号6.077.4",
            "SourceType": "解包",
            "view_num": 256,
            "Remark": "<p>https://www.123pan.com/s/tJCtVv-ip5EH.html提取码:kyPX</p>",
            "user": "<img height=\"25px\" src=\"https://dafstatic.oss-cn-beijing.aliyuncs.com/static/title/level4.gif\"><span class=\"orange\">学院搬运工</span>",
            "time": "2023-08-01 13:29:55"
        },
        {
            "id": 621,
            "SourceName": "国服60级版本解包",
            "SourceType": "解包",
            "view_num": 202,
            "Remark": "<p>https://www.123pan.com/s/tJCtVv-zp5EH.html提取码:poD4</p>",
            "user": "<img height=\"25px\" src=\"https://dafstatic.oss-cn-beijing.aliyuncs.com/static/title/level4.gif\"><span class=\"orange\">学院搬运工</span>",
            "time": "2023-08-01 13:30:18"
        },
        {
            "id": 619,
            "SourceName": "国服85级版本解包 已繁体化",
            "SourceType": "解包",
            "view_num": 179,
            "Remark": "<p>https://www.123pan.com/s/tJCtVv-tp5EH.html提取码:pAWu</p>",
            "user": "<img height=\"25px\" src=\"https://dafstatic.oss-cn-beijing.aliyuncs.com/static/title/level4.gif\"><span class=\"orange\">学院搬运工</span>",
            "time": "2023-08-01 13:29:28"
        },
        {
            "id": 617,
            "SourceName": "国服86解包9月27日版本",
            "SourceType": "解包",
            "view_num": 176,
            "Remark": "<p>https://www.123pan.com/s/tJCtVv-Zp5EH.html提取码:utkx</p>",
            "user": "<img height=\"25px\" src=\"https://dafstatic.oss-cn-beijing.aliyuncs.com/static/title/level4.gif\"><span class=\"orange\">学院搬运工</span>",
            "time": "2023-08-01 13:27:56"
        },
        {
            "id": 615,
            "SourceName": "国服大转移86解包2016.4月26日版本",
            "SourceType": "解包",
            "view_num": 151,
            "Remark": "<p>https://www.123pan.com/s/tJCtVv-7p5EH.html提取码:A16S</p>",
            "user": "<img height=\"25px\" src=\"https://dafstatic.oss-cn-beijing.aliyuncs.com/static/title/level4.gif\"><span class=\"orange\">学院搬运工</span>",
            "time": "2023-08-01 13:25:46"
        },
        {
            "id": 616,
            "SourceName": "国服95级普雷版本解包",
            "SourceType": "解包",
            "view_num": 145,
            "Remark": "<p>https://www.123pan.com/s/tJCtVv-bp5EH.html提取码:AwJn</p>",
            "user": "<img height=\"25px\" src=\"https://dafstatic.oss-cn-beijing.aliyuncs.com/static/title/level4.gif\"><span class=\"orange\">学院搬运工</span>",
            "time": "2023-08-01 13:26:16"
        },
        {
            "id": 613,
            "SourceName": "韩服55级版本解包",
            "SourceType": "解包",
            "view_num": 125,
            "Remark": "<p>https://www.123pan.com/s/tJCtVv-Sp5EH.html提取码:GB8O</p>",
            "user": "<img height=\"25px\" src=\"https://dafstatic.oss-cn-beijing.aliyuncs.com/static/title/level4.gif\"><span class=\"orange\">学院搬运工</span>",
            "time": "2023-08-01 13:24:56"
        },
        {
            "id": 628,
            "SourceName": "台服解包（60级）",
            "SourceType": "解包",
            "view_num": 122,
            "Remark": "<p>https://www.123pan.com/s/tJCtVv-Tf5EH.html提取码:HYkL</p>",
            "user": "<img height=\"25px\" src=\"https://dafstatic.oss-cn-beijing.aliyuncs.com/static/title/level4.gif\"><span class=\"orange\">学院搬运工</span>",
            "time": "2023-08-01 13:32:51"
        },
        {
            "id": 632,
            "SourceName": "20.3.19解包",
            "SourceType": "解包",
            "view_num": 87,
            "Remark": "<p>https://www.123pan.com/s/tJCtVv-Hf5EH.html提取码:voej</p>",
            "user": "<img height=\"25px\" src=\"https://dafstatic.oss-cn-beijing.aliyuncs.com/static/title/level4.gif\"><span class=\"orange\">学院搬运工</span>",
            "time": "2023-08-01 13:34:45"
        },
        {
            "id": 626,
            "SourceName": "国服12.06.17解包",
            "SourceType": "解包",
            "view_num": 82,
            "Remark": "<p>https://www.123pan.com/s/tJCtVv-Vp5EH.html提取码:Eb2j</p>",
            "user": "<img height=\"25px\" src=\"https://dafstatic.oss-cn-beijing.aliyuncs.com/static/title/level4.gif\"><span class=\"orange\">学院搬运工</span>",
            "time": "2023-08-01 13:32:07"
        },
        {
            "id": 614,
            "SourceName": "日服解包（60级）",
            "SourceType": "解包",
            "view_num": 80,
            "Remark": "<p>https://www.123pan.com/s/tJCtVv-lp5EH.html提取码:21IG</p>",
            "user": "<img height=\"25px\" src=\"https://dafstatic.oss-cn-beijing.aliyuncs.com/static/title/level4.gif\"><span class=\"orange\">学院搬运工</span>",
            "time": "2023-08-01 13:25:17"
        },
        {
            "id": 622,
            "SourceName": "国服20.11.12解包",
            "SourceType": "解包",
            "view_num": 72,
            "Remark": "<p>https://www.123pan.com/s/tJCtVv-Lp5EH.html提取码:wt58</p>",
            "user": "<img height=\"25px\" src=\"https://dafstatic.oss-cn-beijing.aliyuncs.com/static/title/level4.gif\"><span class=\"orange\">学院搬运工</span>",
            "time": "2023-08-01 13:30:38"
        },
        {
            "id": 612,
            "SourceName": "韩服90解包10月14日版本",
            "SourceType": "解包",
            "view_num": 69,
            "Remark": "<p>https://www.123pan.com/s/tJCtVv-Up5EH.html提取码:fhdy</p>",
            "user": "<img height=\"25px\" src=\"https://dafstatic.oss-cn-beijing.aliyuncs.com/static/title/level4.gif\"><span class=\"orange\">学院搬运工</span>",
            "time": "2023-08-01 13:24:33"
        },
        {
            "id": 629,
            "SourceName": "菁英测试[20090603]PVF版本不知道",
            "SourceType": "解包",
            "view_num": 65,
            "Remark": "<p>https://www.123pan.com/s/tJCtVv-vf5EH.html提取码:ahGB</p>",
            "user": "<img height=\"25px\" src=\"https://dafstatic.oss-cn-beijing.aliyuncs.com/static/title/level4.gif\"><span class=\"orange\">学院搬运工</span>",
            "time": "2023-08-01 13:33:34"
        },
        {
            "id": 625,
            "SourceName": "国服14.05.02解包",
            "SourceType": "解包",
            "view_num": 63,
            "Remark": "<p>https://www.123pan.com/s/tJCtVv-yp5EH.html提取码:w3Yt</p>",
            "user": "<img height=\"25px\" src=\"https://dafstatic.oss-cn-beijing.aliyuncs.com/static/title/level4.gif\"><span class=\"orange\">学院搬运工</span>",
            "time": "2023-08-01 13:31:49"
        },
        {
            "id": 623,
            "SourceName": "国服20.03.19解包",
            "SourceType": "解包",
            "view_num": 49,
            "Remark": "<p>https://www.123pan.com/s/tJCtVv-5p5EH.html提取码:Vr4o</p>",
            "user": "<img height=\"25px\" src=\"https://dafstatic.oss-cn-beijing.aliyuncs.com/static/title/level4.gif\"><span class=\"orange\">学院搬运工</span>",
            "time": "2023-08-01 13:30:57"
        },
        {
            "id": 624,
            "SourceName": "国服19.04解包",
            "SourceType": "解包",
            "view_num": 46,
            "Remark": "<p>https://www.123pan.com/s/tJCtVv-6p5EH.html提取码:EHbd</p>",
            "user": "<img height=\"25px\" src=\"https://dafstatic.oss-cn-beijing.aliyuncs.com/static/title/level4.gif\"><span class=\"orange\">学院搬运工</span>",
            "time": "2023-08-01 13:31:28"
        }
    ]
}