{
    "total": 32,
    "rows": [
        {
            "id": 451,
            "SourceName": "2023金秋礼包<span style='margin-left: 2px;padding-left: 16px;color: blue;text-align: center;background: url(/static/images/msg.png) no-repeat; center' title='回复'>2</span>",
            "SourceType": "光环",
            "view_num": 1167,
            "Remark": "<p>链接: https://pan.baidu.com/s/14KRac4ypnzhfjRkxi8NJaA?pwd=ks5i 提取码: ks5i&nbsp;</p>\n\n<p><img alt=\"\" height=\"750\" src=\"/media/uploads/2023/10/14/image-20231014143021-1.png\" width=\"1000\" /></p>\n\n<p>&nbsp;</p>",
            "user": "<img height=\"25px\" src=\"\">小八",
            "time": "2023-10-14 14:30:41"
        },
        {
            "id": 337,
            "SourceName": "5个魂环",
            "SourceType": "光环",
            "view_num": 506,
            "Remark": "<p>https://www.123pan.com/s/tJCtVv-Qf5EH.html提取码:usA2</p>",
            "user": "<img height=\"25px\" src=\"https://dafstatic.oss-cn-beijing.aliyuncs.com/static/title/level4.gif\"><span class=\"orange\">学院搬运工</span>",
            "time": "2023-08-01 13:59:19"
        },
        {
            "id": 6,
            "SourceName": "国服277个仿官光环（集成自选礼盒）",
            "SourceType": "光环",
            "view_num": 439,
            "Remark": "<p>链接：https://pan.baidu.com/s/1BInG2SjkQmlip4LOv24IHg?pwd=helg&nbsp;<br />\r\n提取码：helg</p>",
            "user": "<img height=\"25px\" src=\"https://dafstatic.oss-cn-beijing.aliyuncs.com/static/title/level4.gif\"><span class=\"orange\">学院搬运工</span>",
            "time": "2023-06-28 14:32:43"
        },
        {
            "id": 322,
            "SourceName": "仙女光环",
            "SourceType": "光环",
            "view_num": 323,
            "Remark": "<p>https://www.123pan.com/s/tJCtVv-N95EH.html提取码:gvs8</p>",
            "user": "<img height=\"25px\" src=\"https://dafstatic.oss-cn-beijing.aliyuncs.com/static/title/level4.gif\"><span class=\"orange\">学院搬运工</span>",
            "time": "2023-07-15 21:39:54"
        },
        {
            "id": 703,
            "SourceName": "幽碧光环(自制)",
            "SourceType": "光环",
            "view_num": 262,
            "Remark": "<p>我用夸克网盘分享了「幽碧光环自制.zip」，点击链接即可保存。打开「夸克APP」，无需下载在线播放视频，畅享原画5倍速，支持电视投屏。<br />\n链接：https://pan.quark.cn/s/58feeaa5e829</p>",
            "user": "<img height=\"25px\" src=\"\">狗狸子",
            "time": "2024-07-01 20:41:05"
        },
        {
            "id": 324,
            "SourceName": "全光环及称号补丁",
            "SourceType": "光环",
            "view_num": 246,
            "Remark": "<p>链接: https://pan.baidu.com/s/140b9PmUFcamJ2cYXqu6nAg?pwd=havk 提取码: havk 复制这段内容后打开百度网盘手机App，操作更方便哦&nbsp;<br />\n--来自百度网盘超级会员v2的分享</p>",
            "user": "<img height=\"25px\" src=\"https://dafstatic.oss-cn-beijing.aliyuncs.com/static/title/level4.gif\"><span class=\"orange\">学院搬运工</span>",
            "time": "2023-07-16 22:23:18"
        },
        {
            "id": 126,
            "SourceName": "心悦光环",
            "SourceType": "光环",
            "view_num": 235,
            "Remark": "<p>链接: https://pan.baidu.com/s/1o-sFciiXjRqwu1lTyay7yQ?pwd=fie2 提取码: fie2 复制这段内容后打开百度网盘手机App，操作更方便哦 \r\n--来自百度网盘超级会员v2的分享</p>",
            "user": "<img height=\"25px\" src=\"https://dafstatic.oss-cn-beijing.aliyuncs.com/static/title/level4.gif\"><span class=\"orange\">学院搬运工</span>",
            "time": "2023-06-28 21:33:06"
        },
        {
            "id": 125,
            "SourceName": "14套翅膀光环",
            "SourceType": "光环",
            "view_num": 230,
            "Remark": "<p>链接: https://pan.baidu.com/s/1HwxL5MWnYrLpU58gsuAGUQ?pwd=yf9h 提取码: yf9h 复制这段内容后打开百度网盘手机App，操作更方便哦 \r\n--来自百度网盘超级会员v2的分享</p>",
            "user": "<img height=\"25px\" src=\"https://dafstatic.oss-cn-beijing.aliyuncs.com/static/title/level4.gif\"><span class=\"orange\">学院搬运工</span>",
            "time": "2023-06-28 21:33:06"
        },
        {
            "id": 71,
            "SourceName": "四个特效光环",
            "SourceType": "光环",
            "view_num": 201,
            "Remark": "<p>链接: https://pan.baidu.com/s/1VVdKB5anVrq_-_ru_68AGQ?pwd=qnae 提取码: qnae 复制这段内容后打开百度网盘手机App，操作更方便哦 \r\n--来自百度网盘超级会员v2的分享</p>",
            "user": "<img height=\"25px\" src=\"https://dafstatic.oss-cn-beijing.aliyuncs.com/static/title/level4.gif\"><span class=\"orange\">学院搬运工</span>",
            "time": "2023-06-28 14:30:06"
        },
        {
            "id": 707,
            "SourceName": "泯灭光环",
            "SourceType": "光环",
            "view_num": 196,
            "Remark": "<p>链接：https://pan.baidu.com/s/11-cdxW2VatoLKdA5ZtgRuA?pwd=1111&nbsp;<br />\n提取码：1111&nbsp;<br />\n--来自百度网盘超级会员V5的分享</p>",
            "user": "<img height=\"25px\" src=\"\">阿甘左",
            "time": "2024-07-03 14:57:07"
        },
        {
            "id": 96,
            "SourceName": "9心悦光环",
            "SourceType": "光环",
            "view_num": 190,
            "Remark": "<p>链接: https://pan.baidu.com/s/1Ehekmgxab2UyfGCeln992w?pwd=kej1 提取码: kej1 复制这段内容后打开百度网盘手机App，操作更方便哦 \r\n--来自百度网盘超级会员v2的分享</p>",
            "user": "<img height=\"25px\" src=\"https://dafstatic.oss-cn-beijing.aliyuncs.com/static/title/level4.gif\"><span class=\"orange\">学院搬运工</span>",
            "time": "2023-06-28 14:30:06"
        },
        {
            "id": 66,
            "SourceName": "希曼武器装扮+镜花水月光环+韩服15周年光环",
            "SourceType": "光环",
            "view_num": 185,
            "Remark": "<p>链接: https://pan.baidu.com/s/1IasYFCDHfv3ntCzD-PlRuw?pwd=tume 提取码: tume 复制这段内容后打开百度网盘手机App，操作更方便哦 \r\n--来自百度网盘超级会员v2的分享</p>",
            "user": "<img height=\"25px\" src=\"https://dafstatic.oss-cn-beijing.aliyuncs.com/static/title/level4.gif\"><span class=\"orange\">学院搬运工</span>",
            "time": "2023-06-28 14:30:06"
        },
        {
            "id": 269,
            "SourceName": "十二生肖光环文件+npk",
            "SourceType": "光环",
            "view_num": 178,
            "Remark": "<p>链接: https://pan.baidu.com/s/1GSyVBFBus5ETxc4JCfqt3A?pwd=5ihb 提取码: 5ihb 复制这段内容后打开百度网盘手机App，操作更方便哦 \r\n--来自百度网盘超级会员v2的分享</p>",
            "user": "<img height=\"25px\" src=\"https://dafstatic.oss-cn-beijing.aliyuncs.com/static/title/level4.gif\"><span class=\"orange\">学院搬运工</span>",
            "time": "2023-06-29 20:30:06"
        },
        {
            "id": 323,
            "SourceName": "327个国服光环修复",
            "SourceType": "光环",
            "view_num": 170,
            "Remark": "<p>https://www.123pan.com/s/tJCtVv-Gp5EH.html提取码:KGrT</p>\n",
            "user": "<img height=\"25px\" src=\"https://dafstatic.oss-cn-beijing.aliyuncs.com/static/title/level4.gif\"><span class=\"orange\">学院搬运工</span>",
            "time": "2023-07-16 22:22:48"
        },
        {
            "id": 62,
            "SourceName": "赛利亚的守望米歇尔大天使光环",
            "SourceType": "光环",
            "view_num": 138,
            "Remark": "<p>链接: https://pan.baidu.com/s/1zBRzz0_TRzJ_Eh0lIfNexw?pwd=5ak4 提取码: 5ak4 复制这段内容后打开百度网盘手机App，操作更方便哦 \r\n--来自百度网盘超级会员v2的分享</p>",
            "user": "<img height=\"25px\" src=\"https://dafstatic.oss-cn-beijing.aliyuncs.com/static/title/level4.gif\"><span class=\"orange\">学院搬运工</span>",
            "time": "2023-06-28 14:30:06"
        },
        {
            "id": 59,
            "SourceName": "6个地狱光环",
            "SourceType": "光环",
            "view_num": 134,
            "Remark": "<p>链接: https://pan.baidu.com/s/1Wb6FZCRWht2f8pbWM6CcEw?pwd=yte3 提取码: yte3 复制这段内容后打开百度网盘手机App，操作更方便哦 \r\n--来自百度网盘超级会员v2的分享</p>",
            "user": "<img height=\"25px\" src=\"https://dafstatic.oss-cn-beijing.aliyuncs.com/static/title/level4.gif\"><span class=\"orange\">学院搬运工</span>",
            "time": "2023-06-28 14:30:06"
        },
        {
            "id": 58,
            "SourceName": "元神光环",
            "SourceType": "光环",
            "view_num": 125,
            "Remark": "<p>链接: https://pan.baidu.com/s/1iqaWPB8BOZ5KivM-kMoiqA?pwd=ayzp 提取码: ayzp 复制这段内容后打开百度网盘手机App，操作更方便哦 \r\n--来自百度网盘超级会员v2的分享</p>",
            "user": "<img height=\"25px\" src=\"https://dafstatic.oss-cn-beijing.aliyuncs.com/static/title/level4.gif\"><span class=\"orange\">学院搬运工</span>",
            "time": "2023-06-28 14:30:06"
        },
        {
            "id": 57,
            "SourceName": "46个光环",
            "SourceType": "光环",
            "view_num": 101,
            "Remark": "<p>链接: https://pan.baidu.com/s/1ekL1unoiCkf00VgxZ5MyXw?pwd=3n7v 提取码: 3n7v 复制这段内容后打开百度网盘手机App，操作更方便哦 \r\n--来自百度网盘超级会员v2的分享</p>",
            "user": "<img height=\"25px\" src=\"https://dafstatic.oss-cn-beijing.aliyuncs.com/static/title/level4.gif\"><span class=\"orange\">学院搬运工</span>",
            "time": "2023-06-28 14:30:06"
        },
        {
            "id": 56,
            "SourceName": "双龙魂-单光环",
            "SourceType": "光环",
            "view_num": 87,
            "Remark": "<p>链接: https://pan.baidu.com/s/1ejJZVEBttdWQ7f0kHkUo3Q?pwd=bfg7 提取码: bfg7 复制这段内容后打开百度网盘手机App，操作更方便哦 \r\n--来自百度网盘超级会员v2的分享</p>",
            "user": "<img height=\"25px\" src=\"https://dafstatic.oss-cn-beijing.aliyuncs.com/static/title/level4.gif\"><span class=\"orange\">学院搬运工</span>",
            "time": "2023-06-28 14:30:06"
        },
        {
            "id": 67,
            "SourceName": "12款炫酷翅膀光环",
            "SourceType": "光环",
            "view_num": 74,
            "Remark": "<p>链接: https://pan.baidu.com/s/1es_mSxlBtgd0-5IoHP16Tg?pwd=d1yk 提取码: d1yk 复制这段内容后打开百度网盘手机App，操作更方便哦 \r\n--来自百度网盘超级会员v2的分享</p>",
            "user": "<img height=\"25px\" src=\"https://dafstatic.oss-cn-beijing.aliyuncs.com/static/title/level4.gif\"><span class=\"orange\">学院搬运工</span>",
            "time": "2023-06-28 14:30:06"
        },
        {
            "id": 68,
            "SourceName": "神圣之圣光光环",
            "SourceType": "光环",
            "view_num": 73,
            "Remark": "<p>链接: https://pan.baidu.com/s/1w1rlkAwRxOVsww2w9LJb_A?pwd=2dxi 提取码: 2dxi 复制这段内容后打开百度网盘手机App，操作更方便哦 \r\n--来自百度网盘超级会员v2的分享</p>",
            "user": "<img height=\"25px\" src=\"https://dafstatic.oss-cn-beijing.aliyuncs.com/static/title/level4.gif\"><span class=\"orange\">学院搬运工</span>",
            "time": "2023-06-28 14:30:06"
        },
        {
            "id": 61,
            "SourceName": "韩服15周年光环",
            "SourceType": "光环",
            "view_num": 65,
            "Remark": "<p>链接: https://pan.baidu.com/s/1I4-oUAAFwWNwcK67Q8o5tQ?pwd=3g8f 提取码: 3g8f 复制这段内容后打开百度网盘手机App，操作更方便哦 \r\n--来自百度网盘超级会员v2的分享</p>",
            "user": "<img height=\"25px\" src=\"https://dafstatic.oss-cn-beijing.aliyuncs.com/static/title/level4.gif\"><span class=\"orange\">学院搬运工</span>",
            "time": "2023-06-28 14:30:06"
        },
        {
            "id": 64,
            "SourceName": "冒险岛光环",
            "SourceType": "光环",
            "view_num": 64,
            "Remark": "<p>链接: https://pan.baidu.com/s/1E7UHTrNzEszRu0-auH6sMg?pwd=7vk6 提取码: 7vk6 复制这段内容后打开百度网盘手机App，操作更方便哦 \r\n--来自百度网盘超级会员v2的分享</p>",
            "user": "<img height=\"25px\" src=\"https://dafstatic.oss-cn-beijing.aliyuncs.com/static/title/level4.gif\"><span class=\"orange\">学院搬运工</span>",
            "time": "2023-06-28 14:30:06"
        },
        {
            "id": 70,
            "SourceName": "心悦123",
            "SourceType": "光环",
            "view_num": 53,
            "Remark": "<p>链接: https://pan.baidu.com/s/1cI-5KyoheFujyguvDQBCvw?pwd=xadc 提取码: xadc 复制这段内容后打开百度网盘手机App，操作更方便哦 \r\n--来自百度网盘超级会员v2的分享</p>",
            "user": "<img height=\"25px\" src=\"https://dafstatic.oss-cn-beijing.aliyuncs.com/static/title/level4.gif\"><span class=\"orange\">学院搬运工</span>",
            "time": "2023-06-28 14:30:06"
        },
        {
            "id": 122,
            "SourceName": "12款炫酷翅膀光环",
            "SourceType": "光环",
            "view_num": 53,
            "Remark": "<p>链接: https://pan.baidu.com/s/16k1BKxLIM56q9OEa_TFmXw?pwd=ec3a 提取码: ec3a 复制这段内容后打开百度网盘手机App，操作更方便哦 \r\n--来自百度网盘超级会员v2的分享</p>",
            "user": "<img height=\"25px\" src=\"https://dafstatic.oss-cn-beijing.aliyuncs.com/static/title/level4.gif\"><span class=\"orange\">学院搬运工</span>",
            "time": "2023-06-28 14:30:06"
        },
        {
            "id": 37,
            "SourceName": "瓦爾哈拉光環裝扮自選禮盒",
            "SourceType": "光环",
            "view_num": 49,
            "Remark": "<p>链接: https://pan.baidu.com/s/1i_R65Z9CdXuUKVwCMTrU2g?pwd=4d36 提取码: 4d36 复制这段内容后打开百度网盘手机App，操作更方便哦 \r\n--来自百度网盘超级会员v2的分享</p>",
            "user": "<img height=\"25px\" src=\"https://dafstatic.oss-cn-beijing.aliyuncs.com/static/title/level4.gif\"><span class=\"orange\">学院搬运工</span>",
            "time": "2023-06-28 14:30:06"
        },
        {
            "id": 72,
            "SourceName": "21国庆4光环",
            "SourceType": "光环",
            "view_num": 46,
            "Remark": "<p>链接: https://pan.baidu.com/s/1VmU2GAkMmo-Dno_wy7rt2g?pwd=g9bf 提取码: g9bf 复制这段内容后打开百度网盘手机App，操作更方便哦 \r\n--来自百度网盘超级会员v2的分享</p>",
            "user": "<img height=\"25px\" src=\"https://dafstatic.oss-cn-beijing.aliyuncs.com/static/title/level4.gif\"><span class=\"orange\">学院搬运工</span>",
            "time": "2023-06-28 14:30:06"
        },
        {
            "id": 124,
            "SourceName": "萌萌动物园光环",
            "SourceType": "光环",
            "view_num": 41,
            "Remark": "<p>链接: https://pan.baidu.com/s/1Ti5sLnRgT_inahQtD2Xklg?pwd=6pdd 提取码: 6pdd 复制这段内容后打开百度网盘手机App，操作更方便哦 \r\n--来自百度网盘超级会员v2的分享</p>",
            "user": "<img height=\"25px\" src=\"https://dafstatic.oss-cn-beijing.aliyuncs.com/static/title/level4.gif\"><span class=\"orange\">学院搬运工</span>",
            "time": "2023-06-28 14:30:06"
        },
        {
            "id": 60,
            "SourceName": "6个地狱光环",
            "SourceType": "光环",
            "view_num": 40,
            "Remark": "<p>链接: https://pan.baidu.com/s/1DSiFNcAaiqXCwBiBsHON1g?pwd=y893 提取码: y893 复制这段内容后打开百度网盘手机App，操作更方便哦 \r\n--来自百度网盘超级会员v2的分享</p>",
            "user": "<img height=\"25px\" src=\"https://dafstatic.oss-cn-beijing.aliyuncs.com/static/title/level4.gif\"><span class=\"orange\">学院搬运工</span>",
            "time": "2023-06-28 14:30:06"
        },
        {
            "id": 63,
            "SourceName": "特典光环",
            "SourceType": "光环",
            "view_num": 40,
            "Remark": "<p>链接: https://pan.baidu.com/s/18DCE79c0W3ApoyRBz7YuOA?pwd=5e4c 提取码: 5e4c 复制这段内容后打开百度网盘手机App，操作更方便哦 \r\n--来自百度网盘超级会员v2的分享</p>",
            "user": "<img height=\"25px\" src=\"https://dafstatic.oss-cn-beijing.aliyuncs.com/static/title/level4.gif\"><span class=\"orange\">学院搬运工</span>",
            "time": "2023-06-28 14:30:06"
        },
        {
            "id": 65,
            "SourceName": "2020春节光环",
            "SourceType": "光环",
            "view_num": 39,
            "Remark": "<p>链接: https://pan.baidu.com/s/1kJOT7w6LXzPaMIIpBAzpjg?pwd=6t8u 提取码: 6t8u 复制这段内容后打开百度网盘手机App，操作更方便哦 \r\n--来自百度网盘超级会员v2的分享</p>",
            "user": "<img height=\"25px\" src=\"https://dafstatic.oss-cn-beijing.aliyuncs.com/static/title/level4.gif\"><span class=\"orange\">学院搬运工</span>",
            "time": "2023-06-28 14:30:06"
        },
        {
            "id": 69,
            "SourceName": "萌萌动物园光环",
            "SourceType": "光环",
            "view_num": 25,
            "Remark": "<p>链接: https://pan.baidu.com/s/14QDPLVqK4ir6XTlwhbhMWA?pwd=v371 提取码: v371 复制这段内容后打开百度网盘手机App，操作更方便哦 \r\n--来自百度网盘超级会员v2的分享</p>",
            "user": "<img height=\"25px\" src=\"https://dafstatic.oss-cn-beijing.aliyuncs.com/static/title/level4.gif\"><span class=\"orange\">学院搬运工</span>",
            "time": "2023-06-28 14:30:06"
        }
    ]
}