{
    "total": 24,
    "rows": [
        {
            "id": 610,
            "SourceName": "809个技能宝珠导入包",
            "SourceType": "附魔|宝珠",
            "view_num": 884,
            "Remark": "<p>https://www.123pan.com/s/tJCtVv-O45EH.html提取码:4wqE</p>\r\n\r\n<p><img alt=\"\" height=\"600\" src=\"/media/uploads/2023/07/28/image-20230728171900-1.png\" width=\"800\" /></p>\r\n\r\n<p><img alt=\"\" height=\"600\" src=\"/media/uploads/2023/07/28/image-20230728171917-4.png\" width=\"800\" /></p>\r\n\r\n<p><img alt=\"\" height=\"249\" src=\"/media/uploads/2023/07/28/image-20230728171904-2.png\" width=\"780\" /></p>\r\n\r\n<p><img alt=\"\" height=\"360\" src=\"/media/uploads/2023/07/28/image-20230728171910-3.png\" width=\"692\" /></p>",
            "user": "<img height=\"25px\" src=\"https://dafstatic.oss-cn-beijing.aliyuncs.com/static/title/level4.gif\"><span class=\"orange\">学院搬运工</span>",
            "time": "2023-07-28 17:19:20"
        },
        {
            "id": 552,
            "SourceName": "全部位全技能宝珠",
            "SourceType": "附魔|宝珠",
            "view_num": 670,
            "Remark": "<p>链接: https://pan.baidu.com/s/1owMs1kJ2cUgNNVqjageAMQ?pwd=peu7 提取码: peu7 复制这段内容后打开百度网盘手机App，操作更方便哦&nbsp;<br />\r\n--来自百度网盘超级会员v2的分享</p>",
            "user": "<img height=\"25px\" src=\"https://dafstatic.oss-cn-beijing.aliyuncs.com/static/title/level4.gif\"><span class=\"orange\">学院搬运工</span>",
            "time": "2023-07-03 13:52:32"
        },
        {
            "id": 670,
            "SourceName": "侍魂宝珠 修复",
            "SourceType": "附魔|宝珠",
            "view_num": 528,
            "Remark": "<p>https://www.123pan.com/s/tJCtVv-ru5EH.html提取码:OL2A</p>",
            "user": "<img height=\"25px\" src=\"https://dafstatic.oss-cn-beijing.aliyuncs.com/static/title/level4.gif\"><span class=\"orange\">学院搬运工</span>",
            "time": "2023-09-12 11:23:07"
        },
        {
            "id": 128,
            "SourceName": "200+特效宝珠",
            "SourceType": "附魔|宝珠",
            "view_num": 493,
            "Remark": "<p>链接: https://pan.baidu.com/s/1EE9u9wWuxwa4MD7hA_sViA?pwd=d71v 提取码: d71v 复制这段内容后打开百度网盘手机App，操作更方便哦 \r\n--来自百度网盘超级会员v2的分享</p>",
            "user": "<img height=\"25px\" src=\"https://dafstatic.oss-cn-beijing.aliyuncs.com/static/title/level4.gif\"><span class=\"orange\">学院搬运工</span>",
            "time": "2023-06-28 14:30:06"
        },
        {
            "id": 664,
            "SourceName": "异界宝珠 优化版",
            "SourceType": "附魔|宝珠",
            "view_num": 448,
            "Remark": "<p>https://www.123pan.com/s/tJCtVv-Wu5EH.html提取码:O8BI</p>",
            "user": "<img height=\"25px\" src=\"https://dafstatic.oss-cn-beijing.aliyuncs.com/static/title/level4.gif\"><span class=\"orange\">学院搬运工</span>",
            "time": "2023-09-12 11:21:05"
        },
        {
            "id": 553,
            "SourceName": "技能宝珠Lv1-Lv30+1",
            "SourceType": "附魔|宝珠",
            "view_num": 319,
            "Remark": "<p>链接: https://pan.baidu.com/s/1sZn65hsJiqQyh0ZnS3Ow8w?pwd=fcze 提取码: fcze 复制这段内容后打开百度网盘手机App，操作更方便哦&nbsp;<br />\r\n--来自百度网盘超级会员v2的分享</p>",
            "user": "<img height=\"25px\" src=\"https://dafstatic.oss-cn-beijing.aliyuncs.com/static/title/level4.gif\"><span class=\"orange\">学院搬运工</span>",
            "time": "2023-07-03 13:52:50"
        },
        {
            "id": 675,
            "SourceName": "200+特效宝珠",
            "SourceType": "附魔|宝珠",
            "view_num": 265,
            "Remark": "<p>https://www.123pan.com/s/tJCtVv-Su5EH.html提取码:n9bo</p>",
            "user": "<img height=\"25px\" src=\"https://dafstatic.oss-cn-beijing.aliyuncs.com/static/title/level4.gif\"><span class=\"orange\">学院搬运工</span>",
            "time": "2023-09-12 11:29:22"
        },
        {
            "id": 512,
            "SourceName": "异界宝珠全套74个带礼盒",
            "SourceType": "附魔|宝珠",
            "view_num": 230,
            "Remark": "<p>链接: https://pan.baidu.com/s/1Tf_wFSuhFro978-5rWBFyg?pwd=pw28 提取码: pw28 复制这段内容后打开百度网盘手机App，操作更方便哦&nbsp;<br />\r\n--来自百度网盘超级会员v2的分享</p>",
            "user": "<img height=\"25px\" src=\"https://dafstatic.oss-cn-beijing.aliyuncs.com/static/title/level4.gif\"><span class=\"orange\">学院搬运工</span>",
            "time": "2023-06-30 10:27:01"
        },
        {
            "id": 667,
            "SourceName": "全职业宝珠自选礼盒<span style='margin-left: 2px;padding-left: 16px;color: blue;text-align: center;background: url(/static/images/msg.png) no-repeat; center' title='回复'>1</span>",
            "SourceType": "附魔|宝珠",
            "view_num": 216,
            "Remark": "<p>https://www.123pan.com/s/tJCtVv-Ou5EH.html提取码:OpwN</p>",
            "user": "<img height=\"25px\" src=\"https://dafstatic.oss-cn-beijing.aliyuncs.com/static/title/level4.gif\"><span class=\"orange\">学院搬运工</span>",
            "time": "2023-09-12 11:21:59"
        },
        {
            "id": 669,
            "SourceName": "侍魂宝珠",
            "SourceType": "附魔|宝珠",
            "view_num": 211,
            "Remark": "<p>https://www.123pan.com/s/tJCtVv-Du5EH.html提取码:ESYZ</p>",
            "user": "<img height=\"25px\" src=\"https://dafstatic.oss-cn-beijing.aliyuncs.com/static/title/level4.gif\"><span class=\"orange\">学院搬运工</span>",
            "time": "2023-09-12 11:22:46"
        },
        {
            "id": 661,
            "SourceName": "技能宝珠",
            "SourceType": "附魔|宝珠",
            "view_num": 163,
            "Remark": "<p>https://www.123pan.com/s/tJCtVv-nu5EH.html提取码:vvf7</p>",
            "user": "<img height=\"25px\" src=\"https://dafstatic.oss-cn-beijing.aliyuncs.com/static/title/level4.gif\"><span class=\"orange\">学院搬运工</span>",
            "time": "2023-09-12 11:18:44"
        },
        {
            "id": 676,
            "SourceName": "100+宝珠",
            "SourceType": "附魔|宝珠",
            "view_num": 163,
            "Remark": "<p>https://www.123pan.com/s/tJCtVv-lu5EH.html提取码:40Du</p>",
            "user": "<img height=\"25px\" src=\"https://dafstatic.oss-cn-beijing.aliyuncs.com/static/title/level4.gif\"><span class=\"orange\">学院搬运工</span>",
            "time": "2023-09-12 11:29:41"
        },
        {
            "id": 674,
            "SourceName": "200+特殊宝珠",
            "SourceType": "附魔|宝珠",
            "view_num": 120,
            "Remark": "<p>https://www.123pan.com/s/tJCtVv-Uu5EH.html提取码:SAqj</p>",
            "user": "<img height=\"25px\" src=\"https://dafstatic.oss-cn-beijing.aliyuncs.com/static/title/level4.gif\"><span class=\"orange\">学院搬运工</span>",
            "time": "2023-09-12 11:29:00"
        },
        {
            "id": 551,
            "SourceName": "使徒宝珠提取",
            "SourceType": "附魔|宝珠",
            "view_num": 115,
            "Remark": "<p>链接: https://pan.baidu.com/s/1-x4nwazDpMoP1xsq5jPm4Q?pwd=ph4n 提取码: ph4n 复制这段内容后打开百度网盘手机App，操作更方便哦&nbsp;<br />\r\n--来自百度网盘超级会员v2的分享</p>",
            "user": "<img height=\"25px\" src=\"https://dafstatic.oss-cn-beijing.aliyuncs.com/static/title/level4.gif\"><span class=\"orange\">学院搬运工</span>",
            "time": "2023-07-03 13:52:13"
        },
        {
            "id": 668,
            "SourceName": "全职业宝珠",
            "SourceType": "附魔|宝珠",
            "view_num": 109,
            "Remark": "<p>https://www.123pan.com/s/tJCtVv-Ru5EH.html提取码:K0HL</p>",
            "user": "<img height=\"25px\" src=\"https://dafstatic.oss-cn-beijing.aliyuncs.com/static/title/level4.gif\"><span class=\"orange\">学院搬运工</span>",
            "time": "2023-09-12 11:22:26"
        },
        {
            "id": 662,
            "SourceName": "异界宝珠",
            "SourceType": "附魔|宝珠",
            "view_num": 89,
            "Remark": "<p>https://www.123pan.com/s/tJCtVv-2u5EH.html提取码:urAI</p>",
            "user": "<img height=\"25px\" src=\"https://dafstatic.oss-cn-beijing.aliyuncs.com/static/title/level4.gif\"><span class=\"orange\">学院搬运工</span>",
            "time": "2023-09-12 11:20:11"
        },
        {
            "id": 660,
            "SourceName": "春节 三国 安徒恩宝珠",
            "SourceType": "附魔|宝珠",
            "view_num": 84,
            "Remark": "<p>https://www.123pan.com/s/tJCtVv-Pu5EH.html提取码:Tosa</p>",
            "user": "<img height=\"25px\" src=\"https://dafstatic.oss-cn-beijing.aliyuncs.com/static/title/level4.gif\"><span class=\"orange\">学院搬运工</span>",
            "time": "2023-09-12 11:18:00"
        },
        {
            "id": 196,
            "SourceName": "春节三国安徒恩宝珠带NPK",
            "SourceType": "附魔|宝珠",
            "view_num": 76,
            "Remark": "<p>链接: https://pan.baidu.com/s/1uIZ8LANA1m85nCYxP_sKxA?pwd=hbna 提取码: hbna 复制这段内容后打开百度网盘手机App，操作更方便哦 --来自百度网盘超级会员v2的分享</p>",
            "user": "<img height=\"25px\" src=\"https://dafstatic.oss-cn-beijing.aliyuncs.com/static/title/level4.gif\"><span class=\"orange\">学院搬运工</span>",
            "time": "2023-06-28 21:30:06"
        },
        {
            "id": 672,
            "SourceName": "三女鬼异界宝珠+自选礼盒",
            "SourceType": "附魔|宝珠",
            "view_num": 57,
            "Remark": "<p>https://www.123pan.com/s/tJCtVv-Ku5EH.html提取码:Aiji</p>",
            "user": "<img height=\"25px\" src=\"https://dafstatic.oss-cn-beijing.aliyuncs.com/static/title/level4.gif\"><span class=\"orange\">学院搬运工</span>",
            "time": "2023-09-12 11:27:57"
        },
        {
            "id": 671,
            "SourceName": "使徒宝珠",
            "SourceType": "附魔|宝珠",
            "view_num": 54,
            "Remark": "<p>https://www.123pan.com/s/tJCtVv-0u5EH.html提取码:d5eM</p>",
            "user": "<img height=\"25px\" src=\"https://dafstatic.oss-cn-beijing.aliyuncs.com/static/title/level4.gif\"><span class=\"orange\">学院搬运工</span>",
            "time": "2023-09-12 11:27:12"
        },
        {
            "id": 665,
            "SourceName": "字体宝珠",
            "SourceType": "附魔|宝珠",
            "view_num": 51,
            "Remark": "<p>https://www.123pan.com/s/tJCtVv-Cu5EH.html提取码:W9b9</p>",
            "user": "<img height=\"25px\" src=\"https://dafstatic.oss-cn-beijing.aliyuncs.com/static/title/level4.gif\"><span class=\"orange\">学院搬运工</span>",
            "time": "2023-09-12 11:21:23"
        },
        {
            "id": 666,
            "SourceName": "决斗场宝珠",
            "SourceType": "附魔|宝珠",
            "view_num": 47,
            "Remark": "<p>https://www.123pan.com/s/tJCtVv-Nu5EH.html提取码:MnIM</p>",
            "user": "<img height=\"25px\" src=\"https://dafstatic.oss-cn-beijing.aliyuncs.com/static/title/level4.gif\"><span class=\"orange\">学院搬运工</span>",
            "time": "2023-09-12 11:21:41"
        },
        {
            "id": 673,
            "SourceName": "三女鬼剑异界宝珠",
            "SourceType": "附魔|宝珠",
            "view_num": 40,
            "Remark": "<p>https://www.123pan.com/s/tJCtVv-uu5EH.html提取码:NbIa</p>",
            "user": "<img height=\"25px\" src=\"https://dafstatic.oss-cn-beijing.aliyuncs.com/static/title/level4.gif\"><span class=\"orange\">学院搬运工</span>",
            "time": "2023-09-12 11:28:38"
        },
        {
            "id": 663,
            "SourceName": "异界宝珠 修复侵袭光明闪退",
            "SourceType": "附魔|宝珠",
            "view_num": 36,
            "Remark": "<p>https://www.123pan.com/s/tJCtVv-su5EH.html提取码:nA62</p>",
            "user": "<img height=\"25px\" src=\"https://dafstatic.oss-cn-beijing.aliyuncs.com/static/title/level4.gif\"><span class=\"orange\">学院搬运工</span>",
            "time": "2023-09-12 11:20:32"
        }
    ]
}