{
    "total": 64,
    "rows": [
        {
            "id": 472,
            "SourceName": "【001】苦艾酒 太初昆仑<span style='margin-left: 2px;padding-left: 16px;color: blue;text-align: center;background: url(/static/images/msg.png) no-repeat; center' title='回复'>3</span>",
            "SourceType": "时装",
            "view_num": 1200,
            "Remark": "<p>效果</p>\r\n\r\n<p><img alt=\"\" height=\"600\" src=\"/media/uploads/2024/03/23/image-20240323100730-1.jpeg\" width=\"800\" /></p>\r\n\r\n<p>&nbsp;</p>\r\n\r\n<p>为了方便后续补档，分享的都是合集，单个素材请根据序号在合集中找</p>\r\n\r\n<p>序号<span style=\"color:#e74c3c\">【001】</span></p>\r\n\r\n<p>链接: https://pan.baidu.com/s/14-FuXdpzPBrWXnBJmJNWCQ?pwd=u4mt 提取码: u4mt 复制这段内容后打开百度网盘手机App，操作更方便哦&nbsp;<br />\r\n--来自百度网盘超级会员v5的分享</p>",
            "user": "<img height=\"25px\" src=\"https://dafstatic.oss-cn-beijing.aliyuncs.com/static/title/level6.gif\"><span class=\"rainbow\">玲珑</span>",
            "time": "2024-02-09 14:45:58"
        },
        {
            "id": 311,
            "SourceName": "【006】时装-191页时装（完美修复）<span style='margin-left: 2px;padding-left: 16px;color: blue;text-align: center;background: url(/static/images/msg.png) no-repeat; center' title='回复'>2</span>",
            "SourceType": "时装",
            "view_num": 1157,
            "Remark": "<p>为了方便后续补档，分享的都是合集，单个素材请根据序号在合集中找</p>\r\n\r\n<p>序号<span style=\"color:#e74c3c\">【006】</span></p>\r\n\r\n<p>链接: https://pan.baidu.com/s/14-FuXdpzPBrWXnBJmJNWCQ?pwd=u4mt 提取码: u4mt 复制这段内容后打开百度网盘手机App，操作更方便哦&nbsp;<br />\r\n--来自百度网盘超级会员v5的分享</p>",
            "user": "<img height=\"25px\" src=\"https://dafstatic.oss-cn-beijing.aliyuncs.com/static/title/level4.gif\"><span class=\"orange\">学院搬运工</span>",
            "time": "2023-07-04 21:35:39"
        },
        {
            "id": 29,
            "SourceName": "一期二期三期龙袍特效坐骑（完美版）",
            "SourceType": "时装",
            "view_num": 933,
            "Remark": "<p>链接: https://pan.baidu.com/s/1q9UnAryBEuD7FEBmiWnwTQ?pwd=vntw 提取码: vntw 复制这段内容后打开百度网盘手机App，操作更方便哦 \r\n--来自百度网盘超级会员v2的分享</p>",
            "user": "<img height=\"25px\" src=\"https://dafstatic.oss-cn-beijing.aliyuncs.com/static/title/level4.gif\"><span class=\"orange\">学院搬运工</span>",
            "time": "2023-06-28 14:30:06"
        },
        {
            "id": 452,
            "SourceName": "【002】凹凸曼系列<span style='margin-left: 2px;padding-left: 16px;color: blue;text-align: center;background: url(/static/images/msg.png) no-repeat; center' title='回复'>5</span>",
            "SourceType": "时装",
            "view_num": 829,
            "Remark": "<p>为了方便后续补档，分享的都是合集，单个素材请根据序号在合集中找</p>\r\n\r\n<p>序号<span style=\"color:#e74c3c\">【002】</span></p>\r\n\r\n<p>链接: https://pan.baidu.com/s/14-FuXdpzPBrWXnBJmJNWCQ?pwd=u4mt 提取码: u4mt 复制这段内容后打开百度网盘手机App，操作更方便哦&nbsp;<br />\r\n--来自百度网盘超级会员v5的分享</p>\r\n\r\n<p><img alt=\"\" height=\"390\" src=\"/media/uploads/2023/10/20/image-20231020165235-1.png\" width=\"529\" /></p>",
            "user": "<img height=\"25px\" src=\"https://dafstatic.oss-cn-beijing.aliyuncs.com/static/title/level6.gif\"><span class=\"rainbow\">玲珑</span>",
            "time": "2023-10-20 16:53:23"
        },
        {
            "id": 325,
            "SourceName": "【004】500页时装",
            "SourceType": "时装",
            "view_num": 730,
            "Remark": "<p>为了方便后续补档，分享的都是合集，单个素材请根据序号在合集中找</p>\r\n\r\n<p>序号<span style=\"color:#e74c3c\">【004】</span></p>\r\n\r\n<p>链接: https://pan.baidu.com/s/14-FuXdpzPBrWXnBJmJNWCQ?pwd=u4mt 提取码: u4mt 复制这段内容后打开百度网盘手机App，操作更方便哦&nbsp;<br />\r\n--来自百度网盘超级会员v5的分享</p>",
            "user": "<img height=\"25px\" src=\"https://dafstatic.oss-cn-beijing.aliyuncs.com/static/title/level4.gif\"><span class=\"orange\">学院搬运工</span>",
            "time": "2023-07-16 22:23:42"
        },
        {
            "id": 320,
            "SourceName": "完美龙袍",
            "SourceType": "时装",
            "view_num": 602,
            "Remark": "<p>https://www.123pan.com/s/tJCtVv-n95EH.html提取码:5yhE</p>",
            "user": "<img height=\"25px\" src=\"https://dafstatic.oss-cn-beijing.aliyuncs.com/static/title/level4.gif\"><span class=\"orange\">学院搬运工</span>",
            "time": "2023-07-15 21:30:37"
        },
        {
            "id": 352,
            "SourceName": "天1-天14全文件加盒子",
            "SourceType": "时装",
            "view_num": 454,
            "Remark": "<p>https://www.123pan.com/s/tJCtVv-3K5EH.html提取码:jOdt</p>",
            "user": "<img height=\"25px\" src=\"https://dafstatic.oss-cn-beijing.aliyuncs.com/static/title/level6.gif\"><span class=\"rainbow\">玲珑</span>",
            "time": "2023-09-10 22:31:28"
        },
        {
            "id": 317,
            "SourceName": "【005】时装-2022神器装扮机甲现世",
            "SourceType": "时装",
            "view_num": 422,
            "Remark": "<p>为了方便后续补档，分享的都是合集，单个素材请根据序号在合集中找</p>\r\n\r\n<p>序号<span style=\"color:#e74c3c\">【005】</span></p>\r\n\r\n<p>链接: https://pan.baidu.com/s/14-FuXdpzPBrWXnBJmJNWCQ?pwd=u4mt 提取码: u4mt 复制这段内容后打开百度网盘手机App，操作更方便哦&nbsp;<br />\r\n--来自百度网盘超级会员v5的分享</p>",
            "user": "<img height=\"25px\" src=\"https://dafstatic.oss-cn-beijing.aliyuncs.com/static/title/level4.gif\"><span class=\"orange\">学院搬运工</span>",
            "time": "2023-07-04 21:41:15"
        },
        {
            "id": 41,
            "SourceName": "【034】清凉系列",
            "SourceType": "时装",
            "view_num": 375,
            "Remark": "<p>为了方便后续补档，分享的都是合集，单个素材请根据序号在合集中找</p>\r\n\r\n<p>序号<span style=\"color:#e74c3c\">【034】</span></p>\r\n\r\n<p>链接: https://pan.baidu.com/s/14-FuXdpzPBrWXnBJmJNWCQ?pwd=u4mt 提取码: u4mt 复制这段内容后打开百度网盘手机App，操作更方便哦&nbsp;<br />\r\n--来自百度网盘超级会员v5的分享</p>",
            "user": "<img height=\"25px\" src=\"https://dafstatic.oss-cn-beijing.aliyuncs.com/static/title/level4.gif\"><span class=\"orange\">学院搬运工</span>",
            "time": "2023-06-28 14:30:06"
        },
        {
            "id": 303,
            "SourceName": "【011】时装-2023新春三觉顿悟之境",
            "SourceType": "时装",
            "view_num": 338,
            "Remark": "<p>为了方便后续补档，分享的都是合集，单个素材请根据序号在合集中找</p>\r\n\r\n<p>序号<span style=\"color:#e74c3c\">【011】</span></p>\r\n\r\n<p>链接: https://pan.baidu.com/s/14-FuXdpzPBrWXnBJmJNWCQ?pwd=u4mt 提取码: u4mt 复制这段内容后打开百度网盘手机App，操作更方便哦&nbsp;<br />\r\n--来自百度网盘超级会员v5的分享</p>",
            "user": "<img height=\"25px\" src=\"https://dafstatic.oss-cn-beijing.aliyuncs.com/static/title/level4.gif\"><span class=\"orange\">学院搬运工</span>",
            "time": "2023-07-04 21:27:59"
        },
        {
            "id": 336,
            "SourceName": "【003】分开礼包类-一体化龙袍",
            "SourceType": "时装",
            "view_num": 275,
            "Remark": "<p>为了方便后续补档，分享的都是合集，单个素材请根据序号在合集中找</p>\r\n\r\n<p>序号<span style=\"color:#e74c3c\">【003】</span></p>\r\n\r\n<p>链接: https://pan.baidu.com/s/14-FuXdpzPBrWXnBJmJNWCQ?pwd=u4mt 提取码: u4mt 复制这段内容后打开百度网盘手机App，操作更方便哦&nbsp;<br />\r\n--来自百度网盘超级会员v5的分享</p>",
            "user": "<img height=\"25px\" src=\"https://dafstatic.oss-cn-beijing.aliyuncs.com/static/title/level4.gif\"><span class=\"orange\">学院搬运工</span>",
            "time": "2023-07-27 17:34:32"
        },
        {
            "id": 20,
            "SourceName": "天空1-12带商城格式",
            "SourceType": "时装",
            "view_num": 230,
            "Remark": "<p>链接: https://pan.baidu.com/s/1Dbw-5VS6QYdfmJUuue4UjQ?pwd=yqgn 提取码: yqgn 复制这段内容后打开百度网盘手机App，操作更方便哦 \r\n--来自百度网盘超级会员v2的分享</p>",
            "user": "<img height=\"25px\" src=\"https://dafstatic.oss-cn-beijing.aliyuncs.com/static/title/level4.gif\"><span class=\"orange\">学院搬运工</span>",
            "time": "2023-06-28 14:30:06"
        },
        {
            "id": 8,
            "SourceName": "熊猫套，招财兔子套，表情像素头，时装图层及国服12套时装（@阿启）",
            "SourceType": "时装",
            "view_num": 219,
            "Remark": "<p>链接: https://pan.baidu.com/s/1wrcav13bZuJ82x5InLLR4Q?pwd=d8er 提取码: d8er 复制这段内容后打开百度网盘手机App，操作更方便哦&nbsp;<br />\n--来自百度网盘超级会员v2的分享</p>\n",
            "user": "<img height=\"25px\" src=\"https://dafstatic.oss-cn-beijing.aliyuncs.com/static/title/level4.gif\"><span class=\"orange\">学院搬运工</span>",
            "time": "2023-06-28 14:34:36"
        },
        {
            "id": 307,
            "SourceName": "【010】时装-2023兔年喜迎新春皮肤",
            "SourceType": "时装",
            "view_num": 219,
            "Remark": "<p>为了方便后续补档，分享的都是合集，单个素材请根据序号在合集中找</p>\r\n\r\n<p>序号<span style=\"color:#e74c3c\">【010】</span></p>\r\n\r\n<p>链接: https://pan.baidu.com/s/14-FuXdpzPBrWXnBJmJNWCQ?pwd=u4mt 提取码: u4mt 复制这段内容后打开百度网盘手机App，操作更方便哦&nbsp;<br />\r\n--来自百度网盘超级会员v5的分享</p>",
            "user": "<img height=\"25px\" src=\"https://dafstatic.oss-cn-beijing.aliyuncs.com/static/title/level4.gif\"><span class=\"orange\">学院搬运工</span>",
            "time": "2023-07-04 21:31:38"
        },
        {
            "id": 113,
            "SourceName": "【022】448套APC大礼包 狗王修复版",
            "SourceType": "时装",
            "view_num": 195,
            "Remark": "<p>为了方便后续补档，分享的都是合集，单个素材请根据序号在合集中找</p>\r\n\r\n<p>序号<span style=\"color:#e74c3c\">【022】</span></p>\r\n\r\n<p>链接: https://pan.baidu.com/s/14-FuXdpzPBrWXnBJmJNWCQ?pwd=u4mt 提取码: u4mt 复制这段内容后打开百度网盘手机App，操作更方便哦&nbsp;<br />\r\n--来自百度网盘超级会员v5的分享</p>",
            "user": "<img height=\"25px\" src=\"https://dafstatic.oss-cn-beijing.aliyuncs.com/static/title/level4.gif\"><span class=\"orange\">学院搬运工</span>",
            "time": "2023-06-28 14:30:06"
        },
        {
            "id": 13,
            "SourceName": "蝴蝶之舞全套礼包<span style='margin-left: 2px;padding-left: 16px;color: blue;text-align: center;background: url(/static/images/msg.png) no-repeat; center' title='回复'>1</span>",
            "SourceType": "时装",
            "view_num": 180,
            "Remark": "<p>链接: https://pan.baidu.com/s/1HfhGr1pkhRc066ldu8SWMQ?pwd=mcsh 提取码: mcsh 复制这段内容后打开百度网盘手机App，操作更方便哦 \r\n--来自百度网盘超级会员v2的分享</p>",
            "user": "<img height=\"25px\" src=\"https://dafstatic.oss-cn-beijing.aliyuncs.com/static/title/level4.gif\"><span class=\"orange\">学院搬运工</span>",
            "time": "2023-06-28 14:30:06"
        },
        {
            "id": 27,
            "SourceName": "一期龙袍一体包",
            "SourceType": "时装",
            "view_num": 168,
            "Remark": "<p>链接: https://pan.baidu.com/s/1VS4i9A5-78J3R7lK2hVskw?pwd=89a9 提取码: 89a9 复制这段内容后打开百度网盘手机App，操作更方便哦 \r\n--来自百度网盘超级会员v2的分享</p>",
            "user": "<img height=\"25px\" src=\"https://dafstatic.oss-cn-beijing.aliyuncs.com/static/title/level4.gif\"><span class=\"orange\">学院搬运工</span>",
            "time": "2023-06-28 14:30:06"
        },
        {
            "id": 310,
            "SourceName": "【007】时装-2022金秋装扮幻梦舞蝶",
            "SourceType": "时装",
            "view_num": 163,
            "Remark": "<p>为了方便后续补档，分享的都是合集，单个素材请根据序号在合集中找</p>\r\n\r\n<p>序号<span style=\"color:#e74c3c\">【007】</span></p>\r\n\r\n<p>链接: https://pan.baidu.com/s/14-FuXdpzPBrWXnBJmJNWCQ?pwd=u4mt 提取码: u4mt 复制这段内容后打开百度网盘手机App，操作更方便哦&nbsp;<br />\r\n--来自百度网盘超级会员v5的分享</p>",
            "user": "<img height=\"25px\" src=\"https://dafstatic.oss-cn-beijing.aliyuncs.com/static/title/level4.gif\"><span class=\"orange\">学院搬运工</span>",
            "time": "2023-07-04 21:33:43"
        },
        {
            "id": 33,
            "SourceName": "间谍过家家联动",
            "SourceType": "时装",
            "view_num": 144,
            "Remark": "<p>链接: https://pan.baidu.com/s/1ILHP8rp2PrmtBXMIJcaulg?pwd=85xq 提取码: 85xq 复制这段内容后打开百度网盘手机App，操作更方便哦 \r\n--来自百度网盘超级会员v2的分享</p>",
            "user": "<img height=\"25px\" src=\"https://dafstatic.oss-cn-beijing.aliyuncs.com/static/title/level4.gif\"><span class=\"orange\">学院搬运工</span>",
            "time": "2023-06-28 14:30:06"
        },
        {
            "id": 32,
            "SourceName": "机甲皮肤BUFF变身",
            "SourceType": "时装",
            "view_num": 138,
            "Remark": "<p>链接: https://pan.baidu.com/s/1j_fIqGJx2O_gwn8O_htVyg?pwd=jyft 提取码: jyft 复制这段内容后打开百度网盘手机App，操作更方便哦 \r\n--来自百度网盘超级会员v2的分享</p>",
            "user": "<img height=\"25px\" src=\"https://dafstatic.oss-cn-beijing.aliyuncs.com/static/title/level4.gif\"><span class=\"orange\">学院搬运工</span>",
            "time": "2023-06-28 14:30:06"
        },
        {
            "id": 14,
            "SourceName": "雪人套",
            "SourceType": "时装",
            "view_num": 119,
            "Remark": "<p>链接: https://pan.baidu.com/s/1vpssbE3sTGu0GbUwrz79Cg?pwd=5n4r 提取码: 5n4r 复制这段内容后打开百度网盘手机App，操作更方便哦 \r\n--来自百度网盘超级会员v2的分享</p>",
            "user": "<img height=\"25px\" src=\"https://dafstatic.oss-cn-beijing.aliyuncs.com/static/title/level4.gif\"><span class=\"orange\">学院搬运工</span>",
            "time": "2023-06-28 14:30:06"
        },
        {
            "id": 109,
            "SourceName": "【026】211页时装",
            "SourceType": "时装",
            "view_num": 117,
            "Remark": "<p>为了方便后续补档，分享的都是合集，单个素材请根据序号在合集中找</p>\r\n\r\n<p>序号<span style=\"color:#e74c3c\">【026】</span></p>\r\n\r\n<p>链接: https://pan.baidu.com/s/14-FuXdpzPBrWXnBJmJNWCQ?pwd=u4mt 提取码: u4mt 复制这段内容后打开百度网盘手机App，操作更方便哦&nbsp;<br />\r\n--来自百度网盘超级会员v5的分享</p>",
            "user": "<img height=\"25px\" src=\"https://dafstatic.oss-cn-beijing.aliyuncs.com/static/title/level4.gif\"><span class=\"orange\">学院搬运工</span>",
            "time": "2023-06-28 14:30:06"
        },
        {
            "id": 308,
            "SourceName": "【009】时装-2021神器装扮光翼天使",
            "SourceType": "时装",
            "view_num": 112,
            "Remark": "<p>为了方便后续补档，分享的都是合集，单个素材请根据序号在合集中找</p>\r\n\r\n<p>序号<span style=\"color:#e74c3c\">【009】</span></p>\r\n\r\n<p>链接: https://pan.baidu.com/s/14-FuXdpzPBrWXnBJmJNWCQ?pwd=u4mt 提取码: u4mt 复制这段内容后打开百度网盘手机App，操作更方便哦&nbsp;<br />\r\n--来自百度网盘超级会员v5的分享</p>",
            "user": "<img height=\"25px\" src=\"https://dafstatic.oss-cn-beijing.aliyuncs.com/static/title/level4.gif\"><span class=\"orange\">学院搬运工</span>",
            "time": "2023-07-04 21:32:23"
        },
        {
            "id": 114,
            "SourceName": "【021】神兽灵化套",
            "SourceType": "时装",
            "view_num": 108,
            "Remark": "<p>为了方便后续补档，分享的都是合集，单个素材请根据序号在合集中找</p>\r\n\r\n<p>序号<span style=\"color:#e74c3c\">【021】</span></p>\r\n\r\n<p>链接: https://pan.baidu.com/s/14-FuXdpzPBrWXnBJmJNWCQ?pwd=u4mt 提取码: u4mt 复制这段内容后打开百度网盘手机App，操作更方便哦&nbsp;<br />\r\n--来自百度网盘超级会员v5的分享</p>",
            "user": "<img height=\"25px\" src=\"https://dafstatic.oss-cn-beijing.aliyuncs.com/static/title/level4.gif\"><span class=\"orange\">学院搬运工</span>",
            "time": "2023-06-28 14:30:06"
        },
        {
            "id": 26,
            "SourceName": "2022五一礼包时装+光环+武器装扮",
            "SourceType": "时装",
            "view_num": 105,
            "Remark": "<p>链接: https://pan.baidu.com/s/1T7V3BxaYt3D0JWW2EWVJVw?pwd=6z9g 提取码: 6z9g 复制这段内容后打开百度网盘手机App，操作更方便哦 \r\n--来自百度网盘超级会员v2的分享</p>",
            "user": "<img height=\"25px\" src=\"https://dafstatic.oss-cn-beijing.aliyuncs.com/static/title/level4.gif\"><span class=\"orange\">学院搬运工</span>",
            "time": "2023-06-28 14:30:06"
        },
        {
            "id": 30,
            "SourceName": "21年夏日套",
            "SourceType": "时装",
            "view_num": 105,
            "Remark": "<p>链接: https://pan.baidu.com/s/1KSIM-BvKCebl1GeJ8VX0Eg?pwd=7ek7 提取码: 7ek7 复制这段内容后打开百度网盘手机App，操作更方便哦 \r\n--来自百度网盘超级会员v2的分享</p>",
            "user": "<img height=\"25px\" src=\"https://dafstatic.oss-cn-beijing.aliyuncs.com/static/title/level4.gif\"><span class=\"orange\">学院搬运工</span>",
            "time": "2023-06-28 14:30:06"
        },
        {
            "id": 309,
            "SourceName": "【008】时装-2022耕耘礼包时装+光环+武器装扮",
            "SourceType": "时装",
            "view_num": 101,
            "Remark": "<p>为了方便后续补档，分享的都是合集，单个素材请根据序号在合集中找</p>\r\n\r\n<p>序号<span style=\"color:#e74c3c\">【008】</span></p>\r\n\r\n<p>链接: https://pan.baidu.com/s/14-FuXdpzPBrWXnBJmJNWCQ?pwd=u4mt 提取码: u4mt 复制这段内容后打开百度网盘手机App，操作更方便哦&nbsp;<br />\r\n--来自百度网盘超级会员v5的分享</p>",
            "user": "<img height=\"25px\" src=\"https://dafstatic.oss-cn-beijing.aliyuncs.com/static/title/level4.gif\"><span class=\"orange\">学院搬运工</span>",
            "time": "2023-07-04 21:33:17"
        },
        {
            "id": 31,
            "SourceName": "全职业光之城主皮肤",
            "SourceType": "时装",
            "view_num": 100,
            "Remark": "<p>链接: https://pan.baidu.com/s/1Srx698ebD63qVzIJJqpRIQ?pwd=g7vb 提取码: g7vb 复制这段内容后打开百度网盘手机App，操作更方便哦 \r\n--来自百度网盘超级会员v2的分享</p>",
            "user": "<img height=\"25px\" src=\"https://dafstatic.oss-cn-beijing.aliyuncs.com/static/title/level4.gif\"><span class=\"orange\">学院搬运工</span>",
            "time": "2023-06-28 14:30:06"
        },
        {
            "id": 12,
            "SourceName": "名称装饰卡礼盒[2021年12月10日]",
            "SourceType": "时装",
            "view_num": 88,
            "Remark": "<p>链接: https://pan.baidu.com/s/1XhB1IbOIiSixcNwo-ES4dg?pwd=d7k2 提取码: d7k2 复制这段内容后打开百度网盘手机App，操作更方便哦 \r\n--来自百度网盘超级会员v2的分享</p>",
            "user": "<img height=\"25px\" src=\"https://dafstatic.oss-cn-beijing.aliyuncs.com/static/title/level4.gif\"><span class=\"orange\">学院搬运工</span>",
            "time": "2023-06-28 14:30:06"
        },
        {
            "id": 10,
            "SourceName": "燃武-格斗大赛全套",
            "SourceType": "时装",
            "view_num": 79,
            "Remark": "<p>链接: https://pan.baidu.com/s/1KTH_smLDU3rP8JetAZwZcw?pwd=5uu4 提取码: 5uu4 复制这段内容后打开百度网盘手机App，操作更方便哦 \r\n--来自百度网盘超级会员v2的分享</p>",
            "user": "<img height=\"25px\" src=\"https://dafstatic.oss-cn-beijing.aliyuncs.com/static/title/level4.gif\"><span class=\"orange\">学院搬运工</span>",
            "time": "2023-06-28 14:30:06"
        },
        {
            "id": 15,
            "SourceName": "5-14期天空单独缔造女鬼",
            "SourceType": "时装",
            "view_num": 70,
            "Remark": "<p>链接: https://pan.baidu.com/s/1mXe7uVWISnv_b8auSCv3zg?pwd=abh7 提取码: abh7 复制这段内容后打开百度网盘手机App，操作更方便哦 \r\n--来自百度网盘超级会员v2的分享</p>",
            "user": "<img height=\"25px\" src=\"https://dafstatic.oss-cn-beijing.aliyuncs.com/static/title/level4.gif\"><span class=\"orange\">学院搬运工</span>",
            "time": "2023-06-28 14:30:06"
        },
        {
            "id": 19,
            "SourceName": "2022春节套",
            "SourceType": "时装",
            "view_num": 70,
            "Remark": "<p>链接: https://pan.baidu.com/s/1v2_vsbUzuLMsJD3ncrOS9g?pwd=5j21 提取码: 5j21 复制这段内容后打开百度网盘手机App，操作更方便哦 \r\n--来自百度网盘超级会员v2的分享</p>",
            "user": "<img height=\"25px\" src=\"https://dafstatic.oss-cn-beijing.aliyuncs.com/static/title/level4.gif\"><span class=\"orange\">学院搬运工</span>",
            "time": "2023-06-28 14:30:06"
        },
        {
            "id": 24,
            "SourceName": "神兽化灵-yb自用",
            "SourceType": "时装",
            "view_num": 63,
            "Remark": "<p>链接: https://pan.baidu.com/s/1WGQFqwIF4uRhF03eTJz51w?pwd=t4h2 提取码: t4h2 复制这段内容后打开百度网盘手机App，操作更方便哦 \r\n--来自百度网盘超级会员v2的分享</p>",
            "user": "<img height=\"25px\" src=\"https://dafstatic.oss-cn-beijing.aliyuncs.com/static/title/level4.gif\"><span class=\"orange\">学院搬运工</span>",
            "time": "2023-06-28 14:30:06"
        },
        {
            "id": 267,
            "SourceName": "【015】初音未来装扮套装礼盒",
            "SourceType": "时装",
            "view_num": 62,
            "Remark": "<p>为了方便后续补档，分享的都是合集，单个素材请根据序号在合集中找</p>\r\n\r\n<p>序号<span style=\"color:#e74c3c\">【015】</span></p>\r\n\r\n<p>链接: https://pan.baidu.com/s/14-FuXdpzPBrWXnBJmJNWCQ?pwd=u4mt 提取码: u4mt 复制这段内容后打开百度网盘手机App，操作更方便哦&nbsp;<br />\r\n--来自百度网盘超级会员v5的分享</p>",
            "user": "<img height=\"25px\" src=\"https://dafstatic.oss-cn-beijing.aliyuncs.com/static/title/level4.gif\"><span class=\"orange\">学院搬运工</span>",
            "time": "2023-06-29 20:30:06"
        },
        {
            "id": 101,
            "SourceName": "【031】神兽化灵皮肤+散件",
            "SourceType": "时装",
            "view_num": 60,
            "Remark": "<p>为了方便后续补档，分享的都是合集，单个素材请根据序号在合集中找</p>\r\n\r\n<p>序号<span style=\"color:#e74c3c\">【031】</span></p>\r\n\r\n<p>链接: https://pan.baidu.com/s/14-FuXdpzPBrWXnBJmJNWCQ?pwd=u4mt 提取码: u4mt 复制这段内容后打开百度网盘手机App，操作更方便哦&nbsp;<br />\r\n--来自百度网盘超级会员v5的分享</p>",
            "user": "<img height=\"25px\" src=\"https://dafstatic.oss-cn-beijing.aliyuncs.com/static/title/level4.gif\"><span class=\"orange\">学院搬运工</span>",
            "time": "2023-06-28 14:30:06"
        },
        {
            "id": 270,
            "SourceName": "【014】【进图后】全职业全时装改二期神器天空 天使光翼【作者：裂空DE龙】",
            "SourceType": "时装",
            "view_num": 57,
            "Remark": "<p>为了方便后续补档，分享的都是合集，单个素材请根据序号在合集中找</p>\r\n\r\n<p>序号<span style=\"color:#e74c3c\">【014】</span></p>\r\n\r\n<p>链接: https://pan.baidu.com/s/14-FuXdpzPBrWXnBJmJNWCQ?pwd=u4mt 提取码: u4mt 复制这段内容后打开百度网盘手机App，操作更方便哦&nbsp;<br />\r\n--来自百度网盘超级会员v5的分享</p>",
            "user": "<img height=\"25px\" src=\"https://dafstatic.oss-cn-beijing.aliyuncs.com/static/title/level4.gif\"><span class=\"orange\">学院搬运工</span>",
            "time": "2023-06-29 20:30:06"
        },
        {
            "id": 11,
            "SourceName": "像素帽子",
            "SourceType": "时装",
            "view_num": 54,
            "Remark": "<p>链接: https://pan.baidu.com/s/1ldmbCGms3IhQ2UFagjXNaA?pwd=4mrh 提取码: 4mrh 复制这段内容后打开百度网盘手机App，操作更方便哦 \r\n--来自百度网盘超级会员v2的分享</p>",
            "user": "<img height=\"25px\" src=\"https://dafstatic.oss-cn-beijing.aliyuncs.com/static/title/level4.gif\"><span class=\"orange\">学院搬运工</span>",
            "time": "2023-06-28 14:30:06"
        },
        {
            "id": 21,
            "SourceName": "韩服2022印第安风情套装IMG",
            "SourceType": "时装",
            "view_num": 52,
            "Remark": "<p>链接: https://pan.baidu.com/s/1faj2astHF9ml2nwkO08AeQ?pwd=gf21 提取码: gf21 复制这段内容后打开百度网盘手机App，操作更方便哦 \r\n--来自百度网盘超级会员v2的分享</p>",
            "user": "<img height=\"25px\" src=\"https://dafstatic.oss-cn-beijing.aliyuncs.com/static/title/level4.gif\"><span class=\"orange\">学院搬运工</span>",
            "time": "2023-06-28 14:30:06"
        },
        {
            "id": 46,
            "SourceName": "【033】兔年合集",
            "SourceType": "时装",
            "view_num": 51,
            "Remark": "<p>为了方便后续补档，分享的都是合集，单个素材请根据序号在合集中找</p>\r\n\r\n<p>序号<span style=\"color:#e74c3c\">【033】</span></p>\r\n\r\n<p>链接: https://pan.baidu.com/s/14-FuXdpzPBrWXnBJmJNWCQ?pwd=u4mt 提取码: u4mt 复制这段内容后打开百度网盘手机App，操作更方便哦&nbsp;<br />\r\n--来自百度网盘超级会员v5的分享</p>",
            "user": "<img height=\"25px\" src=\"https://dafstatic.oss-cn-beijing.aliyuncs.com/static/title/level4.gif\"><span class=\"orange\">学院搬运工</span>",
            "time": "2023-06-28 14:30:06"
        },
        {
            "id": 284,
            "SourceName": "【012】22个超小翅膀",
            "SourceType": "时装",
            "view_num": 50,
            "Remark": "<p>为了方便后续补档，分享的都是合集，单个素材请根据序号在合集中找</p>\r\n\r\n<p>序号<span style=\"color:#e74c3c\">【012】</span></p>\r\n\r\n<p>链接: https://pan.baidu.com/s/14-FuXdpzPBrWXnBJmJNWCQ?pwd=u4mt 提取码: u4mt 复制这段内容后打开百度网盘手机App，操作更方便哦&nbsp;<br />\r\n--来自百度网盘超级会员v5的分享</p>",
            "user": "<img height=\"25px\" src=\"https://dafstatic.oss-cn-beijing.aliyuncs.com/static/title/level4.gif\"><span class=\"orange\">学院搬运工</span>",
            "time": "2023-06-30 10:27:40"
        },
        {
            "id": 102,
            "SourceName": "【030】天1到天11全部文件",
            "SourceType": "时装",
            "view_num": 50,
            "Remark": "<p>为了方便后续补档，分享的都是合集，单个素材请根据序号在合集中找</p>\r\n\r\n<p>序号<span style=\"color:#e74c3c\">【030】</span></p>\r\n\r\n<p>链接: https://pan.baidu.com/s/14-FuXdpzPBrWXnBJmJNWCQ?pwd=u4mt 提取码: u4mt 复制这段内容后打开百度网盘手机App，操作更方便哦&nbsp;<br />\r\n--来自百度网盘超级会员v5的分享</p>",
            "user": "<img height=\"25px\" src=\"https://dafstatic.oss-cn-beijing.aliyuncs.com/static/title/level4.gif\"><span class=\"orange\">学院搬运工</span>",
            "time": "2023-06-28 14:30:06"
        },
        {
            "id": 35,
            "SourceName": "猫咪王国",
            "SourceType": "时装",
            "view_num": 49,
            "Remark": "<p>链接: https://pan.baidu.com/s/1LRu_N8GOTLQjO-MCPAJUPg?pwd=4anw 提取码: 4anw 复制这段内容后打开百度网盘手机App，操作更方便哦 \r\n--来自百度网盘超级会员v2的分享</p>",
            "user": "<img height=\"25px\" src=\"https://dafstatic.oss-cn-beijing.aliyuncs.com/static/title/level4.gif\"><span class=\"orange\">学院搬运工</span>",
            "time": "2023-06-28 14:30:06"
        },
        {
            "id": 22,
            "SourceName": "期限克隆装扮",
            "SourceType": "时装",
            "view_num": 46,
            "Remark": "<p>链接: https://pan.baidu.com/s/1AcSy43CdGqULIjezvr-ndg?pwd=bf57 提取码: bf57 复制这段内容后打开百度网盘手机App，操作更方便哦 \r\n--来自百度网盘超级会员v2的分享</p>",
            "user": "<img height=\"25px\" src=\"https://dafstatic.oss-cn-beijing.aliyuncs.com/static/title/level4.gif\"><span class=\"orange\">学院搬运工</span>",
            "time": "2023-06-28 14:30:06"
        },
        {
            "id": 25,
            "SourceName": "2020萌萌动物园时装",
            "SourceType": "时装",
            "view_num": 42,
            "Remark": "<p>链接: https://pan.baidu.com/s/1zlCWdh2ztTxk40BtS4CGag?pwd=ak49 提取码: ak49 复制这段内容后打开百度网盘手机App，操作更方便哦 \r\n--来自百度网盘超级会员v2的分享</p>",
            "user": "<img height=\"25px\" src=\"https://dafstatic.oss-cn-beijing.aliyuncs.com/static/title/level4.gif\"><span class=\"orange\">学院搬运工</span>",
            "time": "2023-06-28 14:30:06"
        },
        {
            "id": 105,
            "SourceName": "【029】天空套1-7装扮礼包（自制）",
            "SourceType": "时装",
            "view_num": 40,
            "Remark": "<p>为了方便后续补档，分享的都是合集，单个素材请根据序号在合集中找</p>\r\n\r\n<p>序号<span style=\"color:#e74c3c\">【029】</span></p>\r\n\r\n<p>链接: https://pan.baidu.com/s/14-FuXdpzPBrWXnBJmJNWCQ?pwd=u4mt 提取码: u4mt 复制这段内容后打开百度网盘手机App，操作更方便哦&nbsp;<br />\r\n--来自百度网盘超级会员v5的分享</p>",
            "user": "<img height=\"25px\" src=\"https://dafstatic.oss-cn-beijing.aliyuncs.com/static/title/level4.gif\"><span class=\"orange\">学院搬运工</span>",
            "time": "2023-06-28 14:30:06"
        },
        {
            "id": 17,
            "SourceName": "从零开始",
            "SourceType": "时装",
            "view_num": 39,
            "Remark": "<p>链接: https://pan.baidu.com/s/1Ycc4kX504iF7Cr54fMRzSQ?pwd=c9vi 提取码: c9vi 复制这段内容后打开百度网盘手机App，操作更方便哦 \r\n--来自百度网盘超级会员v2的分享</p>",
            "user": "<img height=\"25px\" src=\"https://dafstatic.oss-cn-beijing.aliyuncs.com/static/title/level4.gif\"><span class=\"orange\">学院搬运工</span>",
            "time": "2023-06-28 14:30:06"
        },
        {
            "id": 272,
            "SourceName": "【013】萌动小兽礼包",
            "SourceType": "时装",
            "view_num": 37,
            "Remark": "<p>为了方便后续补档，分享的都是合集，单个素材请根据序号在合集中找</p>\r\n\r\n<p>序号<span style=\"color:#e74c3c\">【013】</span></p>\r\n\r\n<p>链接: https://pan.baidu.com/s/14-FuXdpzPBrWXnBJmJNWCQ?pwd=u4mt 提取码: u4mt 复制这段内容后打开百度网盘手机App，操作更方便哦&nbsp;<br />\r\n--来自百度网盘超级会员v5的分享</p>",
            "user": "<img height=\"25px\" src=\"https://dafstatic.oss-cn-beijing.aliyuncs.com/static/title/level4.gif\"><span class=\"orange\">学院搬运工</span>",
            "time": "2023-06-29 20:30:06"
        },
        {
            "id": 106,
            "SourceName": "【028】2016新年套",
            "SourceType": "时装",
            "view_num": 37,
            "Remark": "<p>为了方便后续补档，分享的都是合集，单个素材请根据序号在合集中找</p>\r\n\r\n<p>序号<span style=\"color:#e74c3c\">【028】</span></p>\r\n\r\n<p>链接: https://pan.baidu.com/s/14-FuXdpzPBrWXnBJmJNWCQ?pwd=u4mt 提取码: u4mt 复制这段内容后打开百度网盘手机App，操作更方便哦&nbsp;<br />\r\n--来自百度网盘超级会员v5的分享</p>",
            "user": "<img height=\"25px\" src=\"https://dafstatic.oss-cn-beijing.aliyuncs.com/static/title/level4.gif\"><span class=\"orange\">学院搬运工</span>",
            "time": "2023-06-28 14:30:06"
        },
        {
            "id": 16,
            "SourceName": "2022年套组合",
            "SourceType": "时装",
            "view_num": 36,
            "Remark": "<p>链接: https://pan.baidu.com/s/16CzQHcBqu4iIAdB_ebYefw?pwd=c6yi 提取码: c6yi 复制这段内容后打开百度网盘手机App，操作更方便哦 \r\n--来自百度网盘超级会员v2的分享</p>",
            "user": "<img height=\"25px\" src=\"https://dafstatic.oss-cn-beijing.aliyuncs.com/static/title/level4.gif\"><span class=\"orange\">学院搬运工</span>",
            "time": "2023-06-28 14:30:06"
        },
        {
            "id": 100,
            "SourceName": "【032】2019新年套",
            "SourceType": "时装",
            "view_num": 35,
            "Remark": "<p>为了方便后续补档，分享的都是合集，单个素材请根据序号在合集中找</p>\r\n\r\n<p>序号<span style=\"color:#e74c3c\">【032】</span></p>\r\n\r\n<p>链接: https://pan.baidu.com/s/14-FuXdpzPBrWXnBJmJNWCQ?pwd=u4mt 提取码: u4mt 复制这段内容后打开百度网盘手机App，操作更方便哦&nbsp;<br />\r\n--来自百度网盘超级会员v5的分享</p>",
            "user": "<img height=\"25px\" src=\"https://dafstatic.oss-cn-beijing.aliyuncs.com/static/title/level4.gif\"><span class=\"orange\">学院搬运工</span>",
            "time": "2023-06-28 14:30:06"
        },
        {
            "id": 107,
            "SourceName": "【027】2019国庆套",
            "SourceType": "时装",
            "view_num": 34,
            "Remark": "<p>为了方便后续补档，分享的都是合集，单个素材请根据序号在合集中找</p>\r\n\r\n<p>序号<span style=\"color:#e74c3c\">【027】</span></p>\r\n\r\n<p>链接: https://pan.baidu.com/s/14-FuXdpzPBrWXnBJmJNWCQ?pwd=u4mt 提取码: u4mt 复制这段内容后打开百度网盘手机App，操作更方便哦&nbsp;<br />\r\n--来自百度网盘超级会员v5的分享</p>",
            "user": "<img height=\"25px\" src=\"https://dafstatic.oss-cn-beijing.aliyuncs.com/static/title/level4.gif\"><span class=\"orange\">学院搬运工</span>",
            "time": "2023-06-28 14:30:06"
        },
        {
            "id": 18,
            "SourceName": "招福兔",
            "SourceType": "时装",
            "view_num": 33,
            "Remark": "<p>链接: https://pan.baidu.com/s/1y3qpuE5mlR74hhHQiFbtgQ?pwd=kj7j 提取码: kj7j 复制这段内容后打开百度网盘手机App，操作更方便哦 \r\n--来自百度网盘超级会员v2的分享</p>",
            "user": "<img height=\"25px\" src=\"https://dafstatic.oss-cn-beijing.aliyuncs.com/static/title/level4.gif\"><span class=\"orange\">学院搬运工</span>",
            "time": "2023-06-28 14:30:06"
        },
        {
            "id": 23,
            "SourceName": "缔造女鬼克隆套",
            "SourceType": "时装",
            "view_num": 32,
            "Remark": "<p>链接: https://pan.baidu.com/s/12wAvxhk6CAXuGRwfyauTEA?pwd=xqv5 提取码: xqv5 复制这段内容后打开百度网盘手机App，操作更方便哦 \r\n--来自百度网盘超级会员v2的分享</p>",
            "user": "<img height=\"25px\" src=\"https://dafstatic.oss-cn-beijing.aliyuncs.com/static/title/level4.gif\"><span class=\"orange\">学院搬运工</span>",
            "time": "2023-06-28 14:30:06"
        },
        {
            "id": 266,
            "SourceName": "【016】愚人节礼包无脑包",
            "SourceType": "时装",
            "view_num": 31,
            "Remark": "<p>为了方便后续补档，分享的都是合集，单个素材请根据序号在合集中找</p>\r\n\r\n<p>序号<span style=\"color:#e74c3c\">【016】</span></p>\r\n\r\n<p>链接: https://pan.baidu.com/s/14-FuXdpzPBrWXnBJmJNWCQ?pwd=u4mt 提取码: u4mt 复制这段内容后打开百度网盘手机App，操作更方便哦&nbsp;<br />\r\n--来自百度网盘超级会员v5的分享</p>",
            "user": "<img height=\"25px\" src=\"https://dafstatic.oss-cn-beijing.aliyuncs.com/static/title/level4.gif\"><span class=\"orange\">学院搬运工</span>",
            "time": "2023-06-29 20:30:06"
        },
        {
            "id": 112,
            "SourceName": "【023】第13期天空套（皮肤）",
            "SourceType": "时装",
            "view_num": 29,
            "Remark": "<p>为了方便后续补档，分享的都是合集，单个素材请根据序号在合集中找</p>\r\n\r\n<p>序号<span style=\"color:#e74c3c\">【023】</span></p>\r\n\r\n<p>链接: https://pan.baidu.com/s/14-FuXdpzPBrWXnBJmJNWCQ?pwd=u4mt 提取码: u4mt 复制这段内容后打开百度网盘手机App，操作更方便哦&nbsp;<br />\r\n--来自百度网盘超级会员v5的分享</p>",
            "user": "<img height=\"25px\" src=\"https://dafstatic.oss-cn-beijing.aliyuncs.com/static/title/level4.gif\"><span class=\"orange\">学院搬运工</span>",
            "time": "2023-06-28 14:30:06"
        },
        {
            "id": 28,
            "SourceName": "缔造女鬼神兽化灵",
            "SourceType": "时装",
            "view_num": 26,
            "Remark": "<p>链接: https://pan.baidu.com/s/1DyFakQP24en5tLvNQNYvUA?pwd=2w1s 提取码: 2w1s 复制这段内容后打开百度网盘手机App，操作更方便哦 \r\n--来自百度网盘超级会员v2的分享</p>",
            "user": "<img height=\"25px\" src=\"https://dafstatic.oss-cn-beijing.aliyuncs.com/static/title/level4.gif\"><span class=\"orange\">学院搬运工</span>",
            "time": "2023-06-28 14:30:06"
        },
        {
            "id": 115,
            "SourceName": "【020】2020萌萌动物园时装",
            "SourceType": "时装",
            "view_num": 26,
            "Remark": "<p>为了方便后续补档，分享的都是合集，单个素材请根据序号在合集中找</p>\r\n\r\n<p>序号<span style=\"color:#e74c3c\">【020】</span></p>\r\n\r\n<p>链接: https://pan.baidu.com/s/14-FuXdpzPBrWXnBJmJNWCQ?pwd=u4mt 提取码: u4mt 复制这段内容后打开百度网盘手机App，操作更方便哦&nbsp;<br />\r\n--来自百度网盘超级会员v5的分享</p>",
            "user": "<img height=\"25px\" src=\"https://dafstatic.oss-cn-beijing.aliyuncs.com/static/title/level4.gif\"><span class=\"orange\">学院搬运工</span>",
            "time": "2023-06-28 14:30:06"
        },
        {
            "id": 110,
            "SourceName": "【025】2020春节套修复final",
            "SourceType": "时装",
            "view_num": 25,
            "Remark": "<p>为了方便后续补档，分享的都是合集，单个素材请根据序号在合集中找</p>\r\n\r\n<p>序号<span style=\"color:#e74c3c\">【025】</span></p>\r\n\r\n<p>链接: https://pan.baidu.com/s/14-FuXdpzPBrWXnBJmJNWCQ?pwd=u4mt 提取码: u4mt 复制这段内容后打开百度网盘手机App，操作更方便哦&nbsp;<br />\r\n--来自百度网盘超级会员v5的分享</p>",
            "user": "<img height=\"25px\" src=\"https://dafstatic.oss-cn-beijing.aliyuncs.com/static/title/level4.gif\"><span class=\"orange\">学院搬运工</span>",
            "time": "2023-06-28 14:30:06"
        },
        {
            "id": 111,
            "SourceName": "【024】第9期天空套",
            "SourceType": "时装",
            "view_num": 24,
            "Remark": "<p>为了方便后续补档，分享的都是合集，单个素材请根据序号在合集中找</p>\r\n\r\n<p>序号<span style=\"color:#e74c3c\">【024】</span></p>\r\n\r\n<p>链接: https://pan.baidu.com/s/14-FuXdpzPBrWXnBJmJNWCQ?pwd=u4mt 提取码: u4mt 复制这段内容后打开百度网盘手机App，操作更方便哦&nbsp;<br />\r\n--来自百度网盘超级会员v5的分享</p>",
            "user": "<img height=\"25px\" src=\"https://dafstatic.oss-cn-beijing.aliyuncs.com/static/title/level4.gif\"><span class=\"orange\">学院搬运工</span>",
            "time": "2023-06-28 14:30:06"
        },
        {
            "id": 118,
            "SourceName": "【017】第12期天空套",
            "SourceType": "时装",
            "view_num": 24,
            "Remark": "<p>为了方便后续补档，分享的都是合集，单个素材请根据序号在合集中找</p>\r\n\r\n<p>序号<span style=\"color:#e74c3c\">【017】</span></p>\r\n\r\n<p>链接: https://pan.baidu.com/s/14-FuXdpzPBrWXnBJmJNWCQ?pwd=u4mt 提取码: u4mt 复制这段内容后打开百度网盘手机App，操作更方便哦&nbsp;<br />\r\n--来自百度网盘超级会员v5的分享</p>",
            "user": "<img height=\"25px\" src=\"https://dafstatic.oss-cn-beijing.aliyuncs.com/static/title/level4.gif\"><span class=\"orange\">学院搬运工</span>",
            "time": "2023-06-28 14:30:06"
        },
        {
            "id": 38,
            "SourceName": "蒸汽朋克黄金套装及散件-鬼剑士(女)",
            "SourceType": "时装",
            "view_num": 20,
            "Remark": "<p>链接: https://pan.baidu.com/s/1CINY0VrTutkc1CaPIi1XRQ?pwd=p24f 提取码: p24f 复制这段内容后打开百度网盘手机App，操作更方便哦 \r\n--来自百度网盘超级会员v2的分享</p>",
            "user": "<img height=\"25px\" src=\"https://dafstatic.oss-cn-beijing.aliyuncs.com/static/title/level4.gif\"><span class=\"orange\">学院搬运工</span>",
            "time": "2023-06-28 14:30:06"
        },
        {
            "id": 36,
            "SourceName": "全职业万圣节头像",
            "SourceType": "时装",
            "view_num": 19,
            "Remark": "<p>链接: https://pan.baidu.com/s/1r1A5gr-IQx8QJ8-pgqG_OQ?pwd=577e 提取码: 577e 复制这段内容后打开百度网盘手机App，操作更方便哦 \r\n--来自百度网盘超级会员v2的分享</p>",
            "user": "<img height=\"25px\" src=\"https://dafstatic.oss-cn-beijing.aliyuncs.com/static/title/level4.gif\"><span class=\"orange\">学院搬运工</span>",
            "time": "2023-06-28 14:30:06"
        },
        {
            "id": 116,
            "SourceName": "【019】第11期天空套",
            "SourceType": "时装",
            "view_num": 18,
            "Remark": "<p>为了方便后续补档，分享的都是合集，单个素材请根据序号在合集中找</p>\r\n\r\n<p>序号<span style=\"color:#e74c3c\">【019】</span></p>\r\n\r\n<p>链接: https://pan.baidu.com/s/14-FuXdpzPBrWXnBJmJNWCQ?pwd=u4mt 提取码: u4mt 复制这段内容后打开百度网盘手机App，操作更方便哦&nbsp;<br />\r\n--来自百度网盘超级会员v5的分享</p>",
            "user": "<img height=\"25px\" src=\"https://dafstatic.oss-cn-beijing.aliyuncs.com/static/title/level4.gif\"><span class=\"orange\">学院搬运工</span>",
            "time": "2023-06-28 14:30:06"
        },
        {
            "id": 117,
            "SourceName": "【018】2019年套",
            "SourceType": "时装",
            "view_num": 16,
            "Remark": "<p>为了方便后续补档，分享的都是合集，单个素材请根据序号在合集中找</p>\r\n\r\n<p>序号<span style=\"color:#e74c3c\">【018】</span></p>\r\n\r\n<p>链接: https://pan.baidu.com/s/14-FuXdpzPBrWXnBJmJNWCQ?pwd=u4mt 提取码: u4mt 复制这段内容后打开百度网盘手机App，操作更方便哦&nbsp;<br />\r\n--来自百度网盘超级会员v5的分享</p>",
            "user": "<img height=\"25px\" src=\"https://dafstatic.oss-cn-beijing.aliyuncs.com/static/title/level4.gif\"><span class=\"orange\">学院搬运工</span>",
            "time": "2023-06-28 14:30:06"
        }
    ]
}