{
    "total": 15,
    "rows": [
        {
            "id": 714,
            "SourceName": "三国战纪",
            "SourceType": "道具",
            "view_num": 295,
            "Remark": "<p>链接: https://pan.baidu.com/s/1JK_V_Xpcn-mBu9YgAmsGCw?pwd=zn7s 提取码: zn7s 复制这段内容后打开百度网盘手机App，操作更方便哦&nbsp;<br />\n--来自百度网盘超级会员v3的分享</p>",
            "user": "<img height=\"25px\" src=\"\">萌新小白",
            "time": "2024-07-05 09:25:49"
        },
        {
            "id": 649,
            "SourceName": "装备回收礼盒",
            "SourceType": "道具",
            "view_num": 227,
            "Remark": "<p>https://www.123pan.com/s/tJCtVv-4u5EH.html提取码:acez</p>",
            "user": "<img height=\"25px\" src=\"https://dafstatic.oss-cn-beijing.aliyuncs.com/static/title/level4.gif\"><span class=\"orange\">学院搬运工</span>",
            "time": "2023-09-12 11:12:01"
        },
        {
            "id": 647,
            "SourceName": "跨界石",
            "SourceType": "道具",
            "view_num": 171,
            "Remark": "<p>https://www.123pan.com/s/tJCtVv-mu5EH.html提取码:16VE</p>",
            "user": "<img height=\"25px\" src=\"https://dafstatic.oss-cn-beijing.aliyuncs.com/static/title/level4.gif\"><span class=\"orange\">学院搬运工</span>",
            "time": "2023-09-12 11:11:22"
        },
        {
            "id": 648,
            "SourceName": "装备自选礼盒",
            "SourceType": "道具",
            "view_num": 123,
            "Remark": "<p>https://www.123pan.com/s/tJCtVv-1u5EH.html提取码:yaZT</p>",
            "user": "<img height=\"25px\" src=\"https://dafstatic.oss-cn-beijing.aliyuncs.com/static/title/level4.gif\"><span class=\"orange\">学院搬运工</span>",
            "time": "2023-09-12 11:11:42"
        },
        {
            "id": 657,
            "SourceName": "回收装备任务素材",
            "SourceType": "道具",
            "view_num": 100,
            "Remark": "<p>https://www.123pan.com/s/tJCtVv-gu5EH.html提取码:4jAE</p>",
            "user": "<img height=\"25px\" src=\"https://dafstatic.oss-cn-beijing.aliyuncs.com/static/title/level4.gif\"><span class=\"orange\">学院搬运工</span>",
            "time": "2023-09-12 11:15:40"
        },
        {
            "id": 650,
            "SourceName": "自选史诗礼盒",
            "SourceType": "道具",
            "view_num": 98,
            "Remark": "<p>https://www.123pan.com/s/tJCtVv-pu5EH.html提取码:0oAx</p>",
            "user": "<img height=\"25px\" src=\"https://dafstatic.oss-cn-beijing.aliyuncs.com/static/title/level4.gif\"><span class=\"orange\">学院搬运工</span>",
            "time": "2023-09-12 11:13:11"
        },
        {
            "id": 659,
            "SourceName": "18级经验胶囊",
            "SourceType": "道具",
            "view_num": 77,
            "Remark": "<p>https://www.123pan.com/s/tJCtVv-Gu5EH.html提取码:bex2</p>",
            "user": "<img height=\"25px\" src=\"https://dafstatic.oss-cn-beijing.aliyuncs.com/static/title/level4.gif\"><span class=\"orange\">学院搬运工</span>",
            "time": "2023-09-12 11:16:43"
        },
        {
            "id": 653,
            "SourceName": "晶体契约",
            "SourceType": "道具",
            "view_num": 74,
            "Remark": "<p>https://www.123pan.com/s/tJCtVv-Bu5EH.html提取码:rY3d</p>",
            "user": "<img height=\"25px\" src=\"https://dafstatic.oss-cn-beijing.aliyuncs.com/static/title/level4.gif\"><span class=\"orange\">学院搬运工</span>",
            "time": "2023-09-12 11:14:15"
        },
        {
            "id": 651,
            "SourceName": "移动药剂",
            "SourceType": "道具",
            "view_num": 66,
            "Remark": "<p>https://www.123pan.com/s/tJCtVv-fu5EH.html提取码:dG6a</p>",
            "user": "<img height=\"25px\" src=\"https://dafstatic.oss-cn-beijing.aliyuncs.com/static/title/level4.gif\"><span class=\"orange\">学院搬运工</span>",
            "time": "2023-09-12 11:13:34"
        },
        {
            "id": 654,
            "SourceName": "新年爆竹",
            "SourceType": "道具",
            "view_num": 66,
            "Remark": "<p>https://www.123pan.com/s/tJCtVv-Ju5EH.html提取码:IauG</p>",
            "user": "<img height=\"25px\" src=\"https://dafstatic.oss-cn-beijing.aliyuncs.com/static/title/level4.gif\"><span class=\"orange\">学院搬运工</span>",
            "time": "2023-09-12 11:14:37"
        },
        {
            "id": 656,
            "SourceName": "安图恩材料 灵魂碎片 魔能结晶 装备自选礼盒",
            "SourceType": "道具",
            "view_num": 51,
            "Remark": "<p>https://www.123pan.com/s/tJCtVv-wu5EH.html提取码:0kAg</p>",
            "user": "<img height=\"25px\" src=\"https://dafstatic.oss-cn-beijing.aliyuncs.com/static/title/level4.gif\"><span class=\"orange\">学院搬运工</span>",
            "time": "2023-09-12 11:15:20"
        },
        {
            "id": 646,
            "SourceName": "远古精灵的秘药 修复版",
            "SourceType": "道具",
            "view_num": 45,
            "Remark": "<p>https://www.123pan.com/s/tJCtVv-ou5EH.html提取码:pFez</p>",
            "user": "<img height=\"25px\" src=\"https://dafstatic.oss-cn-beijing.aliyuncs.com/static/title/level4.gif\"><span class=\"orange\">学院搬运工</span>",
            "time": "2023-09-12 11:11:02"
        },
        {
            "id": 655,
            "SourceName": "安图恩材料",
            "SourceType": "道具",
            "view_num": 37,
            "Remark": "<p>https://www.123pan.com/s/tJCtVv-Mu5EH.html提取码:ubxE</p>",
            "user": "<img height=\"25px\" src=\"https://dafstatic.oss-cn-beijing.aliyuncs.com/static/title/level4.gif\"><span class=\"orange\">学院搬运工</span>",
            "time": "2023-09-12 11:14:54"
        },
        {
            "id": 658,
            "SourceName": "卢克材料",
            "SourceType": "道具",
            "view_num": 31,
            "Remark": "<p>https://www.123pan.com/s/tJCtVv-Yu5EH.html提取码:yZMd</p>",
            "user": "<img height=\"25px\" src=\"https://dafstatic.oss-cn-beijing.aliyuncs.com/static/title/level4.gif\"><span class=\"orange\">学院搬运工</span>",
            "time": "2023-09-12 11:16:22"
        },
        {
            "id": 652,
            "SourceName": "海之勇者礼包",
            "SourceType": "道具",
            "view_num": 24,
            "Remark": "<p>https://www.123pan.com/s/tJCtVv-au5EH.html提取码:CPHz</p>",
            "user": "<img height=\"25px\" src=\"https://dafstatic.oss-cn-beijing.aliyuncs.com/static/title/level4.gif\"><span class=\"orange\">学院搬运工</span>",
            "time": "2023-09-12 11:13:56"
        }
    ]
}