{
    "total": 89,
    "rows": [
        {
            "id": 313,
            "SourceName": "界面-技能栏扩展+100级血槽补丁",
            "SourceType": "UI",
            "view_num": 1476,
            "Remark": "<p>链接: https://pan.baidu.com/s/1pN9OtHVwBb68molspLORyA?pwd=vvjy 提取码: vvjy 复制这段内容后打开百度网盘手机App，操作更方便哦</p>",
            "user": "<img height=\"25px\" src=\"https://dafstatic.oss-cn-beijing.aliyuncs.com/static/title/level4.gif\"><span class=\"orange\">学院搬运工</span>",
            "time": "2023-07-04 21:38:43"
        },
        {
            "id": 273,
            "SourceName": "仅限成年人使用的界面UI(优化版)",
            "SourceType": "UI",
            "view_num": 697,
            "Remark": "<p>链接: https://pan.baidu.com/s/1BuAuLbbszuhmc6U6eDr37g?pwd=7ucr 提取码: 7ucr 复制这段内容后打开百度网盘手机App，操作更方便哦&nbsp;<br />\n--来自百度网盘超级会员v2的分享</p>",
            "user": "<img height=\"25px\" src=\"https://dafstatic.oss-cn-beijing.aliyuncs.com/static/title/level4.gif\"><span class=\"orange\">学院搬运工</span>",
            "time": "2023-06-30 09:51:37"
        },
        {
            "id": 291,
            "SourceName": "个人信息ui",
            "SourceType": "UI",
            "view_num": 615,
            "Remark": "<p>链接: https://pan.baidu.com/s/13qVCe6YJN1sIu-S4ZX0fUg?pwd=cyqn 提取码: cyqn 复制这段内容后打开百度网盘手机App，操作更方便哦&nbsp;<br />\n--来自百度网盘超级会员v2的分享</p>",
            "user": "<img height=\"25px\" src=\"https://dafstatic.oss-cn-beijing.aliyuncs.com/static/title/level4.gif\"><span class=\"orange\">学院搬运工</span>",
            "time": "2023-07-04 19:23:31"
        },
        {
            "id": 149,
            "SourceName": "血槽UI",
            "SourceType": "UI",
            "view_num": 601,
            "Remark": "<p>链接: https://pan.baidu.com/s/1EPv1RdMMPzNaKtUnT7TRMw?pwd=rrjd 提取码: rrjd 复制这段内容后打开百度网盘手机App，操作更方便哦 \r\n--来自百度网盘超级会员v2的分享</p>",
            "user": "<img height=\"25px\" src=\"https://dafstatic.oss-cn-beijing.aliyuncs.com/static/title/level4.gif\"><span class=\"orange\">学院搬运工</span>",
            "time": "2023-06-28 14:30:06"
        },
        {
            "id": 412,
            "SourceName": "UI 登录界面：登录加载界面",
            "SourceType": "UI",
            "view_num": 530,
            "Remark": "<p>https://www.123pan.com/s/tJCtVv-O75EH.html提取码:WBge</p>",
            "user": "<img height=\"25px\" src=\"https://dafstatic.oss-cn-beijing.aliyuncs.com/static/title/level4.gif\"><span class=\"orange\">学院搬运工</span>",
            "time": "2023-09-17 12:28:33"
        },
        {
            "id": 292,
            "SourceName": "复古60横版ui<span style='margin-left: 2px;padding-left: 16px;color: blue;text-align: center;background: url(/static/images/msg.png) no-repeat; center' title='回复'>1</span>",
            "SourceType": "UI",
            "view_num": 466,
            "Remark": "<p>链接: https://pan.baidu.com/s/1a0GMAQonCGz8rklha7gbUg?pwd=i513 提取码: i513 复制这段内容后打开百度网盘手机App，操作更方便哦&nbsp;<br />\n--来自百度网盘超级会员v2的分享</p>",
            "user": "<img height=\"25px\" src=\"https://dafstatic.oss-cn-beijing.aliyuncs.com/static/title/level4.gif\"><span class=\"orange\">学院搬运工</span>",
            "time": "2023-07-04 19:23:54"
        },
        {
            "id": 429,
            "SourceName": "UI 菜单：70级菜单",
            "SourceType": "UI",
            "view_num": 462,
            "Remark": "<p>https://www.123pan.com/s/tJCtVv-i75EH.html提取码:9LJf</p>\n",
            "user": "<img height=\"25px\" src=\"https://dafstatic.oss-cn-beijing.aliyuncs.com/static/title/level4.gif\"><span class=\"orange\">学院搬运工</span>",
            "time": "2023-09-17 12:37:41"
        },
        {
            "id": 314,
            "SourceName": "界面-多风格精修血槽补丁",
            "SourceType": "UI",
            "view_num": 435,
            "Remark": "<p>链接: https://pan.baidu.com/s/1IpZGbhC3DFvwKotWHmYn_g?pwd=h8rt 提取码: h8rt 复制这段内容后打开百度网盘手机App，操作更方便哦</p>",
            "user": "<img height=\"25px\" src=\"https://dafstatic.oss-cn-beijing.aliyuncs.com/static/title/level4.gif\"><span class=\"orange\">学院搬运工</span>",
            "time": "2023-07-04 21:39:04"
        },
        {
            "id": 450,
            "SourceName": "顿悟之境皮肤+散件+武器装扮",
            "SourceType": "UI",
            "view_num": 430,
            "Remark": "<p>链接：https://pan.baidu.com/s/1GNlznz8mmdZ6gdneqdiADA?pwd=mvpi&nbsp;<br />\n提取码：mvpi&nbsp;<br />\n--来自百度网盘超级会员V3的分享</p>",
            "user": "<img height=\"25px\" src=\"\">张益达",
            "time": "2023-09-26 23:48:46"
        },
        {
            "id": 468,
            "SourceName": "街头争霸插件",
            "SourceType": "UI",
            "view_num": 429,
            "Remark": "<p><span style=\"color:#c0392b\"><span style=\"font-size:18px\">把dll放到 &nbsp; \\TCLS\\image 里&nbsp; &nbsp; &nbsp; &nbsp; &nbsp; 注意分清楚基质0627或者0725<br />\n然后使用补丁工具把等级补丁，补丁一下上传五国即可</span></span></p>\n\n<p>&nbsp;</p>\n\n<p>链接：https://pan.baidu.com/s/1msCEr7iNPC8Fz3IaP8Gvmw&nbsp;<br />\n提取码：PPX0&nbsp;<br />\n--来自百度网盘超级会员V5的分享</p>\n\n<p><span style=\"font-size:26px\">不要再说提取码不对&nbsp; &nbsp; &nbsp;直接复制</span></p>",
            "user": "<img height=\"25px\" src=\"\">迩丶为何如此虚伪。",
            "time": "2024-01-09 18:30:22"
        },
        {
            "id": 347,
            "SourceName": "魔界人充值连发UI（带小白详细教程）",
            "SourceType": "UI",
            "view_num": 408,
            "Remark": "<p>链接：https://pan.baidu.com/s/1unkN-jM036OkKdyGoj8Uew?pwd=7ysb&nbsp;<br />\n&nbsp;</p>\n\n<p><img alt=\"\" height=\"600\" src=\"/media/uploads/2023/09/08/image-20230908163108-1.png\" width=\"800\" /></p>\n\n<p><img alt=\"\" height=\"600\" src=\"/media/uploads/2023/09/08/image-20230908163134-2.png\" width=\"800\" /></p>\n\n<p>&nbsp;</p>\n\n<p>&nbsp;</p>\n",
            "user": "<img height=\"25px\" src=\"\">神里",
            "time": "2023-09-08 05:17:17"
        },
        {
            "id": 444,
            "SourceName": "鬼灭之刃登录界面+角色背景+聊天框补丁",
            "SourceType": "UI",
            "view_num": 373,
            "Remark": "<p>https://www.123pan.com/s/tJCtVv-ob5EH.html提取码:yteH</p>",
            "user": "<img height=\"25px\" src=\"https://dafstatic.oss-cn-beijing.aliyuncs.com/static/title/level4.gif\"><span class=\"orange\">学院搬运工</span>",
            "time": "2023-09-17 13:08:50"
        },
        {
            "id": 428,
            "SourceName": "UI 菜单：国服功能UI资料",
            "SourceType": "UI",
            "view_num": 334,
            "Remark": "<p>https://www.123pan.com/s/tJCtVv-t75EH.html提取码:Fwsx</p>\n",
            "user": "<img height=\"25px\" src=\"https://dafstatic.oss-cn-beijing.aliyuncs.com/static/title/level4.gif\"><span class=\"orange\">学院搬运工</span>",
            "time": "2023-09-17 12:37:21"
        },
        {
            "id": 306,
            "SourceName": "技能-全职业BUFF技能插画",
            "SourceType": "UI",
            "view_num": 323,
            "Remark": "<p>链接: https://pan.baidu.com/s/1LgjrbRsy0fa6j6WgUcET6g?pwd=y2jy 提取码: y2jy 复制这段内容后打开百度网盘手机App，操作更方便哦</p>",
            "user": "<img height=\"25px\" src=\"https://dafstatic.oss-cn-beijing.aliyuncs.com/static/title/level4.gif\"><span class=\"orange\">学院搬运工</span>",
            "time": "2023-07-04 21:31:03"
        },
        {
            "id": 283,
            "SourceName": "唯美时尚频道UI",
            "SourceType": "UI",
            "view_num": 303,
            "Remark": "<p>链接: https://pan.baidu.com/s/1wB2wv1JRVMy4i2P-GL51NA?pwd=jjqa 提取码: jjqa 复制这段内容后打开百度网盘手机App，操作更方便哦&nbsp;<br />\n--来自百度网盘超级会员v2的分享</p>",
            "user": "<img height=\"25px\" src=\"https://dafstatic.oss-cn-beijing.aliyuncs.com/static/title/level4.gif\"><span class=\"orange\">学院搬运工</span>",
            "time": "2023-06-30 10:27:22"
        },
        {
            "id": 447,
            "SourceName": "小光柱",
            "SourceType": "UI",
            "view_num": 287,
            "Remark": "<p>https://www.123pan.com/s/tJCtVv-gb5EH.html提取码:LTZg</p>\n\n<p><img alt=\"\" height=\"569\" src=\"/media/uploads/2023/09/17/image-20230917132757-1.png\" width=\"582\" /></p>",
            "user": "<img height=\"25px\" src=\"https://dafstatic.oss-cn-beijing.aliyuncs.com/static/title/level4.gif\"><span class=\"orange\">学院搬运工</span>",
            "time": "2023-09-17 13:28:01"
        },
        {
            "id": 228,
            "SourceName": "各种精修血槽",
            "SourceType": "UI",
            "view_num": 274,
            "Remark": "<p>链接: https://pan.baidu.com/s/1KiZPaKdXl6NM9SejV1RT1g?pwd=38wd 提取码: 38wd 复制这段内容后打开百度网盘手机App，操作更方便哦 \r\n--来自百度网盘超级会员v2的分享</p>",
            "user": "<img height=\"25px\" src=\"https://dafstatic.oss-cn-beijing.aliyuncs.com/static/title/level4.gif\"><span class=\"orange\">学院搬运工</span>",
            "time": "2023-06-28 14:30:06"
        },
        {
            "id": 293,
            "SourceName": "默认伤害数字改20种伤害字体",
            "SourceType": "UI",
            "view_num": 265,
            "Remark": "<p>链接: https://pan.baidu.com/s/1W15jpVfLuuJBrLjPJKIg1A?pwd=3e5k 提取码: 3e5k 复制这段内容后打开百度网盘手机App，操作更方便哦&nbsp;<br />\n--来自百度网盘超级会员v2的分享</p>",
            "user": "<img height=\"25px\" src=\"https://dafstatic.oss-cn-beijing.aliyuncs.com/static/title/level4.gif\"><span class=\"orange\">学院搬运工</span>",
            "time": "2023-07-04 19:24:50"
        },
        {
            "id": 353,
            "SourceName": "频道选择角色动态背景",
            "SourceType": "UI",
            "view_num": 253,
            "Remark": "<p>https://www.123pan.com/s/tJCtVv-hK5EH.html提取码:knmD</p>",
            "user": "<img height=\"25px\" src=\"https://dafstatic.oss-cn-beijing.aliyuncs.com/static/title/level6.gif\"><span class=\"rainbow\">玲珑</span>",
            "time": "2023-09-10 22:32:29"
        },
        {
            "id": 155,
            "SourceName": "历代登录界面加载图",
            "SourceType": "UI",
            "view_num": 242,
            "Remark": "<p>链接: https://pan.baidu.com/s/1DwCNub_G_XyjrZwR8ee4MQ?pwd=nvv2 提取码: nvv2 复制这段内容后打开百度网盘手机App，操作更方便哦 \r\n--来自百度网盘超级会员v2的分享</p>",
            "user": "<img height=\"25px\" src=\"https://dafstatic.oss-cn-beijing.aliyuncs.com/static/title/level4.gif\"><span class=\"orange\">学院搬运工</span>",
            "time": "2023-06-28 14:30:06"
        },
        {
            "id": 295,
            "SourceName": "[血槽]90完美修正",
            "SourceType": "UI",
            "view_num": 236,
            "Remark": "<p>链接: https://pan.baidu.com/s/19OvRfq2b7zoAp87CTJl5aw?pwd=iqem 提取码: iqem 复制这段内容后打开百度网盘手机App，操作更方便哦&nbsp;<br />\n--来自百度网盘超级会员v2的分享</p>",
            "user": "<img height=\"25px\" src=\"https://dafstatic.oss-cn-beijing.aliyuncs.com/static/title/level4.gif\"><span class=\"orange\">学院搬运工</span>",
            "time": "2023-07-04 19:27:09"
        },
        {
            "id": 399,
            "SourceName": "UI 物品栏：三栏背包",
            "SourceType": "UI",
            "view_num": 218,
            "Remark": "<p>https://www.123pan.com/s/tJCtVv-M75EH.html提取码:Uf76</p>\n",
            "user": "<img height=\"25px\" src=\"https://dafstatic.oss-cn-beijing.aliyuncs.com/static/title/level4.gif\"><span class=\"orange\">学院搬运工</span>",
            "time": "2023-09-17 12:17:33"
        },
        {
            "id": 139,
            "SourceName": "技能冷却明显化+过图去黑+空怪定位+领主定位",
            "SourceType": "UI",
            "view_num": 204,
            "Remark": "<p>链接: https://pan.baidu.com/s/1zt6Va4TWVj9GMBSuzM5sHQ?pwd=javn 提取码: javn 复制这段内容后打开百度网盘手机App，操作更方便哦 \r\n--来自百度网盘超级会员v2的分享</p>",
            "user": "<img height=\"25px\" src=\"https://dafstatic.oss-cn-beijing.aliyuncs.com/static/title/level4.gif\"><span class=\"orange\">学院搬运工</span>",
            "time": "2023-06-28 14:30:06"
        },
        {
            "id": 335,
            "SourceName": "韩服爆气立绘（三觉buff立绘）",
            "SourceType": "UI",
            "view_num": 188,
            "Remark": "<p>https://www.123pan.com/s/tJCtVv-vo5EH.html提取码:bM5Z</p>\n\n<p><img alt=\"\" height=\"257\" src=\"/media/uploads/2023/07/21/image-20230721094259-1.png\" width=\"476\" /></p>",
            "user": "<img height=\"25px\" src=\"https://dafstatic.oss-cn-beijing.aliyuncs.com/static/title/level6.gif\"><span class=\"rainbow\">玲珑</span>",
            "time": "2023-07-21 09:43:25"
        },
        {
            "id": 408,
            "SourceName": "UI 怪物：怪物血条百分比 2",
            "SourceType": "UI",
            "view_num": 188,
            "Remark": "<p>https://www.123pan.com/s/tJCtVv-275EH.html提取码:RJm5</p>",
            "user": "<img height=\"25px\" src=\"https://dafstatic.oss-cn-beijing.aliyuncs.com/static/title/level4.gif\"><span class=\"orange\">学院搬运工</span>",
            "time": "2023-09-17 12:23:41"
        },
        {
            "id": 421,
            "SourceName": "UI赛利亚房间：云端圣堂赛丽亚房间",
            "SourceType": "UI",
            "view_num": 179,
            "Remark": "<p>https://www.123pan.com/s/tJCtVv-S75EH.html提取码:fM2z</p>\n",
            "user": "<img height=\"25px\" src=\"https://dafstatic.oss-cn-beijing.aliyuncs.com/static/title/level4.gif\"><span class=\"orange\">学院搬运工</span>",
            "time": "2023-09-17 12:34:02"
        },
        {
            "id": 154,
            "SourceName": "纯洁界面 r18 不喜勿下",
            "SourceType": "UI",
            "view_num": 173,
            "Remark": "<p>链接: https://pan.baidu.com/s/1NUCeQFxh1YhTTG2LmZBInw?pwd=t6h7 提取码: t6h7 复制这段内容后打开百度网盘手机App，操作更方便哦 \r\n--来自百度网盘超级会员v2的分享</p>",
            "user": "<img height=\"25px\" src=\"https://dafstatic.oss-cn-beijing.aliyuncs.com/static/title/level4.gif\"><span class=\"orange\">学院搬运工</span>",
            "time": "2023-06-28 14:30:06"
        },
        {
            "id": 315,
            "SourceName": "界面-电池血槽补丁",
            "SourceType": "UI",
            "view_num": 171,
            "Remark": "<p>链接: https://pan.baidu.com/s/1Z0El4HlBwgwnGdmyh53xbQ?pwd=hcbv 提取码: hcbv 复制这段内容后打开百度网盘手机App，操作更方便哦</p>",
            "user": "<img height=\"25px\" src=\"https://dafstatic.oss-cn-beijing.aliyuncs.com/static/title/level4.gif\"><span class=\"orange\">学院搬运工</span>",
            "time": "2023-07-04 21:39:31"
        },
        {
            "id": 156,
            "SourceName": "A登陆界面，18以下禁止下载",
            "SourceType": "UI",
            "view_num": 163,
            "Remark": "<p>链接: https://pan.baidu.com/s/1jkQ4Bt_Dvotj_2H7WX6tjw?pwd=fey8 提取码: fey8 复制这段内容后打开百度网盘手机App，操作更方便哦 \r\n--来自百度网盘超级会员v2的分享</p>",
            "user": "<img height=\"25px\" src=\"https://dafstatic.oss-cn-beijing.aliyuncs.com/static/title/level4.gif\"><span class=\"orange\">学院搬运工</span>",
            "time": "2023-06-28 14:30:06"
        },
        {
            "id": 713,
            "SourceName": "浅星补丁合集",
            "SourceType": "UI",
            "view_num": 157,
            "Remark": "<p>链接:https://pan.baidu.com/s/1MWPaDgmca-eOFnkEQOyGuA?pwd=ydne 提取码:ydne 复制这段内容后打开百度网盘手机App，操作更方便哦</p>",
            "user": "<img height=\"25px\" src=\"\">萌新小白",
            "time": "2024-07-05 09:22:59"
        },
        {
            "id": 396,
            "SourceName": "UI 选择角色：国服15张角色选择背景",
            "SourceType": "UI",
            "view_num": 153,
            "Remark": "<p>https://www.123pan.com/s/tJCtVv-B75EH.html提取码:SNAu</p>\n\n<p>&nbsp;</p>\n\n<p><img alt=\"\" height=\"735\" src=\"/media/uploads/2023/09/17/image-20230917121440-1.png\" width=\"1234\" /></p>\n",
            "user": "<img height=\"25px\" src=\"https://dafstatic.oss-cn-beijing.aliyuncs.com/static/title/level4.gif\"><span class=\"orange\">学院搬运工</span>",
            "time": "2023-09-17 12:13:00"
        },
        {
            "id": 398,
            "SourceName": "UI 物品栏：物品栏",
            "SourceType": "UI",
            "view_num": 153,
            "Remark": "<p>https://www.123pan.com/s/tJCtVv-I75EH.html提取码:67pe</p>\n",
            "user": "<img height=\"25px\" src=\"https://dafstatic.oss-cn-beijing.aliyuncs.com/static/title/level4.gif\"><span class=\"orange\">学院搬运工</span>",
            "time": "2023-09-17 12:17:10"
        },
        {
            "id": 294,
            "SourceName": "让副本界面美观加强版",
            "SourceType": "UI",
            "view_num": 151,
            "Remark": "<p>链接: https://pan.baidu.com/s/1Ez6FtP9dt-GWFjLZVIOt5Q?pwd=dshx 提取码: dshx 复制这段内容后打开百度网盘手机App，操作更方便哦&nbsp;<br />\n--来自百度网盘超级会员v2的分享</p>",
            "user": "<img height=\"25px\" src=\"https://dafstatic.oss-cn-beijing.aliyuncs.com/static/title/level4.gif\"><span class=\"orange\">学院搬运工</span>",
            "time": "2023-07-04 19:25:59"
        },
        {
            "id": 316,
            "SourceName": "界面-清凉夏日NPC服装补丁",
            "SourceType": "UI",
            "view_num": 146,
            "Remark": "<p>链接: https://pan.baidu.com/s/1hFlKWnwPyKUF7FLWPMMLsQ?pwd=64vu 提取码: 64vu 复制这段内容后打开百度网盘手机App，操作更方便哦</p>",
            "user": "<img height=\"25px\" src=\"https://dafstatic.oss-cn-beijing.aliyuncs.com/static/title/level4.gif\"><span class=\"orange\">学院搬运工</span>",
            "time": "2023-07-04 21:39:59"
        },
        {
            "id": 410,
            "SourceName": "UI 个人信息",
            "SourceType": "UI",
            "view_num": 144,
            "Remark": "<p>https://www.123pan.com/s/tJCtVv-C75EH.html提取码:F3XZ</p>",
            "user": "<img height=\"25px\" src=\"https://dafstatic.oss-cn-beijing.aliyuncs.com/static/title/level4.gif\"><span class=\"orange\">学院搬运工</span>",
            "time": "2023-09-17 12:26:52"
        },
        {
            "id": 152,
            "SourceName": "魔界人充值UI",
            "SourceType": "UI",
            "view_num": 140,
            "Remark": "<p>链接: https://pan.baidu.com/s/1Fbxan7QAn0GK_69hpL1P0g?pwd=nexx 提取码: nexx 复制这段内容后打开百度网盘手机App，操作更方便哦 \r\n--来自百度网盘超级会员v2的分享</p>",
            "user": "<img height=\"25px\" src=\"https://dafstatic.oss-cn-beijing.aliyuncs.com/static/title/level4.gif\"><span class=\"orange\">学院搬运工</span>",
            "time": "2023-06-28 14:30:06"
        },
        {
            "id": 392,
            "SourceName": "UI-装备栏：装备注入异次元属性UI",
            "SourceType": "UI",
            "view_num": 139,
            "Remark": "<p>https://www.123pan.com/s/tJCtVv-bu5EH.html提取码:hrAR</p>",
            "user": "<img height=\"25px\" src=\"https://dafstatic.oss-cn-beijing.aliyuncs.com/static/title/level4.gif\"><span class=\"orange\">学院搬运工</span>",
            "time": "2023-09-12 11:44:30"
        },
        {
            "id": 407,
            "SourceName": "UI 怪物：怪物血条百分比",
            "SourceType": "UI",
            "view_num": 137,
            "Remark": "<p>https://www.123pan.com/s/tJCtVv-n75EH.html提取码:DUgd</p>",
            "user": "<img height=\"25px\" src=\"https://dafstatic.oss-cn-beijing.aliyuncs.com/static/title/level4.gif\"><span class=\"orange\">学院搬运工</span>",
            "time": "2023-09-17 12:23:14"
        },
        {
            "id": 422,
            "SourceName": "UI赛利亚房间：13周年赛丽亚房间",
            "SourceType": "UI",
            "view_num": 136,
            "Remark": "<p>https://www.123pan.com/s/tJCtVv-l75EH.html提取码:8AeC</p>\n",
            "user": "<img height=\"25px\" src=\"https://dafstatic.oss-cn-beijing.aliyuncs.com/static/title/level4.gif\"><span class=\"orange\">学院搬运工</span>",
            "time": "2023-09-17 12:34:22"
        },
        {
            "id": 275,
            "SourceName": "图标ui",
            "SourceType": "UI",
            "view_num": 134,
            "Remark": "<p>链接: https://pan.baidu.com/s/12_TVf1lfSpzfHun8KY5cug?pwd=arq3 提取码: arq3 复制这段内容后打开百度网盘手机App，操作更方便哦&nbsp;<br />\n--来自百度网盘超级会员v2的分享</p>",
            "user": "<img height=\"25px\" src=\"https://dafstatic.oss-cn-beijing.aliyuncs.com/static/title/level4.gif\"><span class=\"orange\">学院搬运工</span>",
            "time": "2023-06-30 10:06:13"
        },
        {
            "id": 458,
            "SourceName": "新年爆竹",
            "SourceType": "UI",
            "view_num": 132,
            "Remark": "<p>链接：https://pan.baidu.com/s/1Q6flZ6j6mcn4j4181tamNA&nbsp;<br />\n提取码：PPX0&nbsp;<br />\n--来自百度网盘超级会员V5的分享</p>",
            "user": "<img height=\"25px\" src=\"\">迩丶为何如此虚伪。",
            "time": "2024-01-06 18:31:01"
        },
        {
            "id": 136,
            "SourceName": "点券充值按钮ui",
            "SourceType": "UI",
            "view_num": 129,
            "Remark": "<p>链接: https://pan.baidu.com/s/1jBljdV4lZ29Q3l6lmhinrA?pwd=6drj 提取码: 6drj 复制这段内容后打开百度网盘手机App，操作更方便哦 \r\n--来自百度网盘超级会员v2的分享</p>",
            "user": "<img height=\"25px\" src=\"https://dafstatic.oss-cn-beijing.aliyuncs.com/static/title/level4.gif\"><span class=\"orange\">学院搬运工</span>",
            "time": "2023-06-28 14:30:06"
        },
        {
            "id": 395,
            "SourceName": "UI-装备栏：N-SSR装备边框",
            "SourceType": "UI",
            "view_num": 128,
            "Remark": "<p>https://www.123pan.com/s/tJCtVv-eu5EH.html提取码:wI6W</p>",
            "user": "<img height=\"25px\" src=\"https://dafstatic.oss-cn-beijing.aliyuncs.com/static/title/level4.gif\"><span class=\"orange\">学院搬运工</span>",
            "time": "2023-09-12 11:46:14"
        },
        {
            "id": 400,
            "SourceName": "UI 物品栏：60级横版物品栏",
            "SourceType": "UI",
            "view_num": 126,
            "Remark": "<p>https://www.123pan.com/s/tJCtVv-w75EH.html提取码:iBF0</p>\n",
            "user": "<img height=\"25px\" src=\"https://dafstatic.oss-cn-beijing.aliyuncs.com/static/title/level4.gif\"><span class=\"orange\">学院搬运工</span>",
            "time": "2023-09-17 12:17:57"
        },
        {
            "id": 409,
            "SourceName": "UI 怪物：怪物血条",
            "SourceType": "UI",
            "view_num": 119,
            "Remark": "<p>https://www.123pan.com/s/tJCtVv-s75EH.html提取码:dvsc</p>",
            "user": "<img height=\"25px\" src=\"https://dafstatic.oss-cn-beijing.aliyuncs.com/static/title/level4.gif\"><span class=\"orange\">学院搬运工</span>",
            "time": "2023-09-17 12:25:40"
        },
        {
            "id": 268,
            "SourceName": "SAO(血槽、亚丝娜ESC菜单)",
            "SourceType": "UI",
            "view_num": 117,
            "Remark": "<p>链接: https://pan.baidu.com/s/1TpyRajFqVmexxoy-ttvAMQ?pwd=q2bx 提取码: q2bx 复制这段内容后打开百度网盘手机App，操作更方便哦 \r\n--来自百度网盘超级会员v2的分享</p>",
            "user": "<img height=\"25px\" src=\"https://dafstatic.oss-cn-beijing.aliyuncs.com/static/title/level4.gif\"><span class=\"orange\">学院搬运工</span>",
            "time": "2023-06-29 20:30:06"
        },
        {
            "id": 411,
            "SourceName": "UI 附属按钮：充值那妞",
            "SourceType": "UI",
            "view_num": 113,
            "Remark": "<p>https://www.123pan.com/s/tJCtVv-N75EH.html提取码:ikRP</p>",
            "user": "<img height=\"25px\" src=\"https://dafstatic.oss-cn-beijing.aliyuncs.com/static/title/level4.gif\"><span class=\"orange\">学院搬运工</span>",
            "time": "2023-09-17 12:27:29"
        },
        {
            "id": 397,
            "SourceName": "UI 选择角色：FGO 选择角色界面",
            "SourceType": "UI",
            "view_num": 111,
            "Remark": "<p>https://www.123pan.com/s/tJCtVv-J75EH.html提取码:TXsd</p>",
            "user": "<img height=\"25px\" src=\"https://dafstatic.oss-cn-beijing.aliyuncs.com/static/title/level4.gif\"><span class=\"orange\">学院搬运工</span>",
            "time": "2023-09-17 12:15:33"
        },
        {
            "id": 157,
            "SourceName": "UI界面，18以下禁止下载",
            "SourceType": "UI",
            "view_num": 111,
            "Remark": "<p>链接: https://pan.baidu.com/s/1RF0KKh2Ld48SHB2-uFATDw?pwd=iy47 提取码: iy47 复制这段内容后打开百度网盘手机App，操作更方便哦 \r\n--来自百度网盘超级会员v2的分享</p>",
            "user": "<img height=\"25px\" src=\"https://dafstatic.oss-cn-beijing.aliyuncs.com/static/title/level4.gif\"><span class=\"orange\">学院搬运工</span>",
            "time": "2023-06-28 14:30:06"
        },
        {
            "id": 147,
            "SourceName": "海洋赛利亚房间",
            "SourceType": "UI",
            "view_num": 106,
            "Remark": "<p>链接: https://pan.baidu.com/s/1ekWXXxZDMkhSmUaPeFmiJQ?pwd=9tzb 提取码: 9tzb 复制这段内容后打开百度网盘手机App，操作更方便哦 \r\n--来自百度网盘超级会员v2的分享</p>",
            "user": "<img height=\"25px\" src=\"https://dafstatic.oss-cn-beijing.aliyuncs.com/static/title/level4.gif\"><span class=\"orange\">学院搬运工</span>",
            "time": "2023-06-28 14:30:06"
        },
        {
            "id": 406,
            "SourceName": "UI 技能栏：炫酷技能图标",
            "SourceType": "UI",
            "view_num": 103,
            "Remark": "<p>https://www.123pan.com/s/tJCtVv-X75EH.html提取码:sPeC</p>",
            "user": "<img height=\"25px\" src=\"https://dafstatic.oss-cn-beijing.aliyuncs.com/static/title/level4.gif\"><span class=\"orange\">学院搬运工</span>",
            "time": "2023-09-17 12:22:15"
        },
        {
            "id": 281,
            "SourceName": "界面（神话血槽）",
            "SourceType": "UI",
            "view_num": 101,
            "Remark": "<p>链接: https://pan.baidu.com/s/1A0Ms77QXUCg7wLcRtyT0zg?pwd=kh9i 提取码: kh9i 复制这段内容后打开百度网盘手机App，操作更方便哦&nbsp;<br />\n--来自百度网盘超级会员v2的分享</p>",
            "user": "<img height=\"25px\" src=\"https://dafstatic.oss-cn-beijing.aliyuncs.com/static/title/level4.gif\"><span class=\"orange\">学院搬运工</span>",
            "time": "2023-06-30 10:26:08"
        },
        {
            "id": 420,
            "SourceName": "UI赛利亚房间：夏日海滩赛丽亚房间",
            "SourceType": "UI",
            "view_num": 101,
            "Remark": "<p>https://www.123pan.com/s/tJCtVv-U75EH.html提取码:9OKu</p>\n",
            "user": "<img height=\"25px\" src=\"https://dafstatic.oss-cn-beijing.aliyuncs.com/static/title/level4.gif\"><span class=\"orange\">学院搬运工</span>",
            "time": "2023-09-17 12:33:43"
        },
        {
            "id": 423,
            "SourceName": "UI赛利亚房间：11周年庆赛丽亚房间",
            "SourceType": "UI",
            "view_num": 98,
            "Remark": "<p>https://www.123pan.com/s/tJCtVv-775EH.html提取码:9JAx</p>\n",
            "user": "<img height=\"25px\" src=\"https://dafstatic.oss-cn-beijing.aliyuncs.com/static/title/level4.gif\"><span class=\"orange\">学院搬运工</span>",
            "time": "2023-09-17 12:34:41"
        },
        {
            "id": 134,
            "SourceName": "苦艾酒-赛博朋克科技血槽",
            "SourceType": "UI",
            "view_num": 94,
            "Remark": "<p>链接: https://pan.baidu.com/s/1BpotN4NeCr1qziULKiuvfQ?pwd=6ser 提取码: 6ser 复制这段内容后打开百度网盘手机App，操作更方便哦 \r\n--来自百度网盘超级会员v2的分享</p>",
            "user": "<img height=\"25px\" src=\"https://dafstatic.oss-cn-beijing.aliyuncs.com/static/title/level4.gif\"><span class=\"orange\">学院搬运工</span>",
            "time": "2023-06-28 14:30:06"
        },
        {
            "id": 413,
            "SourceName": "UI 登录界面：动态写轮眼登录界面",
            "SourceType": "UI",
            "view_num": 92,
            "Remark": "<p>https://www.123pan.com/s/tJCtVv-R75EH.html提取码:mh8f</p>",
            "user": "<img height=\"25px\" src=\"https://dafstatic.oss-cn-beijing.aliyuncs.com/static/title/level4.gif\"><span class=\"orange\">学院搬运工</span>",
            "time": "2023-09-17 12:29:12"
        },
        {
            "id": 424,
            "SourceName": "UI 菜单：物品掉落装备介绍半透明",
            "SourceType": "UI",
            "view_num": 85,
            "Remark": "<p>https://www.123pan.com/s/tJCtVv-b75EH.html提取码:BkcE</p>\n",
            "user": "<img height=\"25px\" src=\"https://dafstatic.oss-cn-beijing.aliyuncs.com/static/title/level4.gif\"><span class=\"orange\">学院搬运工</span>",
            "time": "2023-09-17 12:36:04"
        },
        {
            "id": 146,
            "SourceName": "UI装备框发光",
            "SourceType": "UI",
            "view_num": 77,
            "Remark": "<p>链接: https://pan.baidu.com/s/1hmYpjQJ71jK7f4AA8bpvQA?pwd=kdq7 提取码: kdq7 复制这段内容后打开百度网盘手机App，操作更方便哦 \r\n--来自百度网盘超级会员v2的分享</p>",
            "user": "<img height=\"25px\" src=\"https://dafstatic.oss-cn-beijing.aliyuncs.com/static/title/level4.gif\"><span class=\"orange\">学院搬运工</span>",
            "time": "2023-06-28 14:30:06"
        },
        {
            "id": 418,
            "SourceName": "UI赛利亚房间：机甲少女赛丽亚房间",
            "SourceType": "UI",
            "view_num": 77,
            "Remark": "<p>https://www.123pan.com/s/tJCtVv-K75EH.html提取码:JC4I</p>\n",
            "user": "<img height=\"25px\" src=\"https://dafstatic.oss-cn-beijing.aliyuncs.com/static/title/level4.gif\"><span class=\"orange\">学院搬运工</span>",
            "time": "2023-09-17 12:32:46"
        },
        {
            "id": 419,
            "SourceName": "UI赛利亚房间：暗精灵王宫赛丽亚房间",
            "SourceType": "UI",
            "view_num": 76,
            "Remark": "<p>https://www.123pan.com/s/tJCtVv-u75EH.html提取码:3kSZ</p>\n",
            "user": "<img height=\"25px\" src=\"https://dafstatic.oss-cn-beijing.aliyuncs.com/static/title/level4.gif\"><span class=\"orange\">学院搬运工</span>",
            "time": "2023-09-17 12:33:16"
        },
        {
            "id": 137,
            "SourceName": "obj倒计时秒杀写法 副本常用向",
            "SourceType": "UI",
            "view_num": 74,
            "Remark": "<p>链接: https://pan.baidu.com/s/1BET_suaaraFYOUOKhT0DbQ?pwd=2x6u 提取码: 2x6u 复制这段内容后打开百度网盘手机App，操作更方便哦 \r\n--来自百度网盘超级会员v2的分享</p>",
            "user": "<img height=\"25px\" src=\"https://dafstatic.oss-cn-beijing.aliyuncs.com/static/title/level4.gif\"><span class=\"orange\">学院搬运工</span>",
            "time": "2023-06-28 14:30:06"
        },
        {
            "id": 263,
            "SourceName": "master血条",
            "SourceType": "UI",
            "view_num": 72,
            "Remark": "<p>链接: https://pan.baidu.com/s/16SZ64iw5dEwEBhoUOIQmXg?pwd=bnpx 提取码: bnpx 复制这段内容后打开百度网盘手机App，操作更方便哦 --来自百度网盘超级会员v2的分享</p>\n",
            "user": "<img height=\"25px\" src=\"https://dafstatic.oss-cn-beijing.aliyuncs.com/static/title/level4.gif\"><span class=\"orange\">学院搬运工</span>",
            "time": "2023-06-29 20:30:06"
        },
        {
            "id": 148,
            "SourceName": "赛利亚的热忱",
            "SourceType": "UI",
            "view_num": 69,
            "Remark": "<p>链接: https://pan.baidu.com/s/1dLaEwS_qbeiT3An2qOFYyA?pwd=7yiy 提取码: 7yiy 复制这段内容后打开百度网盘手机App，操作更方便哦 \r\n--来自百度网盘超级会员v2的分享</p>",
            "user": "<img height=\"25px\" src=\"https://dafstatic.oss-cn-beijing.aliyuncs.com/static/title/level4.gif\"><span class=\"orange\">学院搬运工</span>",
            "time": "2023-06-28 14:30:06"
        },
        {
            "id": 151,
            "SourceName": "装备UI",
            "SourceType": "UI",
            "view_num": 67,
            "Remark": "<p>链接: https://pan.baidu.com/s/1WZV3p1Ztt0ivqYqUXccpUg?pwd=8v45 提取码: 8v45 复制这段内容后打开百度网盘手机App，操作更方便哦 \r\n--来自百度网盘超级会员v2的分享</p>",
            "user": "<img height=\"25px\" src=\"https://dafstatic.oss-cn-beijing.aliyuncs.com/static/title/level4.gif\"><span class=\"orange\">学院搬运工</span>",
            "time": "2023-06-28 14:30:06"
        },
        {
            "id": 417,
            "SourceName": "UI赛利亚房间：水族馆赛丽亚房间",
            "SourceType": "UI",
            "view_num": 66,
            "Remark": "<p>https://www.123pan.com/s/tJCtVv-075EH.html提取码:bn1b</p>\n",
            "user": "<img height=\"25px\" src=\"https://dafstatic.oss-cn-beijing.aliyuncs.com/static/title/level4.gif\"><span class=\"orange\">学院搬运工</span>",
            "time": "2023-09-17 12:32:25"
        },
        {
            "id": 141,
            "SourceName": "金丝边血槽",
            "SourceType": "UI",
            "view_num": 62,
            "Remark": "<p>链接: https://pan.baidu.com/s/11lmeMMicsScaPmhQA1H9CQ?pwd=pk49 提取码: pk49 复制这段内容后打开百度网盘手机App，操作更方便哦 \r\n--来自百度网盘超级会员v2的分享</p>",
            "user": "<img height=\"25px\" src=\"https://dafstatic.oss-cn-beijing.aliyuncs.com/static/title/level4.gif\"><span class=\"orange\">学院搬运工</span>",
            "time": "2023-06-28 14:30:06"
        },
        {
            "id": 403,
            "SourceName": "UI 频道：国服PK频道UI",
            "SourceType": "UI",
            "view_num": 61,
            "Remark": "<p>https://www.123pan.com/s/tJCtVv-Y75EH.html提取码:g43o</p>",
            "user": "<img height=\"25px\" src=\"https://dafstatic.oss-cn-beijing.aliyuncs.com/static/title/level4.gif\"><span class=\"orange\">学院搬运工</span>",
            "time": "2023-09-17 12:20:33"
        },
        {
            "id": 140,
            "SourceName": "镜头拉远obj",
            "SourceType": "UI",
            "view_num": 60,
            "Remark": "<p>链接: https://pan.baidu.com/s/1RcWojWiv6eSZJZLNjmYcow?pwd=kvv9 提取码: kvv9 复制这段内容后打开百度网盘手机App，操作更方便哦 \r\n--来自百度网盘超级会员v2的分享</p>",
            "user": "<img height=\"25px\" src=\"https://dafstatic.oss-cn-beijing.aliyuncs.com/static/title/level4.gif\"><span class=\"orange\">学院搬运工</span>",
            "time": "2023-06-28 14:30:06"
        },
        {
            "id": 144,
            "SourceName": "新公平PVPUI",
            "SourceType": "UI",
            "view_num": 60,
            "Remark": "<p>链接: https://pan.baidu.com/s/1sG811P-PjtAytN3WQwV5ig?pwd=p27h 提取码: p27h 复制这段内容后打开百度网盘手机App，操作更方便哦 \r\n--来自百度网盘超级会员v2的分享</p>",
            "user": "<img height=\"25px\" src=\"https://dafstatic.oss-cn-beijing.aliyuncs.com/static/title/level4.gif\"><span class=\"orange\">学院搬运工</span>",
            "time": "2023-06-28 14:30:06"
        },
        {
            "id": 414,
            "SourceName": "UI 宠物栏：宠物耳环框",
            "SourceType": "UI",
            "view_num": 60,
            "Remark": "<p>https://www.123pan.com/s/tJCtVv-D75EH.html提取码:Dapn</p>",
            "user": "<img height=\"25px\" src=\"https://dafstatic.oss-cn-beijing.aliyuncs.com/static/title/level4.gif\"><span class=\"orange\">学院搬运工</span>",
            "time": "2023-09-17 12:29:57"
        },
        {
            "id": 133,
            "SourceName": "DAF界面改III代原型重塑",
            "SourceType": "UI",
            "view_num": 58,
            "Remark": "<p>链接: https://pan.baidu.com/s/11oa8t9UPv8Uiye6ESgqpug?pwd=37e1 提取码: 37e1 复制这段内容后打开百度网盘手机App，操作更方便哦 --来自百度网盘超级会员v2的分享</p>\n",
            "user": "<img height=\"25px\" src=\"https://dafstatic.oss-cn-beijing.aliyuncs.com/static/title/level4.gif\"><span class=\"orange\">学院搬运工</span>",
            "time": "2023-06-28 14:30:06"
        },
        {
            "id": 404,
            "SourceName": "UI 频道：滑动式副本开放表 天空之城",
            "SourceType": "UI",
            "view_num": 58,
            "Remark": "<p>https://www.123pan.com/s/tJCtVv-G75EH.html提取码:IcKg</p>",
            "user": "<img height=\"25px\" src=\"https://dafstatic.oss-cn-beijing.aliyuncs.com/static/title/level4.gif\"><span class=\"orange\">学院搬运工</span>",
            "time": "2023-09-17 12:21:08"
        },
        {
            "id": 394,
            "SourceName": "UI-装备栏：无字版装备边框",
            "SourceType": "UI",
            "view_num": 54,
            "Remark": "<p>https://www.123pan.com/s/tJCtVv-cu5EH.html提取码:JVDA</p>",
            "user": "<img height=\"25px\" src=\"https://dafstatic.oss-cn-beijing.aliyuncs.com/static/title/level4.gif\"><span class=\"orange\">学院搬运工</span>",
            "time": "2023-09-12 11:45:32"
        },
        {
            "id": 416,
            "SourceName": "UI赛利亚房间：海洋赛利亚房间",
            "SourceType": "UI",
            "view_num": 53,
            "Remark": "<p>https://www.123pan.com/s/tJCtVv-875EH.html提取码:zL32</p>",
            "user": "<img height=\"25px\" src=\"https://dafstatic.oss-cn-beijing.aliyuncs.com/static/title/level4.gif\"><span class=\"orange\">学院搬运工</span>",
            "time": "2023-09-17 12:32:06"
        },
        {
            "id": 132,
            "SourceName": "智慧引导血槽未加密",
            "SourceType": "UI",
            "view_num": 51,
            "Remark": "<p>链接: https://pan.baidu.com/s/1IK1wRh5I_t79fE_fbFC7Tg?pwd=bwde 提取码: bwde 复制这段内容后打开百度网盘手机App，操作更方便哦 \r\n--来自百度网盘超级会员v2的分享</p>",
            "user": "<img height=\"25px\" src=\"https://dafstatic.oss-cn-beijing.aliyuncs.com/static/title/level4.gif\"><span class=\"orange\">学院搬运工</span>",
            "time": "2023-06-28 14:30:06"
        },
        {
            "id": 142,
            "SourceName": "去红叉补丁",
            "SourceType": "UI",
            "view_num": 50,
            "Remark": "<p>链接: https://pan.baidu.com/s/1MhpwKSMaOH_BOuiZnETcsw?pwd=41ck 提取码: 41ck 复制这段内容后打开百度网盘手机App，操作更方便哦 \r\n--来自百度网盘超级会员v2的分享</p>",
            "user": "<img height=\"25px\" src=\"https://dafstatic.oss-cn-beijing.aliyuncs.com/static/title/level4.gif\"><span class=\"orange\">学院搬运工</span>",
            "time": "2023-06-28 14:30:06"
        },
        {
            "id": 345,
            "SourceName": "鬼泣三绝完全降临补丁",
            "SourceType": "UI",
            "view_num": 49,
            "Remark": "<p>链接: https://pan.baidu.com/s/1nfxi8HDvddozAb5vEiMg5A?pwd=gisc 提取码: gisc 复制这段内容后打开百度网盘手机App，操作更方便哦&nbsp;<br />\n--来自百度网盘超级会员v3的分享</p>\n\n<p><img alt=\"\" height=\"477\" src=\"/media/uploads/2023/09/04/image-20230904204622-1.jpeg\" width=\"900\" /></p>",
            "user": "<img height=\"25px\" src=\"https://dafstatic.oss-cn-beijing.aliyuncs.com/static/title/level6.gif\"><span class=\"rainbow\">玲珑</span>",
            "time": "2023-09-04 20:46:32"
        },
        {
            "id": 150,
            "SourceName": "修复时装栏无徽章栏UI（解决分解时装崩溃掉线）",
            "SourceType": "UI",
            "view_num": 47,
            "Remark": "<p>链接: https://pan.baidu.com/s/1OezWbHvis6zFr1jczfDgjQ?pwd=rnd4 提取码: rnd4 复制这段内容后打开百度网盘手机App，操作更方便哦 \r\n--来自百度网盘超级会员v2的分享</p>",
            "user": "<img height=\"25px\" src=\"https://dafstatic.oss-cn-beijing.aliyuncs.com/static/title/level4.gif\"><span class=\"orange\">学院搬运工</span>",
            "time": "2023-06-28 14:30:06"
        },
        {
            "id": 401,
            "SourceName": "UI 特性 图标文件",
            "SourceType": "UI",
            "view_num": 45,
            "Remark": "<p>https://www.123pan.com/s/tJCtVv-g75EH.html提取码:9iF1</p>",
            "user": "<img height=\"25px\" src=\"https://dafstatic.oss-cn-beijing.aliyuncs.com/static/title/level4.gif\"><span class=\"orange\">学院搬运工</span>",
            "time": "2023-09-17 12:19:10"
        },
        {
            "id": 135,
            "SourceName": "经验结算透明补丁",
            "SourceType": "UI",
            "view_num": 44,
            "Remark": "<p>链接: https://pan.baidu.com/s/1kC08gNUHr4Vy5A0HVTvUGQ?pwd=cmc5 提取码: cmc5 复制这段内容后打开百度网盘手机App，操作更方便哦 \r\n--来自百度网盘超级会员v2的分享</p>",
            "user": "<img height=\"25px\" src=\"https://dafstatic.oss-cn-beijing.aliyuncs.com/static/title/level4.gif\"><span class=\"orange\">学院搬运工</span>",
            "time": "2023-06-28 14:30:06"
        },
        {
            "id": 415,
            "SourceName": "UI赛利亚房间：火影忍者赛丽亚房间",
            "SourceType": "UI",
            "view_num": 44,
            "Remark": "<p>https://www.123pan.com/s/tJCtVv-r75EH.html提取码:euNt</p>",
            "user": "<img height=\"25px\" src=\"https://dafstatic.oss-cn-beijing.aliyuncs.com/static/title/level4.gif\"><span class=\"orange\">学院搬运工</span>",
            "time": "2023-09-17 12:31:33"
        },
        {
            "id": 393,
            "SourceName": "UI-装备栏：精灵球物品框",
            "SourceType": "UI",
            "view_num": 43,
            "Remark": "<p>https://www.123pan.com/s/tJCtVv-Zu5EH.html提取码:awR6</p>",
            "user": "<img height=\"25px\" src=\"https://dafstatic.oss-cn-beijing.aliyuncs.com/static/title/level4.gif\"><span class=\"orange\">学院搬运工</span>",
            "time": "2023-09-12 11:45:04"
        },
        {
            "id": 405,
            "SourceName": "UI 频道：版本资讯UI天空之城",
            "SourceType": "UI",
            "view_num": 43,
            "Remark": "<p>https://www.123pan.com/s/tJCtVv-P75EH.html提取码:5RqJ</p>",
            "user": "<img height=\"25px\" src=\"https://dafstatic.oss-cn-beijing.aliyuncs.com/static/title/level4.gif\"><span class=\"orange\">学院搬运工</span>",
            "time": "2023-09-17 12:21:38"
        },
        {
            "id": 153,
            "SourceName": "升级特效",
            "SourceType": "UI",
            "view_num": 43,
            "Remark": "<p>链接: https://pan.baidu.com/s/1_ZmBpUAy6TuyU4zJ8x3rXA?pwd=qhaq 提取码: qhaq 复制这段内容后打开百度网盘手机App，操作更方便哦 \r\n--来自百度网盘超级会员v2的分享</p>",
            "user": "<img height=\"25px\" src=\"https://dafstatic.oss-cn-beijing.aliyuncs.com/static/title/level4.gif\"><span class=\"orange\">学院搬运工</span>",
            "time": "2023-06-28 14:30:06"
        },
        {
            "id": 427,
            "SourceName": "UI 菜单：浅星PSO2边框",
            "SourceType": "UI",
            "view_num": 39,
            "Remark": "<p>https://www.123pan.com/s/tJCtVv-e75EH.html提取码:voN7</p>\n",
            "user": "<img height=\"25px\" src=\"https://dafstatic.oss-cn-beijing.aliyuncs.com/static/title/level4.gif\"><span class=\"orange\">学院搬运工</span>",
            "time": "2023-09-17 12:37:03"
        },
        {
            "id": 425,
            "SourceName": "UI 菜单：浅星颓废之心边框",
            "SourceType": "UI",
            "view_num": 38,
            "Remark": "<p>https://www.123pan.com/s/tJCtVv-Z75EH.html提取码:ew4J</p>\n",
            "user": "<img height=\"25px\" src=\"https://dafstatic.oss-cn-beijing.aliyuncs.com/static/title/level4.gif\"><span class=\"orange\">学院搬运工</span>",
            "time": "2023-09-17 12:36:27"
        },
        {
            "id": 426,
            "SourceName": "UI 菜单：浅星蜂巢边框",
            "SourceType": "UI",
            "view_num": 37,
            "Remark": "<p>https://www.123pan.com/s/tJCtVv-c75EH.html提取码:U1Ak</p>\n",
            "user": "<img height=\"25px\" src=\"https://dafstatic.oss-cn-beijing.aliyuncs.com/static/title/level4.gif\"><span class=\"orange\">学院搬运工</span>",
            "time": "2023-09-17 12:36:44"
        },
        {
            "id": 402,
            "SourceName": "UI 时装栏：22新时装图标",
            "SourceType": "UI",
            "view_num": 33,
            "Remark": "<p>https://www.123pan.com/s/tJCtVv-F75EH.html提取码:vF08</p>",
            "user": "<img height=\"25px\" src=\"https://dafstatic.oss-cn-beijing.aliyuncs.com/static/title/level4.gif\"><span class=\"orange\">学院搬运工</span>",
            "time": "2023-09-17 12:19:46"
        },
        {
            "id": 143,
            "SourceName": "滑动式副本开放表(天空之城)",
            "SourceType": "UI",
            "view_num": 28,
            "Remark": "<p>链接: https://pan.baidu.com/s/1TOZCsAFrPfKdA-ys3TB8EQ?pwd=3x45 提取码: 3x45 复制这段内容后打开百度网盘手机App，操作更方便哦 \r\n--来自百度网盘超级会员v2的分享</p>",
            "user": "<img height=\"25px\" src=\"https://dafstatic.oss-cn-beijing.aliyuncs.com/static/title/level4.gif\"><span class=\"orange\">学院搬运工</span>",
            "time": "2023-06-28 14:30:06"
        }
    ]
}