{
    "total": 8,
    "rows": [
        {
            "id": 108,
            "SourceName": "【003】全职业180把武器装扮",
            "SourceType": "武器装扮",
            "view_num": 845,
            "Remark": "<p>为了方便后续补档，分享的都是合集，单个素材请根据序号在合集中找</p>\r\n\r\n<p>序号<span style=\"color:#e74c3c\">【003】</span></p>\r\n\r\n<p>链接: https://pan.baidu.com/s/104SO3vEX0lXjqZaxpqLaEg?pwd=bgyv 提取码: bgyv 复制这段内容后打开百度网盘手机App，操作更方便哦&nbsp;<br />\r\n--来自百度网盘超级会员v5的分享</p>",
            "user": "<img height=\"25px\" src=\"https://dafstatic.oss-cn-beijing.aliyuncs.com/static/title/level4.gif\"><span class=\"orange\">学院搬运工</span>",
            "time": "2023-06-28 14:30:06"
        },
        {
            "id": 127,
            "SourceName": "【002】2652把幻化武器装扮带补丁",
            "SourceType": "武器装扮",
            "view_num": 455,
            "Remark": "<p>为了方便后续补档，分享的都是合集，单个素材请根据序号在合集中找</p>\r\n\r\n<p>序号<span style=\"color:#e74c3c\">【002】</span></p>\r\n\r\n<p>链接: https://pan.baidu.com/s/104SO3vEX0lXjqZaxpqLaEg?pwd=bgyv 提取码: bgyv 复制这段内容后打开百度网盘手机App，操作更方便哦&nbsp;<br />\r\n--来自百度网盘超级会员v5的分享</p>",
            "user": "<img height=\"25px\" src=\"https://dafstatic.oss-cn-beijing.aliyuncs.com/static/title/level4.gif\"><span class=\"orange\">学院搬运工</span>",
            "time": "2023-06-28 14:30:06"
        },
        {
            "id": 342,
            "SourceName": "【001】罪恶联动",
            "SourceType": "武器装扮",
            "view_num": 315,
            "Remark": "<p>&nbsp;</p>\r\n\r\n<p><img alt=\"\" height=\"324\" src=\"/media/uploads/2023/08/26/image-20230826132544-1.png\" width=\"448\" /></p>\r\n\r\n<p>&nbsp;</p>\r\n\r\n<p>为了方便后续补档，分享的都是合集，单个素材请根据序号在合集中找</p>\r\n\r\n<p>序号<span style=\"color:#e74c3c\">【001】</span></p>\r\n\r\n<p>链接: https://pan.baidu.com/s/104SO3vEX0lXjqZaxpqLaEg?pwd=bgyv 提取码: bgyv 复制这段内容后打开百度网盘手机App，操作更方便哦&nbsp;<br />\r\n--来自百度网盘超级会员v5的分享</p>",
            "user": "<img height=\"25px\" src=\"https://dafstatic.oss-cn-beijing.aliyuncs.com/static/title/level6.gif\"><span class=\"rainbow\">玲珑</span>",
            "time": "2023-08-26 13:25:56"
        },
        {
            "id": 47,
            "SourceName": "【006】星辰之力武器装扮+皮肤",
            "SourceType": "武器装扮",
            "view_num": 289,
            "Remark": "<p>为了方便后续补档，分享的都是合集，单个素材请根据序号在合集中找</p>\r\n\r\n<p>序号<span style=\"color:#e74c3c\">【006】</span></p>\r\n\r\n<p>链接: https://pan.baidu.com/s/104SO3vEX0lXjqZaxpqLaEg?pwd=bgyv 提取码: bgyv 复制这段内容后打开百度网盘手机App，操作更方便哦&nbsp;<br />\r\n--来自百度网盘超级会员v5的分享</p>",
            "user": "<img height=\"25px\" src=\"https://dafstatic.oss-cn-beijing.aliyuncs.com/static/title/level4.gif\"><span class=\"orange\">学院搬运工</span>",
            "time": "2023-06-28 14:30:06"
        },
        {
            "id": 99,
            "SourceName": "【005】八玲珑武器装扮礼盒（越王八剑）",
            "SourceType": "武器装扮",
            "view_num": 256,
            "Remark": "<p>为了方便后续补档，分享的都是合集，单个素材请根据序号在合集中找</p>\r\n\r\n<p>序号<span style=\"color:#e74c3c\">【005】</span></p>\r\n\r\n<p>链接: https://pan.baidu.com/s/104SO3vEX0lXjqZaxpqLaEg?pwd=bgyv 提取码: bgyv 复制这段内容后打开百度网盘手机App，操作更方便哦&nbsp;<br />\r\n--来自百度网盘超级会员v5的分享</p>",
            "user": "<img height=\"25px\" src=\"https://dafstatic.oss-cn-beijing.aliyuncs.com/static/title/level4.gif\"><span class=\"orange\">学院搬运工</span>",
            "time": "2023-06-28 14:30:06"
        },
        {
            "id": 34,
            "SourceName": "【008】2021金秋时装 武器装扮(皮肤，带女鬼剑) by帝落",
            "SourceType": "武器装扮",
            "view_num": 152,
            "Remark": "<p>为了方便后续补档，分享的都是合集，单个素材请根据序号在合集中找</p>\r\n\r\n<p>序号<span style=\"color:#e74c3c\">【008】</span></p>\r\n\r\n<p>链接: https://pan.baidu.com/s/104SO3vEX0lXjqZaxpqLaEg?pwd=bgyv 提取码: bgyv 复制这段内容后打开百度网盘手机App，操作更方便哦&nbsp;<br />\r\n--来自百度网盘超级会员v5的分享</p>",
            "user": "<img height=\"25px\" src=\"https://dafstatic.oss-cn-beijing.aliyuncs.com/static/title/level4.gif\"><span class=\"orange\">学院搬运工</span>",
            "time": "2023-06-28 14:30:06"
        },
        {
            "id": 42,
            "SourceName": "【007】蘑菇头联动皮肤 武器装扮（10职业）",
            "SourceType": "武器装扮",
            "view_num": 111,
            "Remark": "<p>为了方便后续补档，分享的都是合集，单个素材请根据序号在合集中找</p>\r\n\r\n<p>序号<span style=\"color:#e74c3c\">【007】</span></p>\r\n\r\n<p>链接: https://pan.baidu.com/s/104SO3vEX0lXjqZaxpqLaEg?pwd=bgyv 提取码: bgyv 复制这段内容后打开百度网盘手机App，操作更方便哦&nbsp;<br />\r\n--来自百度网盘超级会员v5的分享</p>",
            "user": "<img height=\"25px\" src=\"https://dafstatic.oss-cn-beijing.aliyuncs.com/static/title/level4.gif\"><span class=\"orange\">学院搬运工</span>",
            "time": "2023-06-28 14:30:06"
        },
        {
            "id": 104,
            "SourceName": "【004】全职业隐藏型武器装扮(穿上可以隐藏武器)",
            "SourceType": "武器装扮",
            "view_num": 88,
            "Remark": "<p>为了方便后续补档，分享的都是合集，单个素材请根据序号在合集中找</p>\r\n\r\n<p>序号<span style=\"color:#e74c3c\">【004】</span></p>\r\n\r\n<p>链接: https://pan.baidu.com/s/104SO3vEX0lXjqZaxpqLaEg?pwd=bgyv 提取码: bgyv 复制这段内容后打开百度网盘手机App，操作更方便哦&nbsp;<br />\r\n--来自百度网盘超级会员v5的分享</p>",
            "user": "<img height=\"25px\" src=\"https://dafstatic.oss-cn-beijing.aliyuncs.com/static/title/level4.gif\"><span class=\"orange\">学院搬运工</span>",
            "time": "2023-06-28 14:30:06"
        }
    ]
}