{
    "total": 11,
    "rows": [
        {
            "id": 298,
            "SourceName": "女鬼整合完整版",
            "SourceType": "新职业",
            "view_num": 1557,
            "Remark": "<p>链接: https://pan.baidu.com/s/10__LGyCwE_KpL1GtPYXBQA?pwd=aigh 提取码: aigh 复制这段内容后打开百度网盘手机App，操作更方便哦&nbsp;<br />\n--来自百度网盘超级会员v2的分享</p>",
            "user": "<img height=\"25px\" src=\"https://dafstatic.oss-cn-beijing.aliyuncs.com/static/title/level4.gif\"><span class=\"orange\">学院搬运工</span>",
            "time": "2023-07-04 19:33:29"
        },
        {
            "id": 297,
            "SourceName": ":女圣骑添加文件和皮肤（带npk）",
            "SourceType": "新职业",
            "view_num": 824,
            "Remark": "<p>链接: https://pan.baidu.com/s/1b4gUHWWjxJYSM-_zFv3GbQ?pwd=4h5t 提取码: 4h5t 复制这段内容后打开百度网盘手机App，操作更方便哦&nbsp;<br />\n--来自百度网盘超级会员v2的分享</p>",
            "user": "<img height=\"25px\" src=\"https://dafstatic.oss-cn-beijing.aliyuncs.com/static/title/level4.gif\"><span class=\"orange\">学院搬运工</span>",
            "time": "2023-07-04 19:33:06"
        },
        {
            "id": 476,
            "SourceName": "神迹合金奶妈",
            "SourceType": "新职业",
            "view_num": 727,
            "Remark": "<p>链接: https://pan.baidu.com/s/1o1AaKspMuazROZR3elp2DA?pwd=jh3j 提取码: jh3j 复制这段内容后打开百度网盘手机App，操作更方便哦&nbsp;<br />\n--来自百度网盘超级会员v4的分享</p>",
            "user": "<img height=\"25px\" src=\"https://dafstatic.oss-cn-beijing.aliyuncs.com/static/title/level4.gif\"><span class=\"orange\">学院搬运工</span>",
            "time": "2024-04-22 14:32:09"
        },
        {
            "id": 457,
            "SourceName": "单女圣职四姨",
            "SourceType": "新职业",
            "view_num": 599,
            "Remark": "<p>链接：https://pan.baidu.com/s/1tirVr347i-KyZuoqO9EowQ&nbsp;<br />\n提取码：hznb&nbsp;<br />\n--来自百度网盘超级会员V5的分享</p>\n\n<p>&nbsp;</p>\n\n<p>&nbsp;</p>\n\n<p>放个单四姨，如果有问题自行量力修复吧<img alt=\"wink\" height=\"23\" src=\"https://www.dafschool.site/static/ckeditor/ckeditor/plugins/smiley/images/wink_smile.png\" title=\"wink\" width=\"23\" /></p>",
            "user": "<img height=\"25px\" src=\"https://dafstatic.oss-cn-beijing.aliyuncs.com/static/title/level2.gif\">虎子i",
            "time": "2023-12-19 09:42:16"
        },
        {
            "id": 474,
            "SourceName": "长青五女鬼修复版<span style='margin-left: 2px;padding-left: 16px;color: blue;text-align: center;background: url(/static/images/msg.png) no-repeat; center' title='回复'>1</span>",
            "SourceType": "新职业",
            "view_num": 596,
            "Remark": "<p>链接: https://pan.baidu.com/s/1W9zMWT_h_uB_VvbnvsQbOw?pwd=ibjg 提取码: ibjg 复制这段内容后打开百度网盘手机App，操作更方便哦&nbsp;<br />\n--来自百度网盘超级会员v4的分享</p>",
            "user": "<img height=\"25px\" src=\"https://dafstatic.oss-cn-beijing.aliyuncs.com/static/title/level4.gif\"><span class=\"orange\">学院搬运工</span>",
            "time": "2024-04-22 14:31:11"
        },
        {
            "id": 477,
            "SourceName": "女圣骑添加文件和皮肤",
            "SourceType": "新职业",
            "view_num": 567,
            "Remark": "<p>链接: https://pan.baidu.com/s/1uRMtpieo-M43q0iXP_xevA?pwd=b565 提取码: b565 复制这段内容后打开百度网盘手机App，操作更方便哦&nbsp;<br />\n--来自百度网盘超级会员v4的分享</p>",
            "user": "<img height=\"25px\" src=\"https://dafstatic.oss-cn-beijing.aliyuncs.com/static/title/level4.gif\"><span class=\"orange\">学院搬运工</span>",
            "time": "2024-04-22 14:32:56"
        },
        {
            "id": 475,
            "SourceName": "长青女圣职",
            "SourceType": "新职业",
            "view_num": 539,
            "Remark": "<p>链接: https://pan.baidu.com/s/1V3GyMxodHZXF6Liy_Awovg?pwd=upqt 提取码: upqt 复制这段内容后打开百度网盘手机App，操作更方便哦&nbsp;<br />\n--来自百度网盘超级会员v4的分享</p>",
            "user": "<img height=\"25px\" src=\"https://dafstatic.oss-cn-beijing.aliyuncs.com/static/title/level4.gif\"><span class=\"orange\">学院搬运工</span>",
            "time": "2024-04-22 14:31:41"
        },
        {
            "id": 296,
            "SourceName": "完美奶萝",
            "SourceType": "新职业",
            "view_num": 505,
            "Remark": "<p>链接: https://pan.baidu.com/s/1GSMd9e03TIcEnZal1W0BZA?pwd=m5hj 提取码: m5hj 复制这段内容后打开百度网盘手机App，操作更方便哦&nbsp;<br />\n--来自百度网盘超级会员v2的分享</p>",
            "user": "<img height=\"25px\" src=\"https://dafstatic.oss-cn-beijing.aliyuncs.com/static/title/level4.gif\"><span class=\"orange\">学院搬运工</span>",
            "time": "2023-07-04 19:32:41"
        },
        {
            "id": 299,
            "SourceName": "完美女鬼和110套配套时装",
            "SourceType": "新职业",
            "view_num": 422,
            "Remark": "<p>链接: https://pan.baidu.com/s/1xaCU_ngr5Lt0awpcN-mtBg?pwd=2siw 提取码: 2siw 复制这段内容后打开百度网盘手机App，操作更方便哦&nbsp;<br />\n--来自百度网盘超级会员v2的分享</p>",
            "user": "<img height=\"25px\" src=\"https://dafstatic.oss-cn-beijing.aliyuncs.com/static/title/level4.gif\"><span class=\"orange\">学院搬运工</span>",
            "time": "2023-07-04 19:34:04"
        },
        {
            "id": 301,
            "SourceName": "剑鬼<span style='margin-left: 2px;padding-left: 16px;color: blue;text-align: center;background: url(/static/images/msg.png) no-repeat; center' title='回复'>1</span>",
            "SourceType": "新职业",
            "view_num": 412,
            "Remark": "<p>链接: https://pan.baidu.com/s/14Qmhjr620Gih0VVUQEFb6Q?pwd=mwng 提取码: mwng 复制这段内容后打开百度网盘手机App，操作更方便哦&nbsp;<br />\n--来自百度网盘超级会员v2的分享</p>",
            "user": "<img height=\"25px\" src=\"https://dafstatic.oss-cn-beijing.aliyuncs.com/static/title/level4.gif\"><span class=\"orange\">学院搬运工</span>",
            "time": "2023-07-04 19:35:56"
        },
        {
            "id": 300,
            "SourceName": "女鬼添加文件和皮肤（带npk）",
            "SourceType": "新职业",
            "view_num": 366,
            "Remark": "<p>链接: https://pan.baidu.com/s/1CIrV7VwRaJsx_3AIwcnhfw?pwd=4mwn 提取码: 4mwn 复制这段内容后打开百度网盘手机App，操作更方便哦&nbsp;<br />\n--来自百度网盘超级会员v2的分享</p>",
            "user": "<img height=\"25px\" src=\"https://dafstatic.oss-cn-beijing.aliyuncs.com/static/title/level4.gif\"><span class=\"orange\">学院搬运工</span>",
            "time": "2023-07-04 19:34:23"
        }
    ]
}