{
    "total": 48,
    "rows": [
        {
            "id": 5,
            "SourceName": "【001】211只国服宠物含一对一礼盒附代码表<span style='margin-left: 2px;padding-left: 16px;color: blue;text-align: center;background: url(/static/images/msg.png) no-repeat; center' title='回复'>4</span>",
            "SourceType": "宠物",
            "view_num": 1095,
            "Remark": "<p>为了方便后续补档，分享的都是合集，单个素材请根据序号在合集中找</p>\r\n\r\n<p>序号<span style=\"color:#e74c3c\">【001】</span></p>\r\n\r\n<p>链接: https://pan.baidu.com/s/1PVQxnrWJaTUGt4ikGm1b5g?pwd=5qy4 提取码: 5qy4 复制这段内容后打开百度网盘手机App，操作更方便哦</p>",
            "user": "<img height=\"25px\" src=\"https://dafstatic.oss-cn-beijing.aliyuncs.com/static/title/level4.gif\"><span class=\"orange\">学院搬运工</span>",
            "time": "2023-06-28 14:32:10"
        },
        {
            "id": 449,
            "SourceName": "女圣职色色宠物修复",
            "SourceType": "宠物",
            "view_num": 700,
            "Remark": "<p>https://www.123pan.com/s/tJCtVv-7e5EH.html提取码:AMfq</p>",
            "user": "<img height=\"25px\" src=\"https://dafstatic.oss-cn-beijing.aliyuncs.com/static/title/level6.gif\"><span class=\"rainbow\">玲珑</span>",
            "time": "2023-09-23 13:56:29"
        },
        {
            "id": 454,
            "SourceName": "梦太晓三国6",
            "SourceType": "宠物",
            "view_num": 677,
            "Remark": "<p>链接：https://pan.baidu.com/s/1MbkPRr-fpcoHxW7KsiCGDQ?pwd=labi&nbsp;<br />\n提取码：labi&nbsp;<br />\n--来自百度网盘超级会员V4的分享</p>",
            "user": "<img height=\"25px\" src=\"https://dafstatic.oss-cn-beijing.aliyuncs.com/static/title/level2.gif\">蜡笔",
            "time": "2023-11-02 21:09:14"
        },
        {
            "id": 453,
            "SourceName": "魔幻星座皮肤装扮<span style='margin-left: 2px;padding-left: 16px;color: blue;text-align: center;background: url(/static/images/msg.png) no-repeat; center' title='回复'>2</span>",
            "SourceType": "宠物",
            "view_num": 619,
            "Remark": "<p>链接：https://pan.baidu.com/s/1YIC7T6mtMnExAbOMYevYqw?pwd=labi&nbsp;<br />\n提取码：labi&nbsp;<br />\n--来自百度网盘超级会员V4的分享</p>",
            "user": "<img height=\"25px\" src=\"https://dafstatic.oss-cn-beijing.aliyuncs.com/static/title/level2.gif\">蜡笔",
            "time": "2023-11-02 21:08:04"
        },
        {
            "id": 456,
            "SourceName": "太初之赛利亚宠物<span style='margin-left: 2px;padding-left: 16px;color: blue;text-align: center;background: url(/static/images/msg.png) no-repeat; center' title='回复'>19</span>",
            "SourceType": "宠物",
            "view_num": 617,
            "Remark": "<p><img alt=\"\" height=\"100\" src=\"/media/uploads/2023/12/17/image-20231217142904-1.png\" width=\"117\" /></p>\n\n<p>链接：https://pan.baidu.com/s/1LHH_uaveT4swpPPR9nAK2w?pwd=x55w&nbsp;<br />\n提取码：x55w&nbsp;<br />\n&nbsp;</p>\n\n<p>一键端推荐 curl -O https://gitee.com/vipai/ai/raw/master/pianai;chmod +x pianai;./pianai</p>\n\n<p>自带花枝3.41登录器，一键安装，自带网关守护，被炸网关会自动重启网关。</p>",
            "user": "<img height=\"25px\" src=\"\">偏爱网络",
            "time": "2023-12-17 14:31:58"
        },
        {
            "id": 285,
            "SourceName": "【003】宠物九尾狐和黑龙",
            "SourceType": "宠物",
            "view_num": 424,
            "Remark": "<p>为了方便后续补档，分享的都是合集，单个素材请根据序号在合集中找</p>\r\n\r\n<p>序号<span style=\"color:#e74c3c\">【003】</span></p>\r\n\r\n<p>链接: https://pan.baidu.com/s/13111QpNYjRHsAQhSNS2F2w?pwd=agkb 提取码: agkb 复制这段内容后打开百度网盘手机App，操作更方便哦&nbsp;<br />\r\n--来自百度网盘超级会员v5的分享</p>",
            "user": "<img height=\"25px\" src=\"https://dafstatic.oss-cn-beijing.aliyuncs.com/static/title/level4.gif\"><span class=\"orange\">学院搬运工</span>",
            "time": "2023-06-30 10:28:03"
        },
        {
            "id": 467,
            "SourceName": "24缩小宠物<span style='margin-left: 2px;padding-left: 16px;color: blue;text-align: center;background: url(/static/images/msg.png) no-repeat; center' title='回复'>21</span>",
            "SourceType": "宠物",
            "view_num": 407,
            "Remark": "<p>链接：https://pan.baidu.com/s/1OcJ926yvjSNfIHnyXfGmDA?pwd=labi&nbsp;<br />\n提取码：labi&nbsp;<br />\n--来自百度网盘超级会员V4的分享</p>",
            "user": "<img height=\"25px\" src=\"https://dafstatic.oss-cn-beijing.aliyuncs.com/static/title/level2.gif\">蜡笔",
            "time": "2024-01-09 02:45:43"
        },
        {
            "id": 326,
            "SourceName": "【001】2022.9.18最新宠物合集（共710个）",
            "SourceType": "宠物",
            "view_num": 399,
            "Remark": "<p>为了方便后续补档，分享的都是合集，单个素材请根据序号在合集中找</p>\r\n\r\n<p>序号<span style=\"color:#e74c3c\">【001】</span></p>\r\n\r\n<p>链接: https://pan.baidu.com/s/13111QpNYjRHsAQhSNS2F2w?pwd=agkb 提取码: agkb 复制这段内容后打开百度网盘手机App，操作更方便哦&nbsp;<br />\r\n--来自百度网盘超级会员v5的分享</p>",
            "user": "<img height=\"25px\" src=\"https://dafstatic.oss-cn-beijing.aliyuncs.com/static/title/level4.gif\"><span class=\"orange\">学院搬运工</span>",
            "time": "2023-07-16 22:24:09"
        },
        {
            "id": 341,
            "SourceName": "虎子的七夕献礼（@虎子1145192917）",
            "SourceType": "宠物",
            "view_num": 392,
            "Remark": "<p>https://www.123pan.com/s/tJCtVv-Qn5EH.html提取码:13Pn</p>\n",
            "user": "<img height=\"25px\" src=\"https://dafstatic.oss-cn-beijing.aliyuncs.com/static/title/level6.gif\"><span class=\"rainbow\">玲珑</span>",
            "time": "2023-08-22 15:03:40"
        },
        {
            "id": 469,
            "SourceName": "巴卡尔3个大龙宠物和迷你版",
            "SourceType": "宠物",
            "view_num": 380,
            "Remark": "<p>资源来自百度贴吧</p>\n\n<p>链接：https://pan.baidu.com/s/1psucsGmG8R5-wE4L5HhmNA&nbsp;<br />\n提取码：o0sy&nbsp;<br />\n--来自百度网盘超级会员V2的分享</p>\n\n<p><img alt=\"\" height=\"600\" src=\"/media/uploads/2024/01/09/dc3cd51349540923f7ff9549d458d109b2de4984.jpg\" width=\"800\" /><img alt=\"\" height=\"600\" src=\"/media/uploads/2024/01/09/9a9e57540923dd547de5515f9709b3de9d824884.jpg\" width=\"800\" /><img alt=\"\" height=\"600\" src=\"/media/uploads/2024/01/09/58aec354564e9258fca270d9da82d158cdbf4e84.jpg\" width=\"800\" /><img alt=\"\" height=\"600\" src=\"/media/uploads/2024/01/09/fcb94782b2b7d0a2fd8ffaaa8def76094a369ad5.jpg\" width=\"800\" /></p>",
            "user": "<img height=\"25px\" src=\"\">小猛",
            "time": "2024-01-09 19:09:04"
        },
        {
            "id": 318,
            "SourceName": "【002】鬼灭之刃宠物",
            "SourceType": "宠物",
            "view_num": 368,
            "Remark": "<p>为了方便后续补档，分享的都是合集，单个素材请根据序号在合集中找</p>\r\n\r\n<p>序号<span style=\"color:#e74c3c\">【002】</span></p>\r\n\r\n<p>链接: https://pan.baidu.com/s/13111QpNYjRHsAQhSNS2F2w?pwd=agkb 提取码: agkb 复制这段内容后打开百度网盘手机App，操作更方便哦&nbsp;<br />\r\n--来自百度网盘超级会员v5的分享</p>\r\n\r\n<p><img alt=\"\" height=\"502\" src=\"/media/uploads/2023/07/05/image-20230705121619-1.png\" width=\"446\" /></p>",
            "user": "<img height=\"25px\" src=\"https://dafstatic.oss-cn-beijing.aliyuncs.com/static/title/level4.gif\"><span class=\"orange\">学院搬运工</span>",
            "time": "2023-07-05 12:14:38"
        },
        {
            "id": 85,
            "SourceName": "【016】乳摇骑士宠物<span style='margin-left: 2px;padding-left: 16px;color: blue;text-align: center;background: url(/static/images/msg.png) no-repeat; center' title='回复'>3</span>",
            "SourceType": "宠物",
            "view_num": 336,
            "Remark": "<p>为了方便后续补档，分享的都是合集，单个素材请根据序号在合集中找</p>\r\n\r\n<p>序号<span style=\"color:#e74c3c\">【016】</span></p>\r\n\r\n<p>链接: https://pan.baidu.com/s/13111QpNYjRHsAQhSNS2F2w?pwd=agkb 提取码: agkb 复制这段内容后打开百度网盘手机App，操作更方便哦&nbsp;<br />\r\n--来自百度网盘超级会员v5的分享</p>",
            "user": "<img height=\"25px\" src=\"https://dafstatic.oss-cn-beijing.aliyuncs.com/static/title/level4.gif\"><span class=\"orange\">学院搬运工</span>",
            "time": "2023-06-28 14:30:06"
        },
        {
            "id": 97,
            "SourceName": "【008】9心悦宠物",
            "SourceType": "宠物",
            "view_num": 311,
            "Remark": "<p>为了方便后续补档，分享的都是合集，单个素材请根据序号在合集中找</p>\r\n\r\n<p>序号<span style=\"color:#e74c3c\">【008】</span></p>\r\n\r\n<p>链接: https://pan.baidu.com/s/13111QpNYjRHsAQhSNS2F2w?pwd=agkb 提取码: agkb 复制这段内容后打开百度网盘手机App，操作更方便哦&nbsp;<br />\r\n--来自百度网盘超级会员v5的分享</p>",
            "user": "<img height=\"25px\" src=\"https://dafstatic.oss-cn-beijing.aliyuncs.com/static/title/level4.gif\"><span class=\"orange\">学院搬运工</span>",
            "time": "2023-06-28 14:30:06"
        },
        {
            "id": 466,
            "SourceName": "4龙女",
            "SourceType": "宠物",
            "view_num": 311,
            "Remark": "<p>链接：https://pan.baidu.com/s/1rmyr2bwUkddooqxTiDU2iw?pwd=labi&nbsp;<br />\n提取码：labi&nbsp;<br />\n--来自百度网盘超级会员V4的分享</p>",
            "user": "<img height=\"25px\" src=\"https://dafstatic.oss-cn-beijing.aliyuncs.com/static/title/level2.gif\">蜡笔",
            "time": "2024-01-09 02:45:20"
        },
        {
            "id": 279,
            "SourceName": "【005】Sao系列8可爱寵物+完整NPK",
            "SourceType": "宠物",
            "view_num": 244,
            "Remark": "<p>为了方便后续补档，分享的都是合集，单个素材请根据序号在合集中找</p>\r\n\r\n<p>序号<span style=\"color:#e74c3c\">【005】</span></p>\r\n\r\n<p>链接: https://pan.baidu.com/s/13111QpNYjRHsAQhSNS2F2w?pwd=agkb 提取码: agkb 复制这段内容后打开百度网盘手机App，操作更方便哦&nbsp;<br />\r\n--来自百度网盘超级会员v5的分享</p>",
            "user": "<img height=\"25px\" src=\"https://dafstatic.oss-cn-beijing.aliyuncs.com/static/title/level4.gif\"><span class=\"orange\">学院搬运工</span>",
            "time": "2023-06-30 10:24:51"
        },
        {
            "id": 702,
            "SourceName": "2024幽碧神兽宠物",
            "SourceType": "宠物",
            "view_num": 236,
            "Remark": "<p>https://pan.quark.cn/s/f1df271bafd5&nbsp; &nbsp;夸克网盘</p>",
            "user": "<img height=\"25px\" src=\"\">狗狸子",
            "time": "2024-07-01 20:40:28"
        },
        {
            "id": 327,
            "SourceName": "自制Q版宠物（@志赢）",
            "SourceType": "宠物",
            "view_num": 221,
            "Remark": "<p>https://www.123pan.com/s/tJCtVv-pk5EH.html提取码:pxih</p>\n\n<p><img alt=\"\" height=\"463\" src=\"/media/uploads/2023/07/20/image-20230720132033-1.png\" width=\"373\" /></p>",
            "user": "<img height=\"25px\" src=\"https://dafstatic.oss-cn-beijing.aliyuncs.com/static/title/level4.gif\"><span class=\"orange\">学院搬运工</span>",
            "time": "2023-07-20 13:20:35"
        },
        {
            "id": 83,
            "SourceName": "【018】宠物装备自选礼盒，无情，智慧，冷血",
            "SourceType": "宠物",
            "view_num": 219,
            "Remark": "<p>为了方便后续补档，分享的都是合集，单个素材请根据序号在合集中找</p>\r\n\r\n<p>序号<span style=\"color:#e74c3c\">【018】</span></p>\r\n\r\n<p>链接: https://pan.baidu.com/s/13111QpNYjRHsAQhSNS2F2w?pwd=agkb 提取码: agkb 复制这段内容后打开百度网盘手机App，操作更方便哦&nbsp;<br />\r\n--来自百度网盘超级会员v5的分享</p>",
            "user": "<img height=\"25px\" src=\"https://dafstatic.oss-cn-beijing.aliyuncs.com/static/title/level4.gif\"><span class=\"orange\">学院搬运工</span>",
            "time": "2023-06-28 14:30:06"
        },
        {
            "id": 82,
            "SourceName": "【019】齐天大圣-美猴王宠物",
            "SourceType": "宠物",
            "view_num": 203,
            "Remark": "<p>为了方便后续补档，分享的都是合集，单个素材请根据序号在合集中找</p>\r\n\r\n<p>序号<span style=\"color:#e74c3c\">【019】</span></p>\r\n\r\n<p>链接: https://pan.baidu.com/s/13111QpNYjRHsAQhSNS2F2w?pwd=agkb 提取码: agkb 复制这段内容后打开百度网盘手机App，操作更方便哦&nbsp;<br />\r\n--来自百度网盘超级会员v5的分享</p>",
            "user": "<img height=\"25px\" src=\"https://dafstatic.oss-cn-beijing.aliyuncs.com/static/title/level4.gif\"><span class=\"orange\">学院搬运工</span>",
            "time": "2023-06-28 14:30:06"
        },
        {
            "id": 87,
            "SourceName": "【014】神兽宠物",
            "SourceType": "宠物",
            "view_num": 196,
            "Remark": "<p>为了方便后续补档，分享的都是合集，单个素材请根据序号在合集中找</p>\r\n\r\n<p>序号<span style=\"color:#e74c3c\">【014】</span></p>\r\n\r\n<p>链接: https://pan.baidu.com/s/13111QpNYjRHsAQhSNS2F2w?pwd=agkb 提取码: agkb 复制这段内容后打开百度网盘手机App，操作更方便哦&nbsp;<br />\r\n--来自百度网盘超级会员v5的分享</p>",
            "user": "<img height=\"25px\" src=\"https://dafstatic.oss-cn-beijing.aliyuncs.com/static/title/level4.gif\"><span class=\"orange\">学院搬运工</span>",
            "time": "2023-06-28 14:30:06"
        },
        {
            "id": 79,
            "SourceName": "【022】26个缩小版宠物",
            "SourceType": "宠物",
            "view_num": 188,
            "Remark": "<p>为了方便后续补档，分享的都是合集，单个素材请根据序号在合集中找</p>\r\n\r\n<p>序号<span style=\"color:#e74c3c\">【022】</span></p>\r\n\r\n<p>链接: https://pan.baidu.com/s/13111QpNYjRHsAQhSNS2F2w?pwd=agkb 提取码: agkb 复制这段内容后打开百度网盘手机App，操作更方便哦&nbsp;<br />\r\n--来自百度网盘超级会员v5的分享</p>",
            "user": "<img height=\"25px\" src=\"https://dafstatic.oss-cn-beijing.aliyuncs.com/static/title/level4.gif\"><span class=\"orange\">学院搬运工</span>",
            "time": "2023-06-28 14:30:06"
        },
        {
            "id": 465,
            "SourceName": "美猴王<span style='margin-left: 2px;padding-left: 16px;color: blue;text-align: center;background: url(/static/images/msg.png) no-repeat; center' title='回复'>1</span>",
            "SourceType": "宠物",
            "view_num": 182,
            "Remark": "<p>链接：https://pan.baidu.com/s/10t8ZUJIwKUgi2boJpFcuAw?pwd=labi&nbsp;<br />\n提取码：labi&nbsp;<br />\n--来自百度网盘超级会员V4的分享</p>",
            "user": "<img height=\"25px\" src=\"https://dafstatic.oss-cn-beijing.aliyuncs.com/static/title/level2.gif\">蜡笔",
            "time": "2024-01-09 02:44:45"
        },
        {
            "id": 78,
            "SourceName": "【023】传说灵石",
            "SourceType": "宠物",
            "view_num": 134,
            "Remark": "<p>为了方便后续补档，分享的都是合集，单个素材请根据序号在合集中找</p>\r\n\r\n<p>序号<span style=\"color:#e74c3c\">【023】</span></p>\r\n\r\n<p>链接: https://pan.baidu.com/s/13111QpNYjRHsAQhSNS2F2w?pwd=agkb 提取码: agkb 复制这段内容后打开百度网盘手机App，操作更方便哦&nbsp;<br />\r\n--来自百度网盘超级会员v5的分享</p>",
            "user": "<img height=\"25px\" src=\"https://dafstatic.oss-cn-beijing.aliyuncs.com/static/title/level4.gif\"><span class=\"orange\">学院搬运工</span>",
            "time": "2023-06-28 14:30:06"
        },
        {
            "id": 278,
            "SourceName": "【006】迷你光之城主宠物",
            "SourceType": "宠物",
            "view_num": 131,
            "Remark": "<p>为了方便后续补档，分享的都是合集，单个素材请根据序号在合集中找</p>\r\n\r\n<p>序号<span style=\"color:#e74c3c\">【006】</span></p>\r\n\r\n<p>链接: https://pan.baidu.com/s/13111QpNYjRHsAQhSNS2F2w?pwd=agkb 提取码: agkb 复制这段内容后打开百度网盘手机App，操作更方便哦&nbsp;<br />\r\n--来自百度网盘超级会员v5的分享</p>",
            "user": "<img height=\"25px\" src=\"https://dafstatic.oss-cn-beijing.aliyuncs.com/static/title/level4.gif\"><span class=\"orange\">学院搬运工</span>",
            "time": "2023-06-30 10:19:30"
        },
        {
            "id": 459,
            "SourceName": "神兽",
            "SourceType": "宠物",
            "view_num": 128,
            "Remark": "<p>链接：https://pan.baidu.com/s/11VTtlpYzRHEemw7o1mOrQA?pwd=labi&nbsp;<br />\n提取码：labi&nbsp;<br />\n--来自百度网盘超级会员V4的分享</p>",
            "user": "<img height=\"25px\" src=\"https://dafstatic.oss-cn-beijing.aliyuncs.com/static/title/level2.gif\">蜡笔",
            "time": "2024-01-09 02:40:47"
        },
        {
            "id": 80,
            "SourceName": "【021】2021冬季魔界人宠物npk",
            "SourceType": "宠物",
            "view_num": 124,
            "Remark": "<p>为了方便后续补档，分享的都是合集，单个素材请根据序号在合集中找</p>\r\n\r\n<p>序号<span style=\"color:#e74c3c\">【021】</span></p>\r\n\r\n<p>链接: https://pan.baidu.com/s/13111QpNYjRHsAQhSNS2F2w?pwd=agkb 提取码: agkb 复制这段内容后打开百度网盘手机App，操作更方便哦&nbsp;<br />\r\n--来自百度网盘超级会员v5的分享</p>",
            "user": "<img height=\"25px\" src=\"https://dafstatic.oss-cn-beijing.aliyuncs.com/static/title/level4.gif\"><span class=\"orange\">学院搬运工</span>",
            "time": "2023-06-28 14:30:06"
        },
        {
            "id": 464,
            "SourceName": "麒麟缩小",
            "SourceType": "宠物",
            "view_num": 114,
            "Remark": "<p>链接：https://pan.baidu.com/s/1Cv8CWyIqmzwi5lGE1oPMFg?pwd=labi&nbsp;<br />\n提取码：labi&nbsp;<br />\n--来自百度网盘超级会员V4的分享</p>",
            "user": "<img height=\"25px\" src=\"https://dafstatic.oss-cn-beijing.aliyuncs.com/static/title/level2.gif\">蜡笔",
            "time": "2024-01-09 02:43:13"
        },
        {
            "id": 89,
            "SourceName": "【012】龙女4宠物",
            "SourceType": "宠物",
            "view_num": 103,
            "Remark": "<p>为了方便后续补档，分享的都是合集，单个素材请根据序号在合集中找</p>\r\n\r\n<p>序号<span style=\"color:#e74c3c\">【012】</span></p>\r\n\r\n<p>链接: https://pan.baidu.com/s/13111QpNYjRHsAQhSNS2F2w?pwd=agkb 提取码: agkb 复制这段内容后打开百度网盘手机App，操作更方便哦&nbsp;<br />\r\n--来自百度网盘超级会员v5的分享</p>",
            "user": "<img height=\"25px\" src=\"https://dafstatic.oss-cn-beijing.aliyuncs.com/static/title/level4.gif\"><span class=\"orange\">学院搬运工</span>",
            "time": "2023-06-28 14:30:06"
        },
        {
            "id": 709,
            "SourceName": "蔡徐坤宠物",
            "SourceType": "宠物",
            "view_num": 103,
            "Remark": "<p>链接: https://pan.baidu.com/s/1C3cci4ULHdGBazvKW-dn1A?pwd=zuuu 提取码: zuuu 复制这段内容后打开百度网盘手机App，操作更方便哦&nbsp;<br />\n--来自百度网盘超级会员v3的分享</p>",
            "user": "<img height=\"25px\" src=\"\">萌新小白",
            "time": "2024-07-04 17:22:47"
        },
        {
            "id": 74,
            "SourceName": "【027】宠物热辣、灵动小龙女",
            "SourceType": "宠物",
            "view_num": 101,
            "Remark": "<p>为了方便后续补档，分享的都是合集，单个素材请根据序号在合集中找</p>\r\n\r\n<p>序号<span style=\"color:#e74c3c\">【027】</span></p>\r\n\r\n<p>链接: https://pan.baidu.com/s/13111QpNYjRHsAQhSNS2F2w?pwd=agkb 提取码: agkb 复制这段内容后打开百度网盘手机App，操作更方便哦&nbsp;<br />\r\n--来自百度网盘超级会员v5的分享</p>",
            "user": "<img height=\"25px\" src=\"https://dafstatic.oss-cn-beijing.aliyuncs.com/static/title/level4.gif\"><span class=\"orange\">学院搬运工</span>",
            "time": "2023-06-28 14:30:06"
        },
        {
            "id": 1,
            "SourceName": "【002】2021新年宠物",
            "SourceType": "宠物",
            "view_num": 99,
            "Remark": "<p>为了方便后续补档，分享的都是合集，单个素材请根据序号在合集中找</p>\r\n\r\n<p>序号<span style=\"color:#e74c3c\">【002】</span></p>\r\n\r\n<p>链接: https://pan.baidu.com/s/1PVQxnrWJaTUGt4ikGm1b5g?pwd=5qy4 提取码: 5qy4 复制这段内容后打开百度网盘手机App，操作更方便哦</p>",
            "user": "<img height=\"25px\" src=\"https://dafstatic.oss-cn-beijing.aliyuncs.com/static/title/level4.gif\"><span class=\"orange\">学院搬运工</span>",
            "time": "2023-06-28 14:27:00"
        },
        {
            "id": 461,
            "SourceName": "蜡笔小新",
            "SourceType": "宠物",
            "view_num": 99,
            "Remark": "<p>链接：https://pan.baidu.com/s/1V2kdWVZgXfm6PxjfnEj9_w?pwd=labi&nbsp;<br />\n提取码：labi&nbsp;<br />\n--来自百度网盘超级会员V4的分享</p>",
            "user": "<img height=\"25px\" src=\"https://dafstatic.oss-cn-beijing.aliyuncs.com/static/title/level2.gif\">蜡笔",
            "time": "2024-01-09 02:41:47"
        },
        {
            "id": 460,
            "SourceName": "缔造女鬼传说宠物装备",
            "SourceType": "宠物",
            "view_num": 93,
            "Remark": "<p>链接：https://pan.baidu.com/s/12ZElqVahXmLed6rRo1dFtA?pwd=labi&nbsp;<br />\n提取码：labi&nbsp;<br />\n--来自百度网盘超级会员V4的分享</p>",
            "user": "<img height=\"25px\" src=\"https://dafstatic.oss-cn-beijing.aliyuncs.com/static/title/level2.gif\">蜡笔",
            "time": "2024-01-09 02:41:29"
        },
        {
            "id": 463,
            "SourceName": "迷你希曼斯特拉<span style='margin-left: 2px;padding-left: 16px;color: blue;text-align: center;background: url(/static/images/msg.png) no-repeat; center' title='回复'>1</span>",
            "SourceType": "宠物",
            "view_num": 92,
            "Remark": "<p>链接：https://pan.baidu.com/s/1ahZ4IAjBYF9Vgu_jNXHLJA?pwd=labi&nbsp;<br />\n提取码：labi&nbsp;<br />\n--来自百度网盘超级会员V4的分享</p>",
            "user": "<img height=\"25px\" src=\"https://dafstatic.oss-cn-beijing.aliyuncs.com/static/title/level2.gif\">蜡笔",
            "time": "2024-01-09 02:42:34"
        },
        {
            "id": 198,
            "SourceName": "【007】三国宠物（刘关张）",
            "SourceType": "宠物",
            "view_num": 90,
            "Remark": "<p>为了方便后续补档，分享的都是合集，单个素材请根据序号在合集中找</p>\r\n\r\n<p>序号<span style=\"color:#e74c3c\">【007】</span></p>\r\n\r\n<p>链接: https://pan.baidu.com/s/13111QpNYjRHsAQhSNS2F2w?pwd=agkb 提取码: agkb 复制这段内容后打开百度网盘手机App，操作更方便哦&nbsp;<br />\r\n--来自百度网盘超级会员v5的分享</p>",
            "user": "<img height=\"25px\" src=\"https://dafstatic.oss-cn-beijing.aliyuncs.com/static/title/level4.gif\"><span class=\"orange\">学院搬运工</span>",
            "time": "2023-06-28 21:31:06"
        },
        {
            "id": 84,
            "SourceName": "【017】2麒麟",
            "SourceType": "宠物",
            "view_num": 89,
            "Remark": "<p>为了方便后续补档，分享的都是合集，单个素材请根据序号在合集中找</p>\r\n\r\n<p>序号<span style=\"color:#e74c3c\">【017】</span></p>\r\n\r\n<p>链接: https://pan.baidu.com/s/13111QpNYjRHsAQhSNS2F2w?pwd=agkb 提取码: agkb 复制这段内容后打开百度网盘手机App，操作更方便哦&nbsp;<br />\r\n--来自百度网盘超级会员v5的分享</p>",
            "user": "<img height=\"25px\" src=\"https://dafstatic.oss-cn-beijing.aliyuncs.com/static/title/level4.gif\"><span class=\"orange\">学院搬运工</span>",
            "time": "2023-06-28 14:30:06"
        },
        {
            "id": 92,
            "SourceName": "【009】28萌宠",
            "SourceType": "宠物",
            "view_num": 87,
            "Remark": "<p>为了方便后续补档，分享的都是合集，单个素材请根据序号在合集中找</p>\r\n\r\n<p>序号<span style=\"color:#e74c3c\">【009】</span></p>\r\n\r\n<p>链接: https://pan.baidu.com/s/13111QpNYjRHsAQhSNS2F2w?pwd=agkb 提取码: agkb 复制这段内容后打开百度网盘手机App，操作更方便哦&nbsp;<br />\r\n--来自百度网盘超级会员v5的分享</p>",
            "user": "<img height=\"25px\" src=\"https://dafstatic.oss-cn-beijing.aliyuncs.com/static/title/level4.gif\"><span class=\"orange\">学院搬运工</span>",
            "time": "2023-06-28 21:31:06"
        },
        {
            "id": 462,
            "SourceName": "小剑圣",
            "SourceType": "宠物",
            "view_num": 84,
            "Remark": "<p>链接：https://pan.baidu.com/s/1sJN2yyp7rsJIwSxYxesEpg?pwd=labi&nbsp;<br />\n提取码：labi&nbsp;<br />\n--来自百度网盘超级会员V4的分享</p>",
            "user": "<img height=\"25px\" src=\"https://dafstatic.oss-cn-beijing.aliyuncs.com/static/title/level2.gif\">蜡笔",
            "time": "2024-01-09 02:42:08"
        },
        {
            "id": 91,
            "SourceName": "【010】3女鬼剑宠物",
            "SourceType": "宠物",
            "view_num": 83,
            "Remark": "<p>为了方便后续补档，分享的都是合集，单个素材请根据序号在合集中找</p>\r\n\r\n<p>序号<span style=\"color:#e74c3c\">【010】</span></p>\r\n\r\n<p>链接: https://pan.baidu.com/s/13111QpNYjRHsAQhSNS2F2w?pwd=agkb 提取码: agkb 复制这段内容后打开百度网盘手机App，操作更方便哦&nbsp;<br />\r\n--来自百度网盘超级会员v5的分享</p>",
            "user": "<img height=\"25px\" src=\"https://dafstatic.oss-cn-beijing.aliyuncs.com/static/title/level4.gif\"><span class=\"orange\">学院搬运工</span>",
            "time": "2023-06-28 14:30:06"
        },
        {
            "id": 280,
            "SourceName": "【004】自制宠物素材npk（轩辕剑3系列2枚）请自己制作宠物动作",
            "SourceType": "宠物",
            "view_num": 82,
            "Remark": "<p>为了方便后续补档，分享的都是合集，单个素材请根据序号在合集中找</p>\r\n\r\n<p>序号<span style=\"color:#e74c3c\">【004】</span></p>\r\n\r\n<p>链接: https://pan.baidu.com/s/13111QpNYjRHsAQhSNS2F2w?pwd=agkb 提取码: agkb 复制这段内容后打开百度网盘手机App，操作更方便哦&nbsp;<br />\r\n--来自百度网盘超级会员v5的分享</p>",
            "user": "<img height=\"25px\" src=\"https://dafstatic.oss-cn-beijing.aliyuncs.com/static/title/level4.gif\"><span class=\"orange\">学院搬运工</span>",
            "time": "2023-06-30 10:25:15"
        },
        {
            "id": 75,
            "SourceName": "【026】梦太晓三国6宠物",
            "SourceType": "宠物",
            "view_num": 75,
            "Remark": "<p>为了方便后续补档，分享的都是合集，单个素材请根据序号在合集中找</p>\r\n\r\n<p>序号<span style=\"color:#e74c3c\">【026】</span></p>\r\n\r\n<p>链接: https://pan.baidu.com/s/13111QpNYjRHsAQhSNS2F2w?pwd=agkb 提取码: agkb 复制这段内容后打开百度网盘手机App，操作更方便哦&nbsp;<br />\r\n--来自百度网盘超级会员v5的分享</p>",
            "user": "<img height=\"25px\" src=\"https://dafstatic.oss-cn-beijing.aliyuncs.com/static/title/level4.gif\"><span class=\"orange\">学院搬运工</span>",
            "time": "2023-06-28 14:30:06"
        },
        {
            "id": 77,
            "SourceName": "【024】迷你剑圣",
            "SourceType": "宠物",
            "view_num": 67,
            "Remark": "<p>为了方便后续补档，分享的都是合集，单个素材请根据序号在合集中找</p>\r\n\r\n<p>序号<span style=\"color:#e74c3c\">【024】</span></p>\r\n\r\n<p>链接: https://pan.baidu.com/s/13111QpNYjRHsAQhSNS2F2w?pwd=agkb 提取码: agkb 复制这段内容后打开百度网盘手机App，操作更方便哦&nbsp;<br />\r\n--来自百度网盘超级会员v5的分享</p>",
            "user": "<img height=\"25px\" src=\"https://dafstatic.oss-cn-beijing.aliyuncs.com/static/title/level4.gif\"><span class=\"orange\">学院搬运工</span>",
            "time": "2023-06-28 14:30:06"
        },
        {
            "id": 88,
            "SourceName": "【013】缔造女鬼传说灵石",
            "SourceType": "宠物",
            "view_num": 66,
            "Remark": "<p>为了方便后续补档，分享的都是合集，单个素材请根据序号在合集中找</p>\r\n\r\n<p>序号<span style=\"color:#e74c3c\">【013】</span></p>\r\n\r\n<p>链接: https://pan.baidu.com/s/13111QpNYjRHsAQhSNS2F2w?pwd=agkb 提取码: agkb 复制这段内容后打开百度网盘手机App，操作更方便哦&nbsp;<br />\r\n--来自百度网盘超级会员v5的分享</p>",
            "user": "<img height=\"25px\" src=\"https://dafstatic.oss-cn-beijing.aliyuncs.com/static/title/level4.gif\"><span class=\"orange\">学院搬运工</span>",
            "time": "2023-06-28 14:30:06"
        },
        {
            "id": 73,
            "SourceName": "【028】美人鱼宠物三款",
            "SourceType": "宠物",
            "view_num": 62,
            "Remark": "<p>为了方便后续补档，分享的都是合集，单个素材请根据序号在合集中找</p>\r\n\r\n<p>序号<span style=\"color:#e74c3c\">【028】</span></p>\r\n\r\n<p>链接: https://pan.baidu.com/s/13111QpNYjRHsAQhSNS2F2w?pwd=agkb 提取码: agkb 复制这段内容后打开百度网盘手机App，操作更方便哦&nbsp;<br />\r\n--来自百度网盘超级会员v5的分享</p>",
            "user": "<img height=\"25px\" src=\"https://dafstatic.oss-cn-beijing.aliyuncs.com/static/title/level4.gif\"><span class=\"orange\">学院搬运工</span>",
            "time": "2023-06-28 14:30:06"
        },
        {
            "id": 90,
            "SourceName": "【011】宠物",
            "SourceType": "宠物",
            "view_num": 62,
            "Remark": "<p>为了方便后续补档，分享的都是合集，单个素材请根据序号在合集中找</p>\r\n\r\n<p>序号<span style=\"color:#e74c3c\">【011】</span></p>\r\n\r\n<p>链接: https://pan.baidu.com/s/13111QpNYjRHsAQhSNS2F2w?pwd=agkb 提取码: agkb 复制这段内容后打开百度网盘手机App，操作更方便哦&nbsp;<br />\r\n--来自百度网盘超级会员v5的分享</p>",
            "user": "<img height=\"25px\" src=\"https://dafstatic.oss-cn-beijing.aliyuncs.com/static/title/level4.gif\"><span class=\"orange\">学院搬运工</span>",
            "time": "2023-06-28 14:30:06"
        },
        {
            "id": 76,
            "SourceName": "【025】蜡笔小新宠物",
            "SourceType": "宠物",
            "view_num": 61,
            "Remark": "<p>为了方便后续补档，分享的都是合集，单个素材请根据序号在合集中找</p>\r\n\r\n<p>序号<span style=\"color:#e74c3c\">【025】</span></p>\r\n\r\n<p>链接: https://pan.baidu.com/s/13111QpNYjRHsAQhSNS2F2w?pwd=agkb 提取码: agkb 复制这段内容后打开百度网盘手机App，操作更方便哦&nbsp;<br />\r\n--来自百度网盘超级会员v5的分享</p>",
            "user": "<img height=\"25px\" src=\"https://dafstatic.oss-cn-beijing.aliyuncs.com/static/title/level4.gif\"><span class=\"orange\">学院搬运工</span>",
            "time": "2023-06-28 14:30:06"
        },
        {
            "id": 81,
            "SourceName": "【020】麒麟缩小补丁",
            "SourceType": "宠物",
            "view_num": 58,
            "Remark": "<p>为了方便后续补档，分享的都是合集，单个素材请根据序号在合集中找</p>\r\n\r\n<p>序号<span style=\"color:#e74c3c\">【020】</span></p>\r\n\r\n<p>链接: https://pan.baidu.com/s/13111QpNYjRHsAQhSNS2F2w?pwd=agkb 提取码: agkb 复制这段内容后打开百度网盘手机App，操作更方便哦&nbsp;<br />\r\n--来自百度网盘超级会员v5的分享</p>",
            "user": "<img height=\"25px\" src=\"https://dafstatic.oss-cn-beijing.aliyuncs.com/static/title/level4.gif\"><span class=\"orange\">学院搬运工</span>",
            "time": "2023-06-28 14:30:06"
        },
        {
            "id": 86,
            "SourceName": "【015】迷你希曼斯特拉宠物",
            "SourceType": "宠物",
            "view_num": 58,
            "Remark": "<p>为了方便后续补档，分享的都是合集，单个素材请根据序号在合集中找</p>\r\n\r\n<p>序号<span style=\"color:#e74c3c\">【015】</span></p>\r\n\r\n<p>链接: https://pan.baidu.com/s/13111QpNYjRHsAQhSNS2F2w?pwd=agkb 提取码: agkb 复制这段内容后打开百度网盘手机App，操作更方便哦&nbsp;<br />\r\n--来自百度网盘超级会员v5的分享</p>",
            "user": "<img height=\"25px\" src=\"https://dafstatic.oss-cn-beijing.aliyuncs.com/static/title/level4.gif\"><span class=\"orange\">学院搬运工</span>",
            "time": "2023-06-28 14:30:06"
        }
    ]
}