{
    "total": 16,
    "rows": [
        {
            "id": 9,
            "SourceName": "超大内容DAF历代美术资源（@阿启）",
            "SourceType": "其他美术资源",
            "view_num": 619,
            "Remark": "<p>链接: https://pan.baidu.com/s/1iPHGQoJXMLFaolg-kvg5jQ?pwd=a8r8 提取码: a8r8 复制这段内容后打开百度网盘手机App，操作更方便哦&nbsp;<br />\n--来自百度网盘超级会员v2的分享</p>\n\n<p><img alt=\"\" height=\"654\" src=\"/media/uploads/2023/06/28/image-20230628144142-1.png\" width=\"500\" /></p>\n",
            "user": "<img height=\"25px\" src=\"https://dafstatic.oss-cn-beijing.aliyuncs.com/static/title/level4.gif\"><span class=\"orange\">学院搬运工</span>",
            "time": "2023-06-28 14:40:32"
        },
        {
            "id": 145,
            "SourceName": "动态选择角色",
            "SourceType": "其他美术资源",
            "view_num": 441,
            "Remark": "<p>链接: https://pan.baidu.com/s/1TfvqV8sueKKX05PfuRCidA?pwd=32j9 提取码: 32j9 复制这段内容后打开百度网盘手机App，操作更方便哦 --来自百度网盘超级会员v2的分享</p>\n",
            "user": "<img height=\"25px\" src=\"https://dafstatic.oss-cn-beijing.aliyuncs.com/static/title/level4.gif\"><span class=\"orange\">学院搬运工</span>",
            "time": "2023-06-28 14:30:06"
        },
        {
            "id": 160,
            "SourceName": "国日韩美官网壁纸",
            "SourceType": "其他美术资源",
            "view_num": 232,
            "Remark": "<p>链接: https://pan.baidu.com/s/1jOzWP6YjVvtSmpszQwJr2w?pwd=2i5b 提取码: 2i5b 复制这段内容后打开百度网盘手机App，操作更方便哦 \r\n--来自百度网盘超级会员v2的分享</p>",
            "user": "<img height=\"25px\" src=\"https://dafstatic.oss-cn-beijing.aliyuncs.com/static/title/level4.gif\"><span class=\"orange\">学院搬运工</span>",
            "time": "2023-06-28 14:30:06"
        },
        {
            "id": 167,
            "SourceName": "全特效",
            "SourceType": "其他美术资源",
            "view_num": 176,
            "Remark": "<p>链接: https://pan.baidu.com/s/1QlgvvdNpi4BOlKy-J-SOfw?pwd=f3ij 提取码: f3ij 复制这段内容后打开百度网盘手机App，操作更方便哦 \r\n--来自百度网盘超级会员v2的分享</p>",
            "user": "<img height=\"25px\" src=\"https://dafstatic.oss-cn-beijing.aliyuncs.com/static/title/level4.gif\"><span class=\"orange\">学院搬运工</span>",
            "time": "2023-06-28 14:30:06"
        },
        {
            "id": 302,
            "SourceName": "自制统一登录器皮肤",
            "SourceType": "其他美术资源",
            "view_num": 168,
            "Remark": "<p>链接: https://pan.baidu.com/s/1KX_VmvoNw17Dqqnig9A5LQ?pwd=8vu5 提取码: 8vu5 复制这段内容后打开百度网盘手机App，操作更方便哦&nbsp;<br />\n--来自百度网盘超级会员v2的分享</p>",
            "user": "<img height=\"25px\" src=\"https://dafstatic.oss-cn-beijing.aliyuncs.com/static/title/level4.gif\"><span class=\"orange\">学院搬运工</span>",
            "time": "2023-07-04 19:48:48"
        },
        {
            "id": 162,
            "SourceName": "全职业立绘一觉二觉PNG格式",
            "SourceType": "其他美术资源",
            "view_num": 160,
            "Remark": "<p>链接: https://pan.baidu.com/s/1ZB5IvhkUAzfzRyVziPMX4w?pwd=7frf 提取码: 7frf 复制这段内容后打开百度网盘手机App，操作更方便哦 \r\n--来自百度网盘超级会员v2的分享</p>",
            "user": "<img height=\"25px\" src=\"https://dafstatic.oss-cn-beijing.aliyuncs.com/static/title/level4.gif\"><span class=\"orange\">学院搬运工</span>",
            "time": "2023-06-28 14:30:06"
        },
        {
            "id": 276,
            "SourceName": "特效坐骑（完美版）",
            "SourceType": "其他美术资源",
            "view_num": 146,
            "Remark": "<p>链接: https://pan.baidu.com/s/1xOT50tg0YVTfG_QmqhummA?pwd=p8vi 提取码: p8vi 复制这段内容后打开百度网盘手机App，操作更方便哦&nbsp;<br />\n--来自百度网盘超级会员v2的分享</p>",
            "user": "<img height=\"25px\" src=\"https://dafstatic.oss-cn-beijing.aliyuncs.com/static/title/level4.gif\"><span class=\"orange\">学院搬运工</span>",
            "time": "2023-06-30 10:06:42"
        },
        {
            "id": 165,
            "SourceName": "DAF原画画师作品",
            "SourceType": "其他美术资源",
            "view_num": 129,
            "Remark": "<p>链接: https://pan.baidu.com/s/1LXgCokscRzaOvr6PBMOkYA?pwd=gudu 提取码: gudu 复制这段内容后打开百度网盘手机App，操作更方便哦 \r\n--来自百度网盘超级会员v2的分享</p>",
            "user": "<img height=\"25px\" src=\"https://dafstatic.oss-cn-beijing.aliyuncs.com/static/title/level4.gif\"><span class=\"orange\">学院搬运工</span>",
            "time": "2023-06-28 14:30:06"
        },
        {
            "id": 282,
            "SourceName": "从零开始的异世界生活-时装，宠物，称号",
            "SourceType": "其他美术资源",
            "view_num": 125,
            "Remark": "<p>链接: https://pan.baidu.com/s/1-thLTMy31ht7mEWvR8iCmw?pwd=cxmc 提取码: cxmc 复制这段内容后打开百度网盘手机App，操作更方便哦&nbsp;<br />\n--来自百度网盘超级会员v2的分享</p>",
            "user": "<img height=\"25px\" src=\"https://dafstatic.oss-cn-beijing.aliyuncs.com/static/title/level4.gif\"><span class=\"orange\">学院搬运工</span>",
            "time": "2023-06-30 10:26:29"
        },
        {
            "id": 164,
            "SourceName": "各职业觉醒PSD（简单图层）-2",
            "SourceType": "其他美术资源",
            "view_num": 77,
            "Remark": "<p>链接: https://pan.baidu.com/s/1Tg-5VTMozNdJv_sh2IOleQ?pwd=wd2s 提取码: wd2s 复制这段内容后打开百度网盘手机App，操作更方便哦 \r\n--来自百度网盘超级会员v2的分享</p>",
            "user": "<img height=\"25px\" src=\"https://dafstatic.oss-cn-beijing.aliyuncs.com/static/title/level4.gif\"><span class=\"orange\">学院搬运工</span>",
            "time": "2023-06-28 14:30:06"
        },
        {
            "id": 168,
            "SourceName": "DAF原画设定资料合集",
            "SourceType": "其他美术资源",
            "view_num": 76,
            "Remark": "<p>链接: https://pan.baidu.com/s/1t3j_IqIl1eFnvkivVGUZ1A?pwd=6hyq 提取码: 6hyq 复制这段内容后打开百度网盘手机App，操作更方便哦 --来自百度网盘超级会员v2的分享</p>\n",
            "user": "<img height=\"25px\" src=\"https://dafstatic.oss-cn-beijing.aliyuncs.com/static/title/level4.gif\"><span class=\"orange\">学院搬运工</span>",
            "time": "2023-06-28 14:30:06"
        },
        {
            "id": 159,
            "SourceName": "其他",
            "SourceType": "其他美术资源",
            "view_num": 74,
            "Remark": "<p>链接: https://pan.baidu.com/s/1h1hs4bB1RoZ9Kjzl26nqIw?pwd=nacj 提取码: nacj 复制这段内容后打开百度网盘手机App，操作更方便哦 \r\n--来自百度网盘超级会员v2的分享</p>",
            "user": "<img height=\"25px\" src=\"https://dafstatic.oss-cn-beijing.aliyuncs.com/static/title/level4.gif\"><span class=\"orange\">学院搬运工</span>",
            "time": "2023-06-28 14:30:06"
        },
        {
            "id": 158,
            "SourceName": "DAF设计素材PSD",
            "SourceType": "其他美术资源",
            "view_num": 70,
            "Remark": "<p>链接: https://pan.baidu.com/s/1qpbHnRtPeOF_DX4Lpg-W7w?pwd=25sm 提取码: 25sm 复制这段内容后打开百度网盘手机App，操作更方便哦 --来自百度网盘超级会员v2的分享</p>\n",
            "user": "<img height=\"25px\" src=\"https://dafstatic.oss-cn-beijing.aliyuncs.com/static/title/level4.gif\"><span class=\"orange\">学院搬运工</span>",
            "time": "2023-06-28 14:30:06"
        },
        {
            "id": 166,
            "SourceName": "DAF阿拉德艺术之旅",
            "SourceType": "其他美术资源",
            "view_num": 67,
            "Remark": "<p>链接: https://pan.baidu.com/s/1O8oAWEQ3FT1ihYQAEC5stA?pwd=cjbx 提取码: cjbx 复制这段内容后打开百度网盘手机App，操作更方便哦 \r\n--来自百度网盘超级会员v2的分享</p>",
            "user": "<img height=\"25px\" src=\"https://dafstatic.oss-cn-beijing.aliyuncs.com/static/title/level4.gif\"><span class=\"orange\">学院搬运工</span>",
            "time": "2023-06-28 14:30:06"
        },
        {
            "id": 161,
            "SourceName": "各职业觉醒PSD（简单图层）",
            "SourceType": "其他美术资源",
            "view_num": 46,
            "Remark": "<p>链接: https://pan.baidu.com/s/16JRlhYs_R6USOi5GvXqflA?pwd=5qci 提取码: 5qci 复制这段内容后打开百度网盘手机App，操作更方便哦 \r\n--来自百度网盘超级会员v2的分享</p>",
            "user": "<img height=\"25px\" src=\"https://dafstatic.oss-cn-beijing.aliyuncs.com/static/title/level4.gif\"><span class=\"orange\">学院搬运工</span>",
            "time": "2023-06-28 14:30:06"
        },
        {
            "id": 163,
            "SourceName": "2.zip",
            "SourceType": "其他美术资源",
            "view_num": 43,
            "Remark": "<p>链接: https://pan.baidu.com/s/1tvr5kw1uJOmrxx85GKVipQ?pwd=8t94 提取码: 8t94 复制这段内容后打开百度网盘手机App，操作更方便哦 \r\n--来自百度网盘超级会员v2的分享</p>",
            "user": "<img height=\"25px\" src=\"https://dafstatic.oss-cn-beijing.aliyuncs.com/static/title/level4.gif\"><span class=\"orange\">学院搬运工</span>",
            "time": "2023-06-28 14:30:06"
        }
    ]
}