{
    "total": 46,
    "rows": [
        {
            "id": 561,
            "SourceName": "签到系统",
            "SourceType": "NUT相关",
            "view_num": 1404,
            "Remark": "<p>链接: https://pan.baidu.com/s/1Qyiopr-mXotcW86neW9vYA?pwd=vmv4 提取码: vmv4 复制这段内容后打开百度网盘手机App，操作更方便哦&nbsp;<br />\r\n--来自百度网盘超级会员v2的分享</p>",
            "user": "<img height=\"25px\" src=\"https://dafstatic.oss-cn-beijing.aliyuncs.com/static/title/level4.gif\"><span class=\"orange\">学院搬运工</span>",
            "time": "2023-07-03 14:03:58"
        },
        {
            "id": 531,
            "SourceName": "柔化技能",
            "SourceType": "NUT相关",
            "view_num": 1090,
            "Remark": "<p>链接: https://pan.baidu.com/s/18tqHL3CXBOL1qtDWu_p1-g?pwd=c529 提取码: c529 复制这段内容后打开百度网盘手机App，操作更方便哦&nbsp;<br />\n--来自百度网盘超级会员v2的分享</p>\n\n<p><img alt=\"\" height=\"577\" src=\"/media/uploads/2023/07/03/image-20230703125044-1.png\" width=\"606\" /></p>",
            "user": "<img height=\"25px\" src=\"https://dafstatic.oss-cn-beijing.aliyuncs.com/static/title/level4.gif\"><span class=\"orange\">学院搬运工</span>",
            "time": "2023-07-03 12:49:05"
        },
        {
            "id": 542,
            "SourceName": "完美九职业二觉最终版(含日志)",
            "SourceType": "NUT相关",
            "view_num": 798,
            "Remark": "<p>链接: https://pan.baidu.com/s/1eqqkyOUKkRDBHHuPFTTyXw?pwd=4pf8 提取码: 4pf8 复制这段内容后打开百度网盘手机App，操作更方便哦&nbsp;<br />\n--来自百度网盘超级会员v2的分享</p>",
            "user": "<img height=\"25px\" src=\"https://dafstatic.oss-cn-beijing.aliyuncs.com/static/title/level4.gif\"><span class=\"orange\">学院搬运工</span>",
            "time": "2023-07-03 12:58:54"
        },
        {
            "id": 536,
            "SourceName": "技能冷却",
            "SourceType": "NUT相关",
            "view_num": 625,
            "Remark": "<p>链接: https://pan.baidu.com/s/1CXXkIRXxgDGKoJhXNmJOcA?pwd=6gid 提取码: 6gid 复制这段内容后打开百度网盘手机App，操作更方便哦&nbsp;<br />\n--来自百度网盘超级会员v2的分享</p>",
            "user": "<img height=\"25px\" src=\"https://dafstatic.oss-cn-beijing.aliyuncs.com/static/title/level4.gif\"><span class=\"orange\">学院搬运工</span>",
            "time": "2023-07-03 12:54:48"
        },
        {
            "id": 606,
            "SourceName": "剑圣800定制目前最完美字体nut组队同步字体",
            "SourceType": "NUT相关",
            "view_num": 556,
            "Remark": "<p>https://www.123pan.com/s/tJCtVv-Pk5EH.html提取码:cPVf</p>",
            "user": "<img height=\"25px\" src=\"https://dafstatic.oss-cn-beijing.aliyuncs.com/static/title/level4.gif\"><span class=\"orange\">学院搬运工</span>",
            "time": "2023-07-20 14:56:16"
        },
        {
            "id": 682,
            "SourceName": "泡点系统",
            "SourceType": "NUT相关",
            "view_num": 541,
            "Remark": "<p>https://www.123pan.com/s/tJCtVv-kU5EH.html提取码:J4Hy</p>",
            "user": "<img height=\"25px\" src=\"https://dafstatic.oss-cn-beijing.aliyuncs.com/static/title/level4.gif\"><span class=\"orange\">学院搬运工</span>",
            "time": "2023-09-12 13:43:31"
        },
        {
            "id": 495,
            "SourceName": "角色信息+子状态显示",
            "SourceType": "NUT相关",
            "view_num": 462,
            "Remark": "<p>链接: https://pan.baidu.com/s/1Qwve7WJuINiXdFu580icjg?pwd=1qxf 提取码: 1qxf 复制这段内容后打开百度网盘手机App，操作更方便哦&nbsp;<br />\n--来自百度网盘超级会员v2的分享</p>\n",
            "user": "<img height=\"25px\" src=\"https://dafstatic.oss-cn-beijing.aliyuncs.com/static/title/level4.gif\"><span class=\"orange\">学院搬运工</span>",
            "time": "2023-06-29 21:11:04"
        },
        {
            "id": 541,
            "SourceName": "二觉被动（接近无脑）",
            "SourceType": "NUT相关",
            "view_num": 443,
            "Remark": "<p>链接: https://pan.baidu.com/s/1YeouKpLHe1n0ISxiktSIJg?pwd=frj7 提取码: frj7 复制这段内容后打开百度网盘手机App，操作更方便哦&nbsp;<br />\n--来自百度网盘超级会员v2的分享</p>",
            "user": "<img height=\"25px\" src=\"https://dafstatic.oss-cn-beijing.aliyuncs.com/static/title/level4.gif\"><span class=\"orange\">学院搬运工</span>",
            "time": "2023-07-03 12:58:36"
        },
        {
            "id": 601,
            "SourceName": "nut一键聚物",
            "SourceType": "NUT相关",
            "view_num": 406,
            "Remark": "<p>链接: https://pan.baidu.com/s/18-bCweqXBe2A2zV0JvfQ6w?pwd=kg85 提取码: kg85 复制这段内容后打开百度网盘手机App，操作更方便哦&nbsp;<br />\n--来自百度网盘超级会员v2的分享</p>\n\n<p><img alt=\"\" height=\"412\" src=\"/media/uploads/2023/07/05/1.gif\" width=\"600\" /></p>",
            "user": "<img height=\"25px\" src=\"https://dafstatic.oss-cn-beijing.aliyuncs.com/static/title/level4.gif\"><span class=\"orange\">学院搬运工</span>",
            "time": "2023-07-05 12:26:35"
        },
        {
            "id": 530,
            "SourceName": "怪物血条",
            "SourceType": "NUT相关",
            "view_num": 398,
            "Remark": "<p>链接: https://pan.baidu.com/s/1WyuRg9cWXYNunLpoIn7GDQ?pwd=497a 提取码: 497a 复制这段内容后打开百度网盘手机App，操作更方便哦&nbsp;<br />\n--来自百度网盘超级会员v2的分享</p>\n\n<p><img alt=\"\" height=\"427\" src=\"/media/uploads/2023/07/03/image-20230703125014-1.png\" width=\"852\" /></p>",
            "user": "<img height=\"25px\" src=\"https://dafstatic.oss-cn-beijing.aliyuncs.com/static/title/level4.gif\"><span class=\"orange\">学院搬运工</span>",
            "time": "2023-07-03 12:48:38"
        },
        {
            "id": 523,
            "SourceName": "额外技能",
            "SourceType": "NUT相关",
            "view_num": 378,
            "Remark": "<p>链接: https://pan.baidu.com/s/18nSMBV8HL8qoLkRbzjfjJg?pwd=qac6 提取码: qac6 复制这段内容后打开百度网盘手机App，操作更方便哦&nbsp;<br />\n--来自百度网盘超级会员v2的分享</p>",
            "user": "<img height=\"25px\" src=\"https://dafstatic.oss-cn-beijing.aliyuncs.com/static/title/level4.gif\"><span class=\"orange\">学院搬运工</span>",
            "time": "2023-07-03 12:37:44"
        },
        {
            "id": 641,
            "SourceName": "波动刻印剑气完美版",
            "SourceType": "NUT相关",
            "view_num": 375,
            "Remark": "<p>链接：https://pan.baidu.com/s/1ispkEH9Qp0HO_m0WbFUy3Q&nbsp;<br />\n提取码：CHAN</p>",
            "user": "<img height=\"25px\" src=\"\">challenger",
            "time": "2023-09-05 18:42:59"
        },
        {
            "id": 547,
            "SourceName": "buff插画",
            "SourceType": "NUT相关",
            "view_num": 357,
            "Remark": "<p>链接: https://pan.baidu.com/s/1l2z_c6I-MG_kcnFgwV80Lg?pwd=a2by 提取码: a2by 复制这段内容后打开百度网盘手机App，操作更方便哦&nbsp;<br />\n--来自百度网盘超级会员v2的分享</p>",
            "user": "<img height=\"25px\" src=\"https://dafstatic.oss-cn-beijing.aliyuncs.com/static/title/level4.gif\"><span class=\"orange\">学院搬运工</span>",
            "time": "2023-07-03 13:01:16"
        },
        {
            "id": 527,
            "SourceName": "完整神迹字体",
            "SourceType": "NUT相关",
            "view_num": 341,
            "Remark": "<p>链接: https://pan.baidu.com/s/1zcvZUWFeVOvLbPcHuMRfow?pwd=v5ig 提取码: v5ig 复制这段内容后打开百度网盘手机App，操作更方便哦&nbsp;<br />\n--来自百度网盘超级会员v2的分享</p>\n\n<p><img alt=\"\" height=\"393\" src=\"/media/uploads/2023/07/03/image-20230703124835-1.png\" width=\"716\" /></p>",
            "user": "<img height=\"25px\" src=\"https://dafstatic.oss-cn-beijing.aliyuncs.com/static/title/level4.gif\"><span class=\"orange\">学院搬运工</span>",
            "time": "2023-07-03 12:46:58"
        },
        {
            "id": 535,
            "SourceName": "长青5女鬼",
            "SourceType": "NUT相关",
            "view_num": 336,
            "Remark": "<p>链接: https://pan.baidu.com/s/1Zk-SxFtJ56O1yqa87t81uA?pwd=w8jd 提取码: w8jd 复制这段内容后打开百度网盘手机App，操作更方便哦&nbsp;<br />\n--来自百度网盘超级会员v2的分享</p>",
            "user": "<img height=\"25px\" src=\"https://dafstatic.oss-cn-beijing.aliyuncs.com/static/title/level4.gif\"><span class=\"orange\">学院搬运工</span>",
            "time": "2023-07-03 12:54:28"
        },
        {
            "id": 548,
            "SourceName": "战力",
            "SourceType": "NUT相关",
            "view_num": 321,
            "Remark": "<p>链接: https://pan.baidu.com/s/15WDbOxIa51BXocpFK7ETGg?pwd=stda 提取码: stda 复制这段内容后打开百度网盘手机App，操作更方便哦&nbsp;<br />\n--来自百度网盘超级会员v2的分享</p>\n\n<p><img alt=\"\" height=\"308\" src=\"/media/uploads/2023/07/03/image-20230703130600-1.png\" width=\"714\" /></p>",
            "user": "<img height=\"25px\" src=\"https://dafstatic.oss-cn-beijing.aliyuncs.com/static/title/level4.gif\"><span class=\"orange\">学院搬运工</span>",
            "time": "2023-07-03 13:04:20"
        },
        {
            "id": 543,
            "SourceName": "快捷栏装备",
            "SourceType": "NUT相关",
            "view_num": 309,
            "Remark": "<p>链接: https://pan.baidu.com/s/1Rc2wQmm1rKYhiwgh6QLf6Q?pwd=s9cb 提取码: s9cb 复制这段内容后打开百度网盘手机App，操作更方便哦&nbsp;<br />\n--来自百度网盘超级会员v2的分享</p>",
            "user": "<img height=\"25px\" src=\"https://dafstatic.oss-cn-beijing.aliyuncs.com/static/title/level4.gif\"><span class=\"orange\">学院搬运工</span>",
            "time": "2023-07-03 12:59:11"
        },
        {
            "id": 532,
            "SourceName": "完美修炼场（美化UI完成）",
            "SourceType": "NUT相关",
            "view_num": 308,
            "Remark": "<p>链接: https://pan.baidu.com/s/1iyyCWzweaCMHDic-llSxVA?pwd=anr7 提取码: anr7 复制这段内容后打开百度网盘手机App，操作更方便哦&nbsp;<br />\n--来自百度网盘超级会员v2的分享</p>",
            "user": "<img height=\"25px\" src=\"https://dafstatic.oss-cn-beijing.aliyuncs.com/static/title/level4.gif\"><span class=\"orange\">学院搬运工</span>",
            "time": "2023-07-03 12:49:38"
        },
        {
            "id": 549,
            "SourceName": "字体仓库",
            "SourceType": "NUT相关",
            "view_num": 282,
            "Remark": "<p>链接: https://pan.baidu.com/s/1k2RO-PROHAc6FC4FPUyV1g?pwd=jktc 提取码: jktc 复制这段内容后打开百度网盘手机App，操作更方便哦&nbsp;<br />\n--来自百度网盘超级会员v2的分享</p>",
            "user": "<img height=\"25px\" src=\"https://dafstatic.oss-cn-beijing.aliyuncs.com/static/title/level4.gif\"><span class=\"orange\">学院搬运工</span>",
            "time": "2023-07-03 13:04:43"
        },
        {
            "id": 509,
            "SourceName": "狂战士被动狂暴血气",
            "SourceType": "NUT相关",
            "view_num": 251,
            "Remark": "<p>https://www.123pan.com/s/tJCtVv-3T5EH.html提取码:iijo</p>",
            "user": "<img height=\"25px\" src=\"https://dafstatic.oss-cn-beijing.aliyuncs.com/static/title/level4.gif\"><span class=\"orange\">学院搬运工</span>",
            "time": "2023-06-30 10:24:11"
        },
        {
            "id": 503,
            "SourceName": "nut国服伤害字体贴吧大佬(汉城龙魂)放",
            "SourceType": "NUT相关",
            "view_num": 247,
            "Remark": "<p>链接: https://pan.baidu.com/s/1Dk3DCA1r8GYfnRjdipsH3A?pwd=2d6p 提取码: 2d6p 复制这段内容后打开百度网盘手机App，操作更方便哦&nbsp;<br />\n--来自百度网盘超级会员v2的分享</p>",
            "user": "<img height=\"25px\" src=\"https://dafstatic.oss-cn-beijing.aliyuncs.com/static/title/level4.gif\"><span class=\"orange\">学院搬运工</span>",
            "time": "2023-06-30 10:01:57"
        },
        {
            "id": 539,
            "SourceName": "空中流心[详解版]",
            "SourceType": "NUT相关",
            "view_num": 224,
            "Remark": "<p>链接: https://pan.baidu.com/s/1ttMrlbhs8qlU-Yp0luNrJw?pwd=s4d5 提取码: s4d5 复制这段内容后打开百度网盘手机App，操作更方便哦&nbsp;<br />\n--来自百度网盘超级会员v2的分享</p>",
            "user": "<img height=\"25px\" src=\"https://dafstatic.oss-cn-beijing.aliyuncs.com/static/title/level4.gif\"><span class=\"orange\">学院搬运工</span>",
            "time": "2023-07-03 12:57:44"
        },
        {
            "id": 506,
            "SourceName": "monster异常状态显示",
            "SourceType": "NUT相关",
            "view_num": 207,
            "Remark": "<p>链接: https://www.123pan.com/s/tJCtVv-vT5EH.html提取码:XBCW</p>\n\n<p><img alt=\"\" height=\"395\" src=\"/media/uploads/2023/06/30/image-20230630101925-1.png\" width=\"666\" /></p>",
            "user": "<img height=\"25px\" src=\"https://dafstatic.oss-cn-beijing.aliyuncs.com/static/title/level4.gif\"><span class=\"orange\">学院搬运工</span>",
            "time": "2023-06-30 10:18:15"
        },
        {
            "id": 537,
            "SourceName": "红狗一觉nut脱手",
            "SourceType": "NUT相关",
            "view_num": 190,
            "Remark": "<p>链接: https://pan.baidu.com/s/14uTSUcTTx5zvU6DU_Upa1A?pwd=efxn 提取码: efxn 复制这段内容后打开百度网盘手机App，操作更方便哦&nbsp;<br />\n--来自百度网盘超级会员v2的分享</p>",
            "user": "<img height=\"25px\" src=\"https://dafstatic.oss-cn-beijing.aliyuncs.com/static/title/level4.gif\"><span class=\"orange\">学院搬运工</span>",
            "time": "2023-07-03 12:55:05"
        },
        {
            "id": 529,
            "SourceName": "女气功光之兵刃加魔攻",
            "SourceType": "NUT相关",
            "view_num": 188,
            "Remark": "<p>链接: https://pan.baidu.com/s/13DkXwd66Buk41XHx7QgaHA?pwd=x54r 提取码: x54r 复制这段内容后打开百度网盘手机App，操作更方便哦&nbsp;<br />\n--来自百度网盘超级会员v2的分享</p>\n\n<p><img alt=\"\" height=\"258\" src=\"/media/uploads/2023/07/03/image-20230703124932-1.png\" width=\"710\" /></p>",
            "user": "<img height=\"25px\" src=\"https://dafstatic.oss-cn-beijing.aliyuncs.com/static/title/level4.gif\"><span class=\"orange\">学院搬运工</span>",
            "time": "2023-07-03 12:47:53"
        },
        {
            "id": 525,
            "SourceName": "怪物无敌提示",
            "SourceType": "NUT相关",
            "view_num": 178,
            "Remark": "<p>链接: https://pan.baidu.com/s/1RcMpTTnkjaZX9Qt3jdE1Lg?pwd=56ke 提取码: 56ke 复制这段内容后打开百度网盘手机App，操作更方便哦&nbsp;<br />\n--来自百度网盘超级会员v2的分享</p>",
            "user": "<img height=\"25px\" src=\"https://dafstatic.oss-cn-beijing.aliyuncs.com/static/title/level4.gif\"><span class=\"orange\">学院搬运工</span>",
            "time": "2023-07-03 12:39:04"
        },
        {
            "id": 520,
            "SourceName": "冷却",
            "SourceType": "NUT相关",
            "view_num": 150,
            "Remark": "<p>链接: https://pan.baidu.com/s/1KGSH81zJrVe8pekrmFdpcA?pwd=shwg 提取码: shwg 复制这段内容后打开百度网盘手机App，操作更方便哦&nbsp;<br />\n--来自百度网盘超级会员v2的分享</p>",
            "user": "<img height=\"25px\" src=\"https://dafstatic.oss-cn-beijing.aliyuncs.com/static/title/level4.gif\"><span class=\"orange\">学院搬运工</span>",
            "time": "2023-07-03 12:36:26"
        },
        {
            "id": 544,
            "SourceName": "女圣骑添加文件和皮肤（带npk）",
            "SourceType": "NUT相关",
            "view_num": 139,
            "Remark": "<p>链接: https://pan.baidu.com/s/1mTXZsk_JOhvnL0Q7wOhytw?pwd=9fsw 提取码: 9fsw 复制这段内容后打开百度网盘手机App，操作更方便哦&nbsp;<br />\n--来自百度网盘超级会员v2的分享</p>",
            "user": "<img height=\"25px\" src=\"https://dafstatic.oss-cn-beijing.aliyuncs.com/static/title/level4.gif\"><span class=\"orange\">学院搬运工</span>",
            "time": "2023-07-03 12:59:57"
        },
        {
            "id": 533,
            "SourceName": ":Debug+热重载",
            "SourceType": "NUT相关",
            "view_num": 130,
            "Remark": "<p>链接: https://pan.baidu.com/s/1-9zScw7qcBndR7BwgYdKLQ?pwd=689c 提取码: 689c 复制这段内容后打开百度网盘手机App，操作更方便哦&nbsp;<br />\n--来自百度网盘超级会员v2的分享</p>\n\n<p><img alt=\"\" height=\"535\" src=\"/media/uploads/2023/07/03/image-20230703125423-1.png\" width=\"871\" /></p>",
            "user": "<img height=\"25px\" src=\"https://dafstatic.oss-cn-beijing.aliyuncs.com/static/title/level4.gif\"><span class=\"orange\">学院搬运工</span>",
            "time": "2023-07-03 12:52:43"
        },
        {
            "id": 526,
            "SourceName": "月魂血条",
            "SourceType": "NUT相关",
            "view_num": 129,
            "Remark": "<p>链接: https://pan.baidu.com/s/1L778iz-sodAuwmYdnwpFbg?pwd=hv1f 提取码: hv1f 复制这段内容后打开百度网盘手机App，操作更方便哦&nbsp;<br />\n--来自百度网盘超级会员v2的分享</p>",
            "user": "<img height=\"25px\" src=\"https://dafstatic.oss-cn-beijing.aliyuncs.com/static/title/level4.gif\"><span class=\"orange\">学院搬运工</span>",
            "time": "2023-07-03 12:40:12"
        },
        {
            "id": 522,
            "SourceName": "三魔枪",
            "SourceType": "NUT相关",
            "view_num": 126,
            "Remark": "<p>链接: https://pan.baidu.com/s/1FDDlN08rOIUWFZ643Fk5eQ?pwd=vp2q 提取码: vp2q 复制这段内容后打开百度网盘手机App，操作更方便哦&nbsp;<br />\n--来自百度网盘超级会员v2的分享</p>",
            "user": "<img height=\"25px\" src=\"https://dafstatic.oss-cn-beijing.aliyuncs.com/static/title/level4.gif\"><span class=\"orange\">学院搬运工</span>",
            "time": "2023-07-03 12:37:27"
        },
        {
            "id": 528,
            "SourceName": "（注释）瞎子【波动刻印】普通剑气nut",
            "SourceType": "NUT相关",
            "view_num": 126,
            "Remark": "<p>链接: https://pan.baidu.com/s/1QBPmXshxhJQdLHFZ5yoZhA?pwd=644b 提取码: 644b 复制这段内容后打开百度网盘手机App，操作更方便哦&nbsp;<br />\n--来自百度网盘超级会员v2的分享</p>",
            "user": "<img height=\"25px\" src=\"https://dafstatic.oss-cn-beijing.aliyuncs.com/static/title/level4.gif\"><span class=\"orange\">学院搬运工</span>",
            "time": "2023-07-03 12:47:26"
        },
        {
            "id": 518,
            "SourceName": "完美nut荒古",
            "SourceType": "NUT相关",
            "view_num": 120,
            "Remark": "<p>链接: https://pan.baidu.com/s/17hIOf4PDX0lzMbatoP8XPQ?pwd=sa4u 提取码: sa4u 复制这段内容后打开百度网盘手机App，操作更方便哦&nbsp;<br />\n--来自百度网盘超级会员v2的分享</p>",
            "user": "<img height=\"25px\" src=\"https://dafstatic.oss-cn-beijing.aliyuncs.com/static/title/level4.gif\"><span class=\"orange\">学院搬运工</span>",
            "time": "2023-07-03 12:33:56"
        },
        {
            "id": 521,
            "SourceName": "buff插画无npk",
            "SourceType": "NUT相关",
            "view_num": 116,
            "Remark": "<p>链接: https://pan.baidu.com/s/1_X5FtbNBwZeEGTfps-PB9Q?pwd=x49k 提取码: x49k 复制这段内容后打开百度网盘手机App，操作更方便哦&nbsp;<br />\n--来自百度网盘超级会员v2的分享</p>",
            "user": "<img height=\"25px\" src=\"https://dafstatic.oss-cn-beijing.aliyuncs.com/static/title/level4.gif\"><span class=\"orange\">学院搬运工</span>",
            "time": "2023-07-03 12:36:59"
        },
        {
            "id": 540,
            "SourceName": "仓库",
            "SourceType": "NUT相关",
            "view_num": 112,
            "Remark": "<p>链接: https://pan.baidu.com/s/1L6FG0pCAScSvluXbW6kmgg?pwd=fexf 提取码: fexf 复制这段内容后打开百度网盘手机App，操作更方便哦&nbsp;<br />\n--来自百度网盘超级会员v2的分享</p>",
            "user": "<img height=\"25px\" src=\"https://dafstatic.oss-cn-beijing.aliyuncs.com/static/title/level4.gif\"><span class=\"orange\">学院搬运工</span>",
            "time": "2023-07-03 12:58:01"
        },
        {
            "id": 491,
            "SourceName": "剑圣7职业二觉修复第二版",
            "SourceType": "NUT相关",
            "view_num": 106,
            "Remark": "<p>链接: https://pan.baidu.com/s/1nrdE76DcuAdk7GwEebMxdQ?pwd=xahg 提取码: xahg 复制这段内容后打开百度网盘手机App，操作更方便哦&nbsp;<br />\n--来自百度网盘超级会员v2的分享</p>",
            "user": "<img height=\"25px\" src=\"https://dafstatic.oss-cn-beijing.aliyuncs.com/static/title/level4.gif\"><span class=\"orange\">学院搬运工</span>",
            "time": "2023-06-29 21:07:59"
        },
        {
            "id": 534,
            "SourceName": "积分",
            "SourceType": "NUT相关",
            "view_num": 101,
            "Remark": "<p>链接: https://pan.baidu.com/s/1It3oh2Imi_Bq3iCPppnwHQ?pwd=ispd 提取码: ispd 复制这段内容后打开百度网盘手机App，操作更方便哦&nbsp;<br />\n--来自百度网盘超级会员v2的分享</p>",
            "user": "<img height=\"25px\" src=\"https://dafstatic.oss-cn-beijing.aliyuncs.com/static/title/level4.gif\"><span class=\"orange\">学院搬运工</span>",
            "time": "2023-07-03 12:53:01"
        },
        {
            "id": 546,
            "SourceName": "Pure的nut写法邪光脱手",
            "SourceType": "NUT相关",
            "view_num": 100,
            "Remark": "<p>链接: https://pan.baidu.com/s/1p2lMsSTweoq9Z_y8qQe5RQ?pwd=6cmp 提取码: 6cmp 复制这段内容后打开百度网盘手机App，操作更方便哦&nbsp;<br />\n--来自百度网盘超级会员v2的分享</p>",
            "user": "<img height=\"25px\" src=\"https://dafstatic.oss-cn-beijing.aliyuncs.com/static/title/level4.gif\"><span class=\"orange\">学院搬运工</span>",
            "time": "2023-07-03 13:00:59"
        },
        {
            "id": 524,
            "SourceName": "血气分流",
            "SourceType": "NUT相关",
            "view_num": 86,
            "Remark": "<p>链接: https://pan.baidu.com/s/1qHBPjZenzwtmdU_Mp9HFDQ?pwd=kbmz 提取码: kbmz 复制这段内容后打开百度网盘手机App，操作更方便哦&nbsp;<br />\n--来自百度网盘超级会员v2的分享</p>",
            "user": "<img height=\"25px\" src=\"https://dafstatic.oss-cn-beijing.aliyuncs.com/static/title/level4.gif\"><span class=\"orange\">学院搬运工</span>",
            "time": "2023-07-03 12:38:44"
        },
        {
            "id": 538,
            "SourceName": "黑暗武士二觉(5主动+被动)byDieu",
            "SourceType": "NUT相关",
            "view_num": 85,
            "Remark": "<p>链接: https://pan.baidu.com/s/1Vb8j29SjWsmV-O7RHyy91A?pwd=sgdh 提取码: sgdh 复制这段内容后打开百度网盘手机App，操作更方便哦&nbsp;<br />\n--来自百度网盘超级会员v2的分享</p>",
            "user": "<img height=\"25px\" src=\"https://dafstatic.oss-cn-beijing.aliyuncs.com/static/title/level4.gif\"><span class=\"orange\">学院搬运工</span>",
            "time": "2023-07-03 12:55:24"
        },
        {
            "id": 517,
            "SourceName": "yb无我之境",
            "SourceType": "NUT相关",
            "view_num": 82,
            "Remark": "<p>链接: https://pan.baidu.com/s/1XoYoHhwvneW5DMTDDf1Biw?pwd=hakb 提取码: hakb 复制这段内容后打开百度网盘手机App，操作更方便哦&nbsp;<br />\n--来自百度网盘超级会员v2的分享</p>",
            "user": "<img height=\"25px\" src=\"https://dafstatic.oss-cn-beijing.aliyuncs.com/static/title/level4.gif\"><span class=\"orange\">学院搬运工</span>",
            "time": "2023-07-03 12:33:38"
        },
        {
            "id": 499,
            "SourceName": "全职业真伤吃面板二觉",
            "SourceType": "NUT相关",
            "view_num": 81,
            "Remark": "<p>链接: https://pan.baidu.com/s/1F1Ym25p2RaJI0l88kWSoQw?pwd=btza 提取码: btza 复制这段内容后打开百度网盘手机App，操作更方便哦&nbsp;<br />\n--来自百度网盘超级会员v2的分享</p>",
            "user": "<img height=\"25px\" src=\"https://dafstatic.oss-cn-beijing.aliyuncs.com/static/title/level4.gif\"><span class=\"orange\">学院搬运工</span>",
            "time": "2023-06-29 21:19:13"
        },
        {
            "id": 500,
            "SourceName": "剑魂二觉被动极神剑术",
            "SourceType": "NUT相关",
            "view_num": 75,
            "Remark": "<p>链接: https://pan.baidu.com/s/1lV5eWJz74kyv3klAOTigaw?pwd=fdyk 提取码: fdyk 复制这段内容后打开百度网盘手机App，操作更方便哦&nbsp;<br />\n--来自百度网盘超级会员v2的分享</p>",
            "user": "<img height=\"25px\" src=\"https://dafstatic.oss-cn-beijing.aliyuncs.com/static/title/level4.gif\"><span class=\"orange\">学院搬运工</span>",
            "time": "2023-06-29 21:22:58"
        },
        {
            "id": 519,
            "SourceName": "角色无敌白框（带呼吸灯）",
            "SourceType": "NUT相关",
            "view_num": 74,
            "Remark": "<p>链接: https://pan.baidu.com/s/1nj-6fOehHOHhUf6G5zOl9A?pwd=e43z 提取码: e43z 复制这段内容后打开百度网盘手机App，操作更方便哦&nbsp;<br />\n--来自百度网盘超级会员v2的分享</p>",
            "user": "<img height=\"25px\" src=\"https://dafstatic.oss-cn-beijing.aliyuncs.com/static/title/level4.gif\"><span class=\"orange\">学院搬运工</span>",
            "time": "2023-07-03 12:34:22"
        },
        {
            "id": 550,
            "SourceName": "流星落 2",
            "SourceType": "NUT相关",
            "view_num": 74,
            "Remark": "<p>链接: https://pan.baidu.com/s/1M8n6UQgAxAX9B-GwvK7N7w?pwd=fgqc 提取码: fgqc 复制这段内容后打开百度网盘手机App，操作更方便哦&nbsp;<br />\n--来自百度网盘超级会员v2的分享</p>",
            "user": "<img height=\"25px\" src=\"https://dafstatic.oss-cn-beijing.aliyuncs.com/static/title/level4.gif\"><span class=\"orange\">学院搬运工</span>",
            "time": "2023-07-03 13:05:10"
        },
        {
            "id": 545,
            "SourceName": "角色无敌白边",
            "SourceType": "NUT相关",
            "view_num": 54,
            "Remark": "<p>链接: https://pan.baidu.com/s/1-aLREV1dlUCvryOfakO6UQ?pwd=gi8q 提取码: gi8q 复制这段内容后打开百度网盘手机App，操作更方便哦&nbsp;<br />\n--来自百度网盘超级会员v2的分享</p>",
            "user": "<img height=\"25px\" src=\"https://dafstatic.oss-cn-beijing.aliyuncs.com/static/title/level4.gif\"><span class=\"orange\">学院搬运工</span>",
            "time": "2023-07-03 13:00:35"
        }
    ]
}