{
    "total": 9,
    "rows": [
        {
            "id": 690,
            "SourceName": "活动UI",
            "SourceType": "活动",
            "view_num": 659,
            "Remark": "<p>https://www.123pan.com/s/tJCtVv-Ib5EH.html提取码:wtU9</p>",
            "user": "<img height=\"25px\" src=\"https://dafstatic.oss-cn-beijing.aliyuncs.com/static/title/level4.gif\"><span class=\"orange\">学院搬运工</span>",
            "time": "2023-09-17 13:21:02"
        },
        {
            "id": 681,
            "SourceName": "钓鱼活动",
            "SourceType": "活动",
            "view_num": 394,
            "Remark": "<p>https://www.123pan.com/s/tJCtVv-QU5EH.html提取码:vhiI</p>",
            "user": "<img height=\"25px\" src=\"https://dafstatic.oss-cn-beijing.aliyuncs.com/static/title/level4.gif\"><span class=\"orange\">学院搬运工</span>",
            "time": "2023-09-12 13:42:56"
        },
        {
            "id": 496,
            "SourceName": "龙之路修复活动完美无脑版",
            "SourceType": "活动",
            "view_num": 366,
            "Remark": "<p>链接: https://pan.baidu.com/s/1YAjp0BJHRAk0qOH1GdU9zw?pwd=6nup 提取码: 6nup 复制这段内容后打开百度网盘手机App，操作更方便哦&nbsp;<br />\r\n--来自百度网盘超级会员v2的分享</p>",
            "user": "<img height=\"25px\" src=\"https://dafstatic.oss-cn-beijing.aliyuncs.com/static/title/level4.gif\"><span class=\"orange\">学院搬运工</span>",
            "time": "2023-06-29 21:13:51"
        },
        {
            "id": 689,
            "SourceName": "活动ui重置",
            "SourceType": "活动",
            "view_num": 303,
            "Remark": "<p>https://www.123pan.com/s/tJCtVv-Jb5EH.html提取码:lJ2k</p>",
            "user": "<img height=\"25px\" src=\"https://dafstatic.oss-cn-beijing.aliyuncs.com/static/title/level4.gif\"><span class=\"orange\">学院搬运工</span>",
            "time": "2023-09-17 13:20:43"
        },
        {
            "id": 680,
            "SourceName": "阿拉德征服计划活动 2",
            "SourceType": "活动",
            "view_num": 250,
            "Remark": "<p>https://www.123pan.com/s/tJCtVv-9U5EH.html提取码:uazu</p>",
            "user": "<img height=\"25px\" src=\"https://dafstatic.oss-cn-beijing.aliyuncs.com/static/title/level4.gif\"><span class=\"orange\">学院搬运工</span>",
            "time": "2023-09-12 13:42:39"
        },
        {
            "id": 678,
            "SourceName": "龙之路 2",
            "SourceType": "活动",
            "view_num": 167,
            "Remark": "<p>https://www.123pan.com/s/tJCtVv-HU5EH.html提取码:VvoS</p>",
            "user": "<img height=\"25px\" src=\"https://dafstatic.oss-cn-beijing.aliyuncs.com/static/title/level4.gif\"><span class=\"orange\">学院搬运工</span>",
            "time": "2023-09-12 13:42:01"
        },
        {
            "id": 679,
            "SourceName": "阿拉德征服计划活动",
            "SourceType": "活动",
            "view_num": 155,
            "Remark": "<p>https://www.123pan.com/s/tJCtVv-AU5EH.html提取码:hfOb</p>",
            "user": "<img height=\"25px\" src=\"https://dafstatic.oss-cn-beijing.aliyuncs.com/static/title/level4.gif\"><span class=\"orange\">学院搬运工</span>",
            "time": "2023-09-12 13:42:19"
        },
        {
            "id": 566,
            "SourceName": "【夜白修复】阿拉德征服计划活动",
            "SourceType": "活动",
            "view_num": 137,
            "Remark": "<p>链接: https://pan.baidu.com/s/1sS7IBAaq3nspNvcdge4i8A?pwd=m4nv 提取码: m4nv 复制这段内容后打开百度网盘手机App，操作更方便哦&nbsp;<br />\n--来自百度网盘超级会员v2的分享</p>",
            "user": "<img height=\"25px\" src=\"https://dafstatic.oss-cn-beijing.aliyuncs.com/static/title/level4.gif\"><span class=\"orange\">学院搬运工</span>",
            "time": "2023-07-03 14:06:32"
        },
        {
            "id": 677,
            "SourceName": "龙之路",
            "SourceType": "活动",
            "view_num": 118,
            "Remark": "<p>https://www.123pan.com/s/tJCtVv-hU5EH.html提取码:q85r</p>",
            "user": "<img height=\"25px\" src=\"https://dafstatic.oss-cn-beijing.aliyuncs.com/static/title/level4.gif\"><span class=\"orange\">学院搬运工</span>",
            "time": "2023-09-12 13:41:38"
        }
    ]
}