{
    "total": 6,
    "rows": [
        {
            "id": 480,
            "SourceName": "等级补丁",
            "SourceType": "等级补丁",
            "view_num": 1568,
            "Remark": "<p>链接：https://pan.baidu.com/s/1kbJa0SrZ_t2it57mGI9CXQ&nbsp;<br />\r\n提取码：gxqe</p>",
            "user": "<img height=\"25px\" src=\"https://dafstatic.oss-cn-beijing.aliyuncs.com/static/title/level4.gif\"><span class=\"orange\">学院搬运工</span>",
            "time": "2023-05-21 19:07:34"
        },
        {
            "id": 603,
            "SourceName": "全等级补丁（缔造者创建+免门票修复+区域下线修复+防炸频道+史诗免确认+公平PVP）(1)",
            "SourceType": "等级补丁",
            "view_num": 1291,
            "Remark": "<p>https://www.123pan.com/s/tJCtVv-G95EH.html提取码:uKn1</p>",
            "user": "<img height=\"25px\" src=\"https://dafstatic.oss-cn-beijing.aliyuncs.com/static/title/level4.gif\"><span class=\"orange\">学院搬运工</span>",
            "time": "2023-07-15 21:26:51"
        },
        {
            "id": 602,
            "SourceName": "100-120等级补丁",
            "SourceType": "等级补丁",
            "view_num": 325,
            "Remark": "<p>链接: https://pan.baidu.com/s/1n1VCO0jqFS8GDxse9uQBhQ?pwd=xn9f 提取码: xn9f 复制这段内容后打开百度网盘手机App，操作更方便哦&nbsp;<br />\n--来自百度网盘超级会员v2的分享</p>",
            "user": "<img height=\"25px\" src=\"https://dafstatic.oss-cn-beijing.aliyuncs.com/static/title/level6.gif\"><span class=\"rainbow\">玲珑</span>",
            "time": "2023-07-14 09:09:55"
        },
        {
            "id": 598,
            "SourceName": "全等级防炸+免确认+GM等级补丁",
            "SourceType": "等级补丁",
            "view_num": 241,
            "Remark": "<p>链接: https://pan.baidu.com/s/1PBFfL2KJV8PYOaZQNpu9Gg?pwd=qga3 提取码: qga3 复制这段内容后打开百度网盘手机App，操作更方便哦</p>",
            "user": "<img height=\"25px\" src=\"https://dafstatic.oss-cn-beijing.aliyuncs.com/static/title/level4.gif\"><span class=\"orange\">学院搬运工</span>",
            "time": "2023-07-04 21:26:35"
        },
        {
            "id": 597,
            "SourceName": "110等级补丁",
            "SourceType": "等级补丁",
            "view_num": 240,
            "Remark": "<p>链接: https://pan.baidu.com/s/13kPyi9pliH4jjiYCodaTBw?pwd=kn9q 提取码: kn9q 复制这段内容后打开百度网盘手机App，操作更方便哦</p>",
            "user": "<img height=\"25px\" src=\"https://dafstatic.oss-cn-beijing.aliyuncs.com/static/title/level4.gif\"><span class=\"orange\">学院搬运工</span>",
            "time": "2023-07-04 21:26:10"
        },
        {
            "id": 584,
            "SourceName": "100级等级补丁",
            "SourceType": "等级补丁",
            "view_num": 105,
            "Remark": "<p>链接: https://pan.baidu.com/s/1n9TTvR08RHSFV7MnAgCrVQ?pwd=sgba 提取码: sgba 复制这段内容后打开百度网盘手机App，操作更方便哦&nbsp;<br />\n--来自百度网盘超级会员v2的分享</p>",
            "user": "<img height=\"25px\" src=\"https://dafstatic.oss-cn-beijing.aliyuncs.com/static/title/level4.gif\"><span class=\"orange\">学院搬运工</span>",
            "time": "2023-07-04 19:25:13"
        }
    ]
}