{
    "total": 35,
    "rows": [
        {
            "id": 700,
            "SourceName": "16:9宽屏+全自定义HUD血槽DLL插件，支持0627和1031",
            "SourceType": "功能相关",
            "view_num": 1050,
            "Remark": "<p><a href=\"https://pan.baidu.com/s/17S7juzeMjw71yszQxUZu-g\" target=\"_blank\">https://pan.baidu.com/s/17S7juzeMjw71yszQxUZu-g</a>?pwd=4rp2</p>\n\n<p>4rp2</p>\n\n<p>有两个版本，分别支持0627和1031，1031版本支持原生冷却提示位置调整，C++源码编译不报毒。</p>\n\n<p>提供55血槽和百级血槽两种预置方案，其他版本有npk贴图后都可以通过改配置坐标实现。</p>\n\n<p>原帖链接：https://tieba.baidu.com/p/9005430570</p>\n",
            "user": "<img height=\"25px\" src=\"\">shizuku30",
            "time": "1900-01-20 12:42:00"
        },
        {
            "id": 696,
            "SourceName": "花枝百级适配+默认创建女鬼",
            "SourceType": "功能相关",
            "view_num": 1025,
            "Remark": "<p>https://pan.baidu.com/s/1TPr35HqVXO-CPYLeDGHAew?pwd=1111&nbsp;<br />\n&nbsp;码1111&nbsp; 如果有花枝配套了，除了文件夹和Script都删除，注意文件夹和Script是保留，不是删除，im2提示有重复选择替换，然后重新生成授权文件（hztcp）弄进来，知道在哪复制过来也可以。<br />\n没有花枝配套，直接全部解压到客户端pvf放进来hztcp放进来（授权文件）</p>\n",
            "user": "<img height=\"25px\" src=\"https://dafstatic.oss-cn-beijing.aliyuncs.com/static/title/level2.gif\">yua222",
            "time": "2024-02-27 00:37:29"
        },
        {
            "id": 578,
            "SourceName": "徽章栏+达芙妮（pvf直接导入）",
            "SourceType": "功能相关",
            "view_num": 789,
            "Remark": "<p>链接: https://pan.baidu.com/s/1MM4P8GeDHGU_TLeXG8moAA?pwd=evgj 提取码: evgj 复制这段内容后打开百度网盘手机App，操作更方便哦&nbsp;<br />\n--来自百度网盘超级会员v2的分享</p>",
            "user": "<img height=\"25px\" src=\"https://dafstatic.oss-cn-beijing.aliyuncs.com/static/title/level4.gif\"><span class=\"orange\">学院搬运工</span>",
            "time": "2023-07-03 14:16:25"
        },
        {
            "id": 697,
            "SourceName": "花枝默认创建女鬼剑dll",
            "SourceType": "功能相关",
            "view_num": 696,
            "Remark": "<p>链接：https://pan.baidu.com/s/1RV2FpM7RNz9O10-uoGz3tg?pwd=1111&nbsp;<br />\n1111 补了<br />\n直接替换，提示网络中断就挂dp或者不支持</p>\n",
            "user": "<img height=\"25px\" src=\"https://dafstatic.oss-cn-beijing.aliyuncs.com/static/title/level2.gif\">yua222",
            "time": "2024-03-01 01:24:46"
        },
        {
            "id": 575,
            "SourceName": "全职业buff无限持续",
            "SourceType": "功能相关",
            "view_num": 592,
            "Remark": "<p>链接: https://pan.baidu.com/s/1aFs25g1nAnep1dCv-zCSDQ?pwd=s9r4 提取码: s9r4 复制这段内容后打开百度网盘手机App，操作更方便哦&nbsp;<br />\n--来自百度网盘超级会员v2的分享</p>",
            "user": "<img height=\"25px\" src=\"https://dafstatic.oss-cn-beijing.aliyuncs.com/static/title/level4.gif\"><span class=\"orange\">学院搬运工</span>",
            "time": "2023-07-03 14:13:39"
        },
        {
            "id": 688,
            "SourceName": "增幅+15至31文件",
            "SourceType": "功能相关",
            "view_num": 577,
            "Remark": "<p>https://www.123pan.com/s/tJCtVv-Bb5EH.html提取码:dDjd</p>",
            "user": "<img height=\"25px\" src=\"https://dafstatic.oss-cn-beijing.aliyuncs.com/static/title/level4.gif\"><span class=\"orange\">学院搬运工</span>",
            "time": "2023-09-17 13:19:24"
        },
        {
            "id": 570,
            "SourceName": "一键换装",
            "SourceType": "功能相关",
            "view_num": 500,
            "Remark": "<p>链接: https://pan.baidu.com/s/1kYNSSoJq4d5Kb1bgCjVbeg?pwd=c67f 提取码: c67f 复制这段内容后打开百度网盘手机App，操作更方便哦&nbsp;<br />\n--来自百度网盘超级会员v2的分享</p>",
            "user": "<img height=\"25px\" src=\"https://dafstatic.oss-cn-beijing.aliyuncs.com/static/title/level4.gif\"><span class=\"orange\">学院搬运工</span>",
            "time": "2023-07-03 14:09:27"
        },
        {
            "id": 694,
            "SourceName": "无脑圣骑士一键buff",
            "SourceType": "功能相关",
            "view_num": 477,
            "Remark": "<p>链接：https://pan.baidu.com/s/1mhEylQIAZtQe8VtUjIqGhg?pwd=a4dl&nbsp;<br />\n提取码：a4dl&nbsp;<br />\n--来自百度网盘超级会员V1的分享</p>",
            "user": "<img height=\"25px\" src=\"\">鲨鱼大辣椒",
            "time": "2024-01-05 19:41:37"
        },
        {
            "id": 497,
            "SourceName": "宠物装备异界化（修正版）",
            "SourceType": "功能相关",
            "view_num": 327,
            "Remark": "<p>链接: https://pan.baidu.com/s/1YgZHnUN8o1pe9RXfFw4zDA?pwd=u5b9 提取码: u5b9 复制这段内容后打开百度网盘手机App，操作更方便哦&nbsp;<br />\r\n--来自百度网盘超级会员v2的分享</p>",
            "user": "<img height=\"25px\" src=\"https://dafstatic.oss-cn-beijing.aliyuncs.com/static/title/level4.gif\"><span class=\"orange\">学院搬运工</span>",
            "time": "2023-06-29 21:17:53"
        },
        {
            "id": 687,
            "SourceName": "7个可用魔盒代码",
            "SourceType": "功能相关",
            "view_num": 303,
            "Remark": "<p>https://www.123pan.com/s/tJCtVv-1b5EH.html提取码:sp7a</p>",
            "user": "<img height=\"25px\" src=\"https://dafstatic.oss-cn-beijing.aliyuncs.com/static/title/level4.gif\"><span class=\"orange\">学院搬运工</span>",
            "time": "2023-09-17 13:09:45"
        },
        {
            "id": 699,
            "SourceName": "SS闪光掉落修复+两款SS闪光补丁",
            "SourceType": "功能相关",
            "view_num": 297,
            "Remark": "<p>链接: https://pan.baidu.com/s/1MggGFBGacBRmjkX2BBzDcQ 提取码: 91ei 复制这段内容后打开百度网盘手机App，操作更方便哦</p>\n\n<p>&nbsp;</p>\n\n<p>&nbsp;</p>\n\n<p>&nbsp;</p>\n\n<p>导入即可<img alt=\"wink\" height=\"23\" src=\"https://daf.linglonger.com/static/ckeditor/ckeditor/plugins/smiley/images/wink_smile.png\" title=\"wink\" width=\"23\" /></p>",
            "user": "<img height=\"25px\" src=\"\">长青",
            "time": "1900-01-20 11:04:20"
        },
        {
            "id": 563,
            "SourceName": "默认创建改女鬼dll",
            "SourceType": "功能相关",
            "view_num": 282,
            "Remark": "<p>链接: https://pan.baidu.com/s/1BtblnO2JgiMQCy9yjNLWXA?pwd=b7kq 提取码: b7kq 复制这段内容后打开百度网盘手机App，操作更方便哦&nbsp;<br />\n--来自百度网盘超级会员v2的分享</p>",
            "user": "<img height=\"25px\" src=\"https://dafstatic.oss-cn-beijing.aliyuncs.com/static/title/level4.gif\"><span class=\"orange\">学院搬运工</span>",
            "time": "2023-07-03 14:05:36"
        },
        {
            "id": 580,
            "SourceName": "放了阿拉德假人破解",
            "SourceType": "功能相关",
            "view_num": 281,
            "Remark": "<p>链接: https://pan.baidu.com/s/10qrF1IOse3lsyPyuEQhzEw?pwd=ueem 提取码: ueem 复制这段内容后打开百度网盘手机App，操作更方便哦&nbsp;<br />\n--来自百度网盘超级会员v2的分享</p>",
            "user": "<img height=\"25px\" src=\"https://dafstatic.oss-cn-beijing.aliyuncs.com/static/title/level4.gif\"><span class=\"orange\">学院搬运工</span>",
            "time": "2023-07-03 14:17:04"
        },
        {
            "id": 573,
            "SourceName": "黑钻完整文件补丁",
            "SourceType": "功能相关",
            "view_num": 275,
            "Remark": "<p>链接: https://pan.baidu.com/s/1nikH6dRskxCFhSVVY61iMQ?pwd=kj6r 提取码: kj6r 复制这段内容后打开百度网盘手机App，操作更方便哦&nbsp;<br />\n--来自百度网盘超级会员v2的分享</p>",
            "user": "<img height=\"25px\" src=\"https://dafstatic.oss-cn-beijing.aliyuncs.com/static/title/level4.gif\"><span class=\"orange\">学院搬运工</span>",
            "time": "2023-07-03 14:12:51"
        },
        {
            "id": 559,
            "SourceName": "增幅强化1-31",
            "SourceType": "功能相关",
            "view_num": 249,
            "Remark": "<p>链接: https://pan.baidu.com/s/12tk3o0fxPwhfHSfUUcHFeg?pwd=ckgs 提取码: ckgs 复制这段内容后打开百度网盘手机App，操作更方便哦&nbsp;<br />\n--来自百度网盘超级会员v2的分享</p>",
            "user": "<img height=\"25px\" src=\"https://dafstatic.oss-cn-beijing.aliyuncs.com/static/title/level4.gif\"><span class=\"orange\">学院搬运工</span>",
            "time": "2023-07-03 14:03:00"
        },
        {
            "id": 565,
            "SourceName": "全职业站街特效无脑导入",
            "SourceType": "功能相关",
            "view_num": 234,
            "Remark": "<p>链接: https://pan.baidu.com/s/1V2Rzg-vpDwe5biThJtFchQ?pwd=371x 提取码: 371x 复制这段内容后打开百度网盘手机App，操作更方便哦&nbsp;<br />\n--来自百度网盘超级会员v2的分享</p>",
            "user": "<img height=\"25px\" src=\"https://dafstatic.oss-cn-beijing.aliyuncs.com/static/title/level4.gif\"><span class=\"orange\">学院搬运工</span>",
            "time": "2023-07-03 14:06:12"
        },
        {
            "id": 558,
            "SourceName": "强化增幅变快",
            "SourceType": "功能相关",
            "view_num": 230,
            "Remark": "<p>链接: https://pan.baidu.com/s/1pCVKwTNw2hMQ6ZbWQbmpqA?pwd=3f8k 提取码: 3f8k 复制这段内容后打开百度网盘手机App，操作更方便哦&nbsp;<br />\n--来自百度网盘超级会员v2的分享</p>",
            "user": "<img height=\"25px\" src=\"https://dafstatic.oss-cn-beijing.aliyuncs.com/static/title/level4.gif\"><span class=\"orange\">学院搬运工</span>",
            "time": "2023-07-03 14:02:32"
        },
        {
            "id": 581,
            "SourceName": "16-31增幅卷",
            "SourceType": "功能相关",
            "view_num": 180,
            "Remark": "<p>链接: https://pan.baidu.com/s/1UGSOfwASTfKjNznmETyvLw?pwd=amh3 提取码: amh3 复制这段内容后打开百度网盘手机App，操作更方便哦&nbsp;<br />\n--来自百度网盘超级会员v2的分享</p>",
            "user": "<img height=\"25px\" src=\"https://dafstatic.oss-cn-beijing.aliyuncs.com/static/title/level4.gif\"><span class=\"orange\">学院搬运工</span>",
            "time": "2023-07-03 14:17:24"
        },
        {
            "id": 577,
            "SourceName": "连发",
            "SourceType": "功能相关",
            "view_num": 173,
            "Remark": "<p>链接: https://pan.baidu.com/s/1n9lKHyjwSQi2y-bT1O-Img?pwd=387f 提取码: 387f 复制这段内容后打开百度网盘手机App，操作更方便哦&nbsp;<br />\n--来自百度网盘超级会员v2的分享</p>",
            "user": "<img height=\"25px\" src=\"https://dafstatic.oss-cn-beijing.aliyuncs.com/static/title/level4.gif\"><span class=\"orange\">学院搬运工</span>",
            "time": "2023-07-03 14:15:30"
        },
        {
            "id": 582,
            "SourceName": "自动开盒子罐子物品放到物品栏一",
            "SourceType": "功能相关",
            "view_num": 157,
            "Remark": "<p>链接: https://pan.baidu.com/s/1QAshWvVg3wqQeZsVuXHaew?pwd=85mm 提取码: 85mm 复制这段内容后打开百度网盘手机App，操作更方便哦&nbsp;<br />\n--来自百度网盘超级会员v2的分享</p>",
            "user": "<img height=\"25px\" src=\"https://dafstatic.oss-cn-beijing.aliyuncs.com/static/title/level4.gif\"><span class=\"orange\">学院搬运工</span>",
            "time": "2023-07-03 14:17:45"
        },
        {
            "id": 583,
            "SourceName": "防具百分比伤害添加",
            "SourceType": "功能相关",
            "view_num": 157,
            "Remark": "<p>链接: https://pan.baidu.com/s/1vRhtu3liiH0fP09HEOSiYw?pwd=k8tj 提取码: k8tj 复制这段内容后打开百度网盘手机App，操作更方便哦&nbsp;<br />\n--来自百度网盘超级会员v2的分享</p>",
            "user": "<img height=\"25px\" src=\"https://dafstatic.oss-cn-beijing.aliyuncs.com/static/title/level4.gif\"><span class=\"orange\">学院搬运工</span>",
            "time": "2023-07-03 14:18:17"
        },
        {
            "id": 562,
            "SourceName": "夜白自用传送门",
            "SourceType": "功能相关",
            "view_num": 136,
            "Remark": "<p>链接: https://pan.baidu.com/s/1l117jOvicMjkGoWMG-K0xg?pwd=vid7 提取码: vid7 复制这段内容后打开百度网盘手机App，操作更方便哦&nbsp;<br />\r\n--来自百度网盘超级会员v2的分享</p>",
            "user": "<img height=\"25px\" src=\"https://dafstatic.oss-cn-beijing.aliyuncs.com/static/title/level4.gif\"><span class=\"orange\">学院搬运工</span>",
            "time": "2023-07-03 14:04:28"
        },
        {
            "id": 554,
            "SourceName": "变身消耗品",
            "SourceType": "功能相关",
            "view_num": 132,
            "Remark": "<p>链接: https://pan.baidu.com/s/1K7SOktrjonIK3nFESMvLvg?pwd=6eqb 提取码: 6eqb 复制这段内容后打开百度网盘手机App，操作更方便哦&nbsp;<br />\n--来自百度网盘超级会员v2的分享</p>",
            "user": "<img height=\"25px\" src=\"https://dafstatic.oss-cn-beijing.aliyuncs.com/static/title/level4.gif\"><span class=\"orange\">学院搬运工</span>",
            "time": "2023-07-03 13:53:05"
        },
        {
            "id": 567,
            "SourceName": "防buff消失药水",
            "SourceType": "功能相关",
            "view_num": 131,
            "Remark": "<p>链接: https://pan.baidu.com/s/1O28IcnvCMr7cJeBmdjuOhQ?pwd=9tmt 提取码: 9tmt 复制这段内容后打开百度网盘手机App，操作更方便哦&nbsp;<br />\n--来自百度网盘超级会员v2的分享</p>",
            "user": "<img height=\"25px\" src=\"https://dafstatic.oss-cn-beijing.aliyuncs.com/static/title/level4.gif\"><span class=\"orange\">学院搬运工</span>",
            "time": "2023-07-03 14:06:52"
        },
        {
            "id": 576,
            "SourceName": "map倒计时",
            "SourceType": "功能相关",
            "view_num": 115,
            "Remark": "<p>链接: https://pan.baidu.com/s/1bVskMtte3oXsA-KXPqeVWw?pwd=kbgp 提取码: kbgp 复制这段内容后打开百度网盘手机App，操作更方便哦&nbsp;<br />\n--来自百度网盘超级会员v2的分享</p>",
            "user": "<img height=\"25px\" src=\"https://dafstatic.oss-cn-beijing.aliyuncs.com/static/title/level4.gif\"><span class=\"orange\">学院搬运工</span>",
            "time": "2023-07-03 14:15:07"
        },
        {
            "id": 560,
            "SourceName": "全频道文件与交流",
            "SourceType": "功能相关",
            "view_num": 111,
            "Remark": "<p>链接: https://pan.baidu.com/s/1rnTsfyvewyQvtQT-TBp9JQ?pwd=egr3 提取码: egr3 复制这段内容后打开百度网盘手机App，操作更方便哦&nbsp;<br />\n--来自百度网盘超级会员v2的分享</p>",
            "user": "<img height=\"25px\" src=\"https://dafstatic.oss-cn-beijing.aliyuncs.com/static/title/level4.gif\"><span class=\"orange\">学院搬运工</span>",
            "time": "2023-07-03 14:03:41"
        },
        {
            "id": 579,
            "SourceName": "德利拉改云幂",
            "SourceType": "功能相关",
            "view_num": 104,
            "Remark": "<p>链接: https://pan.baidu.com/s/1GVQQRk4rSCGUKfLj3lI6yQ?pwd=45qc 提取码: 45qc 复制这段内容后打开百度网盘手机App，操作更方便哦&nbsp;<br />\n--来自百度网盘超级会员v2的分享</p>",
            "user": "<img height=\"25px\" src=\"https://dafstatic.oss-cn-beijing.aliyuncs.com/static/title/level4.gif\"><span class=\"orange\">学院搬运工</span>",
            "time": "2023-07-03 14:16:44"
        },
        {
            "id": 572,
            "SourceName": "召唤四剑圣",
            "SourceType": "功能相关",
            "view_num": 101,
            "Remark": "<p>链接: https://pan.baidu.com/s/173Qnkp_3rscqY824nTOlqg?pwd=g95a 提取码: g95a 复制这段内容后打开百度网盘手机App，操作更方便哦&nbsp;<br />\n--来自百度网盘超级会员v2的分享</p>",
            "user": "<img height=\"25px\" src=\"https://dafstatic.oss-cn-beijing.aliyuncs.com/static/title/level4.gif\"><span class=\"orange\">学院搬运工</span>",
            "time": "2023-07-03 14:12:18"
        },
        {
            "id": 599,
            "SourceName": "道具-国服大黄蜂变身道具",
            "SourceType": "功能相关",
            "view_num": 97,
            "Remark": "<p>链接: https://pan.baidu.com/s/1ysqwyAqm2DIcXn8gF21_wg?pwd=imyn 提取码: imyn 复制这段内容后打开百度网盘手机App，操作更方便哦</p>",
            "user": "<img height=\"25px\" src=\"https://dafstatic.oss-cn-beijing.aliyuncs.com/static/title/level4.gif\"><span class=\"orange\">学院搬运工</span>",
            "time": "2023-07-04 21:28:59"
        },
        {
            "id": 640,
            "SourceName": "2022国服名片装饰卡",
            "SourceType": "功能相关",
            "view_num": 80,
            "Remark": "<p>链接: https://pan.baidu.com/s/1JRq53LPZPQAVf9XfsrUYTw?pwd=icgg 提取码: icgg 复制这段内容后打开百度网盘手机App，操作更方便哦&nbsp;<br />\n--来自百度网盘超级会员v3的分享</p>",
            "user": "<img height=\"25px\" src=\"https://dafstatic.oss-cn-beijing.aliyuncs.com/static/title/level6.gif\"><span class=\"rainbow\">玲珑</span>",
            "time": "2023-09-04 20:50:07"
        },
        {
            "id": 555,
            "SourceName": "Script低等级地图添加地狱难度",
            "SourceType": "功能相关",
            "view_num": 73,
            "Remark": "<p>链接: https://pan.baidu.com/s/13OErzDg1MKLul17v6sSSVQ?pwd=rah4 提取码: rah4 复制这段内容后打开百度网盘手机App，操作更方便哦&nbsp;<br />\n--来自百度网盘超级会员v2的分享</p>",
            "user": "<img height=\"25px\" src=\"https://dafstatic.oss-cn-beijing.aliyuncs.com/static/title/level4.gif\"><span class=\"orange\">学院搬运工</span>",
            "time": "2023-07-03 13:59:40"
        },
        {
            "id": 564,
            "SourceName": "无毒国转台",
            "SourceType": "功能相关",
            "view_num": 67,
            "Remark": "<p>链接: https://pan.baidu.com/s/1Bufc9CybGYE5JdKRZPWuAA?pwd=uwk4 提取码: uwk4 复制这段内容后打开百度网盘手机App，操作更方便哦&nbsp;<br />\n--来自百度网盘超级会员v2的分享</p>",
            "user": "<img height=\"25px\" src=\"https://dafstatic.oss-cn-beijing.aliyuncs.com/static/title/level4.gif\"><span class=\"orange\">学院搬运工</span>",
            "time": "2023-07-03 14:05:53"
        },
        {
            "id": 568,
            "SourceName": "取消林纳斯武器奖励(领取闪退的自选导入)",
            "SourceType": "功能相关",
            "view_num": 60,
            "Remark": "<p>链接: https://pan.baidu.com/s/1TVCcZ9JqrDTlnl9JmvWNKw?pwd=h3i3 提取码: h3i3 复制这段内容后打开百度网盘手机App，操作更方便哦&nbsp;<br />\n--来自百度网盘超级会员v2的分享</p>",
            "user": "<img height=\"25px\" src=\"https://dafstatic.oss-cn-beijing.aliyuncs.com/static/title/level4.gif\"><span class=\"orange\">学院搬运工</span>",
            "time": "2023-07-03 14:07:15"
        },
        {
            "id": 571,
            "SourceName": "字体初始化失败解压到客户端里的Fonts",
            "SourceType": "功能相关",
            "view_num": 34,
            "Remark": "<p>链接: https://pan.baidu.com/s/1xKgGI0V6MQsQ_qZOURAjaQ?pwd=tqs1 提取码: tqs1 复制这段内容后打开百度网盘手机App，操作更方便哦&nbsp;<br />\n--来自百度网盘超级会员v2的分享</p>",
            "user": "<img height=\"25px\" src=\"https://dafstatic.oss-cn-beijing.aliyuncs.com/static/title/level4.gif\"><span class=\"orange\">学院搬运工</span>",
            "time": "2023-07-03 14:09:45"
        },
        {
            "id": 556,
            "SourceName": "普雷地板马赛克修复",
            "SourceType": "功能相关",
            "view_num": 19,
            "Remark": "<p>链接: https://pan.baidu.com/s/1HxDpgdEosDr18j073hwGdw?pwd=fu32 提取码: fu32 复制这段内容后打开百度网盘手机App，操作更方便哦&nbsp;<br />\n--来自百度网盘超级会员v2的分享</p>",
            "user": "<img height=\"25px\" src=\"https://dafstatic.oss-cn-beijing.aliyuncs.com/static/title/level4.gif\"><span class=\"orange\">学院搬运工</span>",
            "time": "2023-07-03 13:59:59"
        }
    ]
}