{
    "total": 32,
    "rows": [
        {
            "id": 321,
            "SourceName": "快捷栏装备",
            "SourceType": "装备",
            "view_num": 951,
            "Remark": "<p>https://www.123pan.com/s/tJCtVv-C95EH.html提取码:7YRp</p>",
            "user": "<img height=\"25px\" src=\"https://dafstatic.oss-cn-beijing.aliyuncs.com/static/title/level4.gif\"><span class=\"orange\">学院搬运工</span>",
            "time": "2023-07-15 21:39:23"
        },
        {
            "id": 455,
            "SourceName": "33套加强技能属性SS装备<span style='margin-left: 2px;padding-left: 16px;color: blue;text-align: center;background: url(/static/images/msg.png) no-repeat; center' title='回复'>1</span>",
            "SourceType": "装备",
            "view_num": 934,
            "Remark": "<p>链接: https://pan.baidu.com/s/1128wKcBbMIvTAPHP190lmw?pwd=No01 提取码: No01 复制这段内容后打开百度网盘手机App，操作更方便哦&nbsp;<br />\n--来自百度网盘超级会员v2的分享</p>",
            "user": "<img height=\"25px\" src=\"\">颜如玉",
            "time": "2023-12-13 10:21:34"
        },
        {
            "id": 446,
            "SourceName": "异界宠物装备",
            "SourceType": "装备",
            "view_num": 596,
            "Remark": "<p>https://www.123pan.com/s/tJCtVv-ab5EH.html提取码:rXBL</p>",
            "user": "<img height=\"25px\" src=\"https://dafstatic.oss-cn-beijing.aliyuncs.com/static/title/level4.gif\"><span class=\"orange\">学院搬运工</span>",
            "time": "2023-09-17 13:18:40"
        },
        {
            "id": 287,
            "SourceName": "【传说】武器首饰防具，共计462件",
            "SourceType": "装备",
            "view_num": 492,
            "Remark": "<p>链接: https://pan.baidu.com/s/1dH7AP54T5rjSqPc-DGJjhw?pwd=srnm 提取码: srnm 复制这段内容后打开百度网盘手机App，操作更方便哦&nbsp;<br />\n--来自百度网盘超级会员v2的分享</p>",
            "user": "<img height=\"25px\" src=\"https://dafstatic.oss-cn-beijing.aliyuncs.com/static/title/level4.gif\"><span class=\"orange\">学院搬运工</span>",
            "time": "2023-06-30 10:30:51"
        },
        {
            "id": 305,
            "SourceName": "装备-全职业技能优化传说灵石",
            "SourceType": "装备",
            "view_num": 399,
            "Remark": "<p>链接: https://pan.baidu.com/s/1uZ-PONg_oNHTMRytiOQ-1A?pwd=444n 提取码: 444n 复制这段内容后打开百度网盘手机App，操作更方便哦</p>",
            "user": "<img height=\"25px\" src=\"https://dafstatic.oss-cn-beijing.aliyuncs.com/static/title/level4.gif\"><span class=\"orange\">学院搬运工</span>",
            "time": "2023-07-04 21:30:08"
        },
        {
            "id": 183,
            "SourceName": "30套装直接导入带NPK",
            "SourceType": "装备",
            "view_num": 371,
            "Remark": "<p>链接: https://pan.baidu.com/s/1h7N6-L9xKGSP4D4CZubVvQ?pwd=cxhm 提取码: cxhm 复制这段内容后打开百度网盘手机App，操作更方便哦 \r\n--来自百度网盘超级会员v2的分享</p>",
            "user": "<img height=\"25px\" src=\"https://dafstatic.oss-cn-beijing.aliyuncs.com/static/title/level4.gif\"><span class=\"orange\">学院搬运工</span>",
            "time": "2023-06-28 14:30:06"
        },
        {
            "id": 179,
            "SourceName": "95装备，带超界+特效（附加补丁）",
            "SourceType": "装备",
            "view_num": 305,
            "Remark": "<p>链接: https://pan.baidu.com/s/1SDyTvlRrcdtiaKxaYn8VKQ?pwd=4ect 提取码: 4ect 复制这段内容后打开百度网盘手机App，操作更方便哦 \r\n--来自百度网盘超级会员v2的分享</p>",
            "user": "<img height=\"25px\" src=\"https://dafstatic.oss-cn-beijing.aliyuncs.com/static/title/level4.gif\"><span class=\"orange\">学院搬运工</span>",
            "time": "2023-06-28 14:30:06"
        },
        {
            "id": 226,
            "SourceName": "85SS全职业武器",
            "SourceType": "装备",
            "view_num": 275,
            "Remark": "<p>链接: https://pan.baidu.com/s/1jzpwBsi7nUb7nmuMT6wBkg?pwd=y49e 提取码: y49e 复制这段内容后打开百度网盘手机App，操作更方便哦 \r\n--来自百度网盘超级会员v2的分享</p>",
            "user": "<img height=\"25px\" src=\"https://dafstatic.oss-cn-beijing.aliyuncs.com/static/title/level4.gif\"><span class=\"orange\">学院搬运工</span>",
            "time": "2023-06-28 14:30:06"
        },
        {
            "id": 288,
            "SourceName": "异界装备提取",
            "SourceType": "装备",
            "view_num": 257,
            "Remark": "<p>链接: https://pan.baidu.com/s/1KywhIYS5qah5O15PX3pj_w?pwd=5bkt 提取码: 5bkt 复制这段内容后打开百度网盘手机App，操作更方便哦&nbsp;<br />\n--来自百度网盘超级会员v2的分享</p>",
            "user": "<img height=\"25px\" src=\"https://dafstatic.oss-cn-beijing.aliyuncs.com/static/title/level4.gif\"><span class=\"orange\">学院搬运工</span>",
            "time": "2023-07-03 13:53:38"
        },
        {
            "id": 203,
            "SourceName": "全职业100SS全套装备",
            "SourceType": "装备",
            "view_num": 248,
            "Remark": "<p>链接: https://pan.baidu.com/s/1kGCRbtF1-dTuuTxfDZIgWg?pwd=ez9v 提取码: ez9v 复制这段内容后打开百度网盘手机App，操作更方便哦 \r\n--来自百度网盘超级会员v2的分享</p>",
            "user": "<img height=\"25px\" src=\"https://dafstatic.oss-cn-beijing.aliyuncs.com/static/title/level4.gif\"><span class=\"orange\">学院搬运工</span>",
            "time": "2023-06-28 14:30:06"
        },
        {
            "id": 186,
            "SourceName": "异界四期无相冥渊",
            "SourceType": "装备",
            "view_num": 228,
            "Remark": "<p>链接: https://pan.baidu.com/s/1AKIvurJs2KZVna2cnXfN0A?pwd=s7fs 提取码: s7fs 复制这段内容后打开百度网盘手机App，操作更方便哦 \r\n--来自百度网盘超级会员v2的分享</p>",
            "user": "<img height=\"25px\" src=\"https://dafstatic.oss-cn-beijing.aliyuncs.com/static/title/level4.gif\"><span class=\"orange\">学院搬运工</span>",
            "time": "2023-06-28 14:30:06"
        },
        {
            "id": 274,
            "SourceName": "夜雨装备",
            "SourceType": "装备",
            "view_num": 213,
            "Remark": "<p>链接: https://pan.baidu.com/s/1bQ3yD62FYixfIgm9QuSmYg?pwd=kiy3 提取码: kiy3 复制这段内容后打开百度网盘手机App，操作更方便哦&nbsp;<br />\n--来自百度网盘超级会员v2的分享</p>",
            "user": "<img height=\"25px\" src=\"https://dafstatic.oss-cn-beijing.aliyuncs.com/static/title/level4.gif\"><span class=\"orange\">学院搬运工</span>",
            "time": "2023-06-30 09:57:47"
        },
        {
            "id": 206,
            "SourceName": "LOL首饰套<span style='margin-left: 2px;padding-left: 16px;color: blue;text-align: center;background: url(/static/images/msg.png) no-repeat; center' title='回复'>1</span>",
            "SourceType": "装备",
            "view_num": 209,
            "Remark": "<p>链接: https://pan.baidu.com/s/14I73NGbnd6cDNnS13iOamw?pwd=kxts 提取码: kxts 复制这段内容后打开百度网盘手机App，操作更方便哦 \r\n--来自百度网盘超级会员v2的分享</p>",
            "user": "<img height=\"25px\" src=\"https://dafstatic.oss-cn-beijing.aliyuncs.com/static/title/level4.gif\"><span class=\"orange\">学院搬运工</span>",
            "time": "2023-06-28 14:30:06"
        },
        {
            "id": 175,
            "SourceName": "装备套装导入",
            "SourceType": "装备",
            "view_num": 195,
            "Remark": "<p>链接: https://pan.baidu.com/s/19uTk0MO6891Ga8S6dGB75g?pwd=w8k6 提取码: w8k6 复制这段内容后打开百度网盘手机App，操作更方便哦 \r\n--来自百度网盘超级会员v2的分享</p>",
            "user": "<img height=\"25px\" src=\"https://dafstatic.oss-cn-beijing.aliyuncs.com/static/title/level4.gif\"><span class=\"orange\">学院搬运工</span>",
            "time": "2023-06-28 14:30:06"
        },
        {
            "id": 180,
            "SourceName": "觉醒之力",
            "SourceType": "装备",
            "view_num": 173,
            "Remark": "<p>链接: https://pan.baidu.com/s/1N_FzXEc9GVyamIPnE9e07A?pwd=trx1 提取码: trx1 复制这段内容后打开百度网盘手机App，操作更方便哦 \r\n--来自百度网盘超级会员v2的分享</p>",
            "user": "<img height=\"25px\" src=\"https://dafstatic.oss-cn-beijing.aliyuncs.com/static/title/level4.gif\"><span class=\"orange\">学院搬运工</span>",
            "time": "2023-06-28 14:30:06"
        },
        {
            "id": 209,
            "SourceName": "全职业神话防具",
            "SourceType": "装备",
            "view_num": 149,
            "Remark": "<p>链接: https://pan.baidu.com/s/1Cic-nRWAZQY18cnrQuILmA?pwd=tp1i 提取码: tp1i 复制这段内容后打开百度网盘手机App，操作更方便哦 \r\n--来自百度网盘超级会员v2的分享</p>",
            "user": "<img height=\"25px\" src=\"https://dafstatic.oss-cn-beijing.aliyuncs.com/static/title/level4.gif\"><span class=\"orange\">学院搬运工</span>",
            "time": "2023-06-28 14:30:06"
        },
        {
            "id": 176,
            "SourceName": "2023罪恶联动鬼剑士武器",
            "SourceType": "装备",
            "view_num": 130,
            "Remark": "<p>链接: https://pan.baidu.com/s/1v_IN72Czcq0GjTuSLROaDw?pwd=v46j 提取码: v46j 复制这段内容后打开百度网盘手机App，操作更方便哦 \r\n--来自百度网盘超级会员v2的分享</p>",
            "user": "<img height=\"25px\" src=\"https://dafstatic.oss-cn-beijing.aliyuncs.com/static/title/level4.gif\"><span class=\"orange\">学院搬运工</span>",
            "time": "2023-06-28 14:30:06"
        },
        {
            "id": 182,
            "SourceName": "105级决战之武器",
            "SourceType": "装备",
            "view_num": 126,
            "Remark": "<p>链接: https://pan.baidu.com/s/19RUEowD-zg0y5N-kum90Fw?pwd=2ufm 提取码: 2ufm 复制这段内容后打开百度网盘手机App，操作更方便哦 \r\n--来自百度网盘超级会员v2的分享</p>",
            "user": "<img height=\"25px\" src=\"https://dafstatic.oss-cn-beijing.aliyuncs.com/static/title/level4.gif\"><span class=\"orange\">学院搬运工</span>",
            "time": "2023-06-28 14:30:06"
        },
        {
            "id": 185,
            "SourceName": "全职业异界装(带三女鬼23期所有)",
            "SourceType": "装备",
            "view_num": 119,
            "Remark": "<p>链接: https://pan.baidu.com/s/1xDATCwsgJQXXer6cizypgw?pwd=rq15 提取码: rq15 复制这段内容后打开百度网盘手机App，操作更方便哦 \r\n--来自百度网盘超级会员v2的分享</p>",
            "user": "<img height=\"25px\" src=\"https://dafstatic.oss-cn-beijing.aliyuncs.com/static/title/level4.gif\"><span class=\"orange\">学院搬运工</span>",
            "time": "2023-06-28 14:30:06"
        },
        {
            "id": 184,
            "SourceName": "缔造五女鬼异界套+代码",
            "SourceType": "装备",
            "view_num": 116,
            "Remark": "<p>链接: https://pan.baidu.com/s/1u0gm5P1rCNGMGbdiXE5hGg?pwd=mzph 提取码: mzph 复制这段内容后打开百度网盘手机App，操作更方便哦 \r\n--来自百度网盘超级会员v2的分享</p>",
            "user": "<img height=\"25px\" src=\"https://dafstatic.oss-cn-beijing.aliyuncs.com/static/title/level4.gif\"><span class=\"orange\">学院搬运工</span>",
            "time": "2023-06-28 14:30:06"
        },
        {
            "id": 225,
            "SourceName": "166件100级SS装备全职业",
            "SourceType": "装备",
            "view_num": 96,
            "Remark": "<p>链接: https://pan.baidu.com/s/1YaZ-aUEH2owUyEgUGvJ3eg?pwd=xiid 提取码: xiid 复制这段内容后打开百度网盘手机App，操作更方便哦 \r\n--来自百度网盘超级会员v2的分享</p>",
            "user": "<img height=\"25px\" src=\"https://dafstatic.oss-cn-beijing.aliyuncs.com/static/title/level4.gif\"><span class=\"orange\">学院搬运工</span>",
            "time": "2023-06-28 14:30:06"
        },
        {
            "id": 214,
            "SourceName": "100创神SS装备全职业",
            "SourceType": "装备",
            "view_num": 87,
            "Remark": "<p>链接: https://pan.baidu.com/s/10LZUJYp-V1Ec5CGIvdhFSQ?pwd=ek6v 提取码: ek6v 复制这段内容后打开百度网盘手机App，操作更方便哦 \r\n--来自百度网盘超级会员v2的分享</p>",
            "user": "<img height=\"25px\" src=\"https://dafstatic.oss-cn-beijing.aliyuncs.com/static/title/level4.gif\"><span class=\"orange\">学院搬运工</span>",
            "time": "2023-06-28 14:30:06"
        },
        {
            "id": 215,
            "SourceName": "110副本城镇装备",
            "SourceType": "装备",
            "view_num": 87,
            "Remark": "<p>链接: https://pan.baidu.com/s/1R7EziirK2st1K6ylafLPJQ?pwd=xcj4 提取码: xcj4 复制这段内容后打开百度网盘手机App，操作更方便哦 \r\n--来自百度网盘超级会员v2的分享</p>",
            "user": "<img height=\"25px\" src=\"https://dafstatic.oss-cn-beijing.aliyuncs.com/static/title/level4.gif\"><span class=\"orange\">学院搬运工</span>",
            "time": "2023-06-28 14:30:06"
        },
        {
            "id": 243,
            "SourceName": "苍穹全职业武器",
            "SourceType": "装备",
            "view_num": 87,
            "Remark": "<p>链接: https://pan.baidu.com/s/1Y8MKW-QFx5VaJRsv8FR6BA?pwd=juw8 提取码: juw8 复制这段内容后打开百度网盘手机App，操作更方便哦 \r\n--来自百度网盘超级会员v2的分享</p>",
            "user": "<img height=\"25px\" src=\"https://dafstatic.oss-cn-beijing.aliyuncs.com/static/title/level4.gif\"><span class=\"orange\">学院搬运工</span>",
            "time": "2023-06-28 21:30:06"
        },
        {
            "id": 197,
            "SourceName": "全职业圣耀武器",
            "SourceType": "装备",
            "view_num": 86,
            "Remark": "<p>链接: https://pan.baidu.com/s/1MePTny5Y5nJydkl8rzJvFg?pwd=6x87 提取码: 6x87 复制这段内容后打开百度网盘手机App，操作更方便哦 \r\n--来自百度网盘超级会员v2的分享</p>",
            "user": "<img height=\"25px\" src=\"https://dafstatic.oss-cn-beijing.aliyuncs.com/static/title/level4.gif\"><span class=\"orange\">学院搬运工</span>",
            "time": "2023-06-28 14:30:06"
        },
        {
            "id": 181,
            "SourceName": "105级吞噬根源武器",
            "SourceType": "装备",
            "view_num": 83,
            "Remark": "<p>链接: https://pan.baidu.com/s/1whs2bKytHmhuNaUnHFpS3w?pwd=gg1k 提取码: gg1k 复制这段内容后打开百度网盘手机App，操作更方便哦 \r\n--来自百度网盘超级会员v2的分享</p>",
            "user": "<img height=\"25px\" src=\"https://dafstatic.oss-cn-beijing.aliyuncs.com/static/title/level4.gif\"><span class=\"orange\">学院搬运工</span>",
            "time": "2023-06-28 14:30:06"
        },
        {
            "id": 219,
            "SourceName": "剑圣提取套装",
            "SourceType": "装备",
            "view_num": 79,
            "Remark": "<p>链接: https://pan.baidu.com/s/1_7ddEGAyXj58QQYIGiyubA?pwd=f1nm 提取码: f1nm 复制这段内容后打开百度网盘手机App，操作更方便哦 \r\n--来自百度网盘超级会员v2的分享</p>",
            "user": "<img height=\"25px\" src=\"https://dafstatic.oss-cn-beijing.aliyuncs.com/static/title/level4.gif\"><span class=\"orange\">学院搬运工</span>",
            "time": "2023-06-28 14:30:06"
        },
        {
            "id": 236,
            "SourceName": "男女鬼剑105武器",
            "SourceType": "装备",
            "view_num": 67,
            "Remark": "<p>链接: https://pan.baidu.com/s/1vSgHsFzHobl-wnSZNYf2Kg?pwd=erd7 提取码: erd7 复制这段内容后打开百度网盘手机App，操作更方便哦 \r\n--来自百度网盘超级会员v2的分享</p>",
            "user": "<img height=\"25px\" src=\"https://dafstatic.oss-cn-beijing.aliyuncs.com/static/title/level4.gif\"><span class=\"orange\">学院搬运工</span>",
            "time": "2023-06-28 21:30:06"
        },
        {
            "id": 177,
            "SourceName": "格斗天王新手套",
            "SourceType": "装备",
            "view_num": 65,
            "Remark": "<p>链接: https://pan.baidu.com/s/1z6IAcsJqQbFMXeaetqn3ZQ?pwd=ds74 提取码: ds74 复制这段内容后打开百度网盘手机App，操作更方便哦 \r\n--来自百度网盘超级会员v2的分享</p>",
            "user": "<img height=\"25px\" src=\"https://dafstatic.oss-cn-beijing.aliyuncs.com/static/title/level4.gif\"><span class=\"orange\">学院搬运工</span>",
            "time": "2023-06-28 14:30:06"
        },
        {
            "id": 277,
            "SourceName": "100级史诗带套装 缺耳环武器",
            "SourceType": "装备",
            "view_num": 58,
            "Remark": "<p>链接: https://pan.baidu.com/s/1wabI7tIewiURK8LKHbON4A?pwd=ub36 提取码: ub36 复制这段内容后打开百度网盘手机App，操作更方便哦&nbsp;<br />\n--来自百度网盘超级会员v2的分享</p>",
            "user": "<img height=\"25px\" src=\"https://dafstatic.oss-cn-beijing.aliyuncs.com/static/title/level4.gif\"><span class=\"orange\">学院搬运工</span>",
            "time": "2023-06-30 10:07:02"
        },
        {
            "id": 235,
            "SourceName": "100级装备SS60件",
            "SourceType": "装备",
            "view_num": 55,
            "Remark": "<p>链接: https://pan.baidu.com/s/19LHN_xlnYx1m8eJYG_D3yA?pwd=xqwc 提取码: xqwc 复制这段内容后打开百度网盘手机App，操作更方便哦 \r\n--来自百度网盘超级会员v2的分享</p>",
            "user": "<img height=\"25px\" src=\"https://dafstatic.oss-cn-beijing.aliyuncs.com/static/title/level4.gif\"><span class=\"orange\">学院搬运工</span>",
            "time": "2023-06-28 14:30:06"
        },
        {
            "id": 178,
            "SourceName": "100防具+右槽",
            "SourceType": "装备",
            "view_num": 54,
            "Remark": "<p>链接: https://pan.baidu.com/s/1IfLBRHccIgwg96FkcBVlRA?pwd=enwr 提取码: enwr 复制这段内容后打开百度网盘手机App，操作更方便哦 \r\n--来自百度网盘超级会员v2的分享</p>",
            "user": "<img height=\"25px\" src=\"https://dafstatic.oss-cn-beijing.aliyuncs.com/static/title/level4.gif\"><span class=\"orange\">学院搬运工</span>",
            "time": "2023-06-28 14:30:06"
        }
    ]
}