{
    "total": 21,
    "rows": [
        {
            "id": 471,
            "SourceName": "奥特曼称号",
            "SourceType": "称号",
            "view_num": 870,
            "Remark": "<p>链接：https://pan.baidu.com/s/138vXwc3NsrG4IDhxJkPpnA?pwd=frt1&nbsp;<br />\n提取码：frt1&nbsp;<br />\n--来自百度网盘超级会员V6的分享</p>",
            "user": "<img height=\"25px\" src=\"https://dafstatic.oss-cn-beijing.aliyuncs.com/static/title/level2.gif\">星空皇帝",
            "time": "2024-01-15 15:03:09"
        },
        {
            "id": 2,
            "SourceName": "740个国服仿官称号（仿官必备）",
            "SourceType": "称号",
            "view_num": 658,
            "Remark": "<p>链接：https://pan.baidu.com/s/13PgNACTMZPmX2g6xfBbSlg?pwd=cttu&nbsp;<br />\r\n提取码：cttu</p>",
            "user": "<img height=\"25px\" src=\"https://dafstatic.oss-cn-beijing.aliyuncs.com/static/title/level4.gif\"><span class=\"orange\">学院搬运工</span>",
            "time": "2023-06-28 14:30:06"
        },
        {
            "id": 470,
            "SourceName": "千年之守望称号",
            "SourceType": "称号",
            "view_num": 555,
            "Remark": "<p>链接：https://pan.baidu.com/s/1KzDkyCCVPuA6ivDmasVuPg?pwd=8bww&nbsp;<br />\n提取码：8bww&nbsp;<br />\n--来自百度网盘超级会员V6的分享</p>",
            "user": "<img height=\"25px\" src=\"https://dafstatic.oss-cn-beijing.aliyuncs.com/static/title/level2.gif\">星空皇帝",
            "time": "2024-01-15 15:01:49"
        },
        {
            "id": 173,
            "SourceName": "全职业技能强化版称号",
            "SourceType": "称号",
            "view_num": 341,
            "Remark": "<p>链接: https://pan.baidu.com/s/1l_nk2zGnJ-do5uSMTzcvpg?pwd=mmxs 提取码: mmxs 复制这段内容后打开百度网盘手机App，操作更方便哦 \r\n--来自百度网盘超级会员v2的分享</p>",
            "user": "<img height=\"25px\" src=\"https://dafstatic.oss-cn-beijing.aliyuncs.com/static/title/level4.gif\"><span class=\"orange\">学院搬运工</span>",
            "time": "2023-06-28 14:30:06"
        },
        {
            "id": 346,
            "SourceName": "国服327个光环和720个称号",
            "SourceType": "称号",
            "view_num": 318,
            "Remark": "<p>链接: https://pan.baidu.com/s/1JcI7u_AWcG736QR6eNB_1g?pwd=3d9m 提取码: 3d9m 复制这段内容后打开百度网盘手机App，操作更方便哦&nbsp;<br />\n--来自百度网盘超级会员v3的分享</p>",
            "user": "<img height=\"25px\" src=\"https://dafstatic.oss-cn-beijing.aliyuncs.com/static/title/level6.gif\"><span class=\"rainbow\">玲珑</span>",
            "time": "2023-09-04 20:51:56"
        },
        {
            "id": 265,
            "SourceName": "50个称号，带PVF文件<span style='margin-left: 2px;padding-left: 16px;color: blue;text-align: center;background: url(/static/images/msg.png) no-repeat; center' title='回复'>1</span>",
            "SourceType": "称号",
            "view_num": 290,
            "Remark": "<p>链接: https://pan.baidu.com/s/1bm8vw681uyWDZVSK_CnQ6A?pwd=mzd1 提取码: mzd1 复制这段内容后打开百度网盘手机App，操作更方便哦 \r\n--来自百度网盘超级会员v2的分享</p>",
            "user": "<img height=\"25px\" src=\"https://dafstatic.oss-cn-beijing.aliyuncs.com/static/title/level4.gif\"><span class=\"orange\">学院搬运工</span>",
            "time": "2023-06-29 20:30:06"
        },
        {
            "id": 172,
            "SourceName": "指令激活GM称号",
            "SourceType": "称号",
            "view_num": 262,
            "Remark": "<p>链接: https://pan.baidu.com/s/1gN9mRbJrzMW9C6NQeFPpRg?pwd=e1w4 提取码: e1w4 复制这段内容后打开百度网盘手机App，操作更方便哦 \r\n--来自百度网盘超级会员v2的分享</p>",
            "user": "<img height=\"25px\" src=\"https://dafstatic.oss-cn-beijing.aliyuncs.com/static/title/level4.gif\"><span class=\"orange\">学院搬运工</span>",
            "time": "2023-06-28 14:30:06"
        },
        {
            "id": 95,
            "SourceName": "V1-V10称号",
            "SourceType": "称号",
            "view_num": 218,
            "Remark": "<p>链接: https://pan.baidu.com/s/1w9wlwzW4SslqF84DORBnIA?pwd=hyjr 提取码: hyjr 复制这段内容后打开百度网盘手机App，操作更方便哦 \r\n--来自百度网盘超级会员v2的分享</p>",
            "user": "<img height=\"25px\" src=\"https://dafstatic.oss-cn-beijing.aliyuncs.com/static/title/level4.gif\"><span class=\"orange\">学院搬运工</span>",
            "time": "2023-06-28 21:34:06"
        },
        {
            "id": 119,
            "SourceName": "称号素材",
            "SourceType": "称号",
            "view_num": 216,
            "Remark": "<p>链接: https://pan.baidu.com/s/19LnDV7bnA99O71_PE_FY3g?pwd=8nyd 提取码: 8nyd 复制这段内容后打开百度网盘手机App，操作更方便哦 \r\n--来自百度网盘超级会员v2的分享</p>",
            "user": "<img height=\"25px\" src=\"https://dafstatic.oss-cn-beijing.aliyuncs.com/static/title/level4.gif\"><span class=\"orange\">学院搬运工</span>",
            "time": "2023-06-28 14:30:06"
        },
        {
            "id": 334,
            "SourceName": "[无脑包]秽土斑动态称号（有水印，介意勿下）",
            "SourceType": "称号",
            "view_num": 209,
            "Remark": "<p>https://www.123pan.com/s/tJCtVv-Nk5EH.html提取码:bntZ</p>",
            "user": "<img height=\"25px\" src=\"https://dafstatic.oss-cn-beijing.aliyuncs.com/static/title/level4.gif\"><span class=\"orange\">学院搬运工</span>",
            "time": "2023-07-20 15:13:49"
        },
        {
            "id": 704,
            "SourceName": "2024春节至尊称号—小时光制作",
            "SourceType": "称号",
            "view_num": 174,
            "Remark": "<p>链接：https://pan.baidu.com/s/195xpO9TA0maVtV7PtdyDkQ?pwd=w90h&nbsp;<br />\n提取码：w90h&nbsp;<br />\n--来自百度网盘超级会员V4的分享</p>\n\n<p><img alt=\"\" height=\"243\" src=\"https://dafstatic.oss-cn-beijing.aliyuncs.com/static/image/2024/7/2/D1B8rzdy0hnZVrCVs9AU.png\" width=\"298\" /></p>",
            "user": "<img height=\"25px\" src=\"https://dafstatic.oss-cn-beijing.aliyuncs.com/static/title/level2.gif\">门卫大爷",
            "time": "2024-07-02 18:45:26"
        },
        {
            "id": 170,
            "SourceName": "登峰造极-单称号",
            "SourceType": "称号",
            "view_num": 169,
            "Remark": "<p>链接: https://pan.baidu.com/s/1-voAy-tSVXEJ_epy9Jj4FA?pwd=ifuw 提取码: ifuw 复制这段内容后打开百度网盘手机App，操作更方便哦 \r\n--来自百度网盘超级会员v2的分享</p>",
            "user": "<img height=\"25px\" src=\"https://dafstatic.oss-cn-beijing.aliyuncs.com/static/title/level4.gif\"><span class=\"orange\">学院搬运工</span>",
            "time": "2023-06-28 14:30:06"
        },
        {
            "id": 262,
            "SourceName": "觉醒之心称号",
            "SourceType": "称号",
            "view_num": 164,
            "Remark": "<p>链接: https://pan.baidu.com/s/1xvWnB86Cm_VvEG_BY9c9TQ?pwd=sgj3 提取码: sgj3 复制这段内容后打开百度网盘手机App，操作更方便哦 --来自百度网盘超级会员v2的分享</p>",
            "user": "<img height=\"25px\" src=\"https://dafstatic.oss-cn-beijing.aliyuncs.com/static/title/level4.gif\"><span class=\"orange\">学院搬运工</span>",
            "time": "2023-06-29 20:30:06"
        },
        {
            "id": 169,
            "SourceName": "最强战神三称号",
            "SourceType": "称号",
            "view_num": 163,
            "Remark": "<p>链接: https://pan.baidu.com/s/1MI64RHTkwcQeuVqFwo5xZw?pwd=y6uc 提取码: y6uc 复制这段内容后打开百度网盘手机App，操作更方便哦 \r\n--来自百度网盘超级会员v2的分享</p>",
            "user": "<img height=\"25px\" src=\"https://dafstatic.oss-cn-beijing.aliyuncs.com/static/title/level4.gif\"><span class=\"orange\">学院搬运工</span>",
            "time": "2023-06-28 14:30:06"
        },
        {
            "id": 120,
            "SourceName": "99款称号素材",
            "SourceType": "称号",
            "view_num": 150,
            "Remark": "<p>链接: https://pan.baidu.com/s/1k577IOIQn16ahwn5Xs7pHg?pwd=dwec 提取码: dwec 复制这段内容后打开百度网盘手机App，操作更方便哦 \r\n--来自百度网盘超级会员v2的分享</p>",
            "user": "<img height=\"25px\" src=\"https://dafstatic.oss-cn-beijing.aliyuncs.com/static/title/level4.gif\"><span class=\"orange\">学院搬运工</span>",
            "time": "2023-06-28 14:30:06"
        },
        {
            "id": 3,
            "SourceName": "2021春节至尊",
            "SourceType": "称号",
            "view_num": 114,
            "Remark": "<p>链接：https://pan.baidu.com/s/1DSEANshA5zgDMtri7fjh-Q?pwd=446p&nbsp;<br />\n提取码：446p</p>",
            "user": "<img height=\"25px\" src=\"https://dafstatic.oss-cn-beijing.aliyuncs.com/static/title/level4.gif\"><span class=\"orange\">学院搬运工</span>",
            "time": "2023-06-28 14:30:55"
        },
        {
            "id": 98,
            "SourceName": "50个称号，带PVF文件",
            "SourceType": "称号",
            "view_num": 102,
            "Remark": "<p>链接: https://pan.baidu.com/s/1pRGgaeGBVKvUBHoH9tBIAg?pwd=hnuv 提取码: hnuv 复制这段内容后打开百度网盘手机App，操作更方便哦 \r\n--来自百度网盘超级会员v2的分享</p>",
            "user": "<img height=\"25px\" src=\"https://dafstatic.oss-cn-beijing.aliyuncs.com/static/title/level4.gif\"><span class=\"orange\">学院搬运工</span>",
            "time": "2023-06-28 14:30:06"
        },
        {
            "id": 4,
            "SourceName": "2022新年称号第一弹",
            "SourceType": "称号",
            "view_num": 62,
            "Remark": "<p>链接：https://pan.baidu.com/s/1q8oFmHRF84ggRxAdON30qA?pwd=02ch&nbsp;<br />\n提取码：02ch</p>",
            "user": "<img height=\"25px\" src=\"https://dafstatic.oss-cn-beijing.aliyuncs.com/static/title/level4.gif\"><span class=\"orange\">学院搬运工</span>",
            "time": "2023-06-28 21:35:06"
        },
        {
            "id": 94,
            "SourceName": "740个称号",
            "SourceType": "称号",
            "view_num": 54,
            "Remark": "<p>链接: https://pan.baidu.com/s/1QdC0WQPVCRs9Onp_MMOKAg?pwd=nr1x 提取码: nr1x 复制这段内容后打开百度网盘手机App，操作更方便哦 \r\n--来自百度网盘超级会员v2的分享</p>",
            "user": "<img height=\"25px\" src=\"https://dafstatic.oss-cn-beijing.aliyuncs.com/static/title/level4.gif\"><span class=\"orange\">学院搬运工</span>",
            "time": "2023-06-28 14:30:06"
        },
        {
            "id": 171,
            "SourceName": "兔年称号",
            "SourceType": "称号",
            "view_num": 41,
            "Remark": "<p>链接: https://pan.baidu.com/s/1vhP1PyygfymlCU7HFK2opQ?pwd=cuzm 提取码: cuzm 复制这段内容后打开百度网盘手机App，操作更方便哦 \r\n--来自百度网盘超级会员v2的分享</p>",
            "user": "<img height=\"25px\" src=\"https://dafstatic.oss-cn-beijing.aliyuncs.com/static/title/level4.gif\"><span class=\"orange\">学院搬运工</span>",
            "time": "2023-06-28 14:30:06"
        },
        {
            "id": 121,
            "SourceName": "萌萌动物园称号",
            "SourceType": "称号",
            "view_num": 25,
            "Remark": "<p>链接: https://pan.baidu.com/s/12qKn9WW-LX0Zg5xA5z1NYg?pwd=8cnb 提取码: 8cnb 复制这段内容后打开百度网盘手机App，操作更方便哦 \r\n--来自百度网盘超级会员v2的分享</p>",
            "user": "<img height=\"25px\" src=\"https://dafstatic.oss-cn-beijing.aliyuncs.com/static/title/level4.gif\"><span class=\"orange\">学院搬运工</span>",
            "time": "2023-06-28 14:30:06"
        }
    ]
}