{
    "total": 40,
    "rows": [
        {
            "id": 94,
            "ToolName": "[通用登录器MAX]真正的纯净登录器+exe（@梦佾曲）解压密码：11<span style='margin-left: 2px;padding-left: 16px;color: blue;text-align: center;background: url(/static/images/msg.png) no-repeat; center' title='回复'>3</span>",
            "ToolType": "登录器",
            "view_num": 5820,
            "Remark": "<p>&nbsp;</p>\r\n\r\n<p>开局一张图：<br />\r\nB站食用视频：<a href=\"http://jump2.bdimg.com/safecheck/index?url=rN3wPs8te/pL4AOY0zAwhxlM0gIy4aw6IqIox4G1IDB2g5Oufqc14DA/2W9x53cqPH2dGFWPAGP4zr5UmrDQzvKMnPPVO/56y1RAFGCzEn7/bTPrhmGU2rd1hvVudWFSWKFkRDiaF/CtBb73Rb3AZbPeE0STxklim5DJ7YwbhtYwPGbuJnYGNA==\" rel=\"noopener noreferrer nofollow\" target=\"_blank\">https://www.bilibili.com/video/BV1gi4y1P7x9/</a></p>\r\n\r\n<p>链接: https://pan.baidu.com/s/1AoiZRUXfW88r9X18YeAOGw?pwd=nz5v 提取码: nz5v 复制这段内容后打开百度网盘手机App，操作更方便哦&nbsp;<br />\r\n--来自百度网盘超级会员v5的分享</p>\r\n\r\n<p><a href=\"http://jump2.bdimg.com/safecheck/index?url=rN3wPs8te/pL4AOY0zAwhxlM0gIy4aw6IqIox4G1IDB2g5Oufqc14DA/2W9x53cqPH2dGFWPAGP4zr5UmrDQzvKMnPPVO/56y1RAFGCzEn7/bTPrhmGU2rd1hvVudWFSWKFkRDiaF/CtBb73Rb3AZbPeE0STxklim5DJ7YwbhtYwPGbuJnYGNA==\" rel=\"noopener noreferrer nofollow\" target=\"_blank\"><img alt=\"\" height=\"420\" src=\"/media/uploads/2023/06/15/7c78fefe9925bc31edea50d749df8db1ca137053.jpg\" width=\"700\" /></a><br />\r\n--------------------------------------------------------------------<br />\r\n打开登录器：根目录会有个Sign in data.ini的配置文件，输入具体配置即可。<br />\r\n具体食用：<br />\r\n1、把包里东西直接无脑丢客户端就行[客户端只保留audio.xml和文件夹]<br />\r\n2、包里的密钥丢服务器game目录下打开登录器即可登录游戏[有两个：分别是公钥和私钥 丢服务器的是：publickey.pem]<br />\r\n3、包里还有个插件集[Sign_ico.dll(图标)、Sign_jt.dll(简体)、Sign_ksjs.dll(快速结算)、Sign_nd.dll(英雄级)、Sign_nf.dll(内辅)、Sign_srf.dll(免输入法)]<br />\r\n4、内辅介绍：<br />\r\n[1]入包[入包我优化了下，可以在开启的过程中调用手动出售、分解命令]<br />\r\n[2]自动分解出售[设置数量&ge;物品的装备栏后自动开始处理]<br />\r\n[3]手动分解出售<br />\r\n[4]SSS评分<br />\r\n[5]快速过图<br />\r\n[6]打开仓库<br />\r\n[7]手动修理<br />\r\n以上内辅功能全部可以在内辅自定义按键中设置快捷键[设置后重启下游戏即可]<br />\r\n5、插件集的介绍[仔细看清楚，为了所谓绝对纯净的exe和内辅 我只在修复exe的动态库中调用了一个枚举命令,只能加载Sign_*.dll的动态库 所以如果exe的根目录没有就不会生效只会默认读取Sign in data.ini中的本地等级补丁和服务器地址]<br />\r\n插件集的补充说明：如果只想用纯净exe，那么插件集你一个不要用，自己写或者找别人的插件名字改成[Sign_*.dll]即可。<br />\r\n---------------------------------------------------------------------<br />\r\nexe修改位置：<br />\r\n公告：400F00<br />\r\n---------------------------------------------------------------------<br />\r\n调用线程：<br />\r\n快速结算：1个<br />\r\n图标：1个<br />\r\n英雄级难度：1个<br />\r\n内辅[入包、自动出售、自动分解]：2个 分别为：入包、自动出售及分解<br />\r\n---------------------------------------------------------------------<br />\r\n调用主线程：<br />\r\n内辅：1个 主要用于处理内辅线程反馈的消息，收到消息立即处理相关事件。<br />\r\n---------------------------------------------------------------------<br />\r\nexe优化：<br />\r\n1、老王最早提供的优化方案<br />\r\n2、在区段中剔出字符串处理部分<br />\r\n3、删除输入表中无用入口<br />\r\nexe字符串优化：<br />\r\n转换到简体<br />\r\n删除多余行<br />\r\n修改 D点 D币 为代币券 点券 区分大小写<br />\r\n修改 ((商业化相关，后续确认 为 是否确认<br />\r\n修改 ((商业化 为 确认<br />\r\n修改伺服器 为服务器<br />\r\n修改连线 为 连接<br />\r\n修改係 为系<br />\r\n修改馀 为余<br />\r\n21513&gt;专门材料<br />\r\n21523&gt;用来存放专门职业专用物品的空间<br />\r\n21782&gt;专门职业<br />\r\n44093&gt;放弃专门职业\\n放弃所需费用为%d金币， 确认放弃吗？<br />\r\n44094&gt;已成功放弃专门职业<br />\r\n44095&gt;您没有专门职业<br />\r\n44101&gt;因专门职业的熟练度不足， 无法升级分解机<br />\r\n44104&gt;专门职业不符或熟练度不足<br />\r\n44316&gt;所有专门职业<br />\r\n44318&gt;製作专门职业物品时， 消耗的材料数量 %.*f%%%% %s<br />\r\n44319&gt;製作专门职业物品时， 成功率 %.*f%%%% %s<br />\r\n44323&gt;角色Lv过低， 无法升级到下一阶段的专门职业。<br />\r\n44359&gt;製作专门职业物品时， 有%.*f%%%%的机率可以使获得的物品数量 %.*f倍 %s<br />\r\n44362&gt;製作或分解时， 有%.*f%%%%的机率， 额外获得%.*f专门职业熟练度。<br />\r\n46130&gt;专门职业<br />\r\n71241&gt;分解商店开设中， 无法放弃当前专门职业。<br />\r\n71242&gt;进行专门职业相关操作时， 无法放弃当前专门职业。<br />\r\n修改以上製为制<br />\r\n专门改为副或副职业<br />\r\n鍊 改为 炼<br />\r\n解体 改为 分解<br />\r\n人形 改为 人偶<br />\r\n魔法赋予 改为 附魔<br />\r\n创立 改为 创建<br />\r\n鑽 改为 钻<br />\r\nEasy 改为 普通<br />\r\nMedium 改为 冒险<br />\r\nHard 改为 勇士<br />\r\nUltimate 改为 王者<br />\r\n编年史 改为 勇者<br />\r\n60097&gt;英雄 改为 史诗<br />\r\n60096&gt;唯一 改为 神器<br />\r\n癒 改为 愈<br />\r\n讯息 改为 信息<br />\r\n製 改为 制<br />\r\n闇属性 改为 暗属性<br />\r\n水属性 改为 冰属性<br />\r\n滑鼠 改为 鼠标<br />\r\n扩张时间之龟裂 改为 挑战深渊派对<br />\r\n介面 改为 界面<br />\r\n前往村子 改为 返回城镇<br />\r\n收信 改为 已收邮件<br />\r\n寄信 改为 发送邮件<br />\r\n保管箱 改为 邮件保管箱<br />\r\n回覆 改为 回复<br />\r\n33004&gt;延长 改为 续期<br />\r\n时效道具 改为 优惠道具<br />\r\n35240&gt;帐号专属 改为 账号绑定<br />\r\n1019&gt;火炮 改为 手炮<br />\r\n1020&gt;弩枪 改为 手弩<br />\r\n创作者 改为 缔造者<br />\r\n创造者 改为 缔造者<br />\r\n42012&gt;物攻 改为 物理攻击<br />\r\n42013&gt;物防 改为 物理防御<br />\r\n42014&gt;魔攻 改为 魔法攻击<br />\r\n42015&gt;魔防 改为 魔法防御<br />\r\n40011&gt;英雄任务列表(%s) 改为 全部任务列表(%s)<br />\r\n38226&gt;送礼 改为 当礼物赠送<br />\r\n25022&gt;整体 改为 全部<br />\r\n60064&gt;整体 改为 全部<br />\r\n31087&gt;修南地区 改为 素喃地区<br />\r\n150&gt;网路连接已被中断 改为 网络连接中断<br />\r\n缓速抗性 改为 减速抗性<br />\r\n21365&gt;火属性攻击 %+d<br />\r\n21366&gt;冰属性攻击 %+d<br />\r\n21367&gt;暗属性攻击 %+d<br />\r\n21368&gt;光属性攻击 %+d<br />\r\n21370&gt;火属性攻击<br />\r\n21371&gt;冰属性攻击<br />\r\n21372&gt;暗属性攻击<br />\r\n21373&gt;光属性攻击<br />\r\n以上攻击改为强化<br />\r\n3510&gt;此帐号已被停权 改为 亲爱的勇士：很遗憾，由于您在游戏中存在作弊行为，该帐号被永久停封。<br />\r\n19126&gt;异次元的力量<br />\r\n19127&gt;异次元的智力<br />\r\n19128&gt;异次元的体力<br />\r\n19129&gt;异次元的精神<br />\r\n21306&gt;异次元的体力<br />\r\n21307&gt;异次元的精神<br />\r\n21308&gt;异次元的力量<br />\r\n21309&gt;异次元的智力<br />\r\n将以上异次元的改为 异次元<br />\r\n21403&gt;是 改为确认<br />\r\n21404&gt;不是 改为取消<br />\r\n还有一些忘了记录了。。。。。。。。。</p>",
            "user": "<img height=\"25px\" src=\"https://dafstatic.oss-cn-beijing.aliyuncs.com/static/title/level4.gif\"><span class=\"orange\">学院搬运工</span>",
            "time": "2023-06-15 13:16:53"
        },
        {
            "id": 21,
            "ToolName": "花枝登录器3.41<span style='margin-left: 2px;padding-left: 16px;color: blue;text-align: center;background: url(/static/images/msg.png) no-repeat; center' title='回复'>13</span>",
            "ToolType": "登录器",
            "view_num": 4541,
            "Remark": "<p>链接: https://pan.baidu.com/s/18fobddQDSeMnCil7gau_0Q?pwd=v2fm 提取码: v2fm 复制这段内容后打开百度网盘手机App，操作更方便哦&nbsp;<br />\r\n--来自百度网盘超级会员v5的分享</p>",
            "user": "<img height=\"25px\" src=\"https://dafstatic.oss-cn-beijing.aliyuncs.com/static/title/level4.gif\"><span class=\"orange\">学院搬运工</span>",
            "time": "2023-05-21 19:31:53"
        },
        {
            "id": 255,
            "ToolName": "新版RS单机登录器<span style='margin-left: 2px;padding-left: 16px;color: blue;text-align: center;background: url(/static/images/msg.png) no-repeat; center' title='回复'>2</span>",
            "ToolType": "登录器",
            "view_num": 2215,
            "Remark": "<p>下载链接：新版RS单机登录器&nbsp;https://doc.neople.top/web/#/634300207</p>\n\n<p>&nbsp;</p>\n\n<p>&nbsp;</p>\n\n<p>如果可以尽可能从文档内下载不要从别人手里接收。避免二次感染。@达文西。</p>\n\n<p>（虎子代达子上传的哈。）</p>",
            "user": "<img height=\"25px\" src=\"https://dafstatic.oss-cn-beijing.aliyuncs.com/static/title/level2.gif\">虎子i",
            "time": "2023-12-17 18:33:43"
        },
        {
            "id": 97,
            "ToolName": "一键搭建工具（@神///）",
            "ToolType": "登录器",
            "view_num": 2088,
            "Remark": "<p>可管理并修改数据库 端口检测 终端控制台</p>\n\n<p>链接: https://pan.baidu.com/s/1Uh71OjYPdStp2zWLF7IC7w?pwd=e9fz 提取码: e9fz 复制这段内容后打开百度网盘手机App，操作更方便哦&nbsp;<br />\n--来自百度网盘超级会员v2的分享</p>\n\n<p><img alt=\"\" height=\"448\" src=\"/media/uploads/2023/06/16/1_xpnYHor.jpg\" width=\"733\" /></p>\n\n<p><img alt=\"\" height=\"448\" src=\"/media/uploads/2023/06/16/2.jpg\" width=\"733\" /></p>\n\n<p><img alt=\"\" height=\"448\" src=\"/media/uploads/2023/06/16/3.jpg\" width=\"733\" /></p>\n",
            "user": "<img height=\"25px\" src=\"https://dafstatic.oss-cn-beijing.aliyuncs.com/static/title/level4.gif\"><span class=\"orange\">学院搬运工</span>",
            "time": "2023-06-16 16:05:45"
        },
        {
            "id": 52,
            "ToolName": "登录器天子2.0<span style='margin-left: 2px;padding-left: 16px;color: blue;text-align: center;background: url(/static/images/msg.png) no-repeat; center' title='回复'>4</span>",
            "ToolType": "登录器",
            "view_num": 2013,
            "Remark": "<p>链接: https://pan.baidu.com/s/16LcniJtNCrauw0v9pJGDmQ?pwd=tnb5 提取码: tnb5 复制这段内容后打开百度网盘手机App，操作更方便哦&nbsp;<br />\r\n--来自百度网盘超级会员v5的分享</p>",
            "user": "<img height=\"25px\" src=\"https://dafstatic.oss-cn-beijing.aliyuncs.com/static/title/level4.gif\"><span class=\"orange\">学院搬运工</span>",
            "time": "2023-05-21 21:30:48"
        },
        {
            "id": 228,
            "ToolName": "登陆器及源码",
            "ToolType": "登录器",
            "view_num": 1747,
            "Remark": "<p>链接: https://pan.baidu.com/s/1XTCJcCuxbuOhxHDTKsY5rA?pwd=d3rw 提取码: d3rw 复制这段内容后打开百度网盘手机App，操作更方便哦&nbsp;<br />\r\n--来自百度网盘超级会员v5的分享</p>\r\n\r\n<p><img alt=\"\" height=\"617\" src=\"/media/uploads/2023/07/23/image-20230723111732-1.png\" width=\"452\" /></p>",
            "user": "<img height=\"25px\" src=\"https://dafstatic.oss-cn-beijing.aliyuncs.com/static/title/level4.gif\"><span class=\"orange\">学院搬运工</span>",
            "time": "2023-07-23 11:18:15"
        },
        {
            "id": 288,
            "ToolName": "花枝341登录器，0725带百级血槽修复<span style='margin-left: 2px;padding-left: 16px;color: blue;text-align: center;background: url(/static/images/msg.png) no-repeat; center' title='回复'>4</span>",
            "ToolType": "登录器",
            "view_num": 1377,
            "Remark": "<p>花枝341带百级血槽修复插件</p>\r\n\r\n<p>https://pan.baidu.com/s/1_uPb8vW-COAqXLUwoXxYFg?pwd=hznb</p>\r\n\r\n<p>&nbsp;</p>\r\n\r\n<p>个人测试部分pvf的ui依旧会有少许错位，可以自行调整，0725版，自行测试哈</p>",
            "user": "<img height=\"25px\" src=\"\">空心",
            "time": "2024-03-04 16:15:02"
        },
        {
            "id": 22,
            "ToolName": "简易登录器 by 梦佾曲<span style='margin-left: 2px;padding-left: 16px;color: blue;text-align: center;background: url(/static/images/msg.png) no-repeat; center' title='回复'>1</span>",
            "ToolType": "登录器",
            "view_num": 1366,
            "Remark": "<p>链接：https://pan.baidu.com/s/1Qe1QYKNZOWzJXkZh4x_FFA&nbsp;<br />\n提取码：aqot</p>",
            "user": "<img height=\"25px\" src=\"https://dafstatic.oss-cn-beijing.aliyuncs.com/static/title/level4.gif\"><span class=\"orange\">学院搬运工</span>",
            "time": "2023-05-21 19:32:13"
        },
        {
            "id": 276,
            "ToolName": "tz登录器全配套源码<span style='margin-left: 2px;padding-left: 16px;color: blue;text-align: center;background: url(/static/images/msg.png) no-repeat; center' title='回复'>6</span>",
            "ToolType": "登录器",
            "view_num": 1349,
            "Remark": "<p>直连没有提取码&nbsp; &nbsp;https://ffsup-s42.oduuu.com/uploads%2F2937%2F2024%2F02%2F%E7%99%BB%E5%BD%95%E5%99%A8%E5%85%A8%E7%89%88%E6%9C%AC%E5%85%A8%E5%A5%97%E6%BA%90%E7%A0%81.7z?Expires=1708493499</p>",
            "user": "<img height=\"25px\" src=\"\">小月月",
            "time": "2024-02-18 09:28:19"
        },
        {
            "id": 211,
            "ToolName": "RS单机登录器",
            "ToolType": "登录器",
            "view_num": 1193,
            "Remark": "<p>https://www.123pan.com/s/tJCtVv-TE5EH.html提取码:AWxw</p>",
            "user": "<img height=\"25px\" src=\"https://dafstatic.oss-cn-beijing.aliyuncs.com/static/title/level4.gif\"><span class=\"orange\">学院搬运工</span>",
            "time": "2023-07-18 12:32:40"
        },
        {
            "id": 256,
            "ToolName": "天子登录器2.0去除授权，亲测可用<span style='margin-left: 2px;padding-left: 16px;color: blue;text-align: center;background: url(/static/images/msg.png) no-repeat; center' title='回复'>2</span>",
            "ToolType": "登录器",
            "view_num": 1098,
            "Remark": "<p>链接：https://pan.baidu.com/s/1ea2gyddHa0Z8_AympawgQg?pwd=1zve&nbsp;<br />\n提取码：1zve&nbsp;<br />\n--来自百度网盘超级会员V4的分享</p>\n\n<p><img alt=\"\" height=\"544\" src=\"/media/uploads/2023/12/29/image-20231229205912-4.png\" width=\"1043\" /></p>\n\n<p><img alt=\"\" height=\"1093\" src=\"/media/uploads/2023/12/29/image-20231229205810-1.png\" width=\"1916\" /></p>\n\n<p><img alt=\"\" height=\"782\" src=\"/media/uploads/2023/12/29/image-20231229205843-2.png\" width=\"1115\" /></p>\n\n<p><img alt=\"\" height=\"793\" src=\"/media/uploads/2023/12/29/image-20231229205858-3.png\" width=\"1139\" /></p>\n\n<p>&nbsp;</p>\n\n<p>&nbsp;</p>",
            "user": "<img height=\"25px\" src=\"\">偏爱网络",
            "time": "2023-12-29 20:58:28"
        },
        {
            "id": 206,
            "ToolName": "天子2.0去授权成品（带通用自动更新）",
            "ToolType": "登录器",
            "view_num": 1097,
            "Remark": "<p>https://www.123pan.com/s/tJCtVv-P95EH.html提取码:3vHP</p>",
            "user": "<img height=\"25px\" src=\"https://dafstatic.oss-cn-beijing.aliyuncs.com/static/title/level4.gif\"><span class=\"orange\">学院搬运工</span>",
            "time": "2023-07-15 21:27:30"
        },
        {
            "id": 175,
            "ToolName": "星星登录器免费版总包(密码000)<span style='margin-left: 2px;padding-left: 16px;color: blue;text-align: center;background: url(/static/images/msg.png) no-repeat; center' title='回复'>1</span>",
            "ToolType": "登录器",
            "view_num": 984,
            "Remark": "<p>链接: https://pan.baidu.com/s/1pCydKzODAdNk5dqYYfO7sg?pwd=8hug 提取码: 8hug 复制这段内容后打开百度网盘手机App，操作更方便哦&nbsp;<br />\r\n--来自百度网盘超级会员v5的分享</p>",
            "user": "<img height=\"25px\" src=\"https://dafstatic.oss-cn-beijing.aliyuncs.com/static/title/level4.gif\"><span class=\"orange\">学院搬运工</span>",
            "time": "2023-07-01 14:00:05"
        },
        {
            "id": 275,
            "ToolName": "大唐登录器（密码123.）1031exe<span style='margin-left: 2px;padding-left: 16px;color: blue;text-align: center;background: url(/static/images/msg.png) no-repeat; center' title='回复'>3</span>",
            "ToolType": "登录器",
            "view_num": 975,
            "Remark": "<p>链接: https://pan.baidu.com/s/13z9VuABdjeL1Acar4iiNuA?pwd=vj9i 提取码: vj9i 复制这段内容后打开百度网盘手机App，操作更方便哦&nbsp;<br />\n--来自百度网盘超级会员v5的分享</p>",
            "user": "<img height=\"25px\" src=\"\">雨水",
            "time": "2024-02-05 20:33:28"
        },
        {
            "id": 23,
            "ToolName": "懒人专用登录器V3.1 by kkl",
            "ToolType": "登录器",
            "view_num": 901,
            "Remark": "<p>链接：https://pan.baidu.com/s/1rWhPT1euk8M7gm42KKnxXg&nbsp;<br />\n提取码：1nlf</p>",
            "user": "<img height=\"25px\" src=\"https://dafstatic.oss-cn-beijing.aliyuncs.com/static/title/level4.gif\"><span class=\"orange\">学院搬运工</span>",
            "time": "2023-05-21 19:32:35"
        },
        {
            "id": 24,
            "ToolName": "莫离单机登录器0725",
            "ToolType": "登录器",
            "view_num": 887,
            "Remark": "<p>链接：https://pan.baidu.com/s/1tQ9jHKjwRTgTEwUnkpyArg&nbsp;<br />\n提取码：f941</p>",
            "user": "<img height=\"25px\" src=\"https://dafstatic.oss-cn-beijing.aliyuncs.com/static/title/level4.gif\"><span class=\"orange\">学院搬运工</span>",
            "time": "2023-05-21 19:32:55"
        },
        {
            "id": 320,
            "ToolName": "台服新版简易登录器（@狗哥）<span style='margin-left: 2px;padding-left: 16px;color: blue;text-align: center;background: url(/static/images/msg.png) no-repeat; center' title='回复'>1</span>",
            "ToolType": "登录器",
            "view_num": 841,
            "Remark": "<p>原贴：https://tieba.baidu.com/p/9021115979</p>\r\n\r\n<p>提供登录、注册、自动Host、服务端运维、数据备份还原、DLL插件注入、exe日志显示功能<br />\r\n配置文件：DLConfig.ini，如果配置文件丢失，首次打开登录器时会自动生成一个兼容单机服务端的配置文件<br />\r\n自动Host：首次运行时会提权修改host文件，第二次就可以无管理员权限运行，如果系统没有管理员权限一直点取消可跳过自动Host功能<br />\r\n自定义密钥：登陆器默认有配置好密钥，只需给服务端配置公钥即可；如果需要自定义密钥请把你的privatekey.pem和publickey.pem与登录器一同置于游戏根目录<br />\r\nDLL插件注入：将需要注入的DLL文件置于游戏根目录，登录前勾选下方&ldquo;插件管理&rdquo;，即可打开插件管理窗口，在管理窗口内勾选DLL插件，确认后启用DLL注入功能；通过配置文件中的&ldquo;DLLBlackList&rdquo;配置项注册DLL黑名单，在黑名单内的DLL文件即使位于游戏根目录也不会出现在插件管理选项中<br />\r\n服务端运维：登录器会检测11线df_game_r游戏服务状态（不是数据库状态）；运维相关配置在&ldquo;［服务器信息］&rdquo;中（没有这些配置也不影响登录的基础功能）<br />\r\nexe日志显示：登录前勾选下方&ldquo;调试信息&rdquo;，即可启用exe日志显示功能；登录后会弹出命令行窗口，可显示exe输出信息与nut脚本输出信息</p>\r\n\r\n<p>&nbsp;</p>\r\n\r\n<p>链接: https://pan.baidu.com/s/1d1zc2JvfPIEWDUxEgKMyww?pwd=b16u 提取码: b16u 复制这段内容后打开百度网盘手机App，操作更方便哦&nbsp;<br />\r\n--来自百度网盘超级会员v5的分享</p>\r\n\r\n<p>&nbsp;</p>\r\n\r\n<p><img alt=\"\" height=\"300\" src=\"/media/uploads/2024/05/19/image-20240519222101-1.jpeg\" width=\"600\" /></p>\r\n\r\n<p><img alt=\"\" height=\"442\" src=\"/media/uploads/2024/05/19/image-20240519222149-2.jpeg\" width=\"600\" /></p>\r\n\r\n<p><img alt=\"\" height=\"863\" src=\"/media/uploads/2024/05/19/image-20240519222158-3.jpeg\" width=\"700\" /></p>\r\n\r\n<p><img alt=\"\" height=\"335\" src=\"/media/uploads/2024/05/19/image-20240519222202-4.jpeg\" width=\"600\" /></p>\r\n\r\n<p><img alt=\"\" height=\"398\" src=\"/media/uploads/2024/05/19/image-20240519222210-5.jpeg\" width=\"600\" /></p>",
            "user": "<img height=\"25px\" src=\"https://dafstatic.oss-cn-beijing.aliyuncs.com/static/title/level6.gif\"><span class=\"rainbow\">玲珑</span>",
            "time": "2024-05-19 22:23:54"
        },
        {
            "id": 207,
            "ToolName": "5.5登录器-非常稳定能组队",
            "ToolType": "登录器",
            "view_num": 806,
            "Remark": "<p>https://www.123pan.com/s/tJCtVv-W95EH.html提取码:UpCG</p>",
            "user": "<img height=\"25px\" src=\"https://dafstatic.oss-cn-beijing.aliyuncs.com/static/title/level4.gif\"><span class=\"orange\">学院搬运工</span>",
            "time": "2023-07-15 21:37:57"
        },
        {
            "id": 340,
            "ToolName": "花枝4.32免授权(授权放自己服务器)",
            "ToolType": "登录器",
            "view_num": 701,
            "Remark": "<p>搭建成功图~</p>\r\n\r\n<p><img alt=\"\" height=\"320\" src=\"https://dafstatic.oss-cn-beijing.aliyuncs.com/static/image/2024/7/2/Y4irWyBwnnOzlfVp7eoa.jpg\" width=\"551\" /></p>\r\n\r\n<p><img alt=\"\" height=\"233\" src=\"https://dafstatic.oss-cn-beijing.aliyuncs.com/static/image/2024/7/2/pYH4ZASB0B4odkqUwmhZ.jpg\" width=\"451\" /><img alt=\"\" height=\"243\" src=\"https://dafstatic.oss-cn-beijing.aliyuncs.com/static/image/2024/7/2/kpsuNvQh42al4L044wN5.jpg\" width=\"201\" /></p>\r\n\r\n<p>声明：这个包是别人分享的，我看没人发贴吧，就转发了下，下面有原分享地址，原包内无镶嵌exe，下载地址2中添加了镶嵌exe</p>\r\n\r\n<p>授权问题：这个版本是4.32劫持授权，授权端部署到自己的服务器，这个包至少我<span style=\"color:#e74c3c\">没有发现广告、引导加群，假授权等情况</span>。</p>\r\n\r\n<p>安全问题：远控、病毒啥的就自己判断。由于是pojie，所以ip地址会暴露到客户端，教程中有体现，<span style=\"color:#e74c3c\">虚拟机，nas，云服务都可用</span>，推荐单机使用</p>\r\n\r\n<p>下载地址2：</p>\r\n\r\n<p>链接: <span style=\"color:#ffffff\"><span style=\"background-color:#27ae60\">https://pan.baidu.com/s/18FY5x__v7qAX1viz0bkwhg?pwd=vrk7</span></span></p>\r\n\r\n<p>提取码: vrk7&nbsp;</p>\r\n\r\n<p>最后感谢登录器作者，分享大佬，我只是单机爱好者~</p>",
            "user": "<img height=\"25px\" src=\"\">dtekol",
            "time": "2024-07-02 12:13:48"
        },
        {
            "id": 313,
            "ToolName": "贴吧0627天子同款源码开源-加隆（@Mazycity丶）",
            "ToolType": "登录器",
            "view_num": 630,
            "Remark": "<p>链接: https://pan.baidu.com/s/1K_h9oSNprZ6aqRXQZjjfTQ?pwd=z55t 提取码: z55t 复制这段内容后打开百度网盘手机App，操作更方便哦&nbsp;<br />\r\n--来自百度网盘超级会员v5的分享</p>\r\n\r\n<p>&nbsp;</p>\r\n\r\n<p>贴吧链接</p>\r\n\r\n<p>https://tieba.baidu.com/p/8988692156?pid=150154679703&amp;cid=#150154679703</p>",
            "user": "<img height=\"25px\" src=\"https://dafstatic.oss-cn-beijing.aliyuncs.com/static/title/level4.gif\"><span class=\"orange\">学院搬运工</span>",
            "time": "2024-04-22 14:27:36"
        },
        {
            "id": 312,
            "ToolName": "1031单机登录器多功能3.9源码（@Mazycity丶）",
            "ToolType": "登录器",
            "view_num": 611,
            "Remark": "<p>链接: https://pan.baidu.com/s/1h5-vTTAAZBu7Q9MgcEKiNQ?pwd=hv4n 提取码: hv4n 复制这段内容后打开百度网盘手机App，操作更方便哦&nbsp;<br />\r\n--来自百度网盘超级会员v5的分享</p>\r\n\r\n<p>&nbsp;</p>\r\n\r\n<p>贴吧链接</p>\r\n\r\n<p>https://tieba.baidu.com/p/8987060342?pid=150146588200&amp;cid=#150146588200</p>",
            "user": "<img height=\"25px\" src=\"https://dafstatic.oss-cn-beijing.aliyuncs.com/static/title/level4.gif\"><span class=\"orange\">学院搬运工</span>",
            "time": "2024-04-22 14:26:20"
        },
        {
            "id": 281,
            "ToolName": "自用的单机启动器-含C++源码（没啥特点|无网关|只是无毒）<span style='margin-left: 2px;padding-left: 16px;color: blue;text-align: center;background: url(/static/images/msg.png) no-repeat; center' title='回复'>2</span>",
            "ToolType": "登录器",
            "view_num": 527,
            "Remark": "<p>链接: https://pan.baidu.com/s/1Wq0M47Rg_f-tZXlrjZrIbg?pwd=mapw 提取码: mapw 复制这段内容后打开百度网盘手机App，操作更方便哦&nbsp;<br />\r\n--来自百度网盘超级会员v5的分享</p>\r\n\r\n<p><img alt=\"\" height=\"145\" src=\"/media/uploads/2024/04/21/image-20240421135733-1.png\" width=\"473\" /></p>\r\n\r\n<p><span style=\"color:#e74c3c\">效果</span></p>\r\n\r\n<p><img alt=\"\" height=\"305\" src=\"/media/uploads/2024/04/10/image-20240410204114-1.png\" width=\"337\" /></p>\r\n\r\n<p><span style=\"color:#e74c3c\">特殊说明：<br />\r\n最近有些小伙伴问我有没有不报毒的登录器，市面上的单机登录器好多都报毒，这也没办法，大部分都是e写的，即使没毒，也可能会误报。<br />\r\n自从我自己中招了一次之后。其他的我自己也就不敢用了，平时我也只是自己玩玩单机，或者和朋友几个玩。干脆就自己用c++写了的一个简单的启动器（<strong>没网关，也没其他功能，单机用</strong>），因为是c语言的所以一般也不会报毒。既然有小伙伴问了，就分享出来了，大家需要的就自己拿。</span></p>\r\n\r\n<p><span style=\"color:#e74c3c\">注意：exe如果运行的时候缺少运行库dll，那么就在备用的dll里面找一找，拿出来放到客户端根目录</span></p>\r\n\r\n<p><span style=\"color:#e74c3c\">源码编写工具是vs2022，编译用debug编译，我没有兼容release的，有能力的自己可以修改</span></p>",
            "user": "<img height=\"25px\" src=\"https://dafstatic.oss-cn-beijing.aliyuncs.com/static/title/level6.gif\"><span class=\"rainbow\">玲珑</span>",
            "time": "2024-02-27 23:06:57"
        },
        {
            "id": 182,
            "ToolName": "天子2.0二开源码+成品<span style='margin-left: 2px;padding-left: 16px;color: blue;text-align: center;background: url(/static/images/msg.png) no-repeat; center' title='回复'>1</span>",
            "ToolType": "登录器",
            "view_num": 494,
            "Remark": "<p>链接: https://pan.baidu.com/s/1fKf5HD9iHcTUkwOPMbskfQ?pwd=exr2 提取码: exr2 复制这段内容后打开百度网盘手机App，操作更方便哦&nbsp;<br />\r\n--来自百度网盘超级会员v5的分享</p>",
            "user": "<img height=\"25px\" src=\"https://dafstatic.oss-cn-beijing.aliyuncs.com/static/title/level4.gif\"><span class=\"orange\">学院搬运工</span>",
            "time": "2023-07-04 19:04:07"
        },
        {
            "id": 314,
            "ToolName": "血槽组件源码（@永恒部落）",
            "ToolType": "登录器",
            "view_num": 482,
            "Remark": "<p>链接: https://pan.baidu.com/s/1q6UB9VSGlMeEkH-wRREc7A?pwd=2e6n 提取码: 2e6n 复制这段内容后打开百度网盘手机App，操作更方便哦&nbsp;<br />\r\n--来自百度网盘超级会员v5的分享</p>\r\n\r\n<p>&nbsp;</p>\r\n\r\n<p>贴吧链接</p>\r\n\r\n<p>https://tieba.baidu.com/p/8988641254?pid=150155008452&amp;cid=150156058124#150156058124</p>",
            "user": "<img height=\"25px\" src=\"https://dafstatic.oss-cn-beijing.aliyuncs.com/static/title/level4.gif\"><span class=\"orange\">学院搬运工</span>",
            "time": "2024-04-22 14:29:15"
        },
        {
            "id": 201,
            "ToolName": "懒人登录器",
            "ToolType": "登录器",
            "view_num": 474,
            "Remark": "<p>链接: https://pan.baidu.com/s/1h9y6GisUr16xP53slI9Gng?pwd=7g4r 提取码: 7g4r 复制这段内容后打开百度网盘手机App，操作更方便哦&nbsp;<br />\r\n--来自百度网盘超级会员v5的分享</p>",
            "user": "<img height=\"25px\" src=\"https://dafstatic.oss-cn-beijing.aliyuncs.com/static/title/level4.gif\"><span class=\"orange\">学院搬运工</span>",
            "time": "2023-07-04 21:07:43"
        },
        {
            "id": 28,
            "ToolName": "茉莉单机登录器X3",
            "ToolType": "登录器",
            "view_num": 456,
            "Remark": "<p>链接：https://pan.baidu.com/s/1rfzXqorxPkLvhnrsUFJLnw&nbsp;<br />\n提取码：ezdk</p>",
            "user": "<img height=\"25px\" src=\"https://dafstatic.oss-cn-beijing.aliyuncs.com/static/title/level4.gif\"><span class=\"orange\">学院搬运工</span>",
            "time": "2023-05-21 19:34:26"
        },
        {
            "id": 108,
            "ToolName": "统一网关在线管理工具（网关+登录器+教程）<span style='margin-left: 2px;padding-left: 16px;color: blue;text-align: center;background: url(/static/images/msg.png) no-repeat; center' title='回复'>1</span>",
            "ToolType": "登录器",
            "view_num": 382,
            "Remark": "<p>链接: https://pan.baidu.com/s/1NaMonsmpRbb5X_Md2vji3Q?pwd=2gws 提取码: 2gws 复制这段内容后打开百度网盘手机App，操作更方便哦&nbsp;<br />\n--来自百度网盘超级会员v2的分享</p>\n\n<p><img alt=\"\" height=\"151\" src=\"/media/uploads/2023/06/27/image-20230627100418-3.png\" width=\"500\" /></p>\n\n<p><img alt=\"\" height=\"1042\" src=\"/media/uploads/2023/06/27/image-20230627100359-2.png\" width=\"423\" /></p>",
            "user": "<img height=\"25px\" src=\"https://dafstatic.oss-cn-beijing.aliyuncs.com/static/title/level4.gif\"><span class=\"orange\">学院搬运工</span>",
            "time": "2023-06-27 10:03:07"
        },
        {
            "id": 109,
            "ToolName": "源码含网关登录器（@Zageku）<span style='margin-left: 2px;padding-left: 16px;color: blue;text-align: center;background: url(/static/images/msg.png) no-repeat; center' title='回复'>1</span>",
            "ToolType": "登录器",
            "view_num": 316,
            "Remark": "<p>链接: https://pan.baidu.com/s/1HUc1plUzFd8LDHmWW4IZBQ?pwd=4v6w 提取码: 4v6w 复制这段内容后打开百度网盘手机App，操作更方便哦&nbsp;<br />\r\n--来自百度网盘超级会员v4的分享</p>\r\n\r\n<p><img alt=\"\" height=\"259\" src=\"/media/uploads/2023/08/02/image-20230802101539-1.png\" width=\"400\" /></p>\r\n\r\n<p>不知道有没有类似的登陆器，总之自己写了一个带网关（客户端登陆器不直接与数据库通信）的简易登陆器。<br />\r\n简易登陆器直接客户端与数据库通信，相对来说即使开服了也不适合直接和陌生人一起玩，而使用带网关的商业登陆器，又相对来说复杂而又对开挂有限制（经典的我封我自己），而且破解版也不见得会安全（窥屏之类的）。<br />\r\n而且没有网关的简易登陆器，由于登陆器密钥是固定的，不知道密码也可以直接生成启动参数登陆账号。<br />\r\n于是有了这个不怎么正经的花了两天时间写出来的带网关简易登陆器。<br />\r\n<br />\r\n适用于和朋友玩，但是又不想用破解版商业登陆器，不准备对外挂等行为进行任何限制，不想公开数据库密码让所有人都可以当GM的个人玩家。<br />\r\n注意：没有配套的EXE，直接使用大合集exe进行游戏，也可以修改host的方式运行其他的版本，具体需要自行测试。<br />\r\n下载狗哥或者G佬神迹后，配合下载的客户端即可实现带网关登录的联机游戏。</p>\r\n\r\n<p><img alt=\"\" height=\"154\" src=\"/media/uploads/2023/08/02/image-20230802101725-1.png\" width=\"300\" /></p>\r\n\r\n<p>使用说明<br />\r\n由于直接将源码打包成了exe，有一定的可能被windows defender删除的可能性。遇到删除的情况可以直接将文件夹添加排除项。<br />\r\n*注：目前仅支持大合集exe配置dnf.toml的方式进行游戏。<br />\r\n这里以最简开服方式来进行说明，假定目前现在：<br />\r\n在云服务器上运行了Centos7操作系统，已经使用一键端等方式对服务器进行了基础的搭建，使用单机或其它商业登陆器可以实现游戏登陆。</p>\r\n\r\n<p><br />\r\n下面介绍如何在此基础上，将网关同样安装在该服务器上并进行登陆游戏。</p>\r\n\r\n<p>1、下载&ldquo;【带源码】背包登陆器完整包.zip&rdquo;，运行&ldquo;登录网关生成工具.bat&rdquo;文件</p>\r\n\r\n<p><img alt=\"\" height=\"227\" src=\"/media/uploads/2023/08/02/image-20230802101811-2.png\" width=\"373\" /></p>\r\n\r\n<p><img alt=\"\" height=\"342\" src=\"/media/uploads/2023/08/02/image-20230802101822-3.png\" width=\"600\" /></p>\r\n\r\n<p><br />\r\n游戏服务器IP：填写自己运行了游戏服务端的云主机IP。<br />\r\n服务器名称：将会作为启动器中&ldquo;服务器&rdquo;字段显示的文字出现。<br />\r\n启动器名称：将会作为启动器标题栏的文字进行出现。<br />\r\n首先根据上面的信息进行填充，然后点击自动填充即可生成默认配置。</p>\r\n\r\n<p>2、根据实际情况，修改游戏数据库配置<br />\r\n例如使用docker或数据库在其他IP和端口的情况运行服务端时，需要对数据库配置相应修改。<br />\r\n在使用贴吧一键端时，不需要进行任何修改。<br />\r\n<br />\r\n<br />\r\n3、根据实际情况，修改大合集EXE的toml文件配置<br />\r\n这里默认给的toml模板是小吧主g19939904神迹中自带的大合集exe的配置文件。<br />\r\n如果使用的版本不同，需要根据实际配置进行替换。<br />\r\n该文件配置可以在客户端文件夹的dnf.toml中看到，将服务器地址替换为同样地址后，把默认生成的配置删除，将正确的配置粘贴即可。<br />\r\n<br />\r\n<br />\r\n4、（可略过）修改登陆器密钥<br />\r\n例如希望可以与其他登陆器兼容，可以将对应登陆器的密钥粘贴到&ldquo;服务端通信密钥&rdquo;中。</p>\r\n\r\n<p>5、配置完成后，点击生成启动器，获得配置好的登陆器和网关。</p>\r\n\r\n<p><img alt=\"\" height=\"339\" src=\"/media/uploads/2023/08/02/image-20230802101858-4.png\" width=\"600\" /></p>\r\n\r\n<p><img alt=\"\" height=\"206\" src=\"/media/uploads/2023/08/02/image-20230802101912-5.png\" width=\"500\" /></p>\r\n\r\n<p>6、【上传网关】打开网关文件夹，使用winscp等工具，将配置文件复制到服务器的root目录下</p>\r\n\r\n<p><img alt=\"\" height=\"520\" src=\"/media/uploads/2023/08/02/image-20230802101936-6.png\" width=\"600\" /></p>\r\n\r\n<p>7、【启动网关】使用shell工具使用ssh登录服务器终端<br />\r\n使用指令 sh startPkgGateWay.sh 来启动网关。<br />\r\n使用 sh stopPkgGateWay.sh 来关闭网关</p>\r\n\r\n<p><img alt=\"\" height=\"62\" src=\"/media/uploads/2023/08/02/image-20230802101958-7.png\" width=\"300\" /></p>\r\n\r\n<p>也可以直接 chmod u+x loginGateway后，输入./ loginGateway来直接运行网关，但这样不会后台运行，退出ssh后网关会停止。如果希望直接运行，可以尝试使用screen命令。</p>\r\n\r\n<p><img alt=\"\" height=\"116\" src=\"/media/uploads/2023/08/02/image-20230802102017-8.png\" width=\"300\" /></p>\r\n\r\n<p>&nbsp;</p>\r\n\r\n<p>可以看到网关可以正常启动，我这里是ubuntu系统，服务器运行在docker上。</p>\r\n\r\n<p>8、【复制登陆器】将生成的登陆器配置复制到游戏客户端目录下</p>\r\n\r\n<p><img alt=\"\" height=\"509\" src=\"/media/uploads/2023/08/02/image-20230802102045-9.png\" width=\"600\" /></p>\r\n\r\n<p>之后即可双击pkgLogin.exe进行登陆游戏。</p>\r\n\r\n<p>同一个IP每天可以注册10个账号，密码5分钟内可以输入错误5次。</p>\r\n\r\n<p><img alt=\"\" height=\"263\" src=\"/media/uploads/2023/08/02/image-20230802102108-10.png\" width=\"300\" /></p>\r\n\r\n<p>&nbsp;</p>\r\n\r\n<p>哦对，还有就是要替换服务器game文件夹下的publickey.pem，大家应该都知道的</p>\r\n\r\n<p>&nbsp;</p>\r\n\r\n<p>&nbsp;</p>",
            "user": "<img height=\"25px\" src=\"https://dafstatic.oss-cn-beijing.aliyuncs.com/static/title/level4.gif\"><span class=\"orange\">学院搬运工</span>",
            "time": "2023-06-27 10:04:08"
        },
        {
            "id": 190,
            "ToolName": "登录器以及源码",
            "ToolType": "登录器",
            "view_num": 259,
            "Remark": "<p>链接: https://pan.baidu.com/s/1sqLNmXizX2J8DW0vmOUxvg?pwd=s5ye 提取码: s5ye 复制这段内容后打开百度网盘手机App，操作更方便哦&nbsp;<br />\r\n--来自百度网盘超级会员v5的分享</p>",
            "user": "<img height=\"25px\" src=\"https://dafstatic.oss-cn-beijing.aliyuncs.com/static/title/level4.gif\"><span class=\"orange\">学院搬运工</span>",
            "time": "2023-07-04 19:07:14"
        },
        {
            "id": 128,
            "ToolName": "java登录器全套客户端后台工具5.3",
            "ToolType": "登录器",
            "view_num": 246,
            "Remark": "<p>链接: https://pan.baidu.com/s/1mv9zIGc0qQF8Xe6Zxd7RYw?pwd=rtdy 提取码: rtdy 复制这段内容后打开百度网盘手机App，操作更方便哦&nbsp;<br />\n--来自百度网盘超级会员v2的分享</p>",
            "user": "<img height=\"25px\" src=\"https://dafstatic.oss-cn-beijing.aliyuncs.com/static/title/level4.gif\"><span class=\"orange\">学院搬运工</span>",
            "time": "2023-06-27 10:28:29"
        },
        {
            "id": 118,
            "ToolName": "通用登录器6.0",
            "ToolType": "登录器",
            "view_num": 221,
            "Remark": "<p>链接: https://pan.baidu.com/s/1aWCy_PsYOwch7HuSyfw3aw?pwd=1h75 提取码: 1h75 复制这段内容后打开百度网盘手机App，操作更方便哦&nbsp;<br />\r\n--来自百度网盘超级会员v5的分享</p>",
            "user": "<img height=\"25px\" src=\"https://dafstatic.oss-cn-beijing.aliyuncs.com/static/title/level4.gif\"><span class=\"orange\">学院搬运工</span>",
            "time": "2023-06-27 10:22:26"
        },
        {
            "id": 180,
            "ToolName": "不带网关登陆器",
            "ToolType": "登录器",
            "view_num": 216,
            "Remark": "<p>链接: https://pan.baidu.com/s/1iN-1A-NumepBAap2Zt_scg?pwd=mjqk 提取码: mjqk 复制这段内容后打开百度网盘手机App，操作更方便哦&nbsp;<br />\r\n--来自百度网盘超级会员v5的分享</p>",
            "user": "<img height=\"25px\" src=\"https://dafstatic.oss-cn-beijing.aliyuncs.com/static/title/level4.gif\"><span class=\"orange\">学院搬运工</span>",
            "time": "2023-07-04 19:02:04"
        },
        {
            "id": 123,
            "ToolName": "星星登录器免费版本",
            "ToolType": "登录器",
            "view_num": 215,
            "Remark": "<p>链接: https://pan.baidu.com/s/193wyCKxVeQCl-rXy2q6tUg?pwd=8337 提取码: 8337 复制这段内容后打开百度网盘手机App，操作更方便哦&nbsp;<br />\r\n--来自百度网盘超级会员v5的分享</p>",
            "user": "<img height=\"25px\" src=\"https://dafstatic.oss-cn-beijing.aliyuncs.com/static/title/level4.gif\"><span class=\"orange\">学院搬运工</span>",
            "time": "2023-06-27 10:26:13"
        },
        {
            "id": 25,
            "ToolName": "通用登录器MAX by 梦佾曲",
            "ToolType": "登录器",
            "view_num": 211,
            "Remark": "<p>链接：https://pan.baidu.com/s/1AvR6MW8A630vzms7fOemsQ&nbsp;<br />\n提取码：cmq1</p>",
            "user": "<img height=\"25px\" src=\"https://dafstatic.oss-cn-beijing.aliyuncs.com/static/title/level4.gif\"><span class=\"orange\">学院搬运工</span>",
            "time": "2023-05-21 19:33:21"
        },
        {
            "id": 129,
            "ToolName": "Device - DAF无广告登录器",
            "ToolType": "登录器",
            "view_num": 195,
            "Remark": "<p>链接: https://pan.baidu.com/s/1oITORNgpHS0LCiaQHs5WgQ?pwd=a94e 提取码: a94e 复制这段内容后打开百度网盘手机App，操作更方便哦&nbsp;<br />\n--来自百度网盘超级会员v2的分享</p>",
            "user": "<img height=\"25px\" src=\"https://dafstatic.oss-cn-beijing.aliyuncs.com/static/title/level4.gif\"><span class=\"orange\">学院搬运工</span>",
            "time": "2023-06-27 11:52:30"
        },
        {
            "id": 126,
            "ToolName": "天子登录器总包2.0",
            "ToolType": "登录器",
            "view_num": 189,
            "Remark": "<p>链接: https://pan.baidu.com/s/1ffeEMqkx4qvdFtrGjChvvQ?pwd=stta 提取码: stta 复制这段内容后打开百度网盘手机App，操作更方便哦&nbsp;<br />\n--来自百度网盘超级会员v2的分享</p>",
            "user": "<img height=\"25px\" src=\"https://dafstatic.oss-cn-beijing.aliyuncs.com/static/title/level4.gif\"><span class=\"orange\">学院搬运工</span>",
            "time": "2023-06-27 10:27:27"
        },
        {
            "id": 122,
            "ToolName": "啊呜登录器<span style='margin-left: 2px;padding-left: 16px;color: blue;text-align: center;background: url(/static/images/msg.png) no-repeat; center' title='回复'>1</span>",
            "ToolType": "登录器",
            "view_num": 161,
            "Remark": "<p>链接: https://pan.baidu.com/s/1t3Q3mw2gQzh6jTNNb3b6iA?pwd=ahwb 提取码: ahwb 复制这段内容后打开百度网盘手机App，操作更方便哦&nbsp;<br />\r\n--来自百度网盘超级会员v5的分享</p>",
            "user": "<img height=\"25px\" src=\"https://dafstatic.oss-cn-beijing.aliyuncs.com/static/title/level4.gif\"><span class=\"orange\">学院搬运工</span>",
            "time": "2023-06-27 10:25:41"
        },
        {
            "id": 125,
            "ToolName": "星星登录器",
            "ToolType": "登录器",
            "view_num": 158,
            "Remark": "<p>链接: https://pan.baidu.com/s/1ifawqaNXaJUEEzmsSxT-Xg?pwd=64fj 提取码: 64fj 复制这段内容后打开百度网盘手机App，操作更方便哦&nbsp;<br />\r\n--来自百度网盘超级会员v5的分享</p>",
            "user": "<img height=\"25px\" src=\"https://dafstatic.oss-cn-beijing.aliyuncs.com/static/title/level4.gif\"><span class=\"orange\">学院搬运工</span>",
            "time": "2023-06-27 10:26:53"
        },
        {
            "id": 117,
            "ToolName": "登录器自动更新工具",
            "ToolType": "登录器",
            "view_num": 157,
            "Remark": "<p>链接: https://pan.baidu.com/s/18HmM7XBAEFZfFoRH_Flv0g?pwd=uy99 提取码: uy99 复制这段内容后打开百度网盘手机App，操作更方便哦&nbsp;<br />\n--来自百度网盘超级会员v2的分享</p>",
            "user": "<img height=\"25px\" src=\"https://dafstatic.oss-cn-beijing.aliyuncs.com/static/title/level4.gif\"><span class=\"orange\">学院搬运工</span>",
            "time": "2023-06-27 10:13:53"
        },
        {
            "id": 350,
            "ToolName": "统一登录器（整合）",
            "ToolType": "登录器",
            "view_num": 63,
            "Remark": "<p>链接: https://pan.baidu.com/s/1ywpgNRKhbau9h-CgUzkkUw?pwd=yuei 提取码: yuei 复制这段内容后打开百度网盘手机App，操作更方便哦&nbsp;<br />\n--来自百度网盘超级会员v5的分享</p>\n\n<p><img alt=\"\" height=\"336\" src=\"https://dafstatic.oss-cn-beijing.aliyuncs.com/static/image/2024/7/13/lbWZR2VbtmMLWzzp2kpv.png\" width=\"462\" /></p>",
            "user": "<img height=\"25px\" src=\"https://dafstatic.oss-cn-beijing.aliyuncs.com/static/title/level6.gif\"><span class=\"rainbow\">玲珑</span>",
            "time": "2024-07-13 13:11:53"
        }
    ]
}