{
    "total": 6,
    "rows": [
        {
            "id": 145,
            "ToolName": "FinalShell 最方便的SSH工具",
            "ToolType": "连接相关工具",
            "view_num": 1450,
            "Remark": "<p>官网 http://www.hostbuf.com</p>\n\n<p>Windows版下载地址:<br />\n<a href=\"http://www.hostbuf.com/downloads/finalshell_install.exe\" target=\"_blank\">http://www.hostbuf.com/downloads/finalshell_install.exe</a><br />\n<br />\nmacOS版下载地址:<br />\n<a href=\"http://www.hostbuf.com/downloads/finalshell_install.pkg\" target=\"_blank\" title=\"http://www.hostbuf.com/downloads/finalshell_install.pkg\">http://www.hostbuf.com/downloads/finalshell_install.pkg</a></p>\n",
            "user": "<img height=\"25px\" src=\"\">小埋",
            "time": "2023-06-29 09:17:30"
        },
        {
            "id": 8,
            "ToolName": "WinSCP 5.21.7 Portable",
            "ToolType": "连接相关工具",
            "view_num": 1106,
            "Remark": "<p>链接: https://pan.baidu.com/s/1D32QhkjeEqoSQvfkVgGrhg?pwd=4nvv 提取码: 4nvv 复制这段内容后打开百度网盘手机App，操作更方便哦</p>",
            "user": "<img height=\"25px\" src=\"https://dafstatic.oss-cn-beijing.aliyuncs.com/static/title/level4.gif\"><span class=\"orange\">学院搬运工</span>",
            "time": "2023-05-21 19:02:02"
        },
        {
            "id": 77,
            "ToolName": "Navicat Premium 15 -数据库连接工具（内含安装与激活教程）<span style='margin-left: 2px;padding-left: 16px;color: blue;text-align: center;background: url(/static/images/msg.png) no-repeat; center' title='回复'>1</span>",
            "ToolType": "连接相关工具",
            "view_num": 921,
            "Remark": "<p>windows 和mac版的都有</p>\n\n<p>链接：https://pan.baidu.com/s/12eduP9ytsv-LDrG-JZCHuQ?pwd=i95q&nbsp;<br />\n提取码：i95q</p>\n",
            "user": "<img height=\"25px\" src=\"https://dafstatic.oss-cn-beijing.aliyuncs.com/static/title/level6.gif\"><span class=\"rainbow\">玲珑</span>",
            "time": "2023-06-07 09:45:59"
        },
        {
            "id": 48,
            "ToolName": "Xshell7+Xftp7免费版（无毒，官方免费版）<span style='margin-left: 2px;padding-left: 16px;color: blue;text-align: center;background: url(/static/images/msg.png) no-repeat; center' title='回复'>1</span>",
            "ToolType": "连接相关工具",
            "view_num": 561,
            "Remark": "<p>官方的免费版，无毒，放心下载，只是关闭软件的时候会弹一个广告，无伤大雅（毕竟都免费了不是）</p>\r\n\r\n<p>xshell7：连接服务器的工具</p>\r\n\r\n<p>xftp7：往服务器上传文件的</p>\r\n\r\n<p>链接: https://pan.baidu.com/s/1H9FX3keVum_sla-2yz7Ivw?pwd=sb3b 提取码: sb3b 复制这段内容后打开百度网盘手机App，操作更方便哦</p>",
            "user": "<img height=\"25px\" src=\"https://dafstatic.oss-cn-beijing.aliyuncs.com/static/title/level6.gif\"><span class=\"rainbow\">玲珑</span>",
            "time": "2023-05-21 21:11:49"
        },
        {
            "id": 7,
            "ToolName": "WindTerm 2.5.0 x64",
            "ToolType": "连接相关工具",
            "view_num": 80,
            "Remark": "<p>链接: https://pan.baidu.com/s/1OSizyf_BOrlVf5Q1uh7X1Q?pwd=skuq 提取码: skuq 复制这段内容后打开百度网盘手机App，操作更方便哦</p>",
            "user": "<img height=\"25px\" src=\"https://dafstatic.oss-cn-beijing.aliyuncs.com/static/title/level4.gif\"><span class=\"orange\">学院搬运工</span>",
            "time": "2023-05-21 19:01:44"
        },
        {
            "id": 9,
            "ToolName": "Xmanager Power Suite 6.0.0029",
            "ToolType": "连接相关工具",
            "view_num": 68,
            "Remark": "<p>链接：https://pan.baidu.com/s/18GzesUNIDbfGAr0Z1CnpHg&nbsp;<br />\n提取码：j9qu</p>",
            "user": "<img height=\"25px\" src=\"https://dafstatic.oss-cn-beijing.aliyuncs.com/static/title/level4.gif\"><span class=\"orange\">学院搬运工</span>",
            "time": "2023-05-21 19:02:26"
        }
    ]
}