{
    "total": 91,
    "rows": [
        {
            "id": 143,
            "ToolName": "基本可视化修改工具",
            "ToolType": "其他工具",
            "view_num": 1907,
            "Remark": "<p>链接: https://pan.baidu.com/s/1V07UkocN2Jrmonwa8Z_yRw?pwd=x8kp 提取码: x8kp 复制这段内容后打开百度网盘手机App，操作更方便哦&nbsp;<br />\n--来自百度网盘超级会员v2的分享</p>",
            "user": "<img height=\"25px\" src=\"https://dafstatic.oss-cn-beijing.aliyuncs.com/static/title/level4.gif\"><span class=\"orange\">学院搬运工</span>",
            "time": "2023-06-27 12:09:49"
        },
        {
            "id": 244,
            "ToolName": "NPK工具：黑猫5<span style='margin-left: 2px;padding-left: 16px;color: blue;text-align: center;background: url(/static/images/msg.png) no-repeat; center' title='回复'>2</span>",
            "ToolType": "其他工具",
            "view_num": 1567,
            "Remark": "<p>https://www.123pan.com/s/tJCtVv-Hb5EH.html提取码:E3ds</p>\n\n<p>&nbsp;</p>\n\n<p><img alt=\"\" height=\"485\" src=\"/media/uploads/2023/09/17/image-20230917125424-1.png\" width=\"900\" /></p>",
            "user": "<img height=\"25px\" src=\"https://dafstatic.oss-cn-beijing.aliyuncs.com/static/title/level4.gif\"><span class=\"orange\">学院搬运工</span>",
            "time": "2023-09-17 12:54:42"
        },
        {
            "id": 12,
            "ToolName": "NPK修改工具 D/NF Extractor",
            "ToolType": "其他工具",
            "view_num": 1180,
            "Remark": "<p>链接：https://pan.baidu.com/s/1oDPwJDzuNDr6QCvdtXUfKA&nbsp;<br />\n提取码：7vk4</p>\n",
            "user": "<img height=\"25px\" src=\"https://dafstatic.oss-cn-beijing.aliyuncs.com/static/title/level4.gif\"><span class=\"orange\">学院搬运工</span>",
            "time": "2023-05-21 19:05:41"
        },
        {
            "id": 240,
            "ToolName": "根据PVF一键生成物品列表文件",
            "ToolType": "其他工具",
            "view_num": 1104,
            "Remark": "<p>https://www.123pan.com/s/tJCtVv-TU5EH.html提取码:ITLT</p>",
            "user": "<img height=\"25px\" src=\"https://dafstatic.oss-cn-beijing.aliyuncs.com/static/title/level4.gif\"><span class=\"orange\">学院搬运工</span>",
            "time": "2023-09-12 13:33:12"
        },
        {
            "id": 290,
            "ToolName": "花枝431网关<span style='margin-left: 2px;padding-left: 16px;color: blue;text-align: center;background: url(/static/images/msg.png) no-repeat; center' title='回复'>2</span>",
            "ToolType": "其他工具",
            "view_num": 1089,
            "Remark": "<p>花枝431的网关&nbsp; 能启动&nbsp; 但是授权搞不来&nbsp; &nbsp;https://wwd.lanzn.com/iD5uH1qnw1xc</p>\n",
            "user": "<img height=\"25px\" src=\"\">初夏",
            "time": "2024-03-08 09:23:18"
        },
        {
            "id": 271,
            "ToolName": "登录器补丁--0725大合集<span style='margin-left: 2px;padding-left: 16px;color: blue;text-align: center;background: url(/static/images/msg.png) no-repeat; center' title='回复'>1</span>",
            "ToolType": "其他工具",
            "view_num": 932,
            "Remark": "<p><img alt=\"\" height=\"263\" src=\"/media/uploads/2024/01/26/image-20240126175540-1.png\" width=\"329\" /></p>\n\n<p>链接：https://pan.baidu.com/s/1QthV-10QWcGZZc1V8udr1A&nbsp;<br />\n提取码：6666</p>",
            "user": "<img height=\"25px\" src=\"\">无所遗憾",
            "time": "2024-01-26 17:55:57"
        },
        {
            "id": 229,
            "ToolName": "装备词典批量生成器",
            "ToolType": "其他工具",
            "view_num": 909,
            "Remark": "<p>https://www.123pan.com/s/tJCtVv-Hm5EH.html提取码:YMq8</p>",
            "user": "<img height=\"25px\" src=\"https://dafstatic.oss-cn-beijing.aliyuncs.com/static/title/level6.gif\"><span class=\"rainbow\">玲珑</span>",
            "time": "2023-07-23 16:26:56"
        },
        {
            "id": 217,
            "ToolName": "假人系统",
            "ToolType": "其他工具",
            "view_num": 872,
            "Remark": "<p>https://www.123pan.com/s/tJCtVv-Yk5EH.html提取码:R66b</p>",
            "user": "<img height=\"25px\" src=\"https://dafstatic.oss-cn-beijing.aliyuncs.com/static/title/level4.gif\"><span class=\"orange\">学院搬运工</span>",
            "time": "2023-07-20 14:54:26"
        },
        {
            "id": 261,
            "ToolName": "云梦机器人",
            "ToolType": "其他工具",
            "view_num": 781,
            "Remark": "<p>链接：https://pan.baidu.com/s/1ggNOtOUrp7uryBR5w5hOpA?pwd=8888&nbsp;<br />\n提取码：8888&nbsp;<br />\n--来自百度网盘超级会员V2的分享</p>",
            "user": "<img height=\"25px\" src=\"\">741741",
            "time": "2024-01-12 20:46:37"
        },
        {
            "id": 284,
            "ToolName": "福利机器人图片识别定时低保随机奖励",
            "ToolType": "其他工具",
            "view_num": 692,
            "Remark": "<p>图片识别可自动识别图片广告</p>\n\n<p>外链https://shdlj.cloud/f/PJi1/RemixQQ%E8%AE%BE%E5%A4%87%E7%89%88.zip</p>\n\n<p>进群的找群主免费领取一个月</p>\n",
            "user": "<img height=\"25px\" src=\"\">长安",
            "time": "2024-02-29 10:42:23"
        },
        {
            "id": 13,
            "ToolName": "多功能工具.v9.0.2022.1213 by 梦佾曲",
            "ToolType": "其他工具",
            "view_num": 688,
            "Remark": "<p>链接：https://pan.baidu.com/s/1hbPKxu2eMgXJh-ZaNTKqmQ&nbsp;<br />\n提取码：2y0u</p>",
            "user": "<img height=\"25px\" src=\"https://dafstatic.oss-cn-beijing.aliyuncs.com/static/title/level4.gif\"><span class=\"orange\">学院搬运工</span>",
            "time": "2023-05-21 19:06:34"
        },
        {
            "id": 315,
            "ToolName": "网盘有外链可做游戏更新可做客户端下载",
            "ToolType": "其他工具",
            "view_num": 670,
            "Remark": "<p>初始5g可用来更新游戏</p>\n\n<p>http://shdlj.cloud</p>\n\n<p>需要更多容量联系1515333102</p>\n",
            "user": "<img height=\"25px\" src=\"\">长安",
            "time": "2024-04-23 12:13:30"
        },
        {
            "id": 239,
            "ToolName": "装备辞典<span style='margin-left: 2px;padding-left: 16px;color: blue;text-align: center;background: url(/static/images/msg.png) no-repeat; center' title='回复'>2</span>",
            "ToolType": "其他工具",
            "view_num": 656,
            "Remark": "<p>https://www.123pan.com/s/tJCtVv-ju5EH.html提取码:J0y1</p>",
            "user": "<img height=\"25px\" src=\"https://dafstatic.oss-cn-beijing.aliyuncs.com/static/title/level4.gif\"><span class=\"orange\">学院搬运工</span>",
            "time": "2023-09-12 13:32:48"
        },
        {
            "id": 62,
            "ToolName": "千单网工具集",
            "ToolType": "其他工具",
            "view_num": 590,
            "Remark": "<p>链接：https://pan.baidu.com/s/1eBaFdxO-RCqSYUPnccuR4A?pwd=sqwj&nbsp;<br />\n提取码：sqwj</p>",
            "user": "<img height=\"25px\" src=\"https://dafstatic.oss-cn-beijing.aliyuncs.com/static/title/level6.gif\"><span class=\"rainbow\">玲珑</span>",
            "time": "2023-06-04 23:19:16"
        },
        {
            "id": 327,
            "ToolName": "机器人去授权永久免费",
            "ToolType": "其他工具",
            "view_num": 586,
            "Remark": "<p>链接：https://pan.baidu.com/s/1_GoeaKNMSN5TlDWgIqbwFA&nbsp;<br />\n提取码：6666&nbsp;<br />\n--来自百度网盘超级会员V3的分享</p>",
            "user": "<img height=\"25px\" src=\"\">雷神科技",
            "time": "2024-05-31 14:33:33"
        },
        {
            "id": 279,
            "ToolName": "技能修改工具（新）群内三个大虾大佬放的。不知道叫什么名字 - -，<span style='margin-left: 2px;padding-left: 16px;color: blue;text-align: center;background: url(/static/images/msg.png) no-repeat; center' title='回复'>1</span>",
            "ToolType": "其他工具",
            "view_num": 580,
            "Remark": "<p>代群内三个大虾大佬放的技能修改工具，原贴：https://tieba.baidu.com/p/8910991008</p>\n\n<p>&nbsp;</p>\n\n<p>&nbsp;</p>\n\n<p>链接：https://pan.baidu.com/s/1vnCkrdfgqn8DK8Mok7ll1Q&nbsp;<br />\n提取码：7vdl&nbsp;<br />\n--来自百度网盘超级会员V5的分享</p>",
            "user": "<img height=\"25px\" src=\"https://dafstatic.oss-cn-beijing.aliyuncs.com/static/title/level2.gif\">虎子i",
            "time": "2024-02-26 18:46:02"
        },
        {
            "id": 187,
            "ToolName": "NPK去重复",
            "ToolType": "其他工具",
            "view_num": 537,
            "Remark": "<p>链接: https://pan.baidu.com/s/1BzAld0z1xLlapTg-I-SPwg?pwd=4h6c 提取码: 4h6c 复制这段内容后打开百度网盘手机App，操作更方便哦&nbsp;<br />\n--来自百度网盘超级会员v2的分享</p>",
            "user": "<img height=\"25px\" src=\"https://dafstatic.oss-cn-beijing.aliyuncs.com/static/title/level4.gif\"><span class=\"orange\">学院搬运工</span>",
            "time": "2023-07-04 19:05:59"
        },
        {
            "id": 297,
            "ToolName": "lol",
            "ToolType": "其他工具",
            "view_num": 520,
            "Remark": "<p>&nbsp;https://pan.baidu.com/s/1PtiEkp_8bxjUSJjupw18NQ?pwd=mzj3</p>",
            "user": "<img height=\"25px\" src=\"\">7558",
            "time": "2024-03-31 13:42:32"
        },
        {
            "id": 87,
            "ToolName": "物品代码获取以及发送工具集（收集到的各种独立工具）",
            "ToolType": "其他工具",
            "view_num": 509,
            "Remark": "<p>链接：https://pan.baidu.com/s/1ilR_HsbwFNgllfVCxVxIIg?pwd=rw96&nbsp;<br />\n提取码：rw96</p>\n\n<p>&nbsp;</p>\n\n<p><img alt=\"\" height=\"189\" src=\"/media/uploads/2023/06/08/image-20230608175426-1.png\" width=\"700\" /></p>\n",
            "user": "<img height=\"25px\" src=\"https://dafstatic.oss-cn-beijing.aliyuncs.com/static/title/level4.gif\"><span class=\"orange\">学院搬运工</span>",
            "time": "2023-06-08 17:43:10"
        },
        {
            "id": 236,
            "ToolName": "客户端清理工具",
            "ToolType": "其他工具",
            "view_num": 498,
            "Remark": "<p>https://www.123pan.com/s/tJCtVv-qu5EH.html提取码:atsN</p>",
            "user": "<img height=\"25px\" src=\"https://dafstatic.oss-cn-beijing.aliyuncs.com/static/title/level4.gif\"><span class=\"orange\">学院搬运工</span>",
            "time": "2023-09-12 13:31:09"
        },
        {
            "id": 214,
            "ToolName": "贪玩免费工具集（取代码，遍历，通讯测试，邮件回收，行随机打乱，行重复删除）<span style='margin-left: 2px;padding-left: 16px;color: blue;text-align: center;background: url(/static/images/msg.png) no-repeat; center' title='回复'>2</span>",
            "ToolType": "其他工具",
            "view_num": 478,
            "Remark": "<p>链接: https://pan.baidu.com/s/1U7W9sfpmw3dxILbZc-2Jfw?pwd=ek7s 提取码: ek7s 复制这段内容后打开百度网盘手机App，操作更方便哦&nbsp;<br />\n--来自百度网盘超级会员v3的分享</p>\n\n<p><img alt=\"\" height=\"345\" src=\"/media/uploads/2023/07/20/image-20230720141509-1.png\" width=\"490\" /></p>\n",
            "user": "<img height=\"25px\" src=\"https://dafstatic.oss-cn-beijing.aliyuncs.com/static/title/level4.gif\"><span class=\"orange\">学院搬运工</span>",
            "time": "2023-07-20 14:16:10"
        },
        {
            "id": 63,
            "ToolName": "装备词典工具合集",
            "ToolType": "其他工具",
            "view_num": 434,
            "Remark": "<p>链接：https://pan.baidu.com/s/1BmlW4eU6Vli8G_qZhUz6SA?pwd=6s24&nbsp;<br />\n提取码：6s24</p>",
            "user": "<img height=\"25px\" src=\"https://dafstatic.oss-cn-beijing.aliyuncs.com/static/title/level6.gif\"><span class=\"rainbow\">玲珑</span>",
            "time": "2023-06-04 23:19:58"
        },
        {
            "id": 106,
            "ToolName": "台服DAF假人管理系统",
            "ToolType": "其他工具",
            "view_num": 424,
            "Remark": "<p>链接: https://pan.baidu.com/s/1o30KK0JMJCzebdsZ11lSzQ?pwd=4fbg 提取码: 4fbg 复制这段内容后打开百度网盘手机App，操作更方便哦&nbsp;<br />\n--来自百度网盘超级会员v2的分享</p>\n\n<p><img alt=\"\" height=\"451\" src=\"/media/uploads/2023/06/27/image-20230627100134-1.png\" width=\"462\" /></p>",
            "user": "<img height=\"25px\" src=\"https://dafstatic.oss-cn-beijing.aliyuncs.com/static/title/level4.gif\"><span class=\"orange\">学院搬运工</span>",
            "time": "2023-06-27 10:00:02"
        },
        {
            "id": 235,
            "ToolName": "批量修改内容",
            "ToolType": "其他工具",
            "view_num": 423,
            "Remark": "<p>https://www.123pan.com/s/tJCtVv-5u5EH.html提取码:6Jv1</p>",
            "user": "<img height=\"25px\" src=\"https://dafstatic.oss-cn-beijing.aliyuncs.com/static/title/level4.gif\"><span class=\"orange\">学院搬运工</span>",
            "time": "2023-09-12 13:30:40"
        },
        {
            "id": 20,
            "ToolName": "DOF连发工具",
            "ToolType": "其他工具",
            "view_num": 381,
            "Remark": "<p>链接：https://pan.baidu.com/s/1Wq2UCgcg7D_arh79wcUNNQ&nbsp;<br />\n提取码：afvv</p>",
            "user": "<img height=\"25px\" src=\"https://dafstatic.oss-cn-beijing.aliyuncs.com/static/title/level4.gif\"><span class=\"orange\">学院搬运工</span>",
            "time": "2023-05-21 19:08:55"
        },
        {
            "id": 68,
            "ToolName": "群管机器人",
            "ToolType": "其他工具",
            "view_num": 376,
            "Remark": "<p>链接：https://pan.baidu.com/s/1_YRKX3N9D0AA8H7hH-5Cpg?pwd=9y8v&nbsp;<br />\n提取码：9y8v</p>",
            "user": "<img height=\"25px\" src=\"https://dafstatic.oss-cn-beijing.aliyuncs.com/static/title/level6.gif\"><span class=\"rainbow\">玲珑</span>",
            "time": "2023-06-04 23:29:05"
        },
        {
            "id": 330,
            "ToolName": "天域DLL修复工具永久版",
            "ToolType": "其他工具",
            "view_num": 373,
            "Remark": "<p>下载地址：https://www.123pan.com/s/XVFmjv-iroUA.html</p>\n\n<p><img alt=\"\" height=\"724\" src=\"https://pic.imge.cc/2024/06/09/6665a1b76d521.png\" width=\"1163\" /></p>",
            "user": "<img height=\"25px\" src=\"\">帝尊dof",
            "time": "2024-06-09 20:37:18"
        },
        {
            "id": 310,
            "ToolName": "群管云端DOF机器人网页版源码贡献出来<span style='margin-left: 2px;padding-left: 16px;color: blue;text-align: center;background: url(/static/images/msg.png) no-repeat; center' title='回复'>1</span>",
            "ToolType": "其他工具",
            "view_num": 359,
            "Remark": "<p>上图，源码+数据库完整版，功能虽然不多，好用！<br />\n搭建 难度不算太大，但是不建议纯小白！<br />\n<img alt=\"\" height=\"337\" src=\"http://tiebapic.baidu.com/forum/w%3D580/sign=f91a5b73d82f07085f052a08d925b865/d18707d8bc3eb1354d36fe87e01ea8d3fc1f44a2.jpg?tbpicau=2024-04-23-05_7151451731a19123cdf8e8ecea583b0c\" width=\"560\" /><br />\n<img alt=\"\" height=\"454\" src=\"http://tiebapic.baidu.com/forum/w%3D580/sign=48decf17f651f819f1250342eab54a76/dc3cd51349540923ac982a42d458d109b2de49a2.jpg?tbpicau=2024-04-23-05_51ab7f30affb71998cffeecd2c7e0b0d\" width=\"560\" /><br />\n<img alt=\"\" height=\"483\" src=\"http://tiebapic.baidu.com/forum/w%3D580/sign=d9bb451ef51bb0518f24b320067bda77/0f5293b1cb13495479efa158104e9258d0094aa2.jpg?tbpicau=2024-04-23-05_150a5fd48b197099eb0a4b367e6f811e\" width=\"560\" /><br />\n<img alt=\"\" height=\"544\" src=\"http://tiebapic.baidu.com/forum/w%3D580/sign=c1d7cc5dbe1986184147ef8c7aec2e69/9a9e57540923dd542482ee549709b3de9d8248a2.jpg?tbpicau=2024-04-23-05_28746f961fe1707a32fba81bbc6597a1\" width=\"560\" /><br />\n<img alt=\"\" height=\"333\" src=\"http://tiebapic.baidu.com/forum/w%3D580/sign=1c41d57b7f12b31bc76ccd21b6193674/652540df8db1cb132698752f9b54564e93584ba2.jpg?tbpicau=2024-04-23-05_5efc6d2b139a40b9e490207c0e9af1fb\" width=\"560\" /></p>\n\n<p>&nbsp;</p>\n\n<p>贴吧：https://tieba.baidu.com/p/8988402027<br />\n<br />\n链接：https://pan.baidu.com/s/1TsbfbnJLYm0yBo18fYWdlg?pwd=24xs&nbsp;<br />\n提取码：24xs&nbsp;<br />\n复制这段内容后打开百度网盘手机App，操作更方便哦</p>\n",
            "user": "<img height=\"25px\" src=\"\">无名缘",
            "time": "2024-04-21 17:49:22"
        },
        {
            "id": 319,
            "ToolName": "自用完美版清档工具",
            "ToolType": "其他工具",
            "view_num": 350,
            "Remark": "<p>链接: https://pan.baidu.com/s/107Jvv8XPwRrnXLdEzn1BDg 提取码: 5q2v 复制这段内容后打开百度网盘手机App，操作更方便哦<br />\n&nbsp;</p>\n\n<p>&nbsp;</p>\n\n<p><img alt=\"smiley\" height=\"23\" src=\"https://daf.linglonger.com/static/ckeditor/ckeditor/plugins/smiley/images/regular_smile.png\" title=\"smiley\" width=\"23\" /><img alt=\"smiley\" height=\"23\" src=\"https://daf.linglonger.com/static/ckeditor/ckeditor/plugins/smiley/images/regular_smile.png\" title=\"smiley\" width=\"23\" /><img alt=\"smiley\" height=\"23\" src=\"https://daf.linglonger.com/static/ckeditor/ckeditor/plugins/smiley/images/regular_smile.png\" title=\"smiley\" width=\"23\" /></p>",
            "user": "<img height=\"25px\" src=\"\">长青",
            "time": "2024-05-10 16:25:57"
        },
        {
            "id": 226,
            "ToolName": "倾泪寒状态测试工具",
            "ToolType": "其他工具",
            "view_num": 348,
            "Remark": "<p>https://share.weiyun.com/Zi6SKjFP</p>\n\n<p>&nbsp;</p>\n\n<p><img alt=\"\" height=\"858\" src=\"/media/uploads/2023/07/21/image-20230721203527-1.png\" width=\"563\" /></p>\n",
            "user": "<img height=\"25px\" src=\"https://dafstatic.oss-cn-beijing.aliyuncs.com/static/title/level4.gif\"><span class=\"orange\">学院搬运工</span>",
            "time": "2023-07-21 20:34:55"
        },
        {
            "id": 44,
            "ToolName": "CDK工具",
            "ToolType": "其他工具",
            "view_num": 334,
            "Remark": "<p>链接：https://pan.baidu.com/s/1JhSdEkNxj1bUuWNeMEtOog&nbsp;<br />\n提取码：rkoi</p>",
            "user": "<img height=\"25px\" src=\"https://dafstatic.oss-cn-beijing.aliyuncs.com/static/title/level4.gif\"><span class=\"orange\">学院搬运工</span>",
            "time": "2023-05-21 19:45:10"
        },
        {
            "id": 333,
            "ToolName": "状态测试工具",
            "ToolType": "其他工具",
            "view_num": 334,
            "Remark": "<p>https://www.123pan.com/s/zAGOjv-jo313.html</p>",
            "user": "<img height=\"25px\" src=\"https://dafstatic.oss-cn-beijing.aliyuncs.com/static/title/level2.gif\">勇敢的飞",
            "time": "2024-06-15 22:13:06"
        },
        {
            "id": 334,
            "ToolName": "Lossless Scaling v2.9.0绿色版",
            "ToolType": "其他工具",
            "view_num": 321,
            "Remark": "<h3>软件介绍</h3>\n\n<p>Lossless Scaling是一款专为游戏设计的无损缩放软件。支持将低分辨率游戏窗口全屏化并保持清晰度。内置多种算法，保持图像原始质量，适合老游戏和像素艺术游戏。软件特色包括全屏无边框显示和全屏抗锯齿功能，消除模糊，提升游戏体验。适用于不支持现代分辨率或全屏模式的老游戏。</p>\n\n<p><span style=\"font-size:16px\"><span style=\"color:#e74c3c\"><strong>下载地址拉到最下面</strong></span></span></p>\n\n<h3>软件截图</h3>\n\n<p style=\"text-align:center\"><img alt=\"\" height=\"1080\" src=\"https://pic.imge.cc/2024/06/17/66701b76bb6ea.png\" width=\"1920\" /></p>\n\n<p>下载地址</p>\n\n<p>https://www.123pan.com/s/XVFmjv-p7oUA.html</p>",
            "user": "<img height=\"25px\" src=\"\">帝尊dof",
            "time": "2024-06-17 19:21:16"
        },
        {
            "id": 66,
            "ToolName": "副本开发辅助",
            "ToolType": "其他工具",
            "view_num": 312,
            "Remark": "<p>链接: https://pan.baidu.com/s/14oe-YFSeXpKl0wBDoQlaqQ?pwd=2rbk 提取码: 2rbk 复制这段内容后打开百度网盘手机App，操作更方便哦</p>\r\n\r\n<p>&nbsp;</p>\r\n\r\n<p>副本mob_obj设定调用分析工具</p>\r\n\r\n<p>副本接口iu生成</p>",
            "user": "<img height=\"25px\" src=\"https://dafstatic.oss-cn-beijing.aliyuncs.com/static/title/level6.gif\"><span class=\"rainbow\">玲珑</span>",
            "time": "2023-06-04 23:27:35"
        },
        {
            "id": 289,
            "ToolName": "傻瓜操作一键跳过新手教程小工具",
            "ToolType": "其他工具",
            "view_num": 303,
            "Remark": "<p>链接：https://pan.baidu.com/s/1f1iq-cOMuaaQOFOGNstj-A?pwd=8888&nbsp;<br />\n提取码：8888&nbsp;<br />\n--来自百度网盘超级会员V6的分享</p>",
            "user": "<img height=\"25px\" src=\"\">你猜我是谁",
            "time": "2024-03-05 11:22:14"
        },
        {
            "id": 79,
            "ToolName": "道具生成器",
            "ToolType": "其他工具",
            "view_num": 300,
            "Remark": "<p>链接：https://pan.baidu.com/s/1OdI5-Ae5rYysDBtFXXbwVA?pwd=x3ip&nbsp;<br />\n提取码：x3ip</p>",
            "user": "<img height=\"25px\" src=\"https://dafstatic.oss-cn-beijing.aliyuncs.com/static/title/level4.gif\"><span class=\"orange\">学院搬运工</span>",
            "time": "2023-06-07 09:56:32"
        },
        {
            "id": 80,
            "ToolName": "任务生成器",
            "ToolType": "其他工具",
            "view_num": 294,
            "Remark": "<p>链接：https://pan.baidu.com/s/11nkke_4_XgdLt1JpU-jyDA?pwd=zc5e&nbsp;<br />\n提取码：zc5e</p>",
            "user": "<img height=\"25px\" src=\"https://dafstatic.oss-cn-beijing.aliyuncs.com/static/title/level4.gif\"><span class=\"orange\">学院搬运工</span>",
            "time": "2023-06-07 09:57:15"
        },
        {
            "id": 233,
            "ToolName": "恋恋のEx(兔子5.3)（NPK工具）",
            "ToolType": "其他工具",
            "view_num": 293,
            "Remark": "<p>https://www.123pan.com/s/tJCtVv-AK5EH.html提取码:7nii</p>",
            "user": "<img height=\"25px\" src=\"https://dafstatic.oss-cn-beijing.aliyuncs.com/static/title/level6.gif\"><span class=\"rainbow\">玲珑</span>",
            "time": "2023-09-10 22:36:02"
        },
        {
            "id": 193,
            "ToolName": "新版高清工具",
            "ToolType": "其他工具",
            "view_num": 288,
            "Remark": "<p>链接: https://pan.baidu.com/s/11EVrK-_XUj3vKQE4rzbZOg?pwd=vptc 提取码: vptc 复制这段内容后打开百度网盘手机App，操作更方便哦&nbsp;<br />\n--来自百度网盘超级会员v2的分享</p>",
            "user": "<img height=\"25px\" src=\"https://dafstatic.oss-cn-beijing.aliyuncs.com/static/title/level4.gif\"><span class=\"orange\">学院搬运工</span>",
            "time": "2023-07-04 19:13:33"
        },
        {
            "id": 348,
            "ToolName": "老唐客户端精简工具",
            "ToolType": "其他工具",
            "view_num": 286,
            "Remark": "<p>链接: https://pan.baidu.com/s/1wyCEuFJH2ZAoxPwIotUmmw?pwd=h6xv 提取码: h6xv 复制这段内容后打开百度网盘手机App，操作更方便哦&nbsp;<br />\n--来自百度网盘超级会员v3的分享</p>",
            "user": "<img height=\"25px\" src=\"\">萌新小白",
            "time": "2024-07-04 17:20:32"
        },
        {
            "id": 176,
            "ToolName": "开罐盒子分解工具",
            "ToolType": "其他工具",
            "view_num": 285,
            "Remark": "<p>链接: https://pan.baidu.com/s/15GR4NDfh2R6PkLREACntnA?pwd=v8q3 提取码: v8q3 复制这段内容后打开百度网盘手机App，操作更方便哦&nbsp;<br />\n--来自百度网盘超级会员v2的分享</p>",
            "user": "<img height=\"25px\" src=\"https://dafstatic.oss-cn-beijing.aliyuncs.com/static/title/level4.gif\"><span class=\"orange\">学院搬运工</span>",
            "time": "2023-07-03 14:03:22"
        },
        {
            "id": 234,
            "ToolName": "SF调试工具",
            "ToolType": "其他工具",
            "view_num": 285,
            "Remark": "<p>https://www.123pan.com/s/tJCtVv-zu5EH.html提取码:vV2F</p>",
            "user": "<img height=\"25px\" src=\"https://dafstatic.oss-cn-beijing.aliyuncs.com/static/title/level4.gif\"><span class=\"orange\">学院搬运工</span>",
            "time": "2023-09-12 13:29:31"
        },
        {
            "id": 195,
            "ToolName": "道具代码获取",
            "ToolType": "其他工具",
            "view_num": 279,
            "Remark": "<p>链接: https://pan.baidu.com/s/1hqku24R7fBukfvk2MEIIUg?pwd=am6w 提取码: am6w 复制这段内容后打开百度网盘手机App，操作更方便哦&nbsp;<br />\n--来自百度网盘超级会员v2的分享</p>",
            "user": "<img height=\"25px\" src=\"https://dafstatic.oss-cn-beijing.aliyuncs.com/static/title/level4.gif\"><span class=\"orange\">学院搬运工</span>",
            "time": "2023-07-04 19:14:45"
        },
        {
            "id": 41,
            "ToolName": "NPK破解工具<span style='margin-left: 2px;padding-left: 16px;color: blue;text-align: center;background: url(/static/images/msg.png) no-repeat; center' title='回复'>1</span>",
            "ToolType": "其他工具",
            "view_num": 257,
            "Remark": "<p>链接：https://pan.baidu.com/s/1OELM59p-urlbWX6kdyrwVQ&nbsp;<br />\n提取码：booq</p>",
            "user": "<img height=\"25px\" src=\"https://dafstatic.oss-cn-beijing.aliyuncs.com/static/title/level4.gif\"><span class=\"orange\">学院搬运工</span>",
            "time": "2023-05-21 19:40:55"
        },
        {
            "id": 341,
            "ToolName": "百度网盘加速补丁版",
            "ToolType": "其他工具",
            "view_num": 255,
            "Remark": "<p><span style=\"color:#e74c3c\"><span style=\"font-size:22px\"><strong>下载地址一律放在最下面</strong></span></span></p>\n\n<p>1.先打开网盘登录一下</p>\n\n<p>2.打开补丁点恢复（打开提示找不到进程使用右键管理员运行补丁）</p>\n\n<p>3.百度网盘选择下载文件</p>\n\n<p>4.打开补丁点加速</p>\n\n<p>演示截图</p>\n\n<p><img alt=\"\" height=\"482\" src=\"https://dafstatic.oss-cn-beijing.aliyuncs.com/static/image/2024/7/2/aBWFsGKjS3huoI7cPdml.png\" width=\"573\" /></p>\n\n<p>点击链接即可保存。打开「夸克APP」，无需下载在线播放视频，畅享原画5倍速，支持电视投屏。<br />\n链接：https://pan.quark.cn/s/ded1b508bbbe</p>",
            "user": "<img height=\"25px\" src=\"\">帝尊dof",
            "time": "2024-07-02 16:53:26"
        },
        {
            "id": 331,
            "ToolName": "DirectX Repair修复工具v4.3增强版",
            "ToolType": "其他工具",
            "view_num": 251,
            "Remark": "<h3>软件介绍</h3>\n\n<p>DirectX修复工具(DirectX Repair)是一款系统级工具软件，绿色简便易用，无需安装，可直接运行。主要功能是检测当前系统的DirectX组件及VC++库文件状态，发现异常则进行修复。程序采用易用的一键式设计，只要点&ldquo;检测并修复&rdquo;，它就会自动完成校验、检测、下载、修复以及注册全部功能，无需用户介入，大大降低使用难度。在常规修复过程中，程序还会自动检测DirectX加速状态，在异常时给予用户相应提示。</p>\n\n<p>软件下载</p>\n\n<p>https://www.123pan.com/s/XVFmjv-zroUA.html</p>\n\n<p>软件截图</p>\n\n<p><img alt=\"\" height=\"484\" src=\"https://pic.imge.cc/2024/06/09/6665a39b28ac7.png\" width=\"505\" /></p>\n\n<h4>更新日志</h4>\n\n<p>2024.05.01 v4.3</p>\n\n<p>改进的功能：</p>\n\n<p>-&nbsp;更新了部分c++数据包。新版程序更新了C++2015-2022的数据包，新数据包兼容性更强，可以修复更多的内容。</p>\n\n<p>-&nbsp;优化调试模式提示功能。在用户进行手动修复时，程序提供更多提示信息，方便用户进行手动修复。</p>\n\n<p>-&nbsp;优化测试版功能。在当前使用的测试版程序到期后，用户可以一键升级至最新版，无需重新下载。</p>\n\n<p>-&nbsp;优化程序框架。为用户提供更多个性化可选项，方便不同用户使用。</p>\n\n<p>-&nbsp;其他细节性改进。</p>\n\n<p>修复的BUG：</p>\n\n<p>-&nbsp;修复了一个在部分情况下无法手动修复c++2015-2022的BUG。</p>",
            "user": "<img height=\"25px\" src=\"\">帝尊dof",
            "time": "2024-06-09 20:49:30"
        },
        {
            "id": 238,
            "ToolName": "NPC商店内容转礼包",
            "ToolType": "其他工具",
            "view_num": 234,
            "Remark": "<p>https://www.123pan.com/s/tJCtVv-Vu5EH.html提取码:H5bh</p>",
            "user": "<img height=\"25px\" src=\"https://dafstatic.oss-cn-beijing.aliyuncs.com/static/title/level4.gif\"><span class=\"orange\">学院搬运工</span>",
            "time": "2023-09-12 13:32:23"
        },
        {
            "id": 328,
            "ToolName": "boss位置显示补丁",
            "ToolType": "其他工具",
            "view_num": 231,
            "Remark": "<p>链接：https://pan.baidu.com/s/1Wxtv5Dcb7mRwpx2CzGBF2g?pwd=3yvf&nbsp;<br />\n提取码：3yvf</p>\n\n<p>放在ImagePacks2文件夹内</p>",
            "user": "<img height=\"25px\" src=\"\">_Eric_",
            "time": "2024-06-02 10:44:07"
        },
        {
            "id": 78,
            "ToolName": "超级坐标获取工具",
            "ToolType": "其他工具",
            "view_num": 230,
            "Remark": "<p>链接：https://pan.baidu.com/s/1YsauWuP9BButY-VoJqyB6A?pwd=xhj9&nbsp;<br />\n提取码：xhj9</p>",
            "user": "<img height=\"25px\" src=\"https://dafstatic.oss-cn-beijing.aliyuncs.com/static/title/level4.gif\"><span class=\"orange\">学院搬运工</span>",
            "time": "2023-06-07 09:55:57"
        },
        {
            "id": 210,
            "ToolName": "免费360直链更新解析工具",
            "ToolType": "其他工具",
            "view_num": 204,
            "Remark": "<p>https://www.123pan.com/s/tJCtVv-jQ5EH.html提取码:rMjr</p>\n",
            "user": "<img height=\"25px\" src=\"https://dafstatic.oss-cn-beijing.aliyuncs.com/static/title/level4.gif\"><span class=\"orange\">学院搬运工</span>",
            "time": "2023-07-18 12:31:31"
        },
        {
            "id": 346,
            "ToolName": "NPK修改工具，恋恋黑猫和兔子",
            "ToolType": "其他工具",
            "view_num": 188,
            "Remark": "<p>此工具可用来修改NPK，利用素材创作自己的东西，用的着的时候有用，用不着的时候没用<img alt=\"frown\" height=\"23\" src=\"https://daf.linglonger.com/static/ckeditor/ckeditor/plugins/smiley/images/confused_smile.png\" title=\"frown\" width=\"23\" /></p>\n\n<p>链接: https://pan.baidu.com/s/1rCXHlkHazyMvtelQ18kp8Q?pwd=mhwy 提取码: mhwy&nbsp;<br />\n--来自百度网盘超级会员v8的分享</p>",
            "user": "<img height=\"25px\" src=\"\">梦幻物语",
            "time": "2024-07-03 09:16:03"
        },
        {
            "id": 189,
            "ToolName": "远控源码+成品[仅供学习]",
            "ToolType": "其他工具",
            "view_num": 179,
            "Remark": "<p>链接: https://pan.baidu.com/s/1sy_typRTIe13E5dl8ShPXg?pwd=22xs 提取码: 22xs 复制这段内容后打开百度网盘手机App，操作更方便哦&nbsp;<br />\n--来自百度网盘超级会员v2的分享</p>",
            "user": "<img height=\"25px\" src=\"https://dafstatic.oss-cn-beijing.aliyuncs.com/static/title/level4.gif\"><span class=\"orange\">学院搬运工</span>",
            "time": "2023-07-04 19:06:47"
        },
        {
            "id": 64,
            "ToolName": "Notepad8.1.9.exe 文件编辑工具",
            "ToolType": "其他工具",
            "view_num": 174,
            "Remark": "<p>链接：https://pan.baidu.com/s/1bjKdXcIl7zDB_fu6YZCvoQ?pwd=70du&nbsp;<br />\n提取码：70du</p>",
            "user": "<img height=\"25px\" src=\"https://dafstatic.oss-cn-beijing.aliyuncs.com/static/title/level6.gif\"><span class=\"rainbow\">玲珑</span>",
            "time": "2023-06-04 23:25:05"
        },
        {
            "id": 220,
            "ToolName": "统一网关在线管理工具v5.5",
            "ToolType": "其他工具",
            "view_num": 172,
            "Remark": "<p>https://www.123pan.com/s/tJCtVv-Wk5EH.html提取码:HThl</p>",
            "user": "<img height=\"25px\" src=\"https://dafstatic.oss-cn-beijing.aliyuncs.com/static/title/level4.gif\"><span class=\"orange\">学院搬运工</span>",
            "time": "2023-07-20 15:09:34"
        },
        {
            "id": 116,
            "ToolName": "[天意] DAF地图遍历器(适应各种端)",
            "ToolType": "其他工具",
            "view_num": 171,
            "Remark": "<p>链接: https://pan.baidu.com/s/1yMsg1NlubXu7QNo6cU1hcA?pwd=iu7q 提取码: iu7q 复制这段内容后打开百度网盘手机App，操作更方便哦&nbsp;<br />\n--来自百度网盘超级会员v2的分享</p>",
            "user": "<img height=\"25px\" src=\"https://dafstatic.oss-cn-beijing.aliyuncs.com/static/title/level4.gif\"><span class=\"orange\">学院搬运工</span>",
            "time": "2023-06-27 10:13:28"
        },
        {
            "id": 32,
            "ToolName": "装备词典生成工具v1.4(密码jcx)<span style='margin-left: 2px;padding-left: 16px;color: blue;text-align: center;background: url(/static/images/msg.png) no-repeat; center' title='回复'>1</span>",
            "ToolType": "其他工具",
            "view_num": 162,
            "Remark": "<p>链接：https://pan.baidu.com/s/1MsYAYcEjVKXl1Ps_bcuWrg&nbsp;<br />\n提取码：654x</p>\n\n<p>&nbsp;</p>\n\n<p><img alt=\"\" height=\"395\" src=\"/media/uploads/2023/08/27/image-20230827212040-1.png\" width=\"491\" /></p>\n\n<p><img alt=\"\" height=\"504\" src=\"/media/uploads/2023/08/27/image-20230827212049-2.png\" width=\"800\" /></p>\n\n<p><img alt=\"\" height=\"495\" src=\"/media/uploads/2023/08/27/image-20230827212106-3.png\" width=\"800\" /></p>\n\n<p><img alt=\"\" height=\"486\" src=\"/media/uploads/2023/08/27/image-20230827212120-4.png\" width=\"800\" /></p>\n\n<p><img alt=\"\" height=\"493\" src=\"/media/uploads/2023/08/27/image-20230827212131-5.png\" width=\"800\" /></p>\n\n<p><img alt=\"\" height=\"353\" src=\"/media/uploads/2023/08/27/image-20230827212141-6.png\" width=\"501\" /></p>\n\n<p><img alt=\"\" height=\"184\" src=\"/media/uploads/2023/08/27/image-20230827212149-7.png\" width=\"702\" /></p>\n\n<p><img alt=\"\" height=\"616\" src=\"/media/uploads/2023/08/27/image-20230827212156-8.png\" width=\"787\" /></p>\n\n<p>&nbsp;</p>\n\n<p>&nbsp;</p>\n",
            "user": "<img height=\"25px\" src=\"https://dafstatic.oss-cn-beijing.aliyuncs.com/static/title/level4.gif\"><span class=\"orange\">学院搬运工</span>",
            "time": "2023-05-21 19:36:52"
        },
        {
            "id": 43,
            "ToolName": "IMG查找工具",
            "ToolType": "其他工具",
            "view_num": 160,
            "Remark": "<p>链接：https://pan.baidu.com/s/11dEgKrz9pz5YLEKY1Er-2g&nbsp;<br />\n提取码：37xj</p>",
            "user": "<img height=\"25px\" src=\"https://dafstatic.oss-cn-beijing.aliyuncs.com/static/title/level4.gif\"><span class=\"orange\">学院搬运工</span>",
            "time": "2023-05-21 19:43:28"
        },
        {
            "id": 140,
            "ToolName": "CDK转换",
            "ToolType": "其他工具",
            "view_num": 159,
            "Remark": "<p>链接: https://pan.baidu.com/s/1tKc0yPXUKnbCoLhAwKATmQ?pwd=xhn3 提取码: xhn3 复制这段内容后打开百度网盘手机App，操作更方便哦&nbsp;<br />\n--来自百度网盘超级会员v2的分享</p>",
            "user": "<img height=\"25px\" src=\"https://dafstatic.oss-cn-beijing.aliyuncs.com/static/title/level4.gif\"><span class=\"orange\">学院搬运工</span>",
            "time": "2023-06-27 12:06:26"
        },
        {
            "id": 82,
            "ToolName": "抓IP工具",
            "ToolType": "其他工具",
            "view_num": 156,
            "Remark": "<p>链接：https://pan.baidu.com/s/1q6uPpUvM-L2z4hKMyobSXQ?pwd=z3ep&nbsp;<br />\n提取码：z3ep</p>",
            "user": "<img height=\"25px\" src=\"https://dafstatic.oss-cn-beijing.aliyuncs.com/static/title/level4.gif\"><span class=\"orange\">学院搬运工</span>",
            "time": "2023-06-07 09:58:45"
        },
        {
            "id": 237,
            "ToolName": "国服ANI转台服",
            "ToolType": "其他工具",
            "view_num": 153,
            "Remark": "<p>https://www.123pan.com/s/tJCtVv-6u5EH.html提取码:cPCJ</p>",
            "user": "<img height=\"25px\" src=\"https://dafstatic.oss-cn-beijing.aliyuncs.com/static/title/level4.gif\"><span class=\"orange\">学院搬运工</span>",
            "time": "2023-09-12 13:31:41"
        },
        {
            "id": 345,
            "ToolName": "NPK合并工具",
            "ToolType": "其他工具",
            "view_num": 145,
            "Remark": "<p>此工具可以将多个NPK合而为一，用得着的手有用，用不着的时候没用<img alt=\"frown\" height=\"23\" src=\"https://daf.linglonger.com/static/ckeditor/ckeditor/plugins/smiley/images/confused_smile.png\" title=\"frown\" width=\"23\" /></p>\n\n<p>链接: https://pan.baidu.com/s/110vMQ1IpQg0xf4asC59nSw?pwd=MHWY 提取码: MHWY&nbsp;<br />\n--来自百度网盘超级会员v8的分享</p>",
            "user": "<img height=\"25px\" src=\"\">梦幻物语",
            "time": "2024-07-03 09:13:33"
        },
        {
            "id": 81,
            "ToolName": "素材批量制作工具",
            "ToolType": "其他工具",
            "view_num": 142,
            "Remark": "<p>链接：https://pan.baidu.com/s/18ykFN0nBGQqTJvOjlKBLXw?pwd=bj0y&nbsp;<br />\n提取码：bj0y</p>",
            "user": "<img height=\"25px\" src=\"https://dafstatic.oss-cn-beijing.aliyuncs.com/static/title/level4.gif\"><span class=\"orange\">学院搬运工</span>",
            "time": "2023-06-07 09:57:37"
        },
        {
            "id": 142,
            "ToolName": "清档工具",
            "ToolType": "其他工具",
            "view_num": 136,
            "Remark": "<p>链接: https://pan.baidu.com/s/1HlH-KGBgSc647ml5JOc1Ig?pwd=k6i8 提取码: k6i8 复制这段内容后打开百度网盘手机App，操作更方便哦&nbsp;<br />\n--来自百度网盘超级会员v2的分享</p>",
            "user": "<img height=\"25px\" src=\"https://dafstatic.oss-cn-beijing.aliyuncs.com/static/title/level4.gif\"><span class=\"orange\">学院搬运工</span>",
            "time": "2023-06-27 12:07:17"
        },
        {
            "id": 120,
            "ToolName": "台服遍历器MAX2.0<span style='margin-left: 2px;padding-left: 16px;color: blue;text-align: center;background: url(/static/images/msg.png) no-repeat; center' title='回复'>1</span>",
            "ToolType": "其他工具",
            "view_num": 132,
            "Remark": "<p>链接: https://pan.baidu.com/s/1B8eHQkjBYnBf8VAP-Qct1A?pwd=fwqd 提取码: fwqd 复制这段内容后打开百度网盘手机App，操作更方便哦&nbsp;<br />\n--来自百度网盘超级会员v2的分享</p>",
            "user": "<img height=\"25px\" src=\"https://dafstatic.oss-cn-beijing.aliyuncs.com/static/title/level4.gif\"><span class=\"orange\">学院搬运工</span>",
            "time": "2023-06-27 10:24:00"
        },
        {
            "id": 344,
            "ToolName": "UEditor",
            "ToolType": "其他工具",
            "view_num": 131,
            "Remark": "<p>改等级补丁用的玩意</p>\n\n<p>链接：https://pan.baidu.com/s/1ZBi-tjiLCjEIUuj2SL51NQ?pwd=ize2&nbsp;<br />\n提取码：ize2&nbsp;<br />\n--来自百度网盘超级会员V4的分享</p>",
            "user": "<img height=\"25px\" src=\"https://dafstatic.oss-cn-beijing.aliyuncs.com/static/title/level2.gif\">门卫大爷",
            "time": "2024-07-02 18:57:33"
        },
        {
            "id": 102,
            "ToolName": "遍历器<span style='margin-left: 2px;padding-left: 16px;color: blue;text-align: center;background: url(/static/images/msg.png) no-repeat; center' title='回复'>1</span>",
            "ToolType": "其他工具",
            "view_num": 126,
            "Remark": "<p>链接: https://pan.baidu.com/s/1UVBZUE6v7YINHQqLtYCE-w?pwd=u9q3 提取码: u9q3 复制这段内容后打开百度网盘手机App，操作更方便哦&nbsp;<br />\n--来自百度网盘超级会员v2的分享</p>\n\n<p><img alt=\"\" height=\"351\" src=\"/media/uploads/2023/06/27/image-20230627095740-1.png\" width=\"700\" /></p>",
            "user": "<img height=\"25px\" src=\"https://dafstatic.oss-cn-beijing.aliyuncs.com/static/title/level4.gif\"><span class=\"orange\">学院搬运工</span>",
            "time": "2023-06-27 09:56:09"
        },
        {
            "id": 194,
            "ToolName": "IMG查找工具 v1.2by梦太晓",
            "ToolType": "其他工具",
            "view_num": 119,
            "Remark": "<p>链接: https://pan.baidu.com/s/1A-WzmI7kT-UR8L082ZS7bA?pwd=i5rj 提取码: i5rj 复制这段内容后打开百度网盘手机App，操作更方便哦&nbsp;<br />\n--来自百度网盘超级会员v2的分享</p>",
            "user": "<img height=\"25px\" src=\"https://dafstatic.oss-cn-beijing.aliyuncs.com/static/title/level4.gif\"><span class=\"orange\">学院搬运工</span>",
            "time": "2023-07-04 19:14:14"
        },
        {
            "id": 230,
            "ToolName": "子状态文本输出工具(密码：111)",
            "ToolType": "其他工具",
            "view_num": 118,
            "Remark": "<p>链接: https://pan.baidu.com/s/1rSoFqODGCWydV6i6uh9E2w?pwd=ypyw 提取码: ypyw 复制这段内容后打开百度网盘手机App，操作更方便哦&nbsp;<br />\n--来自百度网盘超级会员v3的分享</p>\n",
            "user": "<img height=\"25px\" src=\"https://dafstatic.oss-cn-beijing.aliyuncs.com/static/title/level4.gif\"><span class=\"orange\">学院搬运工</span>",
            "time": "2023-07-31 21:55:56"
        },
        {
            "id": 83,
            "ToolName": "自用工具第二版",
            "ToolType": "其他工具",
            "view_num": 117,
            "Remark": "<p>链接：https://pan.baidu.com/s/1n8McVrjA_y2FVItqQkXLkg?pwd=ecn7&nbsp;<br />\n提取码：ecn7</p>",
            "user": "<img height=\"25px\" src=\"https://dafstatic.oss-cn-beijing.aliyuncs.com/static/title/level4.gif\"><span class=\"orange\">学院搬运工</span>",
            "time": "2023-06-07 09:59:14"
        },
        {
            "id": 218,
            "ToolName": "NPK工具：恋恋のEx(兔子.5).part1",
            "ToolType": "其他工具",
            "view_num": 115,
            "Remark": "<p>https://www.123pan.com/s/tJCtVv-2k5EH.html提取码:pUM9</p>\n",
            "user": "<img height=\"25px\" src=\"https://dafstatic.oss-cn-beijing.aliyuncs.com/static/title/level4.gif\"><span class=\"orange\">学院搬运工</span>",
            "time": "2023-07-20 14:58:59"
        },
        {
            "id": 342,
            "ToolName": "CDK批处理工具",
            "ToolType": "其他工具",
            "view_num": 113,
            "Remark": "<p>链接：https://pan.baidu.com/s/1VC7-Zxrp7Qi_LolLlT7kuA?pwd=8888&nbsp;<br />\n提取码：8888&nbsp;<br />\n--来自百度网盘超级会员V3的分享</p>\n\n<p><img alt=\"\" height=\"683\" src=\"https://dafstatic.oss-cn-beijing.aliyuncs.com/static/image/2024/7/2/4pmstRrcGbWaaPu3mrcR.png\" width=\"518\" /></p>",
            "user": "<img height=\"25px\" src=\"\">雷神科技",
            "time": "2024-07-02 17:08:45"
        },
        {
            "id": 208,
            "ToolName": "Extractor",
            "ToolType": "其他工具",
            "view_num": 110,
            "Remark": "<p>https://www.123pan.com/s/tJCtVv-O95EH.html提取码:Pp4c</p>",
            "user": "<img height=\"25px\" src=\"https://dafstatic.oss-cn-beijing.aliyuncs.com/static/title/level4.gif\"><span class=\"orange\">学院搬运工</span>",
            "time": "2023-07-15 21:40:32"
        },
        {
            "id": 191,
            "ToolName": "KF攻略源码",
            "ToolType": "其他工具",
            "view_num": 91,
            "Remark": "<p>链接: https://pan.baidu.com/s/1x8wCb2FplOpTvrYrTJHH3g?pwd=e7qn 提取码: e7qn 复制这段内容后打开百度网盘手机App，操作更方便哦&nbsp;<br />\n--来自百度网盘超级会员v2的分享</p>",
            "user": "<img height=\"25px\" src=\"https://dafstatic.oss-cn-beijing.aliyuncs.com/static/title/level4.gif\"><span class=\"orange\">学院搬运工</span>",
            "time": "2023-07-04 19:09:08"
        },
        {
            "id": 186,
            "ToolName": "RY工具最新版源码",
            "ToolType": "其他工具",
            "view_num": 88,
            "Remark": "<p>链接: https://pan.baidu.com/s/193LMSaYULcYOQTl-eI74ig?pwd=hi8n 提取码: hi8n 复制这段内容后打开百度网盘手机App，操作更方便哦&nbsp;<br />\n--来自百度网盘超级会员v2的分享</p>",
            "user": "<img height=\"25px\" src=\"https://dafstatic.oss-cn-beijing.aliyuncs.com/static/title/level4.gif\"><span class=\"orange\">学院搬运工</span>",
            "time": "2023-07-04 19:05:39"
        },
        {
            "id": 205,
            "ToolName": "UltraEdit",
            "ToolType": "其他工具",
            "view_num": 88,
            "Remark": "<p>https://www.123pan.com/s/tJCtVv-cA5EH.html提取码:PFmH</p>",
            "user": "<img height=\"25px\" src=\"https://dafstatic.oss-cn-beijing.aliyuncs.com/static/title/level6.gif\"><span class=\"rainbow\">玲珑</span>",
            "time": "2023-07-14 10:27:28"
        },
        {
            "id": 135,
            "ToolName": "端口检测",
            "ToolType": "其他工具",
            "view_num": 84,
            "Remark": "<p>链接: https://pan.baidu.com/s/1SuOwv1dsIKLisbPN6x6C7A?pwd=5dx9 提取码: 5dx9 复制这段内容后打开百度网盘手机App，操作更方便哦&nbsp;<br />\n--来自百度网盘超级会员v2的分享</p>",
            "user": "<img height=\"25px\" src=\"https://dafstatic.oss-cn-beijing.aliyuncs.com/static/title/level4.gif\"><span class=\"orange\">学院搬运工</span>",
            "time": "2023-06-27 12:04:03"
        },
        {
            "id": 104,
            "ToolName": "模型工具",
            "ToolType": "其他工具",
            "view_num": 82,
            "Remark": "<p>链接: https://pan.baidu.com/s/1j0zRnABRAL_PYxKRBvU_YQ?pwd=4u2r 提取码: 4u2r 复制这段内容后打开百度网盘手机App，操作更方便哦&nbsp;<br />\n--来自百度网盘超级会员v2的分享</p>\n\n<p><img alt=\"\" height=\"1067\" src=\"/media/uploads/2023/06/27/image-20230627100010-2.png\" width=\"428\" /></p>",
            "user": "<img height=\"25px\" src=\"https://dafstatic.oss-cn-beijing.aliyuncs.com/static/title/level4.gif\"><span class=\"orange\">学院搬运工</span>",
            "time": "2023-06-27 09:58:38"
        },
        {
            "id": 134,
            "ToolName": "Gif图制作",
            "ToolType": "其他工具",
            "view_num": 77,
            "Remark": "<p>链接: https://pan.baidu.com/s/1blo-LwxP16-LaLW7WBi5lg?pwd=makh 提取码: makh 复制这段内容后打开百度网盘手机App，操作更方便哦&nbsp;<br />\n--来自百度网盘超级会员v2的分享</p>",
            "user": "<img height=\"25px\" src=\"https://dafstatic.oss-cn-beijing.aliyuncs.com/static/title/level4.gif\"><span class=\"orange\">学院搬运工</span>",
            "time": "2023-06-27 12:03:38"
        },
        {
            "id": 39,
            "ToolName": "RY工具终版",
            "ToolType": "其他工具",
            "view_num": 74,
            "Remark": "<p>链接：https://pan.baidu.com/s/1RCYd1GqSSzroNvGi1i3xGQ&nbsp;<br />\n提取码：d054</p>",
            "user": "<img height=\"25px\" src=\"https://dafstatic.oss-cn-beijing.aliyuncs.com/static/title/level4.gif\"><span class=\"orange\">学院搬运工</span>",
            "time": "2023-05-21 19:39:47"
        },
        {
            "id": 101,
            "ToolName": "修改机器码",
            "ToolType": "其他工具",
            "view_num": 66,
            "Remark": "<p>链接: https://pan.baidu.com/s/18P5jki_lAYRJEZBfB8wCKw?pwd=2n4h 提取码: 2n4h 复制这段内容后打开百度网盘手机App，操作更方便哦&nbsp;<br />\n--来自百度网盘超级会员v2的分享</p>\n\n<p><img alt=\"\" height=\"175\" src=\"/media/uploads/2023/06/27/image-20230627095801-1.png\" width=\"700\" /></p>\n",
            "user": "<img height=\"25px\" src=\"https://dafstatic.oss-cn-beijing.aliyuncs.com/static/title/level4.gif\"><span class=\"orange\">学院搬运工</span>",
            "time": "2023-06-27 09:55:31"
        },
        {
            "id": 177,
            "ToolName": "IP加速器，网络不顺畅首选",
            "ToolType": "其他工具",
            "view_num": 66,
            "Remark": "<p>链接: https://pan.baidu.com/s/153EXj0Le1LnQCf3QZ2npWA?pwd=9shm 提取码: 9shm 复制这段内容后打开百度网盘手机App，操作更方便哦&nbsp;<br />\n--来自百度网盘超级会员v2的分享</p>",
            "user": "<img height=\"25px\" src=\"https://dafstatic.oss-cn-beijing.aliyuncs.com/static/title/level4.gif\"><span class=\"orange\">学院搬运工</span>",
            "time": "2023-07-03 14:07:38"
        },
        {
            "id": 188,
            "ToolName": "远程控制框架源码[仅供学习参考]",
            "ToolType": "其他工具",
            "view_num": 58,
            "Remark": "<p>链接: https://pan.baidu.com/s/1KPnHiPMr8yeJsH1gMHtYcw?pwd=m6xz 提取码: m6xz 复制这段内容后打开百度网盘手机App，操作更方便哦&nbsp;<br />\n--来自百度网盘超级会员v2的分享</p>",
            "user": "<img height=\"25px\" src=\"https://dafstatic.oss-cn-beijing.aliyuncs.com/static/title/level4.gif\"><span class=\"orange\">学院搬运工</span>",
            "time": "2023-07-04 19:06:28"
        },
        {
            "id": 204,
            "ToolName": "HEdit（16进制编辑工具）",
            "ToolType": "其他工具",
            "view_num": 58,
            "Remark": "<p>链接: https://pan.baidu.com/s/1gUPsJs5XOTD4EjfLhQVv9w?pwd=9mnq 提取码: 9mnq 复制这段内容后打开百度网盘手机App，操作更方便哦&nbsp;<br />\n--来自百度网盘超级会员v2的分享</p>",
            "user": "<img height=\"25px\" src=\"https://dafstatic.oss-cn-beijing.aliyuncs.com/static/title/level6.gif\"><span class=\"rainbow\">玲珑</span>",
            "time": "2023-07-14 09:07:41"
        },
        {
            "id": 100,
            "ToolName": "IMG查找工具 v1.31",
            "ToolType": "其他工具",
            "view_num": 57,
            "Remark": "<p>链接: https://pan.baidu.com/s/1GutIJUBx-L_kpfvHmEAQaA?pwd=hrrf 提取码: hrrf 复制这段内容后打开百度网盘手机App，操作更方便哦&nbsp;<br />\n--来自百度网盘超级会员v2的分享</p>",
            "user": "<img height=\"25px\" src=\"https://dafstatic.oss-cn-beijing.aliyuncs.com/static/title/level4.gif\"><span class=\"orange\">学院搬运工</span>",
            "time": "2023-06-27 09:55:06"
        },
        {
            "id": 153,
            "ToolName": "状态测试工具倾泪寒",
            "ToolType": "其他工具",
            "view_num": 57,
            "Remark": "<p>链接: https://pan.baidu.com/s/1SZoXCgfgCw2xLlTQrjcuFw?pwd=r86t 提取码: r86t 复制这段内容后打开百度网盘手机App，操作更方便哦&nbsp;<br />\n--来自百度网盘超级会员v2的分享</p>",
            "user": "<img height=\"25px\" src=\"https://dafstatic.oss-cn-beijing.aliyuncs.com/static/title/level4.gif\"><span class=\"orange\">学院搬运工</span>",
            "time": "2023-06-29 21:16:30"
        },
        {
            "id": 84,
            "ToolName": "从map中获取mob and obj工具",
            "ToolType": "其他工具",
            "view_num": 55,
            "Remark": "<p>链接：https://pan.baidu.com/s/1owfVjloTiYmwRjU6tvKw9w?pwd=bzke&nbsp;<br />\n提取码：bzke</p>",
            "user": "<img height=\"25px\" src=\"https://dafstatic.oss-cn-beijing.aliyuncs.com/static/title/level4.gif\"><span class=\"orange\">学院搬运工</span>",
            "time": "2023-06-07 10:00:01"
        },
        {
            "id": 46,
            "ToolName": "录屏工具",
            "ToolType": "其他工具",
            "view_num": 53,
            "Remark": "<p>链接：https://pan.baidu.com/s/1uh_FGJXW6dozdiJbbDVLCw&nbsp;<br />\n提取码：njzj</p>",
            "user": "<img height=\"25px\" src=\"https://dafstatic.oss-cn-beijing.aliyuncs.com/static/title/level4.gif\"><span class=\"orange\">学院搬运工</span>",
            "time": "2023-05-21 20:57:37"
        },
        {
            "id": 65,
            "ToolName": "文件类处理工具",
            "ToolType": "其他工具",
            "view_num": 50,
            "Remark": "<p>链接：https://pan.baidu.com/s/1YkdDqXkg1A9OHL9UxQG4_g?pwd=s7e8&nbsp;<br />\n提取码：s7e8</p>\n\n<p>含：</p>\n\n<p>文件MD5效验工具</p>\n\n<p>文件MD5效验工具</p>\n\n<p>文件批量改名工具</p>\n\n<p>文件批量改名工具</p>",
            "user": "<img height=\"25px\" src=\"https://dafstatic.oss-cn-beijing.aliyuncs.com/static/title/level6.gif\"><span class=\"rainbow\">玲珑</span>",
            "time": "2023-06-04 23:26:47"
        },
        {
            "id": 353,
            "ToolName": "DAF学院客户端安装程序",
            "ToolType": "其他工具",
            "view_num": 47,
            "Remark": "<p>https://www.123pan.com/s/tJCtVv-2EVEH.html提取码:upbw</p>\r\n\r\n<p>&nbsp;</p>\r\n\r\n<p>自己写的客户端，目前只有windows的，系统应该是都支持的（也兼容了win7）</p>\r\n\r\n<p><strong><span style=\"font-size:14px\">安装包是软件打包的</span><span style=\"color:#e74c3c\"><span style=\"font-size:14px\">：无毒</span></span></strong>， 但是360会报一个警告，这个还真没办法，即使我写的c程序&nbsp; 360也可能会弹出来<img alt=\"angel\" height=\"23\" src=\"https://daf.linglonger.com/static/ckeditor/ckeditor/plugins/smiley/images/angel_smile.png\" title=\"angel\" width=\"23\" />（<span style=\"color:#f39c12\">如果介意的，那就没办法</span>）</p>\r\n\r\n<p><img alt=\"\" height=\"318\" src=\"https://dafstatic.oss-cn-beijing.aliyuncs.com/static/image/2024/7/14/5xqLj6VhUM43Yd7x4H5d.png\" width=\"571\" /></p>",
            "user": "<img height=\"25px\" src=\"https://dafstatic.oss-cn-beijing.aliyuncs.com/static/title/level6.gif\"><span class=\"rainbow\">玲珑</span>",
            "time": "2024-07-13 18:57:29"
        },
        {
            "id": 105,
            "ToolName": "批量简繁切换",
            "ToolType": "其他工具",
            "view_num": 45,
            "Remark": "<p>链接: https://pan.baidu.com/s/1ak3yryfOPScMJNflFNm8PQ?pwd=4h7d 提取码: 4h7d 复制这段内容后打开百度网盘手机App，操作更方便哦&nbsp;<br />\n--来自百度网盘超级会员v2的分享</p>\n\n<p><img alt=\"\" height=\"320\" src=\"/media/uploads/2023/06/27/image-20230627100051-1.png\" width=\"465\" /></p>",
            "user": "<img height=\"25px\" src=\"https://dafstatic.oss-cn-beijing.aliyuncs.com/static/title/level4.gif\"><span class=\"orange\">学院搬运工</span>",
            "time": "2023-06-27 09:59:16"
        },
        {
            "id": 31,
            "ToolName": "帮助文档工具WinCHM",
            "ToolType": "其他工具",
            "view_num": 25,
            "Remark": "<p>链接：https://pan.baidu.com/s/1ARYEuLQZeqS6VLh1yFh3qA&nbsp;<br />\n提取码：0nhi</p>",
            "user": "<img height=\"25px\" src=\"https://dafstatic.oss-cn-beijing.aliyuncs.com/static/title/level4.gif\"><span class=\"orange\">学院搬运工</span>",
            "time": "2023-05-21 19:36:20"
        }
    ]
}