{
    "total": 5,
    "rows": [
        {
            "id": 309,
            "ToolName": "皓月笔记无限制版",
            "ToolType": "百科",
            "view_num": 762,
            "Remark": "<p>链接: https://pan.baidu.com/s/1Xu6hpWf8OfQu1R0DAkuZ5w?pwd=qwsy 提取码: qwsy 复制这段内容后打开百度网盘手机App，操作更方便哦&nbsp;<br />\n--来自百度网盘超级会员v4的分享</p>",
            "user": "<img height=\"25px\" src=\"https://dafstatic.oss-cn-beijing.aliyuncs.com/static/title/level6.gif\"><span class=\"rainbow\">玲珑</span>",
            "time": "2024-04-20 17:53:44"
        },
        {
            "id": 306,
            "ToolName": "台服DAF修改宝典3.1",
            "ToolType": "百科",
            "view_num": 472,
            "Remark": "<p>链接: https://pan.baidu.com/s/14y5U5KTPjzFlDw9x2elAQA?pwd=fn2m 提取码: fn2m 复制这段内容后打开百度网盘手机App，操作更方便哦&nbsp;<br />\n--来自百度网盘超级会员v4的分享</p>",
            "user": "<img height=\"25px\" src=\"https://dafstatic.oss-cn-beijing.aliyuncs.com/static/title/level6.gif\"><span class=\"rainbow\">玲珑</span>",
            "time": "2024-04-20 17:50:15"
        },
        {
            "id": 301,
            "ToolName": "豆腐百科2.5",
            "ToolType": "百科",
            "view_num": 250,
            "Remark": "<p>链接: https://pan.baidu.com/s/1ZxvLVjRxsWPVbAPpSV7QeQ?pwd=v93u 提取码: v93u 复制这段内容后打开百度网盘手机App，操作更方便哦&nbsp;<br />\n--来自百度网盘超级会员v4的分享</p>",
            "user": "<img height=\"25px\" src=\"https://dafstatic.oss-cn-beijing.aliyuncs.com/static/title/level6.gif\"><span class=\"rainbow\">玲珑</span>",
            "time": "2024-04-20 17:48:15"
        },
        {
            "id": 305,
            "ToolName": "小白宝典1.1",
            "ToolType": "百科",
            "view_num": 139,
            "Remark": "<p>链接: https://pan.baidu.com/s/12M576wi_lMDnErlfbvcUUw?pwd=tt8i 提取码: tt8i 复制这段内容后打开百度网盘手机App，操作更方便哦&nbsp;<br />\n--来自百度网盘超级会员v4的分享</p>",
            "user": "<img height=\"25px\" src=\"https://dafstatic.oss-cn-beijing.aliyuncs.com/static/title/level6.gif\"><span class=\"rainbow\">玲珑</span>",
            "time": "2024-04-20 17:49:51"
        },
        {
            "id": 303,
            "ToolName": "小黄书1.8",
            "ToolType": "百科",
            "view_num": 117,
            "Remark": "<p>链接: https://pan.baidu.com/s/1eJjsOmCXyLT7UTpnsuvitg?pwd=hdi5 提取码: hdi5 复制这段内容后打开百度网盘手机App，操作更方便哦&nbsp;<br />\n--来自百度网盘超级会员v4的分享</p>\n\n<p><img alt=\"\" height=\"307\" src=\"/media/uploads/2024/04/20/image-20240420175228-1.png\" width=\"352\" /></p>\n",
            "user": "<img height=\"25px\" src=\"https://dafstatic.oss-cn-beijing.aliyuncs.com/static/title/level6.gif\"><span class=\"rainbow\">玲珑</span>",
            "time": "2024-04-20 17:49:08"
        }
    ]
}