{
    "total": 8,
    "rows": [
        {
            "id": 248,
            "ToolName": "dp2.8完美集成frida全部热重载带常用简单功能",
            "ToolType": "插件",
            "view_num": 2728,
            "Remark": "<p>链接：https://pan.baidu.com/s/1fKoNNWgH2W52u8gfDFk3zA?pwd=rior&nbsp;<br />\n提取码：rior</p>",
            "user": "<img height=\"25px\" src=\"\">隔壁老于",
            "time": "2023-10-22 20:55:00"
        },
        {
            "id": 272,
            "ToolName": "自用的一整套DP插件",
            "ToolType": "插件",
            "view_num": 942,
            "Remark": "<p>https://www.123pan.com/s/GUrRVv-q9jHA.html提取码:IlvF</p>\n\n<p>（包含跨界石/继承券/宠物、时装清理/主线任务/女鬼转职/回收等等）</p>\n\n<p>（里边的PVF导入文件是本人常用的跨界石/继承券/宠物、时装清理/主线任务这几种，需要用其他的，自行操作~）</p>",
            "user": "<img height=\"25px\" src=\"\">小了白了兔",
            "time": "2024-01-27 11:46:53"
        },
        {
            "id": 262,
            "ToolName": "熊服DP插件<span style='margin-left: 2px;padding-left: 16px;color: blue;text-align: center;background: url(/static/images/msg.png) no-repeat; center' title='回复'>3</span>",
            "ToolType": "插件",
            "view_num": 914,
            "Remark": "<p><span style=\"color:#e74c3c\"><strong>一次上传有群号，现在这个是二次上传的，把群号删除了</strong></span><br />\n<br />\n链接：https://pan.baidu.com/s/1O5fTq5nhzVdu1mPVBLgdYQ?pwd=uavk&nbsp;<br />\n提取码：uavk&nbsp;<br />\n--来自百度网盘超级会员V2的分享<br />\n<br />\n<br />\n<br />\n原贴链接：https://tieba.baidu.com/p/8858121316</p>\n",
            "user": "<img height=\"25px\" src=\"\">玩偶",
            "time": "2024-01-13 11:49:14"
        },
        {
            "id": 316,
            "ToolName": "万能魔法封印装备改镶嵌frida插件和DLL插件<span style='margin-left: 2px;padding-left: 16px;color: blue;text-align: center;background: url(/static/images/msg.png) no-repeat; center' title='回复'>4</span>",
            "ToolType": "插件",
            "view_num": 888,
            "Remark": "<p>&nbsp;链接：https://pan.baidu.com/s/1mIE1P0IL80sVxqJLOg80Mw&nbsp;<br />\n提取码：1234</p>",
            "user": "<img height=\"25px\" src=\"\">鼻涕变粉条",
            "time": "2024-04-26 01:39:55"
        },
        {
            "id": 273,
            "ToolName": "花枝3.41百级UI界面插件",
            "ToolType": "插件",
            "view_num": 863,
            "Remark": "<p>链接：https://pan.baidu.com/s/1Mh65FcDLIbQgnisMFOhXqw?pwd=l2dw&nbsp;<br />\n提取码：l2dw</p>",
            "user": "<img height=\"25px\" src=\"\">梗百科",
            "time": "2024-01-28 01:32:25"
        },
        {
            "id": 311,
            "ToolName": "frida20量魔盒UI和源码（@莫莫儿）",
            "ToolType": "插件",
            "view_num": 647,
            "Remark": "<p>链接: https://pan.baidu.com/s/1NnmiXnK9ZlGpUIJyy8J6iQ?pwd=as9z 提取码: as9z 复制这段内容后打开百度网盘手机App，操作更方便哦&nbsp;<br />\r\n--来自百度网盘超级会员v5的分享</p>\r\n\r\n<p><img alt=\"\" height=\"401\" src=\"/media/uploads/2024/04/22/1.png\" width=\"427\" /></p>\r\n\r\n<p><img alt=\"\" height=\"675\" src=\"/media/uploads/2024/04/22/2.jpg\" width=\"732\" /></p>\r\n\r\n<p>&nbsp;</p>\r\n\r\n<p><strong><span style=\"color:#e74c3c\">核心代码</span></strong></p>\r\n\r\n<pre>\r\n<code>/*获取道具时使用ui显示*/\r\nfunction SendItemWindowNotification1(user, item_list)\r\n{\r\nvar packet_guard = api_PacketGuard_PacketGuard();\r\nInterfacePacketBuf_put_header(packet_guard, 1, 600); //协议 ENUM_NOTIPACKET_POWER_WAR_PROLONG\r\nInterfacePacketBuf_put_byte(packet_guard, 1); //默认1\r\nInterfacePacketBuf_put_byte(packet_guard, item_list.length); //道具组数\r\n//写入道具代码和道具数量\r\nfor (var i = 0; i &lt; item_list.length; i++)\r\n{\r\nInterfacePacketBuf_put_int(packet_guard, item_list[i][0]); //道具代码\r\nInterfacePacketBuf_put_byte(packet_guard, item_list[i][1]); //道具数量 装备/时装时 任意均可\r\n}\r\nInterfacePacketBuf_finalize(packet_guard, 1); //确定发包内容\r\nCUser_Send(user, packet_guard); //发包\r\nDestroy_PacketGuard_PacketGuard(packet_guard); //清空buff区\r\n}</code></pre>\r\n\r\n<pre>\r\n<code>SendItemWindowNotification1(user,[[1,50],[3037,10],[3340,10],[3326,50],[1,50],[3037,10],[3340,10],[3326,50],[1,50],[3037,10],\r\n[1,50],[1,50],[3037,10],[3340,10],[3326,50],[1,50],[3037,10],[3340,10],[3326,50],[1,50]]);</code></pre>\r\n\r\n<p>&nbsp;</p>",
            "user": "<img height=\"25px\" src=\"https://dafstatic.oss-cn-beijing.aliyuncs.com/static/title/level4.gif\"><span class=\"orange\">学院搬运工</span>",
            "time": "2024-04-22 09:13:20"
        },
        {
            "id": 352,
            "ToolName": "frida插件合集",
            "ToolType": "插件",
            "view_num": 151,
            "Remark": "<p>链接: https://pan.baidu.com/s/1ExREitpN7Qdld2ON8nlUNg?pwd=b556 提取码: b556 复制这段内容后打开百度网盘手机App，操作更方便哦&nbsp;<br />\n--来自百度网盘超级会员v5的分享</p>\n\n<p><img alt=\"\" height=\"233\" src=\"https://dafstatic.oss-cn-beijing.aliyuncs.com/static/image/2024/7/13/znXrlcehQN5VABwCXIaM.png\" width=\"522\" /></p>",
            "user": "<img height=\"25px\" src=\"https://dafstatic.oss-cn-beijing.aliyuncs.com/static/title/level6.gif\"><span class=\"rainbow\">玲珑</span>",
            "time": "2024-07-13 13:16:02"
        },
        {
            "id": 351,
            "ToolName": "dp插件合集",
            "ToolType": "插件",
            "view_num": 88,
            "Remark": "<p>链接: https://pan.baidu.com/s/1g_8oLXGHGkOWpHNCZK0N2w?pwd=h9zi 提取码: h9zi 复制这段内容后打开百度网盘手机App，操作更方便哦&nbsp;<br />\n--来自百度网盘超级会员v5的分享</p>\n\n<p>&nbsp;</p>\n\n<p><img alt=\"\" height=\"365\" src=\"https://dafstatic.oss-cn-beijing.aliyuncs.com/static/image/2024/7/13/HLAhAzKlfNAOo4dYsmu4.png\" width=\"562\" /></p>",
            "user": "<img height=\"25px\" src=\"https://dafstatic.oss-cn-beijing.aliyuncs.com/static/title/level6.gif\"><span class=\"rainbow\">玲珑</span>",
            "time": "2024-07-13 13:15:27"
        }
    ]
}