{
    "total": 4,
    "rows": [
        {
            "id": 88,
            "ToolName": "爆率&掉落修改工具合集<span style='margin-left: 2px;padding-left: 16px;color: blue;text-align: center;background: url(/static/images/msg.png) no-repeat; center' title='回复'>1</span>",
            "ToolType": "掉落/爆率",
            "view_num": 2477,
            "Remark": "<p>链接：https://pan.baidu.com/s/1IZjaYXHuA94KeYL0LVI1sw?pwd=at87&nbsp;<br />\r\n提取码：at87</p>\r\n\r\n<p>&nbsp;</p>\r\n\r\n<p><img alt=\"\" height=\"204\" src=\"/media/uploads/2023/06/08/image-20230608175359-1.png\" width=\"700\" /></p>",
            "user": "<img height=\"25px\" src=\"https://dafstatic.oss-cn-beijing.aliyuncs.com/static/title/level4.gif\"><span class=\"orange\">学院搬运工</span>",
            "time": "2023-06-08 17:52:06"
        },
        {
            "id": 132,
            "ToolName": "在线深渊爆率<span style='margin-left: 2px;padding-left: 16px;color: blue;text-align: center;background: url(/static/images/msg.png) no-repeat; center' title='回复'>1</span>",
            "ToolType": "掉落/爆率",
            "view_num": 844,
            "Remark": "<p>链接: https://pan.baidu.com/s/1H-3aVSQ2uomNi1fDzk9Ujw?pwd=ngjq 提取码: ngjq 复制这段内容后打开百度网盘手机App，操作更方便哦&nbsp;<br />\n--来自百度网盘超级会员v2的分享</p>",
            "user": "<img height=\"25px\" src=\"https://dafstatic.oss-cn-beijing.aliyuncs.com/static/title/level4.gif\"><span class=\"orange\">学院搬运工</span>",
            "time": "2023-06-27 12:02:51"
        },
        {
            "id": 131,
            "ToolName": "深渊爆率修改",
            "ToolType": "掉落/爆率",
            "view_num": 541,
            "Remark": "<p>链接: https://pan.baidu.com/s/1cOA8YTirsNh7Z4UlzvP4og?pwd=fdab 提取码: fdab 复制这段内容后打开百度网盘手机App，操作更方便哦&nbsp;<br />\n--来自百度网盘超级会员v2的分享</p>",
            "user": "<img height=\"25px\" src=\"https://dafstatic.oss-cn-beijing.aliyuncs.com/static/title/level4.gif\"><span class=\"orange\">学院搬运工</span>",
            "time": "2023-06-27 11:59:32"
        },
        {
            "id": 35,
            "ToolName": "爆率计算器",
            "ToolType": "掉落/爆率",
            "view_num": 344,
            "Remark": "<p>链接：https://pan.baidu.com/s/1ucdztmCCuUKAo-Vkt5QS-g&nbsp;<br />\r\n提取码：gyn6</p>",
            "user": "<img height=\"25px\" src=\"https://dafstatic.oss-cn-beijing.aliyuncs.com/static/title/level4.gif\"><span class=\"orange\">学院搬运工</span>",
            "time": "2023-05-21 19:38:17"
        }
    ]
}