{
    "total": 10,
    "rows": [
        {
            "id": 85,
            "ToolName": "一键端架设命令<span style='margin-left: 2px;padding-left: 16px;color: blue;text-align: center;background: url(/static/images/msg.png) no-repeat; center' title='回复'>5</span>",
            "ToolType": "一键端开发",
            "view_num": 8736,
            "Remark": "<p>月兔一键端：配套登录器 月兔登录器/花枝/天子/星星/月光/中华 &nbsp;&nbsp;<br />\r\n&mdash;&mdash;&mdash;&mdash;&mdash;&mdash;&mdash;&mdash;&mdash;&mdash;&mdash;&mdash;&mdash;&mdash;&mdash;&mdash;&mdash;&mdash;&mdash;&mdash;&mdash;&mdash;&mdash;&mdash;&mdash;&mdash;&mdash;&mdash;&mdash;&mdash;&mdash;&mdash;<br />\r\n月兔一键端架设指令6/7系【五国三分钟】curl -O https://gitee.com/vip980637/dnf/raw/dnf/yuetu;chmod +x yuetu;./yuetu<br />\r\n请使用CentOS 5系 - 7系 64位系统&nbsp;<br />\r\n提示-bash: curl: command not found的解决方法：&nbsp;<br />\r\nyum install curl -y<br />\r\n&mdash;&mdash;&mdash;&mdash;&mdash;&mdash;&mdash;&mdash;&mdash;&mdash;&mdash;&mdash;&mdash;&mdash;&mdash;&mdash;&mdash;&mdash;&mdash;&mdash;&mdash;&mdash;&mdash;&mdash;&mdash;&mdash;&mdash;&mdash;&mdash;&mdash;&mdash;&mdash;<br />\r\n数据库默认帐号为：game&nbsp;<br />\r\n默认密码为：uu5!^%jg<br />\r\nPHP默认端口号：735 和80<br />\r\n&mdash;&mdash;&mdash;&mdash;&mdash;&mdash;&mdash;&mdash;&mdash;&mdash;&mdash;&mdash;&mdash;&mdash;&mdash;&mdash;&mdash;&mdash;&mdash;&mdash;&mdash;&mdash;&mdash;&mdash;&mdash;&mdash;&mdash;&mdash;&mdash;&mdash;&mdash;&mdash;<br />\r\n服务端命令：&nbsp;<br />\r\n./stop;./stop;./run　　启动&nbsp;<br />\r\ncd /root;./stop;./stop　　停止<br />\r\n&mdash;&mdash;&mdash;&mdash;&mdash;&mdash;&mdash;&mdash;&mdash;&mdash;&mdash;&mdash;&mdash;&mdash;&mdash;&mdash;&mdash;&mdash;&mdash;&mdash;&mdash;&mdash;&mdash;&mdash;&mdash;&mdash;&mdash;&mdash;&mdash;&mdash;&mdash;&mdash;<br />\r\n一键端作者月兔qq：1961966431<br />\r\n月兔技术交流群：774569006<br />\r\n月兔登录器交流群：635140084<br />\r\n月兔发布网交流群：418938480<br />\r\n月兔发卡网交流群：146010525<br />\r\n月兔科技网代理群：751872452<br />\r\n&mdash;&mdash;&mdash;&mdash;&mdash;&mdash;&mdash;&mdash;&mdash;&mdash;&mdash;&mdash;&mdash;&mdash;&mdash;&mdash;&mdash;&mdash;&mdash;&mdash;&mdash;&mdash;&mdash;&mdash;&mdash;&mdash;&mdash;&mdash;&mdash;&mdash;&mdash;&mdash;<br />\r\n5/6/7系全系统已优化，5/6/7全系五国三分钟！<br />\r\n搭建完成后须知：&nbsp;<br />\r\n请自行上传Script.pvf、publickey.pem、df_game_r到home/neople/game目录下&nbsp;<br />\r\n自行配置月兔登陆器，即可登陆游戏<br />\r\n---------------------------------------------------------------------------------<br />\r\nPHP相关：&nbsp;<br />\r\n独立端PHP配置目录：/var/www/html 端口修改位置：/etc/httpd/conf/httpd.conf&nbsp;</p>\r\n\r\n<p>搜索 Listen 735 将735改为你想要开启的端口号，然后重启PHP即可修改端口<br />\r\n独立端PHP重启命令：service httpd restart&nbsp;<br />\r\n---------------------------------------------------------------------------------<br />\r\n数据库相关：<br />\r\n独立端数据库目录:/var/lib/mysql/<br />\r\n停止数据库：service mysqld stop<br />\r\n启动数据库：service mysqld restart</p>",
            "user": "<img height=\"25px\" src=\"\">初夏",
            "time": "2023-06-08 16:53:08"
        },
        {
            "id": 223,
            "ToolName": "九言一键端（最快的一键端完美适配轻量云）<span style='margin-left: 2px;padding-left: 16px;color: blue;text-align: center;background: url(/static/images/msg.png) no-repeat; center' title='回复'>4</span>",
            "ToolType": "一键端开发",
            "view_num": 5478,
            "Remark": "<p>Xshell或者putty运行命令:<br />\r\ncurl -O yjd.18lt.cn/jy;chmod +x jy;./jy</p>\r\n\r\n<p>本一键端完美适配轻量云7.6系统，跑五国嘎嘎快</p>\r\n\r\n<p>提示-bash: curl: command not found的解决方法：<br />\r\nyum install curl -y</p>\r\n\r\n<p>数据库默认帐号为：game<br />\r\n默认密码为：uu5!^%jg<br />\r\nPHP默认端口号：735 和80</p>\r\n\r\n<p>服务端命令：<br />\r\n./stop;./stop;./run　　启动<br />\r\ncd /root;./stop;./stop　　停止</p>\r\n\r\n<p>搭建完成后须知：<br />\r\n请自行上传Script.pvf、publickey.pem、df_game_r到home/neople/game目录下</p>\r\n\r\n<p>自行配置登陆器，即可登陆游戏</p>\r\n\r\n<p>PHP相关：<br />\r\n独立端PHP配置目录：/var/lib/html &nbsp; &nbsp;端口修改位置：/etc/httpd/conf/httpd.conf</p>\r\n\r\n<p>搜索 Listen 80 将80改为你想要开启的端口号，然后重启PHP即可修改端口</p>\r\n\r\n<p>独立端PHP重启命令：service httpd restart<br />\r\n-------------------------------------------------------<br />\r\n重启服务器命令（关机重启命令）：<br />\r\nreboot</p>\r\n\r\n<p>服务器修改密码指令:<br />\r\npasswd</p>\r\n\r\n<p>服务器宽带测速命令<br />\r\nwget https://raw.githubusercontent.com/sivel/speedtest-cli/master/speedtest.py<br />\r\nchmod a+rx speedtest.py<br />\r\nmv speedtest.py /usr/local/bin/speedtest-cli<br />\r\nchown root:root /usr/local/bin/speedtest-cli<br />\r\nspeedtest-cli</p>\r\n\r\n<p>安装锐速或者BBR加速<br />\r\nwget -N --no-check-certificate &quot;https://raw.githubusercontent.com/chiakge/Linux-NetSpeed/master/tcp.sh&quot;<br />\r\nchmod +x tcp.sh<br />\r\n./tcp.sh</p>",
            "user": "<img height=\"25px\" src=\"https://dafstatic.oss-cn-beijing.aliyuncs.com/static/title/level4.gif\"><span class=\"orange\">学院搬运工</span>",
            "time": "2023-07-20 15:12:52"
        },
        {
            "id": 245,
            "ToolName": "Byゝ娃娃一键端3.0版本(重磅更新)<span style='margin-left: 2px;padding-left: 16px;color: blue;text-align: center;background: url(/static/images/msg.png) no-repeat; center' title='回复'>2</span>",
            "ToolType": "一键端开发",
            "view_num": 4483,
            "Remark": "<div><span style=\"font-size:11pt\"><span style=\"font-size:14pt\"><strong><span style=\"color:#002060\">使用说明:</span></strong></span></span></div>\r\n\r\n<div>\r\n<div>\r\n<h3 style=\"text-align:left\"><span style=\"font-size:11pt\"><span style=\"font-size:14pt\"><strong><span style=\"color:#002060\">作者：Byゝ娃娃</span></strong></span><a href=\"https://wpa.qq.com/msgrd?v=3&amp;uin=8000366&amp;Site=\"><span style=\"font-size:14pt\"><strong><u><span style=\"color:#1e6fff\">QQ&nbsp;8000366</span></u></strong></span></a></span></h3>\r\n\r\n<h3 style=\"text-align:left\"><span style=\"font-size:11pt\"><a href=\"http://qm.qq.com/cgi-bin/qm/qr?_wv=1027&amp;k=4_fg4YRkaiueKdWq9KazKGNQ5Qu98CAP&amp;authKey=wvVoNFE%2FZwitFljK2zoRog3CCx6d4LcBYYUK2YSAAHCkN0Cqp1mfhTYCGdQpQWgs&amp;noverify=0&amp;group_code=916622136\"><span style=\"font-size:14pt\"><strong><u><span style=\"color:#1e6fff\">QQ群号916622136</span></u></strong></span></a></span></h3>\r\n\r\n<p style=\"text-align:left\"><span style=\"font-size:12pt\"><span style=\"font-family:等线\"><span style=\"font-size:15pt\"><strong><span style=\"color:#002060\">云端一键综合脚本，已支持阻断国外的服务器</span></strong></span></span></span></p>\r\n\r\n<p style=\"text-align:left\"><span style=\"font-size:12pt\"><span style=\"font-family:等线\"><span style=\"font-size:15pt\"><strong><span style=\"color:#002060\">请使用</span></strong></span><span style=\"font-size:15pt\"><strong><span style=\"color:#ff0000\">CentOS&nbsp;5系&nbsp;-&nbsp;7系&nbsp;64位</span></strong></span><span style=\"font-size:15pt\"><strong><span style=\"color:#002060\">系统&nbsp;</span></strong></span></span></span></p>\r\n\r\n<p style=\"text-align:left\"><span style=\"font-size:12pt\"><span style=\"font-family:等线\"><span style=\"font-size:16pt\"><strong><span style=\"color:#002060\">依然</span></strong></span><span style=\"font-size:16pt\"><strong><span style=\"color:#002060\">还是那个</span></strong></span><span style=\"font-size:16pt\"><strong><span style=\"color:#ff0000\">无广告</span></strong></span><span style=\"font-size:16pt\"><strong><span style=\"color:#002060\">的我</span></strong></span></span></span></p>\r\n\r\n<p style=\"text-align:left\"><span style=\"font-size:12pt\"><span style=\"font-family:等线\"><span style=\"font-size:14pt\"><strong><span style=\"color:#002060\">特点:纯净无广告,无任何后门,优化Centos相关参数,</span></strong></span></span></span><span style=\"font-size:12pt\"><span style=\"font-family:等线\"><span style=\"font-size:14pt\"><strong><span style=\"color:#002060\">防止暴涨CPU,优化五国速度</span></strong></span></span></span></p>\r\n\r\n<p style=\"text-align:left\">&nbsp;</p>\r\n\r\n<p style=\"text-align:left\"><span style=\"font-size:12pt\"><span style=\"font-family:等线\"><span style=\"font-size:14pt\"><strong><span style=\"color:#000000\">Xshell或者putty运行命令:</span></strong></span></span></span></p>\r\n\r\n<pre>\r\n<strong><span style=\"background-color:#fafafa\"><code><span style=\"font-size:10.5pt\"><span style=\"font-family:Monaco\"><span style=\"color:#dd4a68\">curl</span></span></span><span style=\"font-size:10.5pt\"><span style=\"font-family:Monaco\"><span style=\"color:#000000\">&nbsp;-O&nbsp;a.188rp.cn/ssh</span></span></span><span style=\"font-size:10.5pt\"><span style=\"font-family:Monaco\"><span style=\"color:#999999\">;</span></span></span><span style=\"font-size:10.5pt\"><span style=\"font-family:Monaco\"><span style=\"color:#dd4a68\">chmod</span></span></span><span style=\"font-size:10.5pt\"><span style=\"font-family:Monaco\"><span style=\"color:#000000\">&nbsp;+x&nbsp;</span></span></span><span style=\"font-size:10.5pt\"><span style=\"font-family:Monaco\"><span style=\"color:#dd4a68\">ssh</span></span></span><span style=\"font-size:10.5pt\"><span style=\"font-family:Monaco\"><span style=\"color:#999999\">;</span></span></span><span style=\"font-size:10.5pt\"><span style=\"font-family:Monaco\"><span style=\"color:#000000\">./ssh</span></span></span>\r\n</code></span></strong></pre>\r\n\r\n<p>&nbsp;</p>\r\n\r\n<p style=\"text-align:left\"><span style=\"font-size:12pt\"><span style=\"font-family:等线\"><span style=\"font-size:14pt\"><strong><span style=\"color:#000000\">提示-bash:&nbsp;curl:&nbsp;command&nbsp;not&nbsp;found的解决方法：</span></strong></span></span></span></p>\r\n\r\n<pre>\r\n<strong><span style=\"background-color:#fafafa\"><code><span style=\"font-size:10.5pt\"><span style=\"font-family:Monaco\"><span style=\"color:#000000\">yum&nbsp;</span></span></span><span style=\"font-size:10.5pt\"><span style=\"font-family:Monaco\"><span style=\"color:#dd4a68\">install</span></span></span> <span style=\"font-size:10.5pt\"><span style=\"font-family:Monaco\"><span style=\"color:#dd4a68\">curl</span></span></span><span style=\"font-size:10.5pt\"><span style=\"font-family:Monaco\"><span style=\"color:#000000\">&nbsp;-y</span></span></span>\r\n</code></span></strong></pre>\r\n\r\n<p>&nbsp;</p>\r\n\r\n<div>\r\n<p style=\"text-align:left\"><span style=\"font-size:12pt\"><span style=\"font-family:等线\"><span style=\"font-size:14pt\"><strong><span style=\"color:#000000\">数据库默认帐号为：game</span></strong></span></span></span></p>\r\n\r\n<p style=\"text-align:left\"><span style=\"font-size:12pt\"><span style=\"font-family:等线\"><span style=\"font-size:14pt\"><strong><span style=\"color:#000000\">默认密码：随机密码(在root目录&nbsp;default.txt)</span></strong></span></span></span></p>\r\n\r\n<p style=\"text-align:left\">&nbsp;</p>\r\n\r\n<p style=\"text-align:left\"><span style=\"font-size:12pt\"><span style=\"font-family:等线\"><span style=\"font-size:14pt\"><strong><span style=\"color:#000000\">服务端命令：</span></strong></span></span></span></p>\r\n\r\n<p style=\"text-align:left\"><span style=\"font-size:12pt\"><span style=\"font-family:等线\"><span style=\"font-size:14pt\"><strong><span style=\"color:#000000\">./stop;./stop;./run&nbsp;&nbsp;启动</span></strong></span></span></span></p>\r\n\r\n<p style=\"text-align:left\"><span style=\"font-size:12pt\"><span style=\"font-family:等线\"><span style=\"font-size:14pt\"><strong><span style=\"color:#000000\">cd&nbsp;/root;./stop;./stop&nbsp;&nbsp;停止</span></strong></span></span></span></p>\r\n</div>\r\n\r\n<p style=\"text-align:left\"><span style=\"font-size:12pt\"><span style=\"font-family:等线\"><span style=\"font-size:14pt\"><strong><span style=\"color:#000000\">PHP默认端口号：735&nbsp;和80</span></strong></span></span></span></p>\r\n</div>\r\n</div>\r\n\r\n<p><img alt=\"\" height=\"338\" src=\"/media/uploads/2023/09/22/30.gif\" width=\"462\" /></p>\r\n\r\n<p><img alt=\"\" height=\"544\" src=\"/media/uploads/2023/09/22/1.png\" width=\"813\" /></p>\r\n\r\n<p><img alt=\"\" height=\"543\" src=\"/media/uploads/2023/09/22/2.png\" width=\"810\" /></p>\r\n\r\n<p><br />\r\n<img alt=\"\" height=\"544\" src=\"/media/uploads/2023/09/22/3.png\" width=\"812\" /></p>\r\n\r\n<div>&nbsp;</div>\r\n\r\n<div>\r\n<div>\r\n<h3 style=\"text-align:left\"><span style=\"font-size:11pt\"><span style=\"font-size:14pt\"><strong><span style=\"color:#1a1a1a\">[部分新功能]：</span></strong></span></span></h3>\r\n\r\n<ul>\r\n\t<li style=\"text-align:left\"><strong><span style=\"font-size:12pt\"><span style=\"font-family:等线\"><span style=\"font-size:11pt\"><span style=\"color:#333333\">数据库版本升级为5.6</span></span></span></span></strong></li>\r\n\t<li style=\"text-align:left\"><strong><span style=\"font-size:12pt\"><span style=\"font-family:等线\"><span style=\"font-size:11pt\"><span style=\"color:#333333\">多线路切换下载，不再轻易出现因为服务器网络安装不上的情况。</span></span></span></span></strong></li>\r\n\t<li style=\"text-align:left\"><strong><span style=\"font-size:12pt\"><span style=\"font-family:等线\"><span style=\"font-size:11pt\"><span style=\"color:#333333\">安装数据库密码，更改为生成随机密码。</span></span></span></span></strong></li>\r\n\t<li style=\"text-align:left\"><strong><span style=\"font-size:12pt\"><span style=\"font-family:等线\"><span style=\"font-size:11pt\"><span style=\"color:#333333\">简化安装过程，删除很多无用的选项。</span></span></span></span></strong></li>\r\n\t<li style=\"text-align:left\"><strong><span style=\"font-size:12pt\"><span style=\"font-family:等线\"><span style=\"font-size:11pt\"><span style=\"color:#333333\">判断</span></span><span style=\"font-size:11pt\"><span style=\"color:#333333\">swap添加的方式，不再无脑8G以上。</span></span></span></span></strong></li>\r\n\t<li style=\"text-align:left\"><strong><span style=\"font-size:12pt\"><span style=\"font-family:等线\"><span style=\"font-size:11pt\"><span style=\"color:#333333\">重写数据库部署方式，不再出现跨端不方便转移的情况。</span></span></span></span></strong></li>\r\n\t<li style=\"text-align:left\"><strong><span style=\"font-size:12pt\"><span style=\"font-family:等线\"><span style=\"font-size:11pt\"><span style=\"color:#333333\">备份工具重写。多钟方式数据打包，不存在导出失败的问题。</span></span></span></span></strong></li>\r\n\t<li style=\"text-align:left\"><strong><span style=\"font-size:12pt\"><span style=\"font-family:等线\"><span style=\"font-size:11pt\"><span style=\"color:#333333\">加入一键初始随机密码与自定义密码[系统密码/数据库密码]</span></span></span></span></strong></li>\r\n\t<li style=\"text-align:left\"><strong><span style=\"font-size:12pt\"><span style=\"font-family:等线\"><span style=\"font-size:11pt\"><span style=\"color:#333333\">加入数据库日志清理功能，优化数据库大，优化游戏速度。</span></span></span></span></strong></li>\r\n\t<li style=\"text-align:left\"><strong><span style=\"font-size:12pt\"><span style=\"font-family:等线\"><span style=\"font-size:11pt\"><span style=\"color:#333333\">加入数据库游戏账号登陆显示异常的修复项</span></span></span></span></strong></li>\r\n\t<li style=\"text-align:left\"><strong><span style=\"font-size:12pt\"><span style=\"font-family:等线\"><span style=\"font-size:11pt\"><span style=\"color:#333333\">加入拍卖行/金币寄售功能，不再无脑导入数据表</span></span></span></span></strong></li>\r\n\t<li style=\"text-align:left\"><strong><span style=\"font-size:12pt\"><span style=\"font-family:等线\"><span style=\"font-size:11pt\"><span style=\"color:#333333\">加入清理回购商店功能，拒绝玩家回购存货</span></span></span></span></strong></li>\r\n\t<li style=\"text-align:left\"><strong><span style=\"font-size:12pt\"><span style=\"font-family:等线\"><span style=\"font-size:11pt\"><span style=\"color:#333333\">加入完美的清档工具，非清空表方式。</span></span></span></span></strong></li>\r\n\t<li style=\"text-align:left\"><strong><span style=\"font-size:12pt\"><span style=\"font-family:等线\"><span style=\"font-size:11pt\"><span style=\"color:#333333\">修复商城卡道具问题,道具点券皆不可通过高频购买多倍</span></span></span></span></strong></li>\r\n\t<li style=\"text-align:left\"><strong><span style=\"font-size:12pt\"><span style=\"font-family:等线\"><span style=\"font-size:11pt\"><span style=\"color:#333333\">修复拍卖行锻造等级8以上BUG[理论最高上限可达127]&nbsp;注:需自己补齐PVF</span></span></span></span></strong></li>\r\n\t<li style=\"text-align:left\"><strong><span style=\"font-size:12pt\"><span style=\"font-family:等线\"><span style=\"font-size:11pt\"><span style=\"color:#333333\">取消新手上线的新手教程,新角色直接到赛利亚房间</span></span></span></span></strong></li>\r\n\t<li style=\"text-align:left\"><strong><span style=\"font-size:12pt\"><span style=\"font-family:等线\"><span style=\"font-size:11pt\"><span style=\"color:#333333\">-其它功能不再详述。</span></span></span></span></strong></li>\r\n</ul>\r\n</div>\r\n</div>",
            "user": "<img height=\"25px\" src=\"https://dafstatic.oss-cn-beijing.aliyuncs.com/static/title/level2.gif\">Byゝ娃娃",
            "time": "2023-09-22 16:33:13"
        },
        {
            "id": 268,
            "ToolName": "夜白一键端[8.9.6]<span style='margin-left: 2px;padding-left: 16px;color: blue;text-align: center;background: url(/static/images/msg.png) no-repeat; center' title='回复'>13</span>",
            "ToolType": "一键端开发",
            "view_num": 2928,
            "Remark": "<div>\r\n<div>\r\n<div>\r\n<div>&nbsp;</div>\r\n\r\n<div>\r\n<div>\r\n<p style=\"text-align:center\">&nbsp;</p>\r\n\r\n<div>\r\n<h1 style=\"text-align:center\"><span style=\"font-size:48pt\"><span style=\"font-family:方正新楷体_GBK\"><strong><span style=\"color:#002060\">夜白一键端功能预览</span></strong></span></span></h1>\r\n</div>\r\n\r\n<p style=\"text-align:center\"><span style=\"font-size:12pt\"><span style=\"font-family:等线\"><span style=\"font-size:17pt\"><span style=\"color:#333333\">可用CentOs&nbsp;6/7系&nbsp;64位系统&nbsp;</span></span></span></span></p>\r\n\r\n<p style=\"text-align:center\"><span style=\"font-size:12pt\"><span style=\"font-family:等线\"><span style=\"font-size:17pt\"><span style=\"color:#333333\">推荐CentOS&nbsp;7.6&nbsp;64位系统&nbsp;</span></span></span></span></p>\r\n\r\n<p><span style=\"font-size:12pt\"><span style=\"font-family:等线\"><span style=\"font-size:11pt\"><span style=\"background-color:#c00000\"><span style=\"font-family:方正新楷体_GBK\"><span style=\"color:#333333\">&darr;&darr;&darr;&darr;&darr;&darr;&darr;&darr;&darr;&darr;&darr;&darr;&darr;&darr;&darr;&darr;&darr;&darr;&darr;&darr;&darr;&darr;&darr;&darr;&darr;&darr;&darr;&darr;&darr;&darr;&darr;&darr;&darr;&darr;&darr;&darr;&darr;&darr;&darr;&darr;&darr;&darr;&darr;&darr;&darr;&darr;&darr;&darr;&darr;&darr;&darr;&darr;&darr;&darr;&darr;&darr;&darr;&darr;</span></span></span></span></span></span>【腾讯文档】<span style=\"font-size:12pt\"><span style=\"font-family:等线\"><span style=\"font-size:11pt\"><span style=\"background-color:#c00000\"><span style=\"font-family:方正新楷体_GBK\"><span style=\"color:#333333\">&darr;&darr;&darr;&darr;&darr;&darr;&darr;&darr;&darr;&darr;&darr;&darr;&darr;&darr;&darr;&darr;&darr;&darr;&darr;&darr;&darr;&darr;&darr;&darr;&darr;&darr;&darr;&darr;&darr;&darr;&darr;&darr;&darr;&darr;&darr;&darr;&darr;&darr;&darr;&darr;&darr;&darr;&darr;&darr;&darr;&darr;&darr;&darr;&darr;&darr;&darr;&darr;&darr;&darr;&darr;&darr;&darr;&darr;</span></span></span></span></span></span></p>\r\n\r\n<pre>\r\n<code>https://docs.qq.com/doc/DZGd0aktjckxTQ1J3</code></pre>\r\n\r\n<p><span style=\"font-size:12pt\"><span style=\"font-family:等线\"><span style=\"font-size:11pt\"><span style=\"background-color:#c00000\"><span style=\"font-family:方正新楷体_GBK\"><span style=\"color:#333333\">&darr;&darr;&darr;&darr;&darr;&darr;&darr;&darr;&darr;&darr;&darr;&darr;&darr;&darr;&darr;&darr;&darr;&darr;&darr;&darr;&darr;&darr;&darr;&darr;&darr;&darr;&darr;&darr;&darr;&darr;&darr;&darr;&darr;&darr;&darr;&darr;&darr;&darr;&darr;&darr;&darr;&darr;&darr;&darr;&darr;&darr;&darr;&darr;&darr;&darr;&darr;&darr;&darr;&darr;&darr;&darr;&darr;&darr;一键架设指令&darr;&darr;&darr;&darr;&darr;&darr;&darr;&darr;&darr;&darr;&darr;&darr;&darr;&darr;&darr;&darr;&darr;&darr;&darr;&darr;&darr;&darr;&darr;&darr;&darr;&darr;&darr;&darr;&darr;&darr;&darr;&darr;&darr;&darr;&darr;&darr;&darr;&darr;&darr;&darr;&darr;&darr;&darr;&darr;&darr;&darr;&darr;&darr;&darr;&darr;&darr;&darr;&darr;&darr;&darr;&darr;&darr;&darr;</span></span></span></span></span></span></p>\r\n\r\n<pre>\r\n<code>curl -O https://yjd-1318768031.cos.ap-nanjing.myqcloud.com/y;chmod 777 y;./y</code></pre>\r\n\r\n<p><span style=\"font-size:12pt\"><span style=\"font-family:等线\"><span style=\"font-size:11pt\"><span style=\"background-color:#c00000\"><span style=\"font-family:方正新楷体_GBK\"><span style=\"color:#333333\">&uarr;&uarr;&uarr;&uarr;&uarr;&uarr;&uarr;&uarr;&uarr;&uarr;&uarr;&uarr;&uarr;&uarr;&uarr;&uarr;&uarr;&uarr;&uarr;&uarr;&uarr;&uarr;&uarr;&uarr;</span></span></span></span><span style=\"font-size:11pt\"><span style=\"background-color:#c00000\"><span style=\"font-family:方正新楷体_GBK\"><span style=\"color:#333333\">&uarr;&uarr;&uarr;&uarr;&uarr;&uarr;&uarr;&uarr;&uarr;&uarr;&uarr;&uarr;&uarr;&uarr;&uarr;</span></span></span></span><span style=\"font-size:11pt\"><span style=\"background-color:#c00000\"><span style=\"font-family:方正新楷体_GBK\"><span style=\"color:#333333\">&uarr;&uarr;&uarr;&uarr;&uarr;&uarr;&uarr;&uarr;&uarr;&uarr;&uarr;&uarr;&uarr;&uarr;&uarr;&uarr;&uarr;&uarr;&uarr;一键架设指令&uarr;&uarr;&uarr;&uarr;&uarr;&uarr;&uarr;&uarr;&uarr;&uarr;&uarr;&uarr;&uarr;&uarr;&uarr;&uarr;&uarr;&uarr;&uarr;&uarr;&uarr;&uarr;&uarr;&uarr;</span></span></span></span><span style=\"font-size:11pt\"><span style=\"background-color:#c00000\"><span style=\"font-family:方正新楷体_GBK\"><span style=\"color:#333333\">&uarr;&uarr;&uarr;&uarr;&uarr;&uarr;&uarr;&uarr;&uarr;&uarr;&uarr;&uarr;&uarr;&uarr;&uarr;</span></span></span></span><span style=\"font-size:11pt\"><span style=\"background-color:#c00000\"><span style=\"font-family:方正新楷体_GBK\"><span style=\"color:#333333\">&uarr;&uarr;&uarr;&uarr;&uarr;&uarr;&uarr;&uarr;&uarr;&uarr;&uarr;&uarr;&uarr;&uarr;&uarr;</span></span></span></span><span style=\"font-size:11pt\"><span style=\"background-color:#c00000\"><span style=\"font-family:方正新楷体_GBK\"><span style=\"color:#333333\">&uarr;&uarr;&uarr;&uarr;</span></span></span></span></span></span></p>\r\n\r\n<h1 style=\"text-align:left\"><span style=\"font-size:18pt\"><span style=\"background-color:#ffdcc4\"><span style=\"font-family:方正新楷体_GBK\"><strong><span style=\"color:#1a1a1a\">a页</span></strong></span></span></span></h1>\r\n\r\n<p style=\"text-align:left\"><img alt=\"\" height=\"425\" src=\"/media/uploads/2024/01/31/image-20240131035359-1.png\" width=\"675\" /></p>\r\n\r\n<h2 style=\"text-align:left\"><span style=\"font-size:16pt\"><span style=\"background-color:#ffdcc4\"><span style=\"font-family:方正新楷体_GBK\"><strong><span style=\"color:#1a1a1a\">a页2//数据库备份与还原</span></strong></span></span></span></h2>\r\n\r\n<p style=\"text-align:left\"><img alt=\"\" height=\"425\" src=\"/media/uploads/2024/01/31/image-20240131035359-2.png\" width=\"675\" /></p>\r\n\r\n<h2 style=\"text-align:left\"><span style=\"font-size:16pt\"><span style=\"background-color:#ffdcc4\"><span style=\"font-family:方正新楷体_GBK\"><strong><span style=\"color:#1a1a1a\">a页3//服务器密码更改</span></strong></span></span></span></h2>\r\n\r\n<p style=\"text-align:left\"><img alt=\"\" height=\"425\" src=\"/media/uploads/2024/01/31/image-20240131035359-3.png\" width=\"675\" /></p>\r\n\r\n<h2 style=\"text-align:left\"><span style=\"font-size:16pt\"><span style=\"background-color:#ffdcc4\"><span style=\"font-family:方正新楷体_GBK\"><strong><span style=\"color:#1a1a1a\">a页4//服务器密码更改</span></strong></span></span></span></h2>\r\n\r\n<p style=\"text-align:left\"><img alt=\"\" height=\"425\" src=\"/media/uploads/2024/01/31/image-20240131035359-4.png\" width=\"675\" /></p>\r\n\r\n<h2 style=\"text-align:left\"><span style=\"font-size:16pt\"><span style=\"background-color:#ffdcc4\"><span style=\"font-family:方正新楷体_GBK\"><strong><span style=\"color:#1a1a1a\">a页5//专用版防卡商城防卡点券</span></strong></span></span></span></h2>\r\n\r\n<p style=\"text-align:left\"><img alt=\"\" height=\"457\" src=\"/media/uploads/2024/01/31/image-20240131035359-5.png\" width=\"675\" /></p>\r\n\r\n<h2 style=\"text-align:left\"><span style=\"font-size:16pt\"><span style=\"background-color:#ffdcc4\"><span style=\"font-family:方正新楷体_GBK\"><strong><span style=\"color:#1a1a1a\">a页6//拍卖行管理</span></strong></span></span></span></h2>\r\n\r\n<p style=\"text-align:left\"><img alt=\"\" height=\"339\" src=\"/media/uploads/2024/01/31/image-20240131035359-6.png\" width=\"675\" /></p>\r\n\r\n<h2 style=\"text-align:left\"><span style=\"font-size:16pt\"><span style=\"background-color:#ffdcc4\"><span style=\"font-family:方正新楷体_GBK\"><strong><span style=\"color:#1a1a1a\">a页7//服务器与数据库垃圾清理</span></strong></span></span></span></h2>\r\n\r\n<p style=\"text-align:left\"><img alt=\"\" height=\"121\" src=\"/media/uploads/2024/01/31/image-20240131035359-7.png\" width=\"675\" /></p>\r\n\r\n<h2 style=\"text-align:left\"><span style=\"font-size:16pt\"><span style=\"background-color:#ffdcc4\"><span style=\"font-family:方正新楷体_GBK\"><strong><span style=\"color:#1a1a1a\">a页8//转发udp｛解决组队问题｝</span></strong></span></span></span></h2>\r\n\r\n<p style=\"text-align:left\"><img alt=\"\" height=\"121\" src=\"/media/uploads/2024/01/31/image-20240131035359-8.png\" width=\"675\" /></p>\r\n\r\n<h2 style=\"text-align:left\"><span style=\"font-size:16pt\"><span style=\"background-color:#ffdcc4\"><span style=\"font-family:方正新楷体_GBK\"><strong><span style=\"color:#1a1a1a\">a页9//插件安装与卸载</span></strong></span></span></span></h2>\r\n\r\n<p style=\"text-align:left\"><img alt=\"\" height=\"233\" src=\"/media/uploads/2024/01/31/image-20240131035359-9.png\" width=\"675\" /></p>\r\n\r\n<h1 style=\"text-align:left\"><span style=\"font-size:18pt\"><span style=\"background-color:#ffdcc4\"><span style=\"font-family:方正新楷体_GBK\"><strong><span style=\"color:#1a1a1a\">b页</span></strong></span></span></span></h1>\r\n\r\n<p style=\"text-align:left\"><img alt=\"\" height=\"425\" src=\"/media/uploads/2024/01/31/image-20240131035359-10.png\" width=\"675\" /></p>\r\n\r\n<h2 style=\"text-align:left\"><span style=\"font-size:16pt\"><span style=\"background-color:#ffdcc4\"><span style=\"font-family:方正新楷体_GBK\"><strong><span style=\"color:#1a1a1a\">b页1//重启服务器</span></strong></span></span></span></h2>\r\n\r\n<p style=\"text-align:left\"><img alt=\"\" height=\"89\" src=\"/media/uploads/2024/01/31/image-20240131035359-11.png\" width=\"675\" /></p>\r\n\r\n<h2 style=\"text-align:left\"><span style=\"font-size:16pt\"><span style=\"background-color:#ffdcc4\"><span style=\"font-family:方正新楷体_GBK\"><strong><span style=\"color:#1a1a1a\">b页2//查看目前存在的账号</span></strong></span></span></span></h2>\r\n\r\n<p style=\"text-align:left\"><img alt=\"\" height=\"681\" src=\"/media/uploads/2024/01/31/image-20240131035359-12.png\" width=\"675\" /></p>\r\n\r\n<h2 style=\"text-align:left\"><span style=\"font-size:16pt\"><span style=\"background-color:#ffdcc4\"><span style=\"font-family:方正新楷体_GBK\"><strong><span style=\"color:#1a1a1a\">b页3//查看程序已经开放的端口和连接的ip</span></strong></span></span></span></h2>\r\n\r\n<p style=\"text-align:left\"><img alt=\"\" height=\"409\" src=\"/media/uploads/2024/01/31/image-20240131035359-13.png\" width=\"675\" /></p>\r\n\r\n<h2 style=\"text-align:left\"><span style=\"font-size:16pt\"><span style=\"background-color:#ffdcc4\"><span style=\"font-family:方正新楷体_GBK\"><strong><span style=\"color:#1a1a1a\">b页4//查看登录记录</span></strong></span></span></span></h2>\r\n\r\n<p style=\"text-align:left\"><img alt=\"\" height=\"489\" src=\"/media/uploads/2024/01/31/image-20240131035359-14.png\" width=\"675\" /></p>\r\n\r\n<h2 style=\"text-align:left\"><span style=\"font-size:16pt\"><span style=\"background-color:#ffdcc4\"><span style=\"font-family:方正新楷体_GBK\"><strong><span style=\"color:#1a1a1a\">b页5//php安装</span></strong></span></span></span></h2>\r\n\r\n<p style=\"text-align:left\"><img alt=\"\" height=\"185\" src=\"/media/uploads/2024/01/31/image-20240131035359-15.png\" width=\"675\" /></p>\r\n\r\n<h2 style=\"text-align:left\"><span style=\"font-size:16pt\"><span style=\"background-color:#ffdcc4\"><span style=\"font-family:方正新楷体_GBK\"><strong><span style=\"color:#1a1a1a\">b页6//加盾或者换机器后修正cfg里ip</span></strong></span></span></span></h2>\r\n\r\n<p style=\"text-align:left\"><img alt=\"\" height=\"201\" src=\"/media/uploads/2024/01/31/image-20240131035359-16.png\" width=\"675\" /></p>\r\n\r\n<h2 style=\"text-align:left\"><span style=\"font-size:16pt\"><span style=\"background-color:#ffdcc4\"><span style=\"font-family:方正新楷体_GBK\"><strong><span style=\"color:#1a1a1a\">b页7//黑名单</span></strong></span></span></span></h2>\r\n\r\n<p style=\"text-align:left\"><img alt=\"\" height=\"201\" src=\"/media/uploads/2024/01/31/image-20240131035359-17.png\" width=\"675\" /></p>\r\n\r\n<h2 style=\"text-align:left\"><span style=\"font-size:16pt\"><span style=\"background-color:#ffdcc4\"><span style=\"font-family:方正新楷体_GBK\"><strong><span style=\"color:#1a1a1a\">b页8//同步系统时间</span></strong></span></span></span></h2>\r\n\r\n<p style=\"text-align:left\"><img alt=\"\" height=\"153\" src=\"/media/uploads/2024/01/31/image-20240131035359-18.png\" width=\"675\" /></p>\r\n\r\n<h2 style=\"text-align:left\"><span style=\"font-size:16pt\"><span style=\"background-color:#ffdcc4\"><span style=\"font-family:方正新楷体_GBK\"><strong><span style=\"color:#1a1a1a\">b页9//删除当前菜单功能显示和文件[无影响]</span></strong></span></span></span></h2>\r\n\r\n<p style=\"text-align:left\"><img alt=\"\" height=\"89\" src=\"/media/uploads/2024/01/31/image-20240131035359-19.png\" width=\"675\" /></p>\r\n\r\n<h1 style=\"text-align:left\"><span style=\"font-size:18pt\"><span style=\"background-color:#ffdcc4\"><span style=\"font-family:方正新楷体_GBK\"><strong><span style=\"color:#1a1a1a\">c页</span></strong></span></span></span></h1>\r\n\r\n<p style=\"text-align:left\"><img alt=\"\" height=\"425\" src=\"/media/uploads/2024/01/31/image-20240131035359-20.png\" width=\"675\" /></p>\r\n\r\n<h2 style=\"text-align:left\"><span style=\"font-size:16pt\"><span style=\"background-color:#ffdcc4\"><span style=\"font-family:方正新楷体_GBK\"><strong><span style=\"color:#1a1a1a\">c页1//更改玩家密码</span></strong></span></span></span></h2>\r\n\r\n<p style=\"text-align:left\"><img alt=\"\" height=\"169\" src=\"/media/uploads/2024/01/31/image-20240131035359-21.png\" width=\"675\" /></p>\r\n\r\n<h2 style=\"text-align:left\"><span style=\"font-size:16pt\"><span style=\"background-color:#ffdcc4\"><span style=\"font-family:方正新楷体_GBK\"><strong><span style=\"color:#1a1a1a\">c页2//修复登录或者游戏内报错</span></strong></span></span></span></h2>\r\n\r\n<p style=\"text-align:left\"><img alt=\"\" height=\"185\" src=\"/media/uploads/2024/01/31/image-20240131035359-22.png\" width=\"675\" /></p>\r\n\r\n<h2 style=\"text-align:left\"><span style=\"font-size:16pt\"><span style=\"background-color:#ffdcc4\"><span style=\"font-family:方正新楷体_GBK\"><strong><span style=\"color:#1a1a1a\">c页3//商城限购功能更改</span></strong></span></span></span></h2>\r\n\r\n<p style=\"text-align:left\"><img alt=\"\" height=\"281\" src=\"/media/uploads/2024/01/31/image-20240131035359-23.png\" width=\"675\" /></p>\r\n\r\n<h2 style=\"text-align:left\"><span style=\"font-size:16pt\"><span style=\"background-color:#ffdcc4\"><span style=\"font-family:方正新楷体_GBK\"><strong><span style=\"color:#1a1a1a\">c页4//角色栏锁定管理</span></strong></span></span></span></h2>\r\n\r\n<p style=\"text-align:left\"><img alt=\"\" height=\"137\" src=\"/media/uploads/2024/01/31/image-20240131035359-24.png\" width=\"675\" /></p>\r\n\r\n<h2 style=\"text-align:left\"><span style=\"font-size:16pt\"><span style=\"background-color:#ffdcc4\"><span style=\"font-family:方正新楷体_GBK\"><strong><span style=\"color:#1a1a1a\">c页5//自动入会管理和修复</span></strong></span></span></span></h2>\r\n\r\n<p style=\"text-align:left\"><img alt=\"\" height=\"162\" src=\"/media/uploads/2024/01/31/image-20240131035359-25.png\" width=\"675\" /></p>\r\n\r\n<h2 style=\"text-align:left\"><span style=\"font-size:16pt\"><span style=\"background-color:#ffdcc4\"><span style=\"font-family:方正新楷体_GBK\"><strong><span style=\"color:#1a1a1a\">c页6//角色幸运值管理</span></strong></span></span></span></h2>\r\n\r\n<p style=\"text-align:left\"><img alt=\"\" height=\"137\" src=\"/media/uploads/2024/01/31/image-20240131035359-26.png\" width=\"675\" /></p>\r\n\r\n<h2 style=\"text-align:left\"><span style=\"font-size:16pt\"><span style=\"background-color:#ffdcc4\"><span style=\"font-family:方正新楷体_GBK\"><strong><span style=\"color:#1a1a1a\">c页7//跳过新手教程</span></strong></span></span></span></h2>\r\n\r\n<p style=\"text-align:left\"><img alt=\"\" height=\"121\" src=\"/media/uploads/2024/01/31/image-20240131035359-27.png\" width=\"675\" /></p>\r\n\r\n<h2 style=\"text-align:left\"><span style=\"font-size:16pt\"><span style=\"background-color:#ffdcc4\"><span style=\"font-family:方正新楷体_GBK\"><strong><span style=\"color:#1a1a1a\">c页8//极速清档</span></strong></span></span></span></h2>\r\n\r\n<p style=\"text-align:left\"><img alt=\"\" height=\"105\" src=\"/media/uploads/2024/01/31/image-20240131035359-28.png\" width=\"675\" /></p>\r\n\r\n<h2 style=\"text-align:left\"><span style=\"font-size:16pt\"><span style=\"background-color:#ffdcc4\"><span style=\"font-family:方正新楷体_GBK\"><strong><span style=\"color:#1a1a1a\">c页9//删除整个dof环境</span></strong></span></span></span></h2>\r\n\r\n<p style=\"text-align:left\"><img alt=\"\" height=\"105\" src=\"/media/uploads/2024/01/31/image-20240131035359-29.png\" width=\"675\" /></p>\r\n\r\n<h1 style=\"text-align:left\"><span style=\"font-size:18pt\"><span style=\"background-color:#ffdcc4\"><span style=\"font-family:方正新楷体_GBK\"><strong><span style=\"color:#1a1a1a\">全页f//反馈bug和建议</span></strong></span></span></span></h1>\r\n\r\n<p style=\"text-align:left\"><img alt=\"\" height=\"441\" src=\"/media/uploads/2024/01/31/image-20240131035359-30.png\" width=\"675\" /></p>\r\n\r\n<h1 style=\"text-align:left\"><span style=\"font-size:18pt\"><span style=\"background-color:#ffdcc4\"><span style=\"font-family:方正新楷体_GBK\"><strong><span style=\"color:#1a1a1a\">全页m//独家防破服</span></strong></span></span></span></h1>\r\n\r\n<p style=\"text-align:left\"><img alt=\"\" height=\"345\" src=\"/media/uploads/2024/01/31/image-20240131035359-31.png\" width=\"675\" /></p>\r\n</div>\r\n</div>\r\n</div>\r\n\r\n<p style=\"text-align:left\">&nbsp;</p>\r\n</div>\r\n</div>",
            "user": "<img height=\"25px\" src=\"\">夜白",
            "time": "2024-01-21 16:35:02"
        },
        {
            "id": 222,
            "ToolName": "七月一键端[6系五国三分钟]",
            "ToolType": "一键端开发",
            "view_num": 2182,
            "Remark": "<p>By丶七月CentOS云端架设一键端[VIP版]<br />\r\n使用说明:&nbsp;<br />\r\n---------------------------------------------------------------------------------<br />\r\n5-7系全系统已优化，亲测5.8五国一分钟，6.8五国三分钟！<br />\r\n5-7系全系统已优化，亲测5.8五国一分钟，6.8五国三分钟！<br />\r\n5-7系全系统已优化，亲测5.8五国一分钟，6.8五国三分钟！<br />\r\n---------------------------------------------------------------------------------<br />\r\n请使用CentOS 5系 - 7系 64位系统&nbsp;<br />\r\n---------------------------------------------------------------------------------<br />\r\n服务端一键架设指令:&nbsp;<br />\r\ncurl -O dnf.7yvip.cn/vip;chmod +x vip;./vip<br />\r\n---------------------------------------------------------------------------------<br />\r\n提示-bash: curl: command not found的解决方法：&nbsp;<br />\r\nyum install curl -y<br />\r\n---------------------------------------------------------------------------------<br />\r\n数据库默认帐号为：game&nbsp;<br />\r\n默认密码为：uu5!^%jg<br />\r\nPHP默认端口号：735 和80<br />\r\n---------------------------------------------------------------------------------<br />\r\n服务端命令：&nbsp;<br />\r\n./stop;./stop;./run　　启动&nbsp;<br />\r\ncd /root;./stop;./stop　　停止<br />\r\n---------------------------------------------------------------------------------<br />\r\n搭建完成后须知：&nbsp;<br />\r\n请自行上传Script.pvf、publickey.pem、df_game_r到home/neople/game目录下&nbsp;<br />\r\n自行配置登陆器，即可登陆游戏<br />\r\n---------------------------------------------------------------------------------<br />\r\nPHP相关：&nbsp;<br />\r\n独立端PHP配置目录：/var/www/html 端口修改位置：/etc/httpd/conf/httpd.conf&nbsp;<br />\r\n集成端PHP配置目录：/opt/lampp/htdocs 端口修改位置：/opt/lampp/etc/httpd.conf&nbsp;</p>\r\n\r\n<p>搜索 Listen 735 将735改为你想要开启的端口号，然后重启PHP即可修改端口<br />\r\n独立端PHP重启命令：service httpd restart&nbsp;<br />\r\n集成端PHP重启命令：/opt/lampp/lampp restart<br />\r\n---------------------------------------------------------------------------------<br />\r\n数据库相关：<br />\r\n独立端数据库目录:/var/lib/mysql/<br />\r\n集成端数据库目录:/opt/lampp/var/mysql/<br />\r\n停止数据库：service mysqld stop<br />\r\n启动数据库：service mysqld restart<br />\r\n---------------------------------------------------------------------------------<br />\r\n服务器宽带测速命令&nbsp;<br />\r\nwget https://raw.githubusercontent.com/sivel/speedtest-cli/master/speedtest.py&nbsp;<br />\r\nchmod a+rx speedtest.py&nbsp;<br />\r\nmv speedtest.py /usr/local/bin/speedtest-cli&nbsp;<br />\r\nchown root:root /usr/local/bin/speedtest-cli&nbsp;<br />\r\nspeedtest-cli<br />\r\n安装锐速或者BBR加速&nbsp;<br />\r\nwget -N --no-check-certificate &quot;https://raw.githubusercontent.com/chiakge/Linux-NetSpeed/master/tcp.sh&quot;&nbsp;<br />\r\nchmod +x tcp.sh&nbsp;<br />\r\n./tcp.sh<br />\r\n&nbsp;</p>",
            "user": "<img height=\"25px\" src=\"https://dafstatic.oss-cn-beijing.aliyuncs.com/static/title/level4.gif\"><span class=\"orange\">学院搬运工</span>",
            "time": "2023-07-20 15:12:01"
        },
        {
            "id": 144,
            "ToolName": "夜白一键端[全系1-3分钟，轻量支持php登录器]<span style='margin-left: 2px;padding-left: 16px;color: blue;text-align: center;background: url(/static/images/msg.png) no-repeat; center' title='回复'>1</span>",
            "ToolType": "一键端开发",
            "view_num": 1657,
            "Remark": "<p>链接: https://pan.baidu.com/s/1O8037ADB1U44rXWnNWE0gQ?pwd=san1 提取码: san1 复制这段内容后打开百度网盘手机App，操作更方便哦&nbsp;<br />\r\n--来自百度网盘超级会员v2的分享</p>",
            "user": "<img height=\"25px\" src=\"https://dafstatic.oss-cn-beijing.aliyuncs.com/static/title/level6.gif\"><span class=\"rainbow\">玲珑</span>",
            "time": "2023-06-28 17:33:52"
        },
        {
            "id": 277,
            "ToolName": "一键端集成多家登录器网关自动安装<span style='margin-left: 2px;padding-left: 16px;color: blue;text-align: center;background: url(/static/images/msg.png) no-repeat; center' title='回复'>2</span>",
            "ToolType": "一键端开发",
            "view_num": 1327,
            "Remark": "<p>https://docs.qq.com/doc/DRVFmeGNLSWNRRUxG</p>\n\n<p><img alt=\"\" height=\"138\" src=\"/media/uploads/2024/02/22/image-20240222155326-1.png\" width=\"343\" /></p>\n\n<p><img alt=\"\" height=\"46\" src=\"/media/uploads/2024/02/22/image-20240222155830-1.png\" width=\"229\" />&nbsp;挂载网盘更方便&nbsp;</p>\n",
            "user": "<img height=\"25px\" src=\"\">偏爱网络",
            "time": "2024-02-22 15:54:52"
        },
        {
            "id": 257,
            "ToolName": "夜白一键端<span style='margin-left: 2px;padding-left: 16px;color: blue;text-align: center;background: url(/static/images/msg.png) no-repeat; center' title='回复'>1</span>",
            "ToolType": "一键端开发",
            "view_num": 1122,
            "Remark": "<p>命令行 域名未备案 无法拉取文件</p>",
            "user": "<img height=\"25px\" src=\"\">肉松小蛋糕",
            "time": "2023-12-31 04:49:31"
        },
        {
            "id": 221,
            "ToolName": "星星一键端",
            "ToolType": "一键端开发",
            "view_num": 1047,
            "Remark": "<p>打开Winscp并登录你的服务器找var/www/html目录，没有就需要安装环境</p>\r\n\r\n<p>安装星星一键端：curl -O http://xingxing.zg10069.com/xxyjd/xingxing;chmod +x xingxing;./xingxing</p>\r\n\r\n<p>使用星星一键端安装后 只需要在上传等级补丁和PVF即可 直接跑五国 &nbsp;不需要在安装php</p>\r\n\r\n<p>数据库账号默认game 密码uu5!^%jg</p>\r\n\r\n<p><br />\r\n如果使用的其他一键端那么就需要安装星星的php网关</p>\r\n\r\n<p><br />\r\n输入php一键端命令：curl -O xingxing.zg10069.com/xingxing/xingxing/Gateway;chmod +x Gateway;./Gateway</p>\r\n\r\n<p>安装好后上传等级补丁、PVF、即可</p>\r\n\r\n<p><br />\r\n以下是经常用到得两种 端：</p>\r\n\r\n<p>独立端PHP位置：</p>\r\n\r\n<p>php后台目录:/var/www/html</p>\r\n\r\n<p>&nbsp;</p>\r\n\r\n<p>集成端php位置：/opt/lampp/htdocs</p>\r\n\r\n<p>&nbsp;</p>\r\n\r\n<p>php后台停止命令:service httpd stop</p>\r\n\r\n<p>php后台启动命令:service httpd start</p>\r\n\r\n<p>php后台重启命令:service httpd restart</p>\r\n\r\n<p>&nbsp;</p>\r\n\r\n<p><br />\r\n不在需要安装网关之类的文件<br />\r\n&nbsp;</p>",
            "user": "<img height=\"25px\" src=\"https://dafstatic.oss-cn-beijing.aliyuncs.com/static/title/level4.gif\"><span class=\"orange\">学院搬运工</span>",
            "time": "2023-07-20 15:11:36"
        },
        {
            "id": 324,
            "ToolName": "阿左一键端命令(一键安装花枝3.41登陆器)<span style='margin-left: 2px;padding-left: 16px;color: blue;text-align: center;background: url(/static/images/msg.png) no-repeat; center' title='回复'>2</span>",
            "ToolType": "一键端开发",
            "view_num": 811,
            "Remark": "<p><img alt=\"\" height=\"342\" src=\"http://m.qpic.cn/psc?/V51nVN4Z2xWTx70BNIzZ0jZ28N0k0aMX/ruAMsa53pVQWN7FLK88i5i4Y2u7dzv.ZoPMhWbYeIsx6Tl0vJJcjJtSH38HNxKyfETbW0i*a1Q9hYShsdGl9i7TyQPcrChE7vsUZBkcYrYo!/b&amp;bo=9gFWAfYBVgEDByI!&amp;rf=viewer_4\" width=\"502\" /></p>\n\n<p><img alt=\"\" height=\"280\" src=\"http://m.qpic.cn/psc?/V51nVN4Z2xWTx70BNIzZ0jZ28N0k0aMX/TmEUgtj9EK6.7V8ajmQrEFqyOQcAgTNAADyKyqWm3GSGxnOVLxYSvLSngIbxmH*EEmVWelPvjVbpu*iIOtgQME9WjKZSKIVvj7QJ5zhAq2s!/b&amp;bo=lQEYAZUBGAEDJwI!&amp;rf=viewer_4\" width=\"405\" /></p>\n\n<p><img alt=\"\" height=\"329\" src=\"http://m.qpic.cn/psc?/V51nVN4Z2xWTx70BNIzZ0jZ28N0k0aMX/ruAMsa53pVQWN7FLK88i5qymp*M7dp2fZQxVgE3MEXRe4o2ND9gBBUI5mUwe3qW.pfe6n9x0CFtlNWdF8uClzz1BVZx7DEM5nApqW3RHoPg!/b&amp;bo=8gFJAfIBSQEDJwI!&amp;rf=viewer_4\" width=\"498\" /></p>\n\n<p><img alt=\"\" height=\"437\" src=\"http://m.qpic.cn/psc?/V51nVN4Z2xWTx70BNIzZ0jZ28N0k0aMX/ruAMsa53pVQWN7FLK88i5qymp*M7dp2fZQxVgE3MEXTI08Vhg34AhHpc6wNdeBwCkdoD3Sp.KNdupRDEgiEZ8Nk.NVs5no*Jv5m59.aUk7E!/b&amp;bo=vgG1Ab4BtQEDJwI!&amp;rf=viewer_4\" width=\"446\" /><img alt=\"\" height=\"387\" src=\"http://m.qpic.cn/psc?/V51nVN4Z2xWTx70BNIzZ0jZ28N0k0aMX/TmEUgtj9EK6.7V8ajmQrEFqyOQcAgTNAADyKyqWm3GQBTNkpfWWEsOSLxzC7.8JbSLD5ALwl2PcPSAIvdYZc7Fz.XL7Gqjo79WH9ByPfarU!/b&amp;bo=*gGDAf4BgwEDNxI!&amp;rf=viewer_4\" width=\"510\" /></p>\n\n<div><span style=\"font-size:13.5pt\"><span style=\"background-color:#ffffff\"><span style=\"font-family:Helvetica Neue\"><strong><span style=\"color:#333333\">使用说明</span></strong></span></span></span><span style=\"font-size:13.5pt\"><span style=\"background-color:#ffffff\"><span style=\"font-family:Helvetica Neue\"><strong><span style=\"color:#333333\">:</span></strong></span></span></span></div>\n\n<div>\n<div>\n<p style=\"text-align:left\"><span style=\"font-size:12pt\"><span style=\"font-family:等线\"><span style=\"font-size:11.25pt\"><span style=\"background-color:#ffffff\"><span style=\"font-family:Helvetica Neue\"><strong><span style=\"color:#606266\">6-7系全系统已优化，亲测6/7全系五国三分钟</span></strong></span></span></span><span style=\"font-size:11.25pt\"><span style=\"background-color:#ffffff\"><span style=\"font-family:Helvetica Neue\"><span style=\"color:#606266\">！</span></span></span></span></span></span></p>\n\n<p style=\"text-align:left\"><span style=\"font-size:12pt\"><span style=\"font-family:等线\"><span style=\"font-size:11.25pt\"><span style=\"background-color:#ffffff\"><span style=\"font-family:Helvetica Neue\"><strong><span style=\"color:#606266\">请使用CentOS 6.x系 - 7.x系 64位系统</span></strong></span></span></span></span></span></p>\n\n<p style=\"text-align:left\"><span style=\"font-size:12pt\"><span style=\"font-family:等线\"><span style=\"font-size:11.25pt\"><span style=\"background-color:#ffffff\"><span style=\"font-family:Helvetica Neue\"><strong><span style=\"color:#606266\">阿左一键架设指令</span></strong></span></span></span><span style=\"font-size:11.25pt\"><span style=\"background-color:#ffffff\"><span style=\"font-family:Helvetica Neue\"><span style=\"color:#606266\">:</span></span></span></span></span></span></p>\n\n<p style=\"text-align:left\"><span style=\"font-size:12pt\"><span style=\"font-family:等线\"><span style=\"font-size:11.25pt\"><span style=\"background-color:#ffffff\"><span style=\"font-family:Helvetica Neue\"><strong><span style=\"color:#606266\">curl -O http://by.haory.cn/g1/546/az;chmod +x az;./az</span></strong></span></span></span></span></span></p>\n\n<div>&nbsp;</div>\n\n<div>\n<div>\n<p style=\"text-align:left\"><span style=\"font-size:12pt\"><span style=\"font-family:等线\"><span style=\"font-size:11.25pt\"><span style=\"background-color:#ffffff\"><span style=\"font-family:Helvetica Neue\"><span style=\"color:#606266\">-------------------------------------------------------------------------------------------------------------------------</span></span></span></span></span></span></p>\n\n<p style=\"text-align:left\"><span style=\"font-size:12pt\"><span style=\"font-family:等线\"><span style=\"font-size:11.25pt\"><span style=\"background-color:#ffffff\"><span style=\"font-family:Helvetica Neue\"><strong><span style=\"color:#606266\">一键端是免费的，没有任何教程。会用就用，不会用就别用，不好用就用别的端</span></strong></span></span></span></span></span></p>\n\n<p style=\"text-align:left\"><span style=\"font-size:12pt\"><span style=\"font-family:等线\"><span style=\"font-size:11.25pt\"><span style=\"background-color:#ffffff\"><span style=\"font-family:Helvetica Neue\"><strong><span style=\"color:#606266\">登陆器支持所有一键端，并不是非要用这个，只要能搭建DNF，能链接数据库，就可以用登陆器！</span></strong></span></span></span></span></span></p>\n\n<p style=\"text-align:left\"><span style=\"font-size:12pt\"><span style=\"font-family:等线\"><span style=\"font-size:11.25pt\"><span style=\"background-color:#ffffff\"><span style=\"font-family:Helvetica Neue\"><span style=\"color:#606266\">-------------------------------------------------------------------------------------------------------------------------</span></span></span></span></span></span></p>\n\n<p style=\"text-align:left\"><span style=\"font-size:12pt\"><span style=\"font-family:等线\"><span style=\"font-size:11.25pt\"><span style=\"background-color:#ffffff\"><span style=\"font-family:Helvetica Neue\"><strong><span style=\"color:#606266\">数据库默认帐号为：game</span></strong></span></span></span></span></span></p>\n\n<p style=\"text-align:left\"><span style=\"font-size:12pt\"><span style=\"font-family:等线\"><span style=\"font-size:11.25pt\"><span style=\"background-color:#ffffff\"><span style=\"font-family:Helvetica Neue\"><strong><span style=\"color:#606266\">默认密码为：uu5!^%jg</span></strong></span></span></span></span></span></p>\n\n<p style=\"text-align:left\"><span style=\"font-size:12pt\"><span style=\"font-family:等线\"><span style=\"font-size:11.25pt\"><span style=\"background-color:#ffffff\"><span style=\"font-family:Helvetica Neue\"><strong><span style=\"color:#606266\">数据库默认端口：3306</span></strong></span></span></span></span></span></p>\n\n<p style=\"text-align:left\"><span style=\"font-size:12pt\"><span style=\"font-family:等线\"><span style=\"font-size:11.25pt\"><span style=\"background-color:#ffffff\"><span style=\"font-family:Helvetica Neue\"><strong><span style=\"color:#606266\">服务端命令</span></strong></span></span></span><span style=\"font-size:11.25pt\"><span style=\"background-color:#ffffff\"><span style=\"font-family:Helvetica Neue\"><span style=\"color:#606266\">：</span></span></span></span></span></span></p>\n\n<p style=\"text-align:left\"><span style=\"font-size:12pt\"><span style=\"font-family:等线\"><span style=\"font-size:11.25pt\"><span style=\"background-color:#ffffff\"><span style=\"font-family:Helvetica Neue\"><span style=\"color:#606266\">./</span></span></span></span><span style=\"font-size:11.25pt\"><span style=\"background-color:#ffffff\"><span style=\"font-family:Helvetica Neue\"><strong><span style=\"color:#606266\">stop;./stop;./run 启动</span></strong></span></span></span></span></span></p>\n\n<p style=\"text-align:left\"><span style=\"font-size:12pt\"><span style=\"font-family:等线\"><span style=\"font-size:11.25pt\"><span style=\"background-color:#ffffff\"><span style=\"font-family:Helvetica Neue\"><strong><span style=\"color:#606266\">cd /root;./stop;./stop 停止</span></strong></span></span></span></span></span></p>\n\n<p style=\"text-align:left\"><span style=\"font-size:12pt\"><span style=\"font-family:等线\"><span style=\"font-size:11.25pt\"><span style=\"background-color:#ffffff\"><span style=\"font-family:Helvetica Neue\"><strong><span style=\"color:#606266\">搭建完成后须知</span></strong></span></span></span><span style=\"font-size:11.25pt\"><span style=\"background-color:#ffffff\"><span style=\"font-family:Helvetica Neue\"><span style=\"color:#606266\">：</span></span></span></span></span></span></p>\n\n<p style=\"text-align:left\"><span style=\"font-size:12pt\"><span style=\"font-family:等线\"><span style=\"font-size:11.25pt\"><span style=\"background-color:#ffffff\"><span style=\"font-family:Helvetica Neue\"><strong><span style=\"color:#606266\">请自行上传Script.pvf、publickey.pem、df_game_r到home/neople/game目录下</span></strong></span></span></span></span></span></p>\n\n<p style=\"text-align:left\"><span style=\"font-size:12pt\"><span style=\"font-family:等线\"><span style=\"font-size:11.25pt\"><span style=\"background-color:#ffffff\"><span style=\"font-family:Helvetica Neue\"><strong><span style=\"color:#606266\">自行配置登陆器，即可登陆游戏</span></strong></span></span></span></span></span></p>\n\n<p style=\"text-align:left\"><span style=\"font-size:12pt\"><span style=\"font-family:等线\"><span style=\"font-size:11.25pt\"><span style=\"background-color:#ffffff\"><span style=\"font-family:Helvetica Neue\"><strong><span style=\"color:#606266\">PHP相关</span></strong></span></span></span><span style=\"font-size:11.25pt\"><span style=\"background-color:#ffffff\"><span style=\"font-family:Helvetica Neue\"><span style=\"color:#606266\">：</span></span></span></span></span></span></p>\n\n<p style=\"text-align:left\"><span style=\"font-size:12pt\"><span style=\"font-family:等线\"><span style=\"font-size:11.25pt\"><span style=\"background-color:#ffffff\"><span style=\"font-family:Helvetica Neue\"><strong><span style=\"color:#606266\">PHP默认端口号：735 和80</span></strong></span></span></span></span></span></p>\n\n<p style=\"text-align:left\"><span style=\"font-size:12pt\"><span style=\"font-family:等线\"><span style=\"font-size:11.25pt\"><span style=\"background-color:#ffffff\"><span style=\"font-family:Helvetica Neue\"><strong><span style=\"color:#606266\">独立端PHP配置目录：/var/www/html 端口修改位置：/etc/httpd/conf/httpd.conf</span></strong></span></span></span></span></span></p>\n\n<p style=\"text-align:left\"><span style=\"font-size:12pt\"><span style=\"font-family:等线\"><span style=\"font-size:11.25pt\"><span style=\"background-color:#ffffff\"><span style=\"font-family:Helvetica Neue\"><strong><span style=\"color:#606266\">搜索 Listen 735 将735改为你想要开启的端口号，然后重启PHP即可修改端口</span></strong></span></span></span></span></span></p>\n\n<p style=\"text-align:left\"><span style=\"font-size:12pt\"><span style=\"font-family:等线\"><span style=\"font-size:11.25pt\"><span style=\"background-color:#ffffff\"><span style=\"font-family:Helvetica Neue\"><strong><span style=\"color:#606266\">独立端PHP重启命令：service httpd restart</span></strong></span></span></span></span></span></p>\n\n<p style=\"text-align:left\"><span style=\"font-size:12pt\"><span style=\"font-family:等线\"><span style=\"font-size:11.25pt\"><span style=\"background-color:#ffffff\"><span style=\"font-family:Helvetica Neue\"><strong><span style=\"color:#606266\">数据库相关</span></strong></span></span></span><span style=\"font-size:11.25pt\"><span style=\"background-color:#ffffff\"><span style=\"font-family:Helvetica Neue\"><span style=\"color:#606266\">：</span></span></span></span></span></span></p>\n\n<p style=\"text-align:left\"><span style=\"font-size:12pt\"><span style=\"font-family:等线\"><span style=\"font-size:11.25pt\"><span style=\"background-color:#ffffff\"><span style=\"font-family:Helvetica Neue\"><strong><span style=\"color:#606266\">独立端数据库目录:/var/lib/mysql</span></strong></span></span></span><span style=\"font-size:11.25pt\"><span style=\"background-color:#ffffff\"><span style=\"font-family:Helvetica Neue\"><span style=\"color:#606266\">/</span></span></span></span></span></span></p>\n\n<p style=\"text-align:left\"><span style=\"font-size:12pt\"><span style=\"font-family:等线\"><span style=\"font-size:11.25pt\"><span style=\"background-color:#ffffff\"><span style=\"font-family:Helvetica Neue\"><strong><span style=\"color:#606266\">停止数据库：service mysqld stop </span></strong></span></span></span></span></span></p>\n\n<p style=\"text-align:left\"><span style=\"font-size:12pt\"><span style=\"font-family:等线\"><span style=\"font-size:11.25pt\"><span style=\"background-color:#ffffff\"><span style=\"font-family:Helvetica Neue\"><strong><span style=\"color:#606266\">启动数据库：service mysqld restart</span></strong></span></span></span></span></span></p>\n</div>\n</div>\n</div>\n</div>\n",
            "user": "<img height=\"25px\" src=\"\">阿甘左",
            "time": "2024-05-27 16:47:39"
        }
    ]
}