{
    "total": 7,
    "rows": [
        {
            "id": 6,
            "ToolName": "辅助外挂2023版 by 千泷阁",
            "ToolType": "游戏辅助",
            "view_num": 3510,
            "Remark": "<p>链接: https://pan.baidu.com/s/161pETXLszBuKllMb5y1Pww?pwd=4tsb 提取码: 4tsb 复制这段内容后打开百度网盘手机App，操作更方便哦</p>",
            "user": "<img height=\"25px\" src=\"https://dafstatic.oss-cn-beijing.aliyuncs.com/static/title/level4.gif\"><span class=\"orange\">学院搬运工</span>",
            "time": "2023-05-21 19:01:20"
        },
        {
            "id": 224,
            "ToolName": "台服辅助新年版",
            "ToolType": "游戏辅助",
            "view_num": 1490,
            "Remark": "<p>https://www.123pan.com/s/tJCtVv-REVEH.html提取码:bTiX</p>",
            "user": "<img height=\"25px\" src=\"https://dafstatic.oss-cn-beijing.aliyuncs.com/static/title/level4.gif\"><span class=\"orange\">学院搬运工</span>",
            "time": "2023-07-20 22:46:25"
        },
        {
            "id": 225,
            "ToolName": "台服DAF辅助2019版",
            "ToolType": "游戏辅助",
            "view_num": 934,
            "Remark": "<p>链接: https://pan.baidu.com/s/1tjm08Q8P9Hi0hDaghGayNw?pwd=ebdv 提取码: ebdv 复制这段内容后打开百度网盘手机App，操作更方便哦&nbsp;<br />\n--来自百度网盘超级会员v2的分享</p>\n\n<p><img alt=\"\" height=\"214\" src=\"/media/uploads/2023/07/20/image-20230720224706-1.png\" width=\"420\" /></p>",
            "user": "<img height=\"25px\" src=\"https://dafstatic.oss-cn-beijing.aliyuncs.com/static/title/level4.gif\"><span class=\"orange\">学院搬运工</span>",
            "time": "2023-07-20 22:47:14"
        },
        {
            "id": 318,
            "ToolName": "公会小工具、极简打金服飞机",
            "ToolType": "游戏辅助",
            "view_num": 921,
            "Remark": "<p>奇怪发不了图了，自己看吧。</p>\n\n<p>自动公会自动优秀</p>\n\n<p>打金服查不出来的&ldquo;手动&rdquo;飞机</p>\n\n<p>&nbsp;</p>\n\n<p>https://www.123pan.com/s/XhvDVv-0Ej1H.html</p>\n",
            "user": "<img height=\"25px\" src=\"\">偏爱网络",
            "time": "2024-04-29 00:32:38"
        },
        {
            "id": 295,
            "ToolName": "改药水属性<span style='margin-left: 2px;padding-left: 16px;color: blue;text-align: center;background: url(/static/images/msg.png) no-repeat; center' title='回复'>1</span>",
            "ToolType": "游戏辅助",
            "view_num": 506,
            "Remark": "<p>https://pan.baidu.com/s/13q0tiX7GpcF2zj4AAZyCew?pwd=w82q&nbsp;<br />\n&nbsp;</p>",
            "user": "<img height=\"25px\" src=\"\">7558",
            "time": "2024-03-29 16:36:30"
        },
        {
            "id": 296,
            "ToolName": "改药水属性的辅助配合使用<span style='margin-left: 2px;padding-left: 16px;color: blue;text-align: center;background: url(/static/images/msg.png) no-repeat; center' title='回复'>2</span>",
            "ToolType": "游戏辅助",
            "view_num": 404,
            "Remark": "<p>https://pan.baidu.com/s/1cN0DBHGWeIq9Y5EFm-zxQA?pwd=uqxj</p>",
            "user": "<img height=\"25px\" src=\"\">7558",
            "time": "2024-03-31 13:39:23"
        },
        {
            "id": 274,
            "ToolName": "github开源连发工具",
            "ToolType": "游戏辅助",
            "view_num": 379,
            "Remark": "<p>https://github.com/mouyase/DNFAutoFire</p>",
            "user": "<img height=\"25px\" src=\"\">老色胚",
            "time": "2024-02-02 09:39:51"
        }
    ]
}