{
    "total": 4,
    "rows": [
        {
            "id": 11,
            "ToolName": "PVF提取工具 by 剑圣",
            "ToolType": "提取工具",
            "view_num": 1934,
            "Remark": "<p>链接: https://pan.baidu.com/s/1YGXZlqAwBW3QN5mEICHmaw?pwd=sxu8 提取码: sxu8 复制这段内容后打开百度网盘手机App，操作更方便哦&nbsp;<br />\r\n--来自百度网盘超级会员v5的分享</p>",
            "user": "<img height=\"25px\" src=\"https://dafstatic.oss-cn-beijing.aliyuncs.com/static/title/level4.gif\"><span class=\"orange\">学院搬运工</span>",
            "time": "2023-05-21 19:03:26"
        },
        {
            "id": 107,
            "ToolName": "红叶枫了提取工具",
            "ToolType": "提取工具",
            "view_num": 989,
            "Remark": "<p>链接: https://pan.baidu.com/s/1vQF9GJpZJrcBmV2ACwDV2Q?pwd=jii6 提取码: jii6 复制这段内容后打开百度网盘手机App，操作更方便哦&nbsp;<br />\r\n--来自百度网盘超级会员v5的分享</p>\r\n\r\n<p><code>本工具配合阿西吧的PvfEdit工具使用</code></p>\r\n\r\n<p><code>先用edit打开pvf 再打开本工具</code></p>\r\n\r\n<p><code>功能目前包含&nbsp; 副本提取&nbsp; 列表去重复和排序&nbsp;&nbsp; 魔盒内容可视化 三种。</code></p>\r\n\r\n<p><code>服务期间可一直使用</code></p>\r\n\r\n<p><img alt=\"\" height=\"193\" src=\"/media/uploads/2023/06/27/image-20230627100223-1.png\" width=\"500\" /></p>",
            "user": "<img height=\"25px\" src=\"https://dafstatic.oss-cn-beijing.aliyuncs.com/static/title/level4.gif\"><span class=\"orange\">学院搬运工</span>",
            "time": "2023-06-27 10:00:52"
        },
        {
            "id": 287,
            "ToolName": "剑圣提取套餐（剑圣提取工具+可适配的pvfUtility）<span style='margin-left: 2px;padding-left: 16px;color: blue;text-align: center;background: url(/static/images/msg.png) no-repeat; center' title='回复'>1</span>",
            "ToolType": "提取工具",
            "view_num": 784,
            "Remark": "<p>https://www.123pan.com/s/tJCtVv-CEVEH.html提取码:P64x</p>\r\n\r\n<p><img alt=\"\" height=\"54\" src=\"/media/uploads/2024/03/03/image-20240303153116-1.png\" width=\"164\" /></p>\r\n\r\n<p><span style=\"color:#e74c3c\">特殊说明：</span></p>\r\n\r\n<p><span style=\"color:#e74c3c\">剑圣提取工具还不能使用新版的pvfUtility，要不然会失败，&nbsp; 只能用老版本的pvfutility，如2020版本。所以这里面有可适配的pvfutility，省的还要再去找老版本。</span></p>",
            "user": "<img height=\"25px\" src=\"https://dafstatic.oss-cn-beijing.aliyuncs.com/static/title/level6.gif\"><span class=\"rainbow\">玲珑</span>",
            "time": "2024-03-03 15:32:28"
        },
        {
            "id": 133,
            "ToolName": "音效提取工具",
            "ToolType": "提取工具",
            "view_num": 243,
            "Remark": "<p>链接: https://pan.baidu.com/s/1sJxaUkCFKkOlZq2SV4yEKQ?pwd=dcad 提取码: dcad 复制这段内容后打开百度网盘手机App，操作更方便哦&nbsp;<br />\n--来自百度网盘超级会员v2的分享</p>",
            "user": "<img height=\"25px\" src=\"https://dafstatic.oss-cn-beijing.aliyuncs.com/static/title/level4.gif\"><span class=\"orange\">学院搬运工</span>",
            "time": "2023-06-27 12:03:11"
        }
    ]
}