{
    "total": 8,
    "rows": [
        {
            "id": 243,
            "ToolName": "副本可视化<span style='margin-left: 2px;padding-left: 16px;color: blue;text-align: center;background: url(/static/images/msg.png) no-repeat; center' title='回复'>1</span>",
            "ToolType": "副本|城镇修改",
            "view_num": 1655,
            "Remark": "<p>https://www.123pan.com/s/tJCtVv-OEVEH.html提取码:kLV2</p>",
            "user": "<img height=\"25px\" src=\"https://dafstatic.oss-cn-beijing.aliyuncs.com/static/title/level4.gif\"><span class=\"orange\">学院搬运工</span>",
            "time": "2023-09-12 13:39:42"
        },
        {
            "id": 141,
            "ToolName": "Map查看",
            "ToolType": "副本|城镇修改",
            "view_num": 460,
            "Remark": "<p>链接: https://pan.baidu.com/s/1QPUjgO9KBezUWZmLKjiYlw?pwd=6x5d 提取码: 6x5d 复制这段内容后打开百度网盘手机App，操作更方便哦&nbsp;<br />\n--来自百度网盘超级会员v2的分享</p>",
            "user": "<img height=\"25px\" src=\"https://dafstatic.oss-cn-beijing.aliyuncs.com/static/title/level4.gif\"><span class=\"orange\">学院搬运工</span>",
            "time": "2023-06-27 12:06:47"
        },
        {
            "id": 137,
            "ToolName": "城镇坐标定位<span style='margin-left: 2px;padding-left: 16px;color: blue;text-align: center;background: url(/static/images/msg.png) no-repeat; center' title='回复'>3</span>",
            "ToolType": "副本|城镇修改",
            "view_num": 443,
            "Remark": "<p>链接: https://pan.baidu.com/s/15foIIQGgi0LSJu6j_gHKRg?pwd=ctez 提取码: ctez 复制这段内容后打开百度网盘手机App，操作更方便哦&nbsp;<br />\r\n--来自百度网盘超级会员v5的分享</p>",
            "user": "<img height=\"25px\" src=\"https://dafstatic.oss-cn-beijing.aliyuncs.com/static/title/level4.gif\"><span class=\"orange\">学院搬运工</span>",
            "time": "2023-06-27 12:05:26"
        },
        {
            "id": 164,
            "ToolName": "副本接口坐标调节器",
            "ToolType": "副本|城镇修改",
            "view_num": 371,
            "Remark": "<p>链接: https://pan.baidu.com/s/12I01FLmeGPM4SIK_R8Wdug?pwd=87uc 提取码: 87uc 复制这段内容后打开百度网盘手机App，操作更方便哦&nbsp;<br />\r\n--来自百度网盘超级会员v5的分享</p>",
            "user": "<img height=\"25px\" src=\"https://dafstatic.oss-cn-beijing.aliyuncs.com/static/title/level4.gif\"><span class=\"orange\">学院搬运工</span>",
            "time": "2023-06-30 10:18:40"
        },
        {
            "id": 146,
            "ToolName": "副本ui制作工具",
            "ToolType": "副本|城镇修改",
            "view_num": 306,
            "Remark": "<p>链接: https://pan.baidu.com/s/13MtAfUYVkt4WWkDo_vajFA?pwd=rfsi 提取码: rfsi 复制这段内容后打开百度网盘手机App，操作更方便哦&nbsp;<br />\r\n--来自百度网盘超级会员v5的分享</p>",
            "user": "<img height=\"25px\" src=\"https://dafstatic.oss-cn-beijing.aliyuncs.com/static/title/level4.gif\"><span class=\"orange\">学院搬运工</span>",
            "time": "2023-06-29 20:59:01"
        },
        {
            "id": 139,
            "ToolName": "副本遍历器",
            "ToolType": "副本|城镇修改",
            "view_num": 263,
            "Remark": "<p>链接: https://pan.baidu.com/s/163mPxcks5o7BXimXBx_dkA?pwd=bp2d 提取码: bp2d 复制这段内容后打开百度网盘手机App，操作更方便哦&nbsp;<br />\n--来自百度网盘超级会员v2的分享</p>",
            "user": "<img height=\"25px\" src=\"https://dafstatic.oss-cn-beijing.aliyuncs.com/static/title/level4.gif\"><span class=\"orange\">学院搬运工</span>",
            "time": "2023-06-27 12:06:06"
        },
        {
            "id": 216,
            "ToolName": "map查看工具",
            "ToolType": "副本|城镇修改",
            "view_num": 220,
            "Remark": "<p>https://www.123pan.com/s/tJCtVv-Fk5EH.html提取码:px0X</p>",
            "user": "<img height=\"25px\" src=\"https://dafstatic.oss-cn-beijing.aliyuncs.com/static/title/level4.gif\"><span class=\"orange\">学院搬运工</span>",
            "time": "2023-07-20 14:18:26"
        },
        {
            "id": 138,
            "ToolName": "副本接口调节",
            "ToolType": "副本|城镇修改",
            "view_num": 198,
            "Remark": "<p>链接: https://pan.baidu.com/s/1u6AolcIoVhhRaEChiF1yhQ?pwd=ndsn 提取码: ndsn 复制这段内容后打开百度网盘手机App，操作更方便哦&nbsp;<br />\n--来自百度网盘超级会员v2的分享</p>",
            "user": "<img height=\"25px\" src=\"https://dafstatic.oss-cn-beijing.aliyuncs.com/static/title/level4.gif\"><span class=\"orange\">学院搬运工</span>",
            "time": "2023-06-27 12:05:49"
        }
    ]
}