{
    "total": 6,
    "rows": [
        {
            "id": 47,
            "ToolName": "虚拟机<span style='margin-left: 2px;padding-left: 16px;color: blue;text-align: center;background: url(/static/images/msg.png) no-repeat; center' title='回复'>1</span>",
            "ToolType": "虚拟机",
            "view_num": 1347,
            "Remark": "<p>链接: https://pan.baidu.com/s/16FshTTmEyA-H480uGMHuMQ?pwd=5gvh 提取码: 5gvh 复制这段内容后打开百度网盘手机App，操作更方便哦</p>",
            "user": "<img height=\"25px\" src=\"https://dafstatic.oss-cn-beijing.aliyuncs.com/static/title/level4.gif\"><span class=\"orange\">学院搬运工</span>",
            "time": "2023-05-21 21:05:30"
        },
        {
            "id": 51,
            "ToolName": "VMware Workstation 16 Pro<span style='margin-left: 2px;padding-left: 16px;color: blue;text-align: center;background: url(/static/images/msg.png) no-repeat; center' title='回复'>1</span>",
            "ToolType": "虚拟机",
            "view_num": 669,
            "Remark": "<p>链接：https://pan.baidu.com/s/1i-3wJikcuPPEv9Tz_LNuqw&nbsp;<br />\n提取码：5raj</p>",
            "user": "<img height=\"25px\" src=\"https://dafstatic.oss-cn-beijing.aliyuncs.com/static/title/level4.gif\"><span class=\"orange\">学院搬运工</span>",
            "time": "2023-05-21 21:20:46"
        },
        {
            "id": 258,
            "ToolName": "VMware Workstation 17 Pro<span style='margin-left: 2px;padding-left: 16px;color: blue;text-align: center;background: url(/static/images/msg.png) no-repeat; center' title='回复'>1</span>",
            "ToolType": "虚拟机",
            "view_num": 575,
            "Remark": "<p>VMware Workstation 17 Pro</p>\n\n<p>下载链接：https://download3.vmware.com/software/WKST-1750-WIN/VMware-workstation-full-17.5.0-22583795.exe</p>\n\n<p>激活码：</p>\n\n<p>```<br />\n4A4RR-813DK-M81A9-4U35H-06KND<br />\nNZ4RR-FTK5H-H81C1-Q30QH-1V2LA<br />\nJU090-6039P-08409-8J0QH-2YR7F<br />\n4Y09U-AJK97-089Z0-A3054-83KLA<br />\n4C21U-2KK9Q-M8130-4V2QH-CF810<br />\nMC60H-DWHD5-H80U9-6V85M-8280D<br />\n```</p>\n",
            "user": "<img height=\"25px\" src=\"\">紫苏",
            "time": "2024-01-01 13:54:04"
        },
        {
            "id": 260,
            "ToolName": "vmware 17 Pro密钥<span style='margin-left: 2px;padding-left: 16px;color: blue;text-align: center;background: url(/static/images/msg.png) no-repeat; center' title='回复'>2</span>",
            "ToolType": "虚拟机",
            "view_num": 496,
            "Remark": "<p>JU090-6039P-08409-8J0QH-2YR7F</p>\n",
            "user": "<img height=\"25px\" src=\"\">Kubo",
            "time": "2024-01-02 10:05:33"
        },
        {
            "id": 336,
            "ToolName": "vm全版本下载器",
            "ToolType": "虚拟机",
            "view_num": 212,
            "Remark": "<p>https://pan.baidu.com/s/1EdZGBNfADfvgDprlOtPfFQ?pwd=1234</p>",
            "user": "<img height=\"25px\" src=\"\">7558",
            "time": "2024-06-22 14:14:40"
        },
        {
            "id": 337,
            "ToolName": "虚拟机激活码",
            "ToolType": "虚拟机",
            "view_num": 182,
            "Remark": "<p>https://pan.baidu.com/s/1UkW7kWMZL5VHyqOckT3LuA?pwd=1234</p>",
            "user": "<img height=\"25px\" src=\"\">7558",
            "time": "2024-06-22 14:16:24"
        }
    ]
}