{
    "total": 11,
    "rows": [
        {
            "id": 61,
            "ToolName": "pvfUtility 2023.3.9.1<span style='margin-left: 2px;padding-left: 16px;color: blue;text-align: center;background: url(/static/images/msg.png) no-repeat; center' title='回复'>3</span>",
            "ToolType": "PVF修改工具",
            "view_num": 4339,
            "Remark": "<p>链接: https://pan.baidu.com/s/1J1F3WKGrEVhRRWpWhSGR9A?pwd=pvu5 提取码: pvu5 复制这段内容后打开百度网盘手机App，操作更方便哦&nbsp;<br />\r\n--来自百度网盘超级会员v5的分享</p>",
            "user": "<img height=\"25px\" src=\"\">梦幻物语",
            "time": "2023-06-02 16:32:29"
        },
        {
            "id": 33,
            "ToolName": "Pvf修改器（附带大狗王完整书签）<span style='margin-left: 2px;padding-left: 16px;color: blue;text-align: center;background: url(/static/images/msg.png) no-repeat; center' title='回复'>1</span>",
            "ToolType": "PVF修改工具",
            "view_num": 1932,
            "Remark": "<p>链接: https://pan.baidu.com/s/1iC3Hk_PkCmhRfZIyMpXTRQ?pwd=hmhs 提取码: hmhs 复制这段内容后打开百度网盘手机App，操作更方便哦&nbsp;<br />\r\n--来自百度网盘超级会员v5的分享</p>",
            "user": "<img height=\"25px\" src=\"https://dafstatic.oss-cn-beijing.aliyuncs.com/static/title/level4.gif\"><span class=\"orange\">学院搬运工</span>",
            "time": "2023-05-21 19:37:15"
        },
        {
            "id": 291,
            "ToolName": "白泽PVF可视化修改工具3.0<span style='margin-left: 2px;padding-left: 16px;color: blue;text-align: center;background: url(/static/images/msg.png) no-repeat; center' title='回复'>2</span>",
            "ToolType": "PVF修改工具",
            "view_num": 1863,
            "Remark": "<p>链接: https://pan.baidu.com/s/1zIYByKv5h9uVUwrffUdxVQ?pwd=4ugt 提取码: 4ugt 复制这段内容后打开百度网盘手机App，操作更方便哦&nbsp;<br />\r\n--来自百度网盘超级会员v5的分享</p>\r\n\r\n<p><img alt=\"\" height=\"614\" src=\"/media/uploads/2024/03/10/7.jpg\" width=\"446\" /><img alt=\"\" height=\"638\" src=\"/media/uploads/2024/03/10/1.jpg\" width=\"1012\" /><img alt=\"\" height=\"635\" src=\"/media/uploads/2024/03/10/2.jpg\" width=\"1019\" /><img alt=\"\" height=\"632\" src=\"/media/uploads/2024/03/10/3.jpg\" width=\"1017\" /><img alt=\"\" height=\"641\" src=\"/media/uploads/2024/03/10/4.jpg\" width=\"1019\" /><img alt=\"\" height=\"635\" src=\"/media/uploads/2024/03/10/5.jpg\" width=\"1019\" /><img alt=\"\" height=\"638\" src=\"/media/uploads/2024/03/10/6.jpg\" width=\"1020\" /></p>",
            "user": "<img height=\"25px\" src=\"https://dafstatic.oss-cn-beijing.aliyuncs.com/static/title/level6.gif\"><span class=\"rainbow\">玲珑</span>",
            "time": "2024-03-10 11:33:14"
        },
        {
            "id": 36,
            "ToolName": "PVF翻译工具",
            "ToolType": "PVF修改工具",
            "view_num": 1012,
            "Remark": "<p>链接: https://pan.baidu.com/s/1dJaY7mEarhqCPV2Bj0e-KA?pwd=5rb7 提取码: 5rb7 复制这段内容后打开百度网盘手机App，操作更方便哦</p>",
            "user": "<img height=\"25px\" src=\"https://dafstatic.oss-cn-beijing.aliyuncs.com/static/title/level4.gif\"><span class=\"orange\">学院搬运工</span>",
            "time": "2023-05-21 19:38:36"
        },
        {
            "id": 322,
            "ToolName": "pvf修改辅助工具（@无语丶森）",
            "ToolType": "PVF修改工具",
            "view_num": 774,
            "Remark": "<h2><span style=\"color:#e74c3c\">原贴：https://tieba.baidu.com/p/9022710107</span></h2>\r\n\r\n<p><span style=\"color:#e74c3c\">链接: https://pan.baidu.com/s/1-vB2rrup6ZlsCWfDyroiEg?pwd=gd8v 提取码: gd8v 复制这段内容后打开百度网盘手机App，操作更方便哦&nbsp;<br />\r\n--来自百度网盘超级会员v5的分享</span></p>\r\n\r\n<p><img alt=\"\" height=\"635\" src=\"/media/uploads/2024/05/24/image-20240524105618-1.jpeg\" width=\"800\" /></p>\r\n\r\n<p>之前因为编译出多个文件，就用了单文件打包工具打包结果部分引擎报毒，现在换种方式打包一切正常，甚至学会了jar转exe<br />\r\n在原来的基础上优化了大量逻辑，查重查缺更精准，交互更方便，支持缓存路径<br />\r\n新增音频查缺、技能清单、装备辞典生成功能<br />\r\n技能清单：生成按角色、职业、等级归纳的技能清单，可直观查看技能编号、类型、名称、强化技能、可用技能编号等简略信息，解决pvf里翻找的痛点<br />\r\n装备辞典：完美版，按照装备类型、等级、稀有度、扩展稀有度（神话/传说）、名称重新排序，去除包含活动、网咖、古老、APC等字眼或等级为1的无关装备，支持领主神器归纳（前提是要导入pvf的独立掉落文件），强迫症福音</p>\r\n\r\n<p><img alt=\"\" height=\"329\" src=\"/media/uploads/2024/05/24/image-20240524105738-6.jpeg\" width=\"800\" /></p>\r\n\r\n<p><img alt=\"\" height=\"754\" src=\"/media/uploads/2024/05/24/image-20240524105641-2.jpeg\" width=\"800\" /></p>\r\n\r\n<p><img alt=\"\" height=\"938\" src=\"/media/uploads/2024/05/24/image-20240524105703-3.jpeg\" width=\"800\" /></p>\r\n\r\n<p><img alt=\"\" height=\"693\" src=\"/media/uploads/2024/05/24/image-20240524105715-4.jpeg\" width=\"446\" /></p>\r\n\r\n<p><img alt=\"\" height=\"702\" src=\"/media/uploads/2024/05/24/image-20240524105720-5.jpeg\" width=\"660\" /></p>\r\n\r\n<p>&nbsp;</p>\r\n\r\n<p><span style=\"font-size:22px\"><em>有用的评论</em></span></p>\r\n\r\n<p>非常感谢无语森大佬提供的工具，已经使用成功！！！<br />\r\n给准备用的朋友们一个建议，工具提示按回车的时候，千万不要按小键盘的回车，千万不要按小键盘的回车，千万不要按小键盘的回车，工具会不生效~~~<br />\r\n还有词典功能的领主粉功能填写独立掉落时候，要填写 XXX\\etc\\independent_drop.etc 这类格式才能生效~~<br />\r\n再次感谢无语森大佬，通过此工具解决我玩狗哥神迹95词典布甲分类错误的问题~~~</p>\r\n\r\n<p>&nbsp;</p>",
            "user": "<img height=\"25px\" src=\"https://dafstatic.oss-cn-beijing.aliyuncs.com/static/title/level6.gif\"><span class=\"rainbow\">玲珑</span>",
            "time": "2024-05-24 10:57:50"
        },
        {
            "id": 37,
            "ToolName": "PvfEdit<span style='margin-left: 2px;padding-left: 16px;color: blue;text-align: center;background: url(/static/images/msg.png) no-repeat; center' title='回复'>2</span>",
            "ToolType": "PVF修改工具",
            "view_num": 636,
            "Remark": "<p>链接: https://pan.baidu.com/s/12KgQptp_nYvnNeQg3rNRiw?pwd=44ht 提取码: 44ht 复制这段内容后打开百度网盘手机App，操作更方便哦&nbsp;<br />\r\n--来自百度网盘超级会员v5的分享</p>",
            "user": "<img height=\"25px\" src=\"https://dafstatic.oss-cn-beijing.aliyuncs.com/static/title/level4.gif\"><span class=\"orange\">学院搬运工</span>",
            "time": "2023-05-21 19:39:05"
        },
        {
            "id": 10,
            "ToolName": "PVF修改工具 pvfUtility.v2022.12.11.2",
            "ToolType": "PVF修改工具",
            "view_num": 401,
            "Remark": "<p>链接: https://pan.baidu.com/s/1QvAq5tASryIwQbCCXUwLWw?pwd=udhc 提取码: udhc 复制这段内容后打开百度网盘手机App，操作更方便哦&nbsp;<br />\r\n--来自百度网盘超级会员v5的分享</p>",
            "user": "<img height=\"25px\" src=\"https://dafstatic.oss-cn-beijing.aliyuncs.com/static/title/level4.gif\"><span class=\"orange\">学院搬运工</span>",
            "time": "2023-05-21 19:02:52"
        },
        {
            "id": 60,
            "ToolName": "Pvf Visual Studio 20230602",
            "ToolType": "PVF修改工具",
            "view_num": 366,
            "Remark": "<p>链接：https://pan.baidu.com/s/1HU4Gj-zbCUfEg2stKYA5wA?pwd=1234&nbsp;<br />\n提取码：1234&nbsp;<br />\n--来自百度网盘超级会员V7的分享</p>",
            "user": "<img height=\"25px\" src=\"\">梦幻物语",
            "time": "2023-06-02 16:30:48"
        },
        {
            "id": 16,
            "ToolName": "pvfUtility-预览版-2022-9-11-2",
            "ToolType": "PVF修改工具",
            "view_num": 353,
            "Remark": "<p>链接: https://pan.baidu.com/s/1zfqf0ovGXc7pJopo0zi2-g?pwd=syxg 提取码: syxg 复制这段内容后打开百度网盘手机App，操作更方便哦</p>\r\n\r\n<p><img alt=\"\" height=\"511\" src=\"/media/uploads/2023/07/08/1.jpg\" width=\"800\" /></p>\r\n\r\n<p><img alt=\"\" height=\"541\" src=\"/media/uploads/2023/07/08/2.jpg\" width=\"800\" /><img alt=\"\" height=\"448\" src=\"/media/uploads/2023/07/08/3.jpg\" width=\"800\" /></p>",
            "user": "<img height=\"25px\" src=\"https://dafstatic.oss-cn-beijing.aliyuncs.com/static/title/level6.gif\"><span class=\"rainbow\">玲珑</span>",
            "time": "2023-05-31 16:20:35"
        },
        {
            "id": 45,
            "ToolName": "SuperPVF",
            "ToolType": "PVF修改工具",
            "view_num": 352,
            "Remark": "<p>链接：https://pan.baidu.com/s/1jd09C02wiw3qq06Q2a7SpA&nbsp;<br />\n提取码：dlw2</p>",
            "user": "<img height=\"25px\" src=\"https://dafstatic.oss-cn-beijing.aliyuncs.com/static/title/level4.gif\"><span class=\"orange\">学院搬运工</span>",
            "time": "2023-05-21 20:55:56"
        },
        {
            "id": 343,
            "ToolName": "检测不存在的函数",
            "ToolType": "PVF修改工具",
            "view_num": 211,
            "Remark": "<p><img alt=\"\" height=\"209\" src=\"https://dafstatic.oss-cn-beijing.aliyuncs.com/static/image/2024/7/2/1FLsh3uq4PxFAMf282aQ.png\" width=\"819\" /></p>",
            "user": "<img height=\"25px\" src=\"https://dafstatic.oss-cn-beijing.aliyuncs.com/static/title/level2.gif\">门卫大爷",
            "time": "2024-07-02 18:38:51"
        }
    ]
}