{
    "total": 15,
    "rows": [
        {
            "id": 111,
            "ToolName": "下载器生成工具",
            "ToolType": "下载器",
            "view_num": 1829,
            "Remark": "<p>链接: https://pan.baidu.com/s/1Tf9jBK2XGz2PH9a8gA9BGg?pwd=ktus 提取码: ktus 复制这段内容后打开百度网盘手机App，操作更方便哦&nbsp;<br />\n--来自百度网盘超级会员v2的分享</p>",
            "user": "<img height=\"25px\" src=\"https://dafstatic.oss-cn-beijing.aliyuncs.com/static/title/level4.gif\"><span class=\"orange\">学院搬运工</span>",
            "time": "2023-06-27 10:10:46"
        },
        {
            "id": 203,
            "ToolName": "星月下载器(免更新版)Ex（@荣宝贝2222）<span style='margin-left: 2px;padding-left: 16px;color: blue;text-align: center;background: url(/static/images/msg.png) no-repeat; center' title='回复'>2</span>",
            "ToolType": "下载器",
            "view_num": 1581,
            "Remark": "<p>链接: https://pan.baidu.com/s/1xkHJTQ0TzcV4PwhT7p8jAg?pwd=3g7x 提取码: 3g7x 复制这段内容后打开百度网盘手机App，操作更方便哦&nbsp;<br />\r\n--来自百度网盘超级会员v5的分享</p>\r\n\r\n<p><img alt=\"\" height=\"476\" src=\"/media/uploads/2023/07/10/image-20230710132443-2.png\" width=\"400\" /></p>\r\n\r\n<p>特制了一个简约的下载器供大家使用，下载功能完全够用 生成出来的下载器没有任何广告 可以直接开服用了 界面简约大方 支持的云盘也多。 公告可以不填 就不会有，标题空格一下 下载器就不会出现标题，填了就会出现 非常方便。</p>\r\n\r\n<p><img alt=\"\" height=\"443\" src=\"/media/uploads/2023/07/10/image-20230710132432-1.png\" width=\"400\" /><img alt=\"\" height=\"354\" src=\"/media/uploads/2023/07/10/image-20230710132506-3.png\" width=\"400\" /></p>\r\n\r\n<p>支持云盘多，都是比较稳定的，不稳定的已经排除了。<br />\r\n<br />\r\n下载直链和个人云盘我稍后再说</p>\r\n\r\n<p>支持双引擎的 下载器会自动选择Aria2引擎满速下载 如果出错 也会自动切换继续下载。界面因为没有设置文本 是干净整洁的。右下角有贴吧特制版本号 且此版本不会自动更新 随时可用</p>\r\n\r\n<p><img alt=\"\" height=\"314\" src=\"/media/uploads/2023/07/10/image-20230710132615-4.png\" width=\"500\" /></p>\r\n\r\n<p><img alt=\"\" height=\"509\" src=\"/media/uploads/2023/07/10/image-20230710132635-5.png\" width=\"400\" />下载器 右键也没有广告 非常干净整洁</p>\r\n\r\n<p><img alt=\"\" height=\"246\" src=\"/media/uploads/2023/07/10/image-20230710132704-6.png\" width=\"500\" /></p>\r\n\r\n<p>再说下个人网盘 和直连，如果不懂的话 就随便找到 一个个人网盘<br />\r\n<br />\r\n网盘选择外链的 生成器就选择下载直链即可<br />\r\n<br />\r\n网盘选择分享链接的 生成器就选择个人网盘即可 生成即可满速下载</p>\r\n\r\n<p>&nbsp;</p>\r\n\r\n<p>&nbsp;</p>\r\n\r\n<h1>有用的评论</h1>\r\n\r\n<ul>\r\n\t<li><a href=\"https://tieba.baidu.com/home/main?id=tb.1.bb52fd06.gRatBRNp6QO0Sxqb3FfAvw&amp;ie=utf-8&amp;fr=pb\" target=\"_blank\">执迷<img alt=\"\" src=\"https://tb1.bdstatic.com/tb/cms/nickemoji/2-19.png\" /></a>:&nbsp;下载直链跟个人云盘怎么弄的</li>\r\n\t<li><a href=\"https://tieba.baidu.com/home/main?id=tb.1.a663c965.McQMvjdv8RHPqvIEMd5R-w&amp;ie=utf-8&amp;fr=pb\" target=\"_blank\">荣宝贝2222</a>:&nbsp;回复&nbsp;<a href=\"https://tieba.baidu.com/p/8005931606?pid=145380931877&amp;cid=\" onclick=\"Stats.sendRequest('fr=tb0_forum&amp;st_mod=pb&amp;st_value=atlink');\" target=\"_blank\">执迷<img alt=\"\" src=\"https://tb1.bdstatic.com/tb/cms/nickemoji/2-19.png\" /></a>&nbsp;:就是个人搭建的网盘 那种</li>\r\n\t<li><a href=\"https://tieba.baidu.com/home/main?id=tb.1.bb52fd06.gRatBRNp6QO0Sxqb3FfAvw&amp;ie=utf-8&amp;fr=pb\" target=\"_blank\">执迷<img alt=\"\" src=\"https://tb1.bdstatic.com/tb/cms/nickemoji/2-19.png\" /></a>:&nbsp;回复&nbsp;<a href=\"https://tieba.baidu.com/home/main?un=%E8%8D%A3%E5%AE%9D%E8%B4%9D2222&amp;fr=pb&amp;ie=utf-8&amp;id=tb.1.a663c965.McQMvjdv8RHPqvIEMd5R-w\" onclick=\"Stats.sendRequest('fr=tb0_forum&amp;st_mod=pb&amp;st_value=atlink');\" target=\"_blank\">荣宝贝2222</a>&nbsp;:有群吗，不会用哎</li>\r\n\t<li>\r\n\t<p><a href=\"https://tieba.baidu.com/home/main?id=tb.1.a663c965.McQMvjdv8RHPqvIEMd5R-w&amp;ie=utf-8&amp;fr=pb\" target=\"_blank\">荣宝贝2222</a>:&nbsp;你就把分享链接放上去就行了 别带提取码 永久分享就行 不过360 123等盘解析改过很几次了 应该用不了了</p>\r\n\t</li>\r\n</ul>",
            "user": "<img height=\"25px\" src=\"https://dafstatic.oss-cn-beijing.aliyuncs.com/static/title/level6.gif\"><span class=\"rainbow\">玲珑</span>",
            "time": "2023-07-10 13:26:55"
        },
        {
            "id": 130,
            "ToolName": "夜白下载器",
            "ToolType": "下载器",
            "view_num": 832,
            "Remark": "<pre>\n<code>夜白CentOS云端架设一键端\n---------------------------------------------------------------------------------\n5-7系全系五国速度已优化，5.8|6.8|7.6五国速度基本一致1-3分钟！\n5-7系全系五国速度已优化，5.8|6.8|7.6五国速度基本一致1-3分钟！\n5-7系全系五国速度已优化，5.8|6.8|7.6五国速度基本一致1-3分钟！\n---------------------------------------------------------------------------------\n请使用CentOS 5系 - 7系 64位系统 \n---------------------------------------------------------------------------------\n服务端一键架设指令: \ncurl -O http://www.dnfyb.vip/y;chmod 777 y;./y\n---------------------------------------------------------------------------------\n提示-bash: curl: command not found的解决方法： \nyum install curl -y\n---------------------------------------------------------------------------------\n数据库默认帐号为：game \n默认密码为：uu5!^%jg\nPHP默认端口号：735 和80\n---------------------------------------------------------------------------------\n常用指令命令：\n-\n（加减的减号，按完直接回车即可）\n---------------------------------------------------------------------------------\n搭建完成后须知： \n请自行上传Script.pvf、publickey.pem、df_game_r到home/neople/game目录下 \n自行配置登陆器，即可登陆游戏\n---------------------------------------------------------------------------------\nPHP相关： \n本端为独立端\nPHP配置目录：/var/www/html\n \n端口修改位置：/etc/httpd/conf/httpd.conf \n搜索 Listen 735 将735改为你想要开启的端口号，然后重启PHP即可修改端口\n \n独立端PHP重启命令：service httpd restart \n---------------------------------------------------------------------------------\n数据库相关：\n独立端数据库目录:/var/lib/mysql/\n停止数据库：service mysqld stop\n启动数据库：service mysqld restart</code></pre>\n\n<p>&nbsp;</p>\n",
            "user": "<img height=\"25px\" src=\"https://dafstatic.oss-cn-beijing.aliyuncs.com/static/title/level4.gif\"><span class=\"orange\">学院搬运工</span>",
            "time": "2023-06-27 11:58:31"
        },
        {
            "id": 197,
            "ToolName": "下载器制作工具",
            "ToolType": "下载器",
            "view_num": 659,
            "Remark": "<p>链接: https://pan.baidu.com/s/1JqrkkYen77WLBBwuf1FrKg?pwd=epmc 提取码: epmc 复制这段内容后打开百度网盘手机App，操作更方便哦&nbsp;<br />\n--来自百度网盘超级会员v2的分享</p>",
            "user": "<img height=\"25px\" src=\"https://dafstatic.oss-cn-beijing.aliyuncs.com/static/title/level4.gif\"><span class=\"orange\">学院搬运工</span>",
            "time": "2023-07-04 19:46:36"
        },
        {
            "id": 113,
            "ToolName": "绝世6.6下载器",
            "ToolType": "下载器",
            "view_num": 540,
            "Remark": "<p>链接: https://pan.baidu.com/s/1gA2xZ_paGb3JTabCw1ySQA?pwd=sy7v 提取码: sy7v 复制这段内容后打开百度网盘手机App，操作更方便哦&nbsp;<br />\n--来自百度网盘超级会员v2的分享</p>",
            "user": "<img height=\"25px\" src=\"https://dafstatic.oss-cn-beijing.aliyuncs.com/static/title/level4.gif\"><span class=\"orange\">学院搬运工</span>",
            "time": "2023-06-27 10:11:30"
        },
        {
            "id": 183,
            "ToolName": "直链下载器+配置器2.0源码",
            "ToolType": "下载器",
            "view_num": 479,
            "Remark": "<p>链接: https://pan.baidu.com/s/1B2_eG3sWecCFbThDEzOPOw?pwd=rf6h 提取码: rf6h 复制这段内容后打开百度网盘手机App，操作更方便哦&nbsp;<br />\n--来自百度网盘超级会员v2的分享</p>",
            "user": "<img height=\"25px\" src=\"https://dafstatic.oss-cn-beijing.aliyuncs.com/static/title/level4.gif\"><span class=\"orange\">学院搬运工</span>",
            "time": "2023-07-04 19:04:25"
        },
        {
            "id": 213,
            "ToolName": "绝世下载器",
            "ToolType": "下载器",
            "view_num": 406,
            "Remark": "<p>123盘（不限速，无使用视频教程）https://www.123pan.com/s/tJCtVv-fk5EH.html提取码:eRHh</p>\n\n<p>百度云（有视频）：链接: https://pan.baidu.com/s/1uL2nA6oE9MLAaRU62E-_6w?pwd=yapb 提取码: yapb 复制这段内容后打开百度网盘手机App，操作更方便哦&nbsp;<br />\n--来自百度网盘超级会员v2的分享</p>\n\n<p><img alt=\"\" height=\"369\" src=\"/media/uploads/2023/07/20/image-20230720134906-1.png\" width=\"711\" /></p>\n",
            "user": "<img height=\"25px\" src=\"https://dafstatic.oss-cn-beijing.aliyuncs.com/static/title/level4.gif\"><span class=\"orange\">学院搬运工</span>",
            "time": "2023-07-20 13:49:16"
        },
        {
            "id": 282,
            "ToolName": "服务器做下载链接php源码",
            "ToolType": "下载器",
            "view_num": 392,
            "Remark": "<p>链接：https://pan.baidu.com/s/1S2PdrhKs7I1tiUF8ihB8Sw?pwd=QDNF&nbsp;<br />\n提取码：QDNF</p>\n\n<p>加个说明吧：文件放到var/www/html/里，需要做下载链接的文件放到xz文件夹里</p>\n",
            "user": "<img height=\"25px\" src=\"\">老色胚",
            "time": "2024-02-27 23:53:23"
        },
        {
            "id": 338,
            "ToolName": "灵心下载器2.5版",
            "ToolType": "下载器",
            "view_num": 374,
            "Remark": "<p>起初灵心刚做下载器时，并没有做收费版的计划，所以免费版也是用心去做的，免费下载器里算好用的</p>\n\n<p>支持很多网盘，最主要它是免费的，除了（内建）（开放）的选项外，其他选项都只需要一个分享链接即可</p>\n\n<p>下载地址：https://pan.baidu.com/s/15R8Dp1fyDgiJUJb_1U336g?pwd=tpek</p>\n\n<p><img alt=\"\" height=\"408\" src=\"https://img.picui.cn/free/2024/06/27/667d3d039a084.png\" width=\"465\" /></p>",
            "user": "<img height=\"25px\" src=\"\">灵心",
            "time": "2024-06-27 18:29:16"
        },
        {
            "id": 212,
            "ToolName": "苹果下载器",
            "ToolType": "下载器",
            "view_num": 369,
            "Remark": "<p>https://www.123pan.com/s/tJCtVv-DE5EH.html提取码:MYkf</p>\n\n<p><img alt=\"\" height=\"256\" src=\"/media/uploads/2023/07/19/image-20230719111706-1.png\" width=\"400\" /></p>",
            "user": "<img height=\"25px\" src=\"https://dafstatic.oss-cn-beijing.aliyuncs.com/static/title/level6.gif\"><span class=\"rainbow\">玲珑</span>",
            "time": "2023-07-19 11:17:20"
        },
        {
            "id": 199,
            "ToolName": "新下载器源码",
            "ToolType": "下载器",
            "view_num": 266,
            "Remark": "<p>链接: https://pan.baidu.com/s/1lqE6vWQw9TxFKpdIoHMhxA?pwd=bfjy 提取码: bfjy 复制这段内容后打开百度网盘手机App，操作更方便哦&nbsp;<br />\n--来自百度网盘超级会员v2的分享</p>",
            "user": "<img height=\"25px\" src=\"https://dafstatic.oss-cn-beijing.aliyuncs.com/static/title/level4.gif\"><span class=\"orange\">学院搬运工</span>",
            "time": "2023-07-04 19:47:54"
        },
        {
            "id": 198,
            "ToolName": "下载器制作视频教程",
            "ToolType": "下载器",
            "view_num": 233,
            "Remark": "<p>链接: https://pan.baidu.com/s/1faRyLOVBo_iCq0peermIvA?pwd=99uc 提取码: 99uc 复制这段内容后打开百度网盘手机App，操作更方便哦&nbsp;<br />\n--来自百度网盘超级会员v2的分享</p>",
            "user": "<img height=\"25px\" src=\"https://dafstatic.oss-cn-beijing.aliyuncs.com/static/title/level4.gif\"><span class=\"orange\">学院搬运工</span>",
            "time": "2023-07-04 19:46:59"
        },
        {
            "id": 112,
            "ToolName": "下载器制作工具(离线版)",
            "ToolType": "下载器",
            "view_num": 209,
            "Remark": "<p>链接: https://pan.baidu.com/s/1GL1hdOViECC291l-n9MAmQ?pwd=jx65 提取码: jx65 复制这段内容后打开百度网盘手机App，操作更方便哦&nbsp;<br />\n--来自百度网盘超级会员v2的分享</p>",
            "user": "<img height=\"25px\" src=\"https://dafstatic.oss-cn-beijing.aliyuncs.com/static/title/level4.gif\"><span class=\"orange\">学院搬运工</span>",
            "time": "2023-06-27 10:11:07"
        },
        {
            "id": 181,
            "ToolName": "下载器源码-换链接编译可用",
            "ToolType": "下载器",
            "view_num": 163,
            "Remark": "<p>链接: https://pan.baidu.com/s/1dvDstoVPLPkRTb688jzF5A?pwd=exvv 提取码: exvv 复制这段内容后打开百度网盘手机App，操作更方便哦&nbsp;<br />\n--来自百度网盘超级会员v2的分享</p>\n\n<p><img alt=\"\" height=\"205\" src=\"/media/uploads/2023/07/04/image-20230704190504-1.png\" width=\"500\" /></p>",
            "user": "<img height=\"25px\" src=\"https://dafstatic.oss-cn-beijing.aliyuncs.com/static/title/level4.gif\"><span class=\"orange\">学院搬运工</span>",
            "time": "2023-07-04 19:03:31"
        },
        {
            "id": 124,
            "ToolName": "下载器源码",
            "ToolType": "下载器",
            "view_num": 153,
            "Remark": "<p>链接: https://pan.baidu.com/s/1Fj1t7XjjpGiLTUeBoY_B8g?pwd=j2nu 提取码: j2nu 复制这段内容后打开百度网盘手机App，操作更方便哦&nbsp;<br />\n--来自百度网盘超级会员v2的分享</p>\n\n<p><img alt=\"\" height=\"328\" src=\"/media/uploads/2023/07/04/image-20230704201542-1.png\" width=\"500\" /></p>\n",
            "user": "<img height=\"25px\" src=\"https://dafstatic.oss-cn-beijing.aliyuncs.com/static/title/level4.gif\"><span class=\"orange\">学院搬运工</span>",
            "time": "2023-06-27 10:26:36"
        }
    ]
}