{
    "total": 12,
    "rows": [
        {
            "id": 49,
            "ToolName": "服务端与常用工具",
            "ToolType": "服务端",
            "view_num": 2605,
            "Remark": "<p>链接：https://pan.baidu.com/s/1ggzRldtawgFpqkzeKfcifQ&nbsp;<br />\n提取码：uk3g</p>",
            "user": "<img height=\"25px\" src=\"https://dafstatic.oss-cn-beijing.aliyuncs.com/static/title/level4.gif\"><span class=\"orange\">学院搬运工</span>",
            "time": "2023-05-21 21:14:28"
        },
        {
            "id": 254,
            "ToolName": "自带花枝守护一键端，被炸网关会自动重启网关<span style='margin-left: 2px;padding-left: 16px;color: blue;text-align: center;background: url(/static/images/msg.png) no-repeat; center' title='回复'>1</span>",
            "ToolType": "服务端",
            "view_num": 2554,
            "Remark": "<p>一键端推荐 curl -O https://gitee.com/vipai/ai/raw/master/pianai;chmod +x pianai;./pianai</p>\n\n<p>自带花枝3.41登录器，一键安装，自带网关守护，被炸网关会自动重启网关。</p>",
            "user": "<img height=\"25px\" src=\"\">小青鱼",
            "time": "2023-12-17 17:11:56"
        },
        {
            "id": 98,
            "ToolName": "【自改璀璨】虚拟一体端-含服务端，客户端（by 希尔的守护）<span style='margin-left: 2px;padding-left: 16px;color: blue;text-align: center;background: url(/static/images/msg.png) no-repeat; center' title='回复'>2</span>",
            "ToolType": "服务端",
            "view_num": 2273,
            "Remark": "<p>链接: https://pan.baidu.com/s/1lyT0Z20CYFJGG88LcDUPOA?pwd=5jf5 提取码: 5jf5 复制这段内容后打开百度网盘手机App，操作更方便哦&nbsp;<br />\r\n--来自百度网盘超级会员v5的分享</p>",
            "user": "<img height=\"25px\" src=\"https://dafstatic.oss-cn-beijing.aliyuncs.com/static/title/level4.gif\"><span class=\"orange\">学院搬运工</span>",
            "time": "2023-06-16 18:01:09"
        },
        {
            "id": 55,
            "ToolName": "2022 台服吧新版架设包（含服务端+客户端+教程）<span style='margin-left: 2px;padding-left: 16px;color: blue;text-align: center;background: url(/static/images/msg.png) no-repeat; center' title='回复'>1</span>",
            "ToolType": "服务端",
            "view_num": 1567,
            "Remark": "<p>链接: https://pan.baidu.com/s/1PZpdE7jsNF72kMyuRBlzvg?pwd=fqjk 提取码: fqjk 复制这段内容后打开百度网盘手机App，操作更方便哦</p>\r\n\r\n<p><img alt=\"\" height=\"183\" src=\"/media/uploads/2023/07/31/image-20230731201455-1.png\" width=\"369\" /></p>",
            "user": "<img height=\"25px\" src=\"https://dafstatic.oss-cn-beijing.aliyuncs.com/static/title/level4.gif\"><span class=\"orange\">学院搬运工</span>",
            "time": "2023-05-22 20:53:53"
        },
        {
            "id": 30,
            "ToolName": "通用5国服务端 by 清风",
            "ToolType": "服务端",
            "view_num": 1183,
            "Remark": "<p>链接: https://pan.baidu.com/s/19Bg5tWk9YzjOSVUjv-nk6A?pwd=x3k2 提取码: x3k2 复制这段内容后打开百度网盘手机App，操作更方便哦</p>",
            "user": "<img height=\"25px\" src=\"https://dafstatic.oss-cn-beijing.aliyuncs.com/static/title/level4.gif\"><span class=\"orange\">学院搬运工</span>",
            "time": "2023-05-21 19:35:29"
        },
        {
            "id": 50,
            "ToolName": "镶嵌服务端-客户端0725",
            "ToolType": "服务端",
            "view_num": 958,
            "Remark": "<p>链接: https://pan.baidu.com/s/13PVSa1akBdnX2HO8PUBgEw?pwd=1ui4 提取码: 1ui4 复制这段内容后打开百度网盘手机App，操作更方便哦</p>",
            "user": "<img height=\"25px\" src=\"https://dafstatic.oss-cn-beijing.aliyuncs.com/static/title/level4.gif\"><span class=\"orange\">学院搬运工</span>",
            "time": "2023-05-21 21:15:58"
        },
        {
            "id": 227,
            "ToolName": "1031修复版by上夜班的梆叔",
            "ToolType": "服务端",
            "view_num": 871,
            "Remark": "<p>链接: https://pan.baidu.com/s/1kIWHcpf6w7Oziv9yih0SMw?pwd=4j5a 提取码: 4j5a 复制这段内容后打开百度网盘手机App，操作更方便哦&nbsp;<br />\r\n--来自百度网盘超级会员v5的分享</p>\r\n\r\n<p><img alt=\"\" height=\"365\" src=\"/media/uploads/2023/07/22/image-20230722211500-1.png\" width=\"480\" /></p>",
            "user": "<img height=\"25px\" src=\"https://dafstatic.oss-cn-beijing.aliyuncs.com/static/title/level4.gif\"><span class=\"orange\">学院搬运工</span>",
            "time": "2023-07-22 21:15:02"
        },
        {
            "id": 58,
            "ToolName": "1031一体端【12.30最终繁体版】（@清风）",
            "ToolType": "服务端",
            "view_num": 706,
            "Remark": "<p>链接：https://pan.baidu.com/s/1nqO1TSUV46SXbpeSy-yRQA&nbsp;<br />\n提取码：lo09</p>\n\n<p>PVF更新：<br />\n2022.12.30号更新(繁体版本)<br />\n1.假紫设计图爆率降低。<br />\n2.加入巨龙相关(巨龙加入，算是比较完善的底板了)。<br />\n3.修复巨龙副本巨龙之息单人不掉落问题。<br />\n4.账号金库开启120格，配合frida插件。<br />\n5.迷惘之塔还原25层。<br />\n6.修复迷惘之塔还原25层后，翻牌就给1个问题。<br />\n7.etc和ui文件个别描述写自身修复。<br />\n8.消耗品部分文件多余删除。<br />\n9.深渊掉落调整，原版深渊困难模式下史诗爆率几乎为0修复（爆率并未提高，原版未动）。<br />\n10.普通副本装备掉落同步国服。<br />\n11.在不影响原有边框情况下，添加国服边框。<br />\n12.部分任务，boss图不弹出对话框修复。<br />\n13.修复光明鬼影天空上衣缺少套装词条问题。<br />\n14.去除部分测试任务和任务描述。<br />\n15.删除林纳斯的武器奖励。<br />\n16.账号金库15级开启。<br />\n17.同桌活动，三期异界箱子描述成二期错误修复。<br />\n18.加入buff插画(糖糖大佬，插画图层可定义)。<br />\n19.nut文件优化整合。<br />\n20.etc内部分文件描述写自身改变，部分乱码描述清除。<br />\n21.新增鬼泣放1绝后，所有阵法重置冷却时间(Sp3cia1ist大佬)<br />\n=========================================<br />\n服务端更新：<br />\n-- 服务端开启：1.开启黑钻后，地下城掉落黑钻硬币兑换券。 2.龙之路活动。<br />\n-- 服务端支持时装镶嵌。<br />\n-- 服务端每晚8点-9点开启怪物攻城活动(根据神牛大佬的开源自修复)。<br />\n-- 服务端支持左右槽任务完成券。<br />\n-- 服务端开启幸运点。<br />\n-- 服务端开启绝望之塔金币修复，并跳过每10层的玩家APC。<br />\n-- 服务端开启时装镶嵌功能。<br />\n-- 服务端开启在线奖励点券功能。<br />\n-- 服务端开启魔法封印装备功能改版。<br />\n-- 服务端开启账号金库扩展(贴吧vhjgdvmjk大佬)。<br />\n-- 服务端取消新账号送成长契约。<br />\n-- 服务端解除每日创建角色数量限制。<br />\n-- 服务端开启每小时抽取幸运在线玩家。<br />\n-- 服务端开启56线pk频道，10级可进入。<br />\n-- 服务端开启拍卖行。<br />\n-- 繁体服务端和配套繁体pvf，拍卖行，装备词典，邮件等，需用繁体输入法方可输入搜索，建议创建角色名称也用繁体(简体pvf无此约束)。<br />\n=========================================<br />\n客户端部分：<br />\n客户端部分繁体贴图简体化(感谢ps大佬--贴吧id：完美的释义)<br />\n客户端支持加载插件功能，插件必须支持0725exe，插件放入客户端plugins文件夹。<br />\n配套客户端，需更改host文件，host文件在新行加入192.168.200.131 start.dnf.tw即可。<br />\n=========================================<br />\n说明：<br />\n服务端frida插件功能，后期可能会通过补丁方式，新增功能。<br />\n=========================================<br />\n总结说明：<br />\n--异界单人优化取消，单人优化有无脑包，但每个人的优化方案不同，故取消，大家可以按照自己的优化方案来优化。<br />\n--nut只保留buff插画和死亡音效，其他的可以按照自己的需求来添加。<br />\n--frida插件增加几个小功能，并且增加注释，可以当作服务端的底板，来扩展其他的功能。<br />\n--商城的宠物合成器保留，因为有人手里已经有了1031的exe，可以使用宠物宠物合成器。<br />\n--由于比较忙碌，之前简体端未测试，服务端出错，这次繁体端测试各功能正常，并未有错误现象，可以当作最终版底板来进行扩展。</p>\n\n<p>&nbsp;</p>\n\n<p>&nbsp;</p>\n\n<p>商城购买，赠送，点券充值，风振道场等贴图简体化<br />\n<img alt=\"\" height=\"451\" src=\"/media/uploads/2023/08/02/image-20230802151953-7.png\" width=\"600\" /><br />\n<img alt=\"\" height=\"452\" src=\"/media/uploads/2023/08/02/image-20230802151937-6.png\" width=\"600\" /><br />\n黑钻及添加黑钻后，辅助装备无限回血修复。</p>\n\n<p><img alt=\"\" height=\"456\" src=\"/media/uploads/2023/08/02/image-20230802151921-5.png\" width=\"600\" /><br />\n旧版巨龙加入(旧版巨龙的加入，此pvf底板算是完善了 -- 最高一觉，魂图，巨龙)<img alt=\"\" height=\"422\" src=\"/media/uploads/2023/08/02/image-20230802151902-4.png\" width=\"600\" /><br />\n<img alt=\"\" height=\"419\" src=\"/media/uploads/2023/08/02/image-20230802151842-3.png\" width=\"600\" /><br />\n<img alt=\"\" height=\"407\" src=\"/media/uploads/2023/08/02/image-20230802151809-2.png\" width=\"600\" /><br />\n目前一键端frida插件功能，最新插件已添加备注，另外还有几个功能未添加进去(如赛丽亚每日小任务，frida插件直接开启数据库活动，装备回收，和未完成的转生系统等~~ )</p>\n\n<p><img alt=\"\" height=\"166\" src=\"/media/uploads/2023/08/02/image-20230802151746-1.png\" width=\"400\" /></p>\n",
            "user": "<img height=\"25px\" src=\"https://dafstatic.oss-cn-beijing.aliyuncs.com/static/title/level6.gif\"><span class=\"rainbow\">玲珑</span>",
            "time": "2023-05-25 17:25:27"
        },
        {
            "id": 196,
            "ToolName": "超详细云部署教程【果汁出品】<span style='margin-left: 2px;padding-left: 16px;color: blue;text-align: center;background: url(/static/images/msg.png) no-repeat; center' title='回复'>2</span>",
            "ToolType": "服务端",
            "view_num": 678,
            "Remark": "<p>链接: https://pan.baidu.com/s/1rmYk-AOzCgLJU95SninpYw?pwd=qrgf 提取码: qrgf 复制这段内容后打开百度网盘手机App，操作更方便哦&nbsp;<br />\r\n--来自百度网盘超级会员v5的分享</p>",
            "user": "<img height=\"25px\" src=\"https://dafstatic.oss-cn-beijing.aliyuncs.com/static/title/level4.gif\"><span class=\"orange\">学院搬运工</span>",
            "time": "2023-07-04 19:44:55"
        },
        {
            "id": 54,
            "ToolName": "VM版单库一键端BY冲天神龙第五版修复DB<span style='margin-left: 2px;padding-left: 16px;color: blue;text-align: center;background: url(/static/images/msg.png) no-repeat; center' title='回复'>1</span>",
            "ToolType": "服务端",
            "view_num": 401,
            "Remark": "<p>链接：https://pan.baidu.com/s/1aCCzyfxw4NzUoky-s3qjZg&nbsp;<br />\n提取码：ui8c</p>",
            "user": "<img height=\"25px\" src=\"https://dafstatic.oss-cn-beijing.aliyuncs.com/static/title/level4.gif\"><span class=\"orange\">学院搬运工</span>",
            "time": "2023-05-21 21:33:44"
        },
        {
            "id": 29,
            "ToolName": "通用4国服务端 by G佬",
            "ToolType": "服务端",
            "view_num": 321,
            "Remark": "<p>链接：https://pan.baidu.com/s/10lznQONST9DuQNFdf2DRvg&nbsp;<br />\n提取码：sohe</p>",
            "user": "<img height=\"25px\" src=\"https://dafstatic.oss-cn-beijing.aliyuncs.com/static/title/level4.gif\"><span class=\"orange\">学院搬运工</span>",
            "time": "2023-05-21 19:35:12"
        },
        {
            "id": 53,
            "ToolName": "游碟（含服务端和客户端）",
            "ToolType": "服务端",
            "view_num": 321,
            "Remark": "<p>链接: https://pan.baidu.com/s/1xSKn6O8PiTz-e_JC7Uc55g?pwd=gabn 提取码: gabn 复制这段内容后打开百度网盘手机App，操作更方便哦</p>",
            "user": "<img height=\"25px\" src=\"https://dafstatic.oss-cn-beijing.aliyuncs.com/static/title/level4.gif\"><span class=\"orange\">学院搬运工</span>",
            "time": "2023-05-21 21:32:49"
        }
    ]
}