{
    "total": 7,
    "rows": [
        {
            "id": 136,
            "ToolName": "技能修改工具<span style='margin-left: 2px;padding-left: 16px;color: blue;text-align: center;background: url(/static/images/msg.png) no-repeat; center' title='回复'>1</span>",
            "ToolType": "技能修改工具",
            "view_num": 2233,
            "Remark": "<p>链接: https://pan.baidu.com/s/1r34YVHbKuIN0utIE9EVjPQ?pwd=nist 提取码: nist 复制这段内容后打开百度网盘手机App，操作更方便哦&nbsp;<br />\r\n--来自百度网盘超级会员v5的分享</p>",
            "user": "<img height=\"25px\" src=\"https://dafstatic.oss-cn-beijing.aliyuncs.com/static/title/level4.gif\"><span class=\"orange\">学院搬运工</span>",
            "time": "2023-06-27 12:04:26"
        },
        {
            "id": 242,
            "ToolName": "技能树可视化工具<span style='margin-left: 2px;padding-left: 16px;color: blue;text-align: center;background: url(/static/images/msg.png) no-repeat; center' title='回复'>2</span>",
            "ToolType": "技能修改工具",
            "view_num": 1490,
            "Remark": "<p>https://www.123pan.com/s/tJCtVv-dU5EH.html提取码:Chsk</p>",
            "user": "<img height=\"25px\" src=\"https://dafstatic.oss-cn-beijing.aliyuncs.com/static/title/level4.gif\"><span class=\"orange\">学院搬运工</span>",
            "time": "2023-09-12 13:35:46"
        },
        {
            "id": 241,
            "ToolName": "技能静态数据读取工具<span style='margin-left: 2px;padding-left: 16px;color: blue;text-align: center;background: url(/static/images/msg.png) no-repeat; center' title='回复'>1</span>",
            "ToolType": "技能修改工具",
            "view_num": 678,
            "Remark": "<p>https://www.123pan.com/s/tJCtVv-vU5EH.html提取码:XnxH</p>",
            "user": "<img height=\"25px\" src=\"https://dafstatic.oss-cn-beijing.aliyuncs.com/static/title/level4.gif\"><span class=\"orange\">学院搬运工</span>",
            "time": "2023-09-12 13:34:17"
        },
        {
            "id": 200,
            "ToolName": "DOF技能修改工具",
            "ToolType": "技能修改工具",
            "view_num": 605,
            "Remark": "<p>链接: https://pan.baidu.com/s/1LyiPkkkPWEvesYjYSeOQmw?pwd=4c6z 提取码: 4c6z 复制这段内容后打开百度网盘手机App，操作更方便哦&nbsp;<br />\n--来自百度网盘超级会员v3的分享</p>\n",
            "user": "<img height=\"25px\" src=\"https://dafstatic.oss-cn-beijing.aliyuncs.com/static/title/level4.gif\"><span class=\"orange\">学院搬运工</span>",
            "time": "2023-07-04 19:51:18"
        },
        {
            "id": 34,
            "ToolName": "技能修改工具2.0by天外孤鸿",
            "ToolType": "技能修改工具",
            "view_num": 504,
            "Remark": "<p>链接: https://pan.baidu.com/s/16W_YHvKtmoMBpN-SEQGZOA?pwd=vqin 提取码: vqin 复制这段内容后打开百度网盘手机App，操作更方便哦&nbsp;<br />\r\n--来自百度网盘超级会员v5的分享</p>",
            "user": "<img height=\"25px\" src=\"https://dafstatic.oss-cn-beijing.aliyuncs.com/static/title/level4.gif\"><span class=\"orange\">学院搬运工</span>",
            "time": "2023-05-21 19:37:56"
        },
        {
            "id": 103,
            "ToolName": "技能修改工具 梦太晓v1.3",
            "ToolType": "技能修改工具",
            "view_num": 386,
            "Remark": "<p>链接: https://pan.baidu.com/s/1NnUN2jkYocAyFMZ8P-bLRw?pwd=d3iz 提取码: d3iz 复制这段内容后打开百度网盘手机App，操作更方便哦&nbsp;<br />\r\n--来自百度网盘超级会员v5的分享</p>\r\n\r\n<p><img alt=\"\" height=\"337\" src=\"/media/uploads/2023/06/27/image-20230627095858-1.png\" width=\"700\" /></p>",
            "user": "<img height=\"25px\" src=\"https://dafstatic.oss-cn-beijing.aliyuncs.com/static/title/level4.gif\"><span class=\"orange\">学院搬运工</span>",
            "time": "2023-06-27 09:57:26"
        },
        {
            "id": 110,
            "ToolName": "茶凉路远技能参数修改器",
            "ToolType": "技能修改工具",
            "view_num": 241,
            "Remark": "<p>链接: https://pan.baidu.com/s/1_R_SnmD5cWwUxn6IXuHfpw?pwd=62s7 提取码: 62s7 复制这段内容后打开百度网盘手机App，操作更方便哦&nbsp;<br />\n--来自百度网盘超级会员v2的分享</p>",
            "user": "<img height=\"25px\" src=\"https://dafstatic.oss-cn-beijing.aliyuncs.com/static/title/level4.gif\"><span class=\"orange\">学院搬运工</span>",
            "time": "2023-06-27 10:08:20"
        }
    ]
}