{
    "total": 92,
    "rows": [
        {
            "id": 232,
            "VersionName": "100望越<span style='margin-left: 2px;padding-left: 16px;color: blue;text-align: center;background: url(/static/images/msg.png) no-repeat; center' title='回复'>7</span>",
            "VersionType": "100版本",
            "view_num": 2959,
            "Remark": "<p>链接: https://pan.baidu.com/s/1EMdR1FsQ9D_DrLlWAicIAQ?pwd=eeyp 提取码: eeyp 复制这段内容后打开百度网盘手机App，操作更方便哦&nbsp;<br />\r\n--来自百度网盘超级会员v5的分享</p>",
            "user": "<img height=\"25px\" src=\"https://dafstatic.oss-cn-beijing.aliyuncs.com/static/title/level4.gif\"><span class=\"orange\">学院搬运工</span>",
            "time": "2023-05-28 12:58:23"
        },
        {
            "id": 498,
            "VersionName": "盗墓笔记第八、第九季<span style='margin-left: 2px;padding-left: 16px;color: blue;text-align: center;background: url(/static/images/msg.png) no-repeat; center' title='回复'>5</span>",
            "VersionType": "100版本",
            "view_num": 1773,
            "Remark": "<p>盗墓笔记8链接：https://pan.baidu.com/s/1pJldMzjnOtio8YNPBaJfsA</p>\n\n<p>提取码：j32v</p>\n\n<p>内涵第九季相关文件，本人并未进行测试，不清楚是否有广告，bug之类问题，如有较大BUG，请反馈后删除链接</p>\n",
            "user": "<img height=\"25px\" src=\"\">小了白了兔",
            "time": "2023-10-07 08:54:12"
        },
        {
            "id": 503,
            "VersionName": "某蝶的100级破界重生版<span style='margin-left: 2px;padding-left: 16px;color: blue;text-align: center;background: url(/static/images/msg.png) no-repeat; center' title='回复'>5</span>",
            "VersionType": "100版本",
            "view_num": 1597,
            "Remark": "<p>地址：https://pan.baidu.com/share/init?surl=3Xwam0lC-hNdTKi6atj0AA</p>\n\n<p>提取码：t3gs</p>\n\n<p>解压密码： ydwgames&nbsp;</p>",
            "user": "<img height=\"25px\" src=\"\">得鹿梦为鱼",
            "time": "2023-10-26 16:14:39"
        },
        {
            "id": 579,
            "VersionName": "100神迹（@无语丶森）<span style='margin-left: 2px;padding-left: 16px;color: blue;text-align: center;background: url(/static/images/msg.png) no-repeat; center' title='回复'>1</span>",
            "VersionType": "100版本",
            "view_num": 1554,
            "Remark": "<p>链接: https://pan.baidu.com/s/1tFs0vuFC9lwqTBjEOy9wrw?pwd=hqpr 提取码: hqpr 复制这段内容后打开百度网盘手机App，操作更方便哦&nbsp;<br />\r\n--来自百度网盘超级会员v5的分享</p>\r\n\r\n<p><img alt=\"\" height=\"368\" src=\"/media/uploads/2024/05/24/image-20240524230858-1.png\" width=\"298\" /></p>\r\n\r\n<p style=\"text-align:left\"><span style=\"font-size:10.5pt\"><span style=\"background-color:#ffffff\"><span style=\"font-family:Calibri\"><span style=\"font-size:10.5000pt\"><span style=\"background-color:#ffffff\"><span style=\"font-family:Helvetica\"><span style=\"color:#333333\"><span style=\"font-family:Arial,Helvetica,sans-serif\">相信你们已经玩腻了现在狗哥的版本，伤害溢出太多，怪不抗揍啊（小声催更</span>100副本，来点难度~）</span></span></span></span><br />\r\n<span style=\"font-size:10.5000pt\"><span style=\"background-color:#ffffff\"><span style=\"font-family:Helvetica\"><span style=\"color:#333333\"><span style=\"font-family:Arial,Helvetica,sans-serif\">所以我来了，把近一年做的有意思的玩意全加进去了，无缝对接最新</span>1114版本，导入备份数据即可游玩。</span></span></span></span><br />\r\n<span style=\"font-size:10.5000pt\"><span style=\"background-color:#ffffff\"><span style=\"font-family:Helvetica\"><span style=\"color:#333333\"><span style=\"font-family:Arial,Helvetica,sans-serif\">下面是更新内容：</span></span></span></span></span><br />\r\n<span style=\"font-size:10.5000pt\"><span style=\"background-color:#ffffff\"><span style=\"font-family:Helvetica\"><span style=\"color:#333333\"><span style=\"font-family:Arial,Helvetica,sans-serif\">【常规调整】</span></span></span></span></span><br />\r\n<span style=\"font-size:10.5000pt\"><span style=\"background-color:#ffffff\"><span style=\"font-family:Helvetica\"><span style=\"color:#333333\">- UI调整为100动态气泡血槽</span></span></span></span><br />\r\n<span style=\"font-size:10.5000pt\"><span style=\"background-color:#ffffff\"><span style=\"font-family:Helvetica\"><span style=\"color:#333333\">- 删除所有name2错误文本</span></span></span></span><br />\r\n<span style=\"font-size:10.5000pt\"><span style=\"background-color:#ffffff\"><span style=\"font-family:Helvetica\"><span style=\"color:#333333\">- 小地图NPC提示修正</span></span></span></span><br />\r\n<span style=\"font-size:10.5000pt\"><span style=\"background-color:#ffffff\"><span style=\"font-family:Helvetica\"><span style=\"color:#333333\">- 部分道具名称修正和调整</span></span></span></span><br />\r\n<span style=\"font-size:10.5000pt\"><span style=\"background-color:#ffffff\"><span style=\"font-family:Helvetica\"><span style=\"color:#333333\">- 商城道具描述修正</span></span></span></span><br />\r\n<span style=\"font-size:10.5000pt\"><span style=\"background-color:#ffffff\"><span style=\"font-family:Helvetica\"><span style=\"color:#333333\">- 商城添加时装清理卷</span></span></span></span><br />\r\n<span style=\"font-size:10.5000pt\"><span style=\"background-color:#ffffff\"><span style=\"font-family:Helvetica\"><span style=\"color:#333333\">- 鬼泣鬼神改为韩服最新鬼神，不喜可删</span></span></span></span><br />\r\n<span style=\"font-size:10.5000pt\"><span style=\"background-color:#ffffff\"><span style=\"font-family:Helvetica\"><span style=\"color:#333333\">- 商城轮盘改为龙袍鬼剑背景，不喜可删</span></span></span></span><br />\r\n<span style=\"font-size:10.5000pt\"><span style=\"background-color:#ffffff\"><span style=\"font-family:Helvetica\"><span style=\"color:#333333\">- 部分NPC改为夏日清凉装扮，不喜可删</span></span></span></span><br />\r\n<span style=\"font-size:10.5000pt\"><span style=\"background-color:#ffffff\"><span style=\"font-family:Helvetica\"><span style=\"color:#333333\">- 添加格斗火与雪至尊套光环，加入对应时装礼盒，也可在精选光环礼盒中获得</span></span></span></span><br />\r\n<span style=\"font-size:10.5000pt\"><span style=\"background-color:#ffffff\"><span style=\"font-family:Helvetica\"><span style=\"color:#333333\">- 修复裂创心灵之刃、双龙魔影剑等武器贴图错误</span></span></span></span><br />\r\n<span style=\"font-size:10.5000pt\"><span style=\"background-color:#ffffff\"><span style=\"font-family:Helvetica\"><span style=\"color:#333333\">- 修复任务 [快捷栏装备]卢克 完成后引导错误的问题</span></span></span></span><br />\r\n<span style=\"font-size:10.5000pt\"><span style=\"background-color:#ffffff\"><span style=\"font-family:Helvetica\"><span style=\"color:#333333\">- 由于影响时装观感，移除加速、祝福等状态显示，但效果还在，不适应可恢复，对应npk文件为：sprite_common_commoneffect_status_effect.NPK</span></span></span></span><br />\r\n<span style=\"font-size:10.5000pt\"><span style=\"background-color:#ffffff\"><span style=\"font-family:Helvetica\"><span style=\"color:#333333\">- 赛丽亚房间添加专属NPC云幂</span></span></span></span><br />\r\n<span style=\"font-size:10.5000pt\"><span style=\"background-color:#ffffff\"><span style=\"font-family:Helvetica\"><span style=\"color:#333333\">- 赛丽亚商店添加44个领主人偶（免费购买90级可用），及3个圣诞APC（奶爸奶萝气功）；</span></span></span></span><br />\r\n<span style=\"font-size:10.5000pt\"><span style=\"background-color:#ffffff\"><span style=\"font-family:Helvetica\"><span style=\"color:#333333\">- 吟荷商店添加使徒宝珠，异空间残片兑换</span></span></span></span><br />\r\n<span style=\"font-size:10.5000pt\"><span style=\"background-color:#ffffff\"><span style=\"font-family:Helvetica\"><span style=\"color:#333333\">- 奥兰商店添加37件联动英雄联盟的传说级宠物装备（红色进攻型，蓝色功能型，绿色防御型）</span></span></span></span><br />\r\n<span style=\"font-size:10.5000pt\"><span style=\"background-color:#ffffff\"><span style=\"font-family:Helvetica\"><span style=\"color:#333333\">- 导师商店（G.S.D、风振、凯丽、歌兰蒂斯、莎兰、洛巴赫）添加230+武器幻化装扮（位置脸部，免费购买，7天有效期）</span></span></span></span><br />\r\n<span style=\"font-size:10.5000pt\"><span style=\"background-color:#ffffff\"><span style=\"font-family:Helvetica\"><span style=\"color:#333333\">- 云幂、爱莎商店添加80~85史诗附魔宝珠、全职业觉醒之力称号、副职业传说称号礼盒、神兽化灵宠物礼盒、天堂圣水、圣诞礼物</span></span></span></span><br />\r\n<span style=\"font-size:10.5000pt\"><span style=\"background-color:#ffffff\"><span style=\"font-family:Helvetica\"><span style=\"color:#333333\"><span style=\"font-family:Arial,Helvetica,sans-serif\">【便利性调整】</span> <span style=\"font-family:Arial,Helvetica,sans-serif\">（</span>@V飞不回堂前V）</span></span></span></span><br />\r\n<span style=\"font-size:10.5000pt\"><span style=\"background-color:#ffffff\"><span style=\"font-family:Helvetica\"><span style=\"color:#333333\">- 每日在线任务: 在线时长(5-10-15-15) =&gt; (5-10-10-15)</span></span></span></span><br />\r\n<span style=\"font-size:10.5000pt\"><span style=\"background-color:#ffffff\"><span style=\"font-family:Helvetica\"><span style=\"color:#333333\">- 每日时空石任务：100W金币30个 =&gt; 500W金币150个，减少重复操作</span></span></span></span><br />\r\n<span style=\"font-size:10.5000pt\"><span style=\"background-color:#ffffff\"><span style=\"font-family:Helvetica\"><span style=\"color:#333333\">- 商城代币券礼包：350W金币1000代币券 =&gt; 100W金币1000代币券</span></span></span></span><br />\r\n<span style=\"font-size:10.5000pt\"><span style=\"background-color:#ffffff\"><span style=\"font-family:Helvetica\"><span style=\"color:#333333\">- 吟荷商店：降低兑换ALO、SAO套所需异空间残片数量</span></span></span></span><br />\r\n<span style=\"font-size:10.5000pt\"><span style=\"background-color:#ffffff\"><span style=\"font-family:Helvetica\"><span style=\"color:#333333\">- 奥兰商店：调整售卖宠物并降低购买所需的透明宇宙灵魂数量</span></span></span></span><br />\r\n<span style=\"font-size:10.5000pt\"><span style=\"background-color:#ffffff\"><span style=\"font-family:Helvetica\"><span style=\"color:#333333\">- 歌兰蒂斯商店： 90SS自选原售价2000透明宇宙灵魂 =&gt; 1500透明宇宙灵魂，与哈林SS区分开</span></span></span></span><br />\r\n<span style=\"font-size:10.5000pt\"><span style=\"background-color:#ffffff\"><span style=\"font-family:Helvetica\"><span style=\"color:#333333\"><span style=\"font-family:Arial,Helvetica,sans-serif\">【职业技能新增】</span></span></span></span></span><br />\r\n<span style=\"font-size:10.5000pt\"><span style=\"background-color:#ffffff\"><span style=\"font-family:Helvetica\"><span style=\"color:#333333\">- 圣骑士添加技能：炽天使祝福（秒上10个buff），支援兵同步添加该技能</span></span></span></span><br />\r\n<span style=\"font-size:10.5000pt\"><span style=\"background-color:#ffffff\"><span style=\"font-family:Helvetica\"><span style=\"color:#333333\">- 召唤师添加技能：支配之环、伺机而动、心灵感应、蚀月附灵、袄索（新）。支配之环可召唤所有非觉醒召唤兽直到上限，所有袄索加成相关装备同步修改。玩召唤需要洗个点</span></span></span></span><br />\r\n<span style=\"font-size:10.5000pt\"><span style=\"background-color:#ffffff\"><span style=\"font-family:Helvetica\"><span style=\"color:#333333\"><span style=\"font-family:Arial,Helvetica,sans-serif\">【职业技能平衡】</span></span></span></span></span><br />\r\n<span style=\"font-size:10.5000pt\"><span style=\"background-color:#ffffff\"><span style=\"font-family:Helvetica\"><span style=\"color:#333333\"><span style=\"font-family:Arial,Helvetica,sans-serif\">男女漫游：双鹰回旋手感不行容易丢枪，伤害也低的离谱，所以加强更多数值</span></span></span></span></span><br />\r\n<span style=\"font-size:10.5000pt\"><span style=\"background-color:#ffffff\"><span style=\"font-family:Helvetica\"><span style=\"color:#333333\"><span style=\"font-family:Arial,Helvetica,sans-serif\">死灵：尼古拉斯数值拉胯，完全不能成为主</span>C，加强更多数值和持续时间（主要原因是不会放蜘蛛坠落的技能）</span></span></span></span><br />\r\n<span style=\"font-size:10.5000pt\"><span style=\"background-color:#ffffff\"><span style=\"font-family:Helvetica\"><span style=\"color:#333333\"><span style=\"font-family:Arial,Helvetica,sans-serif\">剑魂：幻影剑舞伤害加强</span>50%，之前有异界套加成伤害还不如拔刀</span></span></span></span><br />\r\n<span style=\"font-size:10.5000pt\"><span style=\"background-color:#ffffff\"><span style=\"font-family:Helvetica\"><span style=\"color:#333333\"><span style=\"font-family:Arial,Helvetica,sans-serif\">鬼泣：第七鬼神伤害加强</span>100%，和大拔刀伤害持平</span></span></span></span><br />\r\n<span style=\"font-size:10.5000pt\"><span style=\"background-color:#ffffff\"><span style=\"font-family:Helvetica\"><span style=\"color:#333333\"><span style=\"font-family:Arial,Helvetica,sans-serif\">魔道：酸雨云、钻空车、旋转扫把削弱</span>50%，加热炉、反重力削弱20%</span></span></span></span><br />\r\n<span style=\"font-size:10.5000pt\"><span style=\"background-color:#ffffff\"><span style=\"font-family:Helvetica\"><span style=\"color:#333333\"><span style=\"font-family:Arial,Helvetica,sans-serif\">女鬼：二觉后技能整体削弱</span>40%</span></span></span></span></span></span></span><br />\r\n<img alt=\"\" height=\"435\" src=\"/media/uploads/2024/05/24/image-20240524230949-2.jpeg\" width=\"580\" /><br />\r\n<img alt=\"\" height=\"435\" src=\"/media/uploads/2024/05/24/image-20240524230949-3.jpeg\" width=\"580\" /><br />\r\n<img alt=\"\" height=\"435\" src=\"/media/uploads/2024/05/24/image-20240524230949-4.jpeg\" width=\"580\" /><img alt=\"\" height=\"435\" src=\"/media/uploads/2024/05/24/image-20240524230949-5.jpeg\" width=\"580\" /></p>\r\n\r\n<p style=\"text-align:left\">&nbsp;</p>\r\n\r\n<p style=\"text-align:left\">20231224追更：<br />\r\n- 补充部分材料说明，方便了解在何处兑换和使用<br />\r\n- 黑钻老虎机删除部分无关紧要的道具<br />\r\n- 洞察之眼副本加强，毕业装需要打很久通关<br />\r\n职业平衡：<br />\r\n- 剑魂：破空拔刀斩削弱40%，一觉加强<br />\r\n- 狂战：血气之刃削弱40%，之前数值几乎是大崩两倍，离谱<br />\r\n- 风法：一觉后技能削弱30%<br />\r\n- 血法：一觉后技能削弱40%<br />\r\n- 次元：一觉后技能削弱40%<br />\r\n- 刃影：45级后技能整体削弱40%<br />\r\n- 发现女鬼数值依然爆炸，该秒还是秒，再次削弱40%<br />\r\n后续计划，尽可能多的加入职业二觉被动<br />\r\n加个试炼副本，各种皮糙肉厚的boss组合，看看毕业装能打几层？</p>\r\n\r\n<p style=\"text-align:left\">&nbsp;</p>\r\n\r\n<p style=\"text-align:left\">【常规调整】<br />\r\n- 同步狗哥1229大部分修改<br />\r\n- 85之后的副本难度大幅增加，不再割草，注意护肝<br />\r\n- 修复召唤新版鞭挞出现原本鞭挞动画的问题<br />\r\n- 新增两个APC皮肤和专属武器<br />\r\n- 新增极限试炼副本，位于修炼道场，毕业装欢迎来战，难度高还需要操作。暂时只有三个关卡，后续再加<br />\r\n【职业技能平衡】<br />\r\n- 剑魂：一觉后技能整体增强40%，主要是和其他男鬼、女鬼对比有点惨，补偿一下<br />\r\n- 男机械：RX-78机器人百分比伤害削弱50%，防止机械引爆时伤害溢出只造成1点伤害</p>\r\n\r\n<p style=\"text-align:left\">&nbsp;</p>\r\n\r\n<p style=\"text-align:left\">暖暖党的福音~ 网红皮肤大集合<br />\r\n【常规调整】<br />\r\n- 部分吧友反映开荒困难，安图恩等90级以前副本难度降低<br />\r\n- 修正阿修罗爆炎波动剑特效<br />\r\n- 升级鬼泣大部分技能特效<br />\r\n- 修复2022耕耘套女枪下装贴图错误<br />\r\n- 新增三个APC皮肤和专属武器：青空、蕾娜和帕丽丝<br />\r\n- 新增APC天女兽的试衣间，位于赫顿玛尔月光酒馆，各种高质量皮肤，网红款这里基本都有，暖暖党福利。（PS:讨厌礼盒，所以直接放商店，虽然只有7天有效期，但是经常换皮肤也会有新鲜感。补丁来自网络经过自己整理，如果有好的皮肤也欢迎联系我加到合集里）<br />\r\n- 删除侍魂宝珠（功能定位与艾尔丁异界套宝珠重复，已经附魔的会出现网络中断，重进后正常但附魔效果消失）<br />\r\n【职业技能新增】<br />\r\n- 女气功：新增技能虎啸龙吟（一键buff，有瑕疵，龙虎啸和风之气息加不上，原因不明，nut看得我头大zzZ）<br />\r\n新技能：25级念雷破、30级念兽螺旋波<br />\r\n【职业技能平衡】<br />\r\n- 男女散打：弱点感知和霸体护甲持续时间增加</p>\r\n\r\n<p style=\"text-align:left\">&nbsp;</p>\r\n\r\n<p style=\"text-align:left\">20240117更新： 还是暖暖党，但是男角色<br />\r\n兔年最后一波更新，停更一段时间好好休息，勿念~<br />\r\n【常规调整】<br />\r\n- 同步狗哥0112更新的bug修复<br />\r\n- 修复女气功使用新技能果体问题<br />\r\n- 修复卡隆之剑持续时间和冷却时间未生效问题<br />\r\n- 修复刃影 悬丝者 异界套技能加成错误<br />\r\n- 增加材料道具获取导引， 优化材料描述<br />\r\n- 精选光环礼盒添加光环： 法米利尔快乐雪球<br />\r\n- 增加剑影2、3期异界宠物装备（套装部分技能改变形态效果未实现）<br />\r\n- 调整圣者之鸣号NPC露德米拉和娜塔莉娅售卖物品<br />\r\n- 凯丽商店增加5个神枪手武器幻化<br />\r\n- 赛丽亚商店增加名称装饰卡道具<br />\r\n- 天女兽商店添加60+网红款新皮肤（男女甚至绅士都有，但魔界人依然没有新衣服）<br />\r\n- 云幂及爱莎商店添加剩余职业觉醒之力称号、三件APC皮肤及专属武器<br />\r\n【技能新增】<br />\r\n- 女柔道： 20级无情抓取、 35级抓取强化， 其他抓取技衔接优化</p>\r\n\r\n<p style=\"text-align:left\">&nbsp;</p>\r\n\r\n<p style=\"text-align:left\">2023-02-24 更新预告 ：100神迹！<br />\r\n不出意外元宵节更新，出了意外就鸽到下周到时候发新链接，注意只看楼主关注动态<br />\r\n做这个端的初衷是缝合台吧各种优秀版本，顺带做点有意思的自制内容，感谢狗哥优秀的底版同时也给了我很多帮助。当然也不是啥都缝，尽量保证可玩性，只做微变，玩起来不肝也不割草最好<br />\r\n本次更新为全新服务端和客户端，客户端经过精简和合并大约20G，调整太多所以就不在原95端基础上更新了，这样也给想玩95端的吧友一个选择。<br />\r\n<strong>重要提醒</strong>：之前的版本删除了侍魂宝珠，如果有打了宝珠的进游戏会闪退，重进就好但是附魔效果消失；本次更新部分史诗改为不可交易，主要是提升跨界石的用处，放到账号金库中的史诗可能引起闪退。学会使用背包工具清理背包中不存在的道具<br />\r\n【常规调整】<br />\r\n- 等级上限提升到100<br />\r\n- 极限试炼副本增加到14层， 更多BOSS组合<br />\r\n- 新增Lv95-100副本希洛克攻坚战、巴卡尔攻坚战、机械七战神， 通关极限试炼指定层数可获得门票 - 修复普雷相关宝珠加成错误的问题<br />\r\n- 修复女气功同时穿戴觉醒之力和西林异界套闪退的问题<br />\r\n- 修复召唤走回头路时上暗使用心灵感应技能偶尔掉线的问题； 加强路易斯心灵感应技能<br />\r\n- 补全女鬼buff插画， 新增全职业45级技能爆气插画<br />\r\n- 赫顿玛尔、 西海岸等城镇及赛丽亚房间背景音乐改为新老版本随机播放<br />\r\n- 替换不同城镇近20个赛丽亚房间和装扮， 只有11周年赛丽亚能接取和完成任务<br />\r\n- 天女兽商店增加部分新皮肤<br />\r\n- 云幂商店增加防buff消失的持久药剂、 部分自制宠物， 部分道具改为新副本NPC售卖<br />\r\n【技能调整】<br />\r\n- 男、女鬼剑： 新增三觉主、 被动技能<br />\r\n- 男、女格斗： 新增三觉主动技能<br />\r\n- 女气功： 奇袭幻影突进距离 +50%</p>\r\n\r\n<p style=\"text-align:left\">&nbsp;</p>\r\n\r\n<p style=\"text-align:left\">20240323更新，久等了，最近有点忙~<br />\r\n- 新增4女圣骑、合金战士<br />\r\n- 赫顿玛尔赛丽亚房间增加修炼道场入口<br />\r\n- 修复96以上高级副本血量溢出问题并增加难度<br />\r\n- 修复女鬼剑右右平A错误用出剑魔95技能的问题<br />\r\n- 修复学习TP噬魂之手后伤害判定异常的问题<br />\r\n- 修复奶爸神圣之光无圣光爆炸的问题<br />\r\n- 修复男散打95技能无伤害的问题<br />\r\n- 修复男散打烈焰焚步无法使用二段的问题<br />\r\n- 修复女枪手、女鬼剑、男法师、暗夜神兽坐骑变身器显示异常</p>\r\n\r\n<p style=\"text-align:justify\">&nbsp;</p>",
            "user": "<img height=\"25px\" src=\"https://dafstatic.oss-cn-beijing.aliyuncs.com/static/title/level6.gif\"><span class=\"rainbow\">玲珑</span>",
            "time": "2024-05-24 23:12:41"
        },
        {
            "id": 161,
            "VersionName": "沫沫100<span style='margin-left: 2px;padding-left: 16px;color: blue;text-align: center;background: url(/static/images/msg.png) no-repeat; center' title='回复'>2</span>",
            "VersionType": "100版本",
            "view_num": 1047,
            "Remark": "<p>链接:https://pan.baidu.com/s/1_ppEoE3a2LNY_WBPQrIhaA?pwd=6666&nbsp;提取码:6666</p>",
            "user": "<img height=\"25px\" src=\"\">桀骜",
            "time": "2023-05-28 10:10:35"
        },
        {
            "id": 247,
            "VersionName": "100精品一键端",
            "VersionType": "100版本",
            "view_num": 914,
            "Remark": "<p>链接: https://pan.baidu.com/s/1jDeBoEIPseo2Lm7DULLBIg?pwd=skyi 提取码: skyi 复制这段内容后打开百度网盘手机App，操作更方便哦&nbsp;<br />\r\n--来自百度网盘超级会员v5的分享</p>",
            "user": "<img height=\"25px\" src=\"https://dafstatic.oss-cn-beijing.aliyuncs.com/static/title/level4.gif\"><span class=\"orange\">学院搬运工</span>",
            "time": "2023-05-28 13:03:24"
        },
        {
            "id": 520,
            "VersionName": "青衫100中变全套<span style='margin-left: 2px;padding-left: 16px;color: blue;text-align: center;background: url(/static/images/msg.png) no-repeat; center' title='回复'>3</span>",
            "VersionType": "100版本",
            "view_num": 827,
            "Remark": "<p>以前给自己定制的.全套商业服&nbsp; &nbsp; 可以直接开服&nbsp; &nbsp;&nbsp;</p>\n\n<p>&nbsp;<span style=\"color:#c0392b\"><strong>下载前看好说明&nbsp; &nbsp;这是100级中变版本&nbsp;</strong></span> &nbsp;</p>\n\n<p>链接：https://pan.baidu.com/s/1Ol-FE2Ign-8YXH4Us4V48Q&nbsp;<br />\n提取码：PPX0&nbsp;<br />\n--来自百度网盘超级会员V5的分享</p>\n\n<p><span style=\"font-size:36px\">提取码直接复制&nbsp; &nbsp; &nbsp;不要再说提取码错误</span></p>\n",
            "user": "<img height=\"25px\" src=\"\">迩丶为何如此虚伪。",
            "time": "2024-01-09 18:17:11"
        },
        {
            "id": 408,
            "VersionName": "100盗墓笔记超变自改第六季",
            "VersionType": "100版本",
            "view_num": 616,
            "Remark": "<p>链接: https://pan.baidu.com/s/1sv6qiPzoweC5_yFLbpYuVw?pwd=c63d 提取码: c63d 复制这段内容后打开百度网盘手机App，操作更方便哦&nbsp;<br />\r\n--来自百度网盘超级会员v5的分享</p>",
            "user": "<img height=\"25px\" src=\"https://dafstatic.oss-cn-beijing.aliyuncs.com/static/title/level4.gif\"><span class=\"orange\">学院搬运工</span>",
            "time": "2023-07-22 22:43:55"
        },
        {
            "id": 242,
            "VersionName": "100真魔枪三职业三觉风法血法奥兹玛100SS<span style='margin-left: 2px;padding-left: 16px;color: blue;text-align: center;background: url(/static/images/msg.png) no-repeat; center' title='回复'>2</span>",
            "VersionType": "100版本",
            "view_num": 601,
            "Remark": "<p>链接: https://pan.baidu.com/s/1Br5mNJ9MHswTjlWgM7wWeA?pwd=n52v 提取码: n52v 复制这段内容后打开百度网盘手机App，操作更方便哦&nbsp;<br />\r\n--来自百度网盘超级会员v5的分享</p>",
            "user": "<img height=\"25px\" src=\"https://dafstatic.oss-cn-beijing.aliyuncs.com/static/title/level4.gif\"><span class=\"orange\">学院搬运工</span>",
            "time": "2023-05-28 13:01:31"
        },
        {
            "id": 9,
            "VersionName": "100云上长安<span style='margin-left: 2px;padding-left: 16px;color: blue;text-align: center;background: url(/static/images/msg.png) no-repeat; center' title='回复'>1</span>",
            "VersionType": "100版本",
            "view_num": 532,
            "Remark": "<p>链接: https://pan.baidu.com/s/16nxpYrX58rIDxzjjCKnRBw?pwd=cvhw 提取码: cvhw 复制这段内容后打开百度网盘手机App，操作更方便哦</p>",
            "user": "<img height=\"25px\" src=\"https://dafstatic.oss-cn-beijing.aliyuncs.com/static/title/level4.gif\"><span class=\"orange\">学院搬运工</span>",
            "time": "2023-05-11 21:19:56"
        },
        {
            "id": 413,
            "VersionName": "100论坛仿官",
            "VersionType": "100版本",
            "view_num": 505,
            "Remark": "<p>链接: https://pan.baidu.com/s/118GL779TYRyCnMGL7qPPog?pwd=gdhy 提取码: gdhy 复制这段内容后打开百度网盘手机App，操作更方便哦&nbsp;<br />\r\n--来自百度网盘超级会员v5的分享</p>",
            "user": "<img height=\"25px\" src=\"https://dafstatic.oss-cn-beijing.aliyuncs.com/static/title/level4.gif\"><span class=\"orange\">学院搬运工</span>",
            "time": "2023-07-22 22:45:27"
        },
        {
            "id": 591,
            "VersionName": "游蝶DOF单机100鎏金版第2版全职业三觉女鬼剑女圣职影舞者GM网单<span style='margin-left: 2px;padding-left: 16px;color: blue;text-align: center;background: url(/static/images/msg.png) no-repeat; center' title='回复'>1</span>",
            "VersionType": "100版本",
            "view_num": 488,
            "Remark": "<p>&mdash;&mdash;&mdash;&mdash;&mdash;&mdash;&mdash;&mdash;&mdash;&mdash;&mdash;&mdash;&mdash;&mdash;&mdash;&mdash;&mdash;&mdash;&mdash;&mdash;&mdash;&mdash;&mdash;&mdash;&mdash;&mdash;&mdash;&mdash;&mdash;&mdash;&mdash;-<br />\n夸克链接：https://pan.quark.cn/s/4699d56b0459<br />\n提取码：tViM<br />\n&mdash;&mdash;&mdash;&mdash;&mdash;&mdash;&mdash;&mdash;&mdash;&mdash;&mdash;&mdash;&mdash;&mdash;&mdash;&mdash;&mdash;&mdash;&mdash;&mdash;&mdash;&mdash;&mdash;&mdash;&mdash;&mdash;&mdash;&mdash;&mdash;&mdash;&mdash;&mdash;&mdash;&mdash;&mdash;<br />\n百度链接：https://pan.baidu.com/s/1LeB1M24eqhdRh1BCHnmO_w<br />\n提取码：lk99<br />\n&ndash;来自百度网盘超级会员V6的分享<br />\n&mdash;&mdash;&mdash;&mdash;&mdash;&mdash;&mdash;&mdash;&mdash;&mdash;&mdash;&mdash;&mdash;&mdash;&mdash;&mdash;&mdash;&mdash;&mdash;&mdash;&mdash;&mdash;&mdash;&mdash;&mdash;&mdash;&mdash;&mdash;&mdash;&mdash;&mdash;&mdash;&mdash;&mdash;&mdash;<br />\n其他解压码：<br />\n&mdash;&mdash;&mdash;&mdash;&mdash;&mdash;&mdash;&mdash;&mdash;&mdash;&mdash;&mdash;&mdash;&mdash;&mdash;&mdash;&mdash;&mdash;&mdash;&mdash;&mdash;&mdash;&mdash;&mdash;&mdash;&mdash;&mdash;&mdash;&mdash;&mdash;&mdash;&mdash;&mdash;&mdash;&mdash;<br />\n【解压密码】：www.ydwgames.com<br />\n【如果有工具教程的解压密码就用这个】：ydwgame<br />\n【如有其他解压密码，请在文件夹内或者帖子介绍处细心查看】<br />\n&mdash;&mdash;&mdash;&mdash;&mdash;&mdash;&mdash;&mdash;&mdash;&mdash;&mdash;&mdash;&mdash;&mdash;&mdash;&mdash;&mdash;&mdash;&mdash;&mdash;&mdash;&mdash;&mdash;&mdash;&mdash;&mdash;&mdash;&mdash;&mdash;&mdash;&mdash;-</p>",
            "user": "<img height=\"25px\" src=\"\">蜜雪冰王",
            "time": "2024-06-11 04:15:05"
        },
        {
            "id": 137,
            "VersionName": "100初恋神迹",
            "VersionType": "100版本",
            "view_num": 374,
            "Remark": "<p>链接: https://pan.baidu.com/s/1dYNZePcJrOIZ4nQjk5Rzpw?pwd=k4tx</p>\n\n<p>提取码: k4tx</p>",
            "user": "<img height=\"25px\" src=\"\">可乐",
            "time": "2023-05-14 11:22:17"
        },
        {
            "id": 220,
            "VersionName": "100遮天超变",
            "VersionType": "100版本",
            "view_num": 368,
            "Remark": "<p>链接: https://pan.baidu.com/s/1PX8XVh8Wv-3zUV74ohDF-Q?pwd=48ia 提取码: 48ia 复制这段内容后打开百度网盘手机App，操作更方便哦&nbsp;<br />\r\n--来自百度网盘超级会员v5的分享</p>",
            "user": "<img height=\"25px\" src=\"https://dafstatic.oss-cn-beijing.aliyuncs.com/static/title/level4.gif\"><span class=\"orange\">学院搬运工</span>",
            "time": "2023-05-28 12:54:21"
        },
        {
            "id": 245,
            "VersionName": "100天幕仿官",
            "VersionType": "100版本",
            "view_num": 341,
            "Remark": "<p>链接: https://pan.baidu.com/s/1P1ugeCm5e29sgscdFkBMWw?pwd=2tb5 提取码: 2tb5 复制这段内容后打开百度网盘手机App，操作更方便哦&nbsp;<br />\r\n--来自百度网盘超级会员v5的分享</p>",
            "user": "<img height=\"25px\" src=\"https://dafstatic.oss-cn-beijing.aliyuncs.com/static/title/level4.gif\"><span class=\"orange\">学院搬运工</span>",
            "time": "2023-05-28 13:02:31"
        },
        {
            "id": 258,
            "VersionName": "100初夏精修",
            "VersionType": "100版本",
            "view_num": 298,
            "Remark": "<p>链接: https://pan.baidu.com/s/1jCN0F5qN9kGQKVcKzQV9bg?pwd=38ri 提取码: 38ri 复制这段内容后打开百度网盘手机App，操作更方便哦&nbsp;<br />\r\n--来自百度网盘超级会员v5的分享</p>",
            "user": "<img height=\"25px\" src=\"https://dafstatic.oss-cn-beijing.aliyuncs.com/static/title/level4.gif\"><span class=\"orange\">学院搬运工</span>",
            "time": "2023-05-28 13:45:16"
        },
        {
            "id": 201,
            "VersionName": "100破晓（第二季）<span style='margin-left: 2px;padding-left: 16px;color: blue;text-align: center;background: url(/static/images/msg.png) no-repeat; center' title='回复'>2</span>",
            "VersionType": "100版本",
            "view_num": 272,
            "Remark": "<p>链接: https://pan.baidu.com/s/1eLkLD7FoOd_-GchLHh53xg?pwd=k2r9 提取码: k2r9 复制这段内容后打开百度网盘手机App，操作更方便哦&nbsp;<br />\r\n--来自百度网盘超级会员v5的分享</p>",
            "user": "<img height=\"25px\" src=\"https://dafstatic.oss-cn-beijing.aliyuncs.com/static/title/level4.gif\"><span class=\"orange\">学院搬运工</span>",
            "time": "2023-05-28 12:41:14"
        },
        {
            "id": 266,
            "VersionName": "100斗破苍穹超变",
            "VersionType": "100版本",
            "view_num": 269,
            "Remark": "<p>链接: https://pan.baidu.com/s/1ZG1FTjQn5o20E0FO3n45fg?pwd=qq5v 提取码: qq5v 复制这段内容后打开百度网盘手机App，操作更方便哦&nbsp;<br />\r\n--来自百度网盘超级会员v5的分享</p>",
            "user": "<img height=\"25px\" src=\"https://dafstatic.oss-cn-beijing.aliyuncs.com/static/title/level4.gif\"><span class=\"orange\">学院搬运工</span>",
            "time": "2023-05-28 13:47:34"
        },
        {
            "id": 259,
            "VersionName": "100油碟第七版",
            "VersionType": "100版本",
            "view_num": 260,
            "Remark": "<p>链接: https://pan.baidu.com/s/1Acyl0pTrQHWJBNSh_w1jVA?pwd=c4u4 提取码: c4u4 复制这段内容后打开百度网盘手机App，操作更方便哦&nbsp;<br />\r\n--来自百度网盘超级会员v5的分享</p>",
            "user": "<img height=\"25px\" src=\"https://dafstatic.oss-cn-beijing.aliyuncs.com/static/title/level4.gif\"><span class=\"orange\">学院搬运工</span>",
            "time": "2023-05-28 13:45:32"
        },
        {
            "id": 414,
            "VersionName": "100魔枪士女鬼剑",
            "VersionType": "100版本",
            "view_num": 253,
            "Remark": "<p>链接: https://pan.baidu.com/s/13WxFyIH2DgGPA5QrJgIV_Q?pwd=368v 提取码: 368v 复制这段内容后打开百度网盘手机App，操作更方便哦&nbsp;<br />\r\n--来自百度网盘超级会员v5的分享</p>",
            "user": "<img height=\"25px\" src=\"https://dafstatic.oss-cn-beijing.aliyuncs.com/static/title/level4.gif\"><span class=\"orange\">学院搬运工</span>",
            "time": "2023-07-22 22:45:46"
        },
        {
            "id": 406,
            "VersionName": "100盗墓笔记ydwgame",
            "VersionType": "100版本",
            "view_num": 203,
            "Remark": "<p>链接: https://pan.baidu.com/s/1VN5UT5R-rB7EC2iQyqA0Lg?pwd=7xy3 提取码: 7xy3 复制这段内容后打开百度网盘手机App，操作更方便哦&nbsp;<br />\r\n--来自百度网盘超级会员v5的分享</p>",
            "user": "<img height=\"25px\" src=\"https://dafstatic.oss-cn-beijing.aliyuncs.com/static/title/level4.gif\"><span class=\"orange\">学院搬运工</span>",
            "time": "2023-07-22 22:43:13"
        },
        {
            "id": 211,
            "VersionName": "100清风<span style='margin-left: 2px;padding-left: 16px;color: blue;text-align: center;background: url(/static/images/msg.png) no-repeat; center' title='回复'>1</span>",
            "VersionType": "100版本",
            "view_num": 194,
            "Remark": "<p>链接: https://pan.baidu.com/s/1Ne7ZfRY5i2mmCXgdC7HioQ?pwd=gb19 提取码: gb19 复制这段内容后打开百度网盘手机App，操作更方便哦&nbsp;<br />\r\n--来自百度网盘超级会员v5的分享</p>",
            "user": "<img height=\"25px\" src=\"https://dafstatic.oss-cn-beijing.aliyuncs.com/static/title/level4.gif\"><span class=\"orange\">学院搬运工</span>",
            "time": "2023-05-28 12:51:07"
        },
        {
            "id": 250,
            "VersionName": "100典藏版",
            "VersionType": "100版本",
            "view_num": 184,
            "Remark": "<p>链接: https://pan.baidu.com/s/1FBPe7mcUC5nQzWknN-q5rw?pwd=hcb5 提取码: hcb5 复制这段内容后打开百度网盘手机App，操作更方便哦&nbsp;<br />\r\n--来自百度网盘超级会员v5的分享</p>",
            "user": "<img height=\"25px\" src=\"https://dafstatic.oss-cn-beijing.aliyuncs.com/static/title/level4.gif\"><span class=\"orange\">学院搬运工</span>",
            "time": "2023-05-28 13:07:04"
        },
        {
            "id": 257,
            "VersionName": "100山海经超变",
            "VersionType": "100版本",
            "view_num": 183,
            "Remark": "<p>链接: https://pan.baidu.com/s/1tCDsMWKP9rJ04aGVHR7X0Q?pwd=7j3g 提取码: 7j3g 复制这段内容后打开百度网盘手机App，操作更方便哦&nbsp;<br />\r\n--来自百度网盘超级会员v5的分享</p>",
            "user": "<img height=\"25px\" src=\"https://dafstatic.oss-cn-beijing.aliyuncs.com/static/title/level4.gif\"><span class=\"orange\">学院搬运工</span>",
            "time": "2023-05-28 13:44:59"
        },
        {
            "id": 238,
            "VersionName": "100梦三国超变",
            "VersionType": "100版本",
            "view_num": 171,
            "Remark": "<p>链接: https://pan.baidu.com/s/14zodXz_UwbeN2r4oslmVdA?pwd=ugvs 提取码: ugvs 复制这段内容后打开百度网盘手机App，操作更方便哦&nbsp;<br />\r\n--来自百度网盘超级会员v5的分享</p>",
            "user": "<img height=\"25px\" src=\"https://dafstatic.oss-cn-beijing.aliyuncs.com/static/title/level4.gif\"><span class=\"orange\">学院搬运工</span>",
            "time": "2023-05-28 13:00:21"
        },
        {
            "id": 412,
            "VersionName": "100龙玉微变",
            "VersionType": "100版本",
            "view_num": 165,
            "Remark": "<p>链接: https://pan.baidu.com/s/1mg6E4nJxbYHR4CbzyMlH0g?pwd=266a 提取码: 266a 复制这段内容后打开百度网盘手机App，操作更方便哦&nbsp;<br />\r\n--来自百度网盘超级会员v5的分享</p>",
            "user": "<img height=\"25px\" src=\"https://dafstatic.oss-cn-beijing.aliyuncs.com/static/title/level4.gif\"><span class=\"orange\">学院搬运工</span>",
            "time": "2023-07-22 22:45:11"
        },
        {
            "id": 199,
            "VersionName": "100霸天超变",
            "VersionType": "100版本",
            "view_num": 163,
            "Remark": "<p>链接: https://pan.baidu.com/s/1vR0jhK3uq5kWBqlzLikA8g?pwd=9yp3 提取码: 9yp3 复制这段内容后打开百度网盘手机App，操作更方便哦&nbsp;<br />\r\n--来自百度网盘超级会员v5的分享</p>",
            "user": "<img height=\"25px\" src=\"https://dafstatic.oss-cn-beijing.aliyuncs.com/static/title/level4.gif\"><span class=\"orange\">学院搬运工</span>",
            "time": "2023-05-28 12:40:37"
        },
        {
            "id": 409,
            "VersionName": "100诸神",
            "VersionType": "100版本",
            "view_num": 156,
            "Remark": "<p>链接: https://pan.baidu.com/s/1b6Blt0Jno0rfr2A0kqSpxw?pwd=9376 提取码: 9376 复制这段内容后打开百度网盘手机App，操作更方便哦&nbsp;<br />\r\n--来自百度网盘超级会员v5的分享</p>",
            "user": "<img height=\"25px\" src=\"https://dafstatic.oss-cn-beijing.aliyuncs.com/static/title/level4.gif\"><span class=\"orange\">学院搬运工</span>",
            "time": "2023-07-22 22:44:11"
        },
        {
            "id": 210,
            "VersionName": "100斗罗第三季",
            "VersionType": "100版本",
            "view_num": 132,
            "Remark": "<p>链接: https://pan.baidu.com/s/1Yrz8MQnFyNzkr_lynEg8bg?pwd=xhht 提取码: xhht 复制这段内容后打开百度网盘手机App，操作更方便哦&nbsp;<br />\r\n--来自百度网盘超级会员v5的分享</p>",
            "user": "<img height=\"25px\" src=\"https://dafstatic.oss-cn-beijing.aliyuncs.com/static/title/level4.gif\"><span class=\"orange\">学院搬运工</span>",
            "time": "2023-05-28 12:50:42"
        },
        {
            "id": 265,
            "VersionName": "100十界希罗克BT",
            "VersionType": "100版本",
            "view_num": 125,
            "Remark": "<p>链接: https://pan.baidu.com/s/1qJ7pDoyxOlGUVT2aB2Swlw?pwd=kv8k 提取码: kv8k 复制这段内容后打开百度网盘手机App，操作更方便哦&nbsp;<br />\r\n--来自百度网盘超级会员v5的分享</p>",
            "user": "<img height=\"25px\" src=\"https://dafstatic.oss-cn-beijing.aliyuncs.com/static/title/level4.gif\"><span class=\"orange\">学院搬运工</span>",
            "time": "2023-05-28 13:47:12"
        },
        {
            "id": 231,
            "VersionName": "100版本破晓影刃魔枪全套",
            "VersionType": "100版本",
            "view_num": 113,
            "Remark": "<p>链接: https://pan.baidu.com/s/1gHMPbDX1BtKauQFF33mWoA?pwd=6r2j 提取码: 6r2j 复制这段内容后打开百度网盘手机App，操作更方便哦&nbsp;<br />\r\n--来自百度网盘超级会员v5的分享</p>",
            "user": "<img height=\"25px\" src=\"https://dafstatic.oss-cn-beijing.aliyuncs.com/static/title/level4.gif\"><span class=\"orange\">学院搬运工</span>",
            "time": "2023-05-28 12:58:05"
        },
        {
            "id": 212,
            "VersionName": "100魔仙堡5.0",
            "VersionType": "100版本",
            "view_num": 111,
            "Remark": "<p>链接: https://pan.baidu.com/s/1HqeaNyBfefK9FOiQbCIcGw?pwd=74u7 提取码: 74u7 复制这段内容后打开百度网盘手机App，操作更方便哦&nbsp;<br />\r\n--来自百度网盘超级会员v5的分享</p>",
            "user": "<img height=\"25px\" src=\"https://dafstatic.oss-cn-beijing.aliyuncs.com/static/title/level4.gif\"><span class=\"orange\">学院搬运工</span>",
            "time": "2023-05-28 12:51:33"
        },
        {
            "id": 256,
            "VersionName": "100梦幻三觉",
            "VersionType": "100版本",
            "view_num": 109,
            "Remark": "<p>链接: https://pan.baidu.com/s/1rIfwwLDzLwz4g_MPsTVUqg?pwd=ucg9 提取码: ucg9 复制这段内容后打开百度网盘手机App，操作更方便哦&nbsp;<br />\r\n--来自百度网盘超级会员v5的分享</p>",
            "user": "<img height=\"25px\" src=\"https://dafstatic.oss-cn-beijing.aliyuncs.com/static/title/level4.gif\"><span class=\"orange\">学院搬运工</span>",
            "time": "2023-05-28 13:44:40"
        },
        {
            "id": 216,
            "VersionName": "100星辰阁2.4女鬼剑",
            "VersionType": "100版本",
            "view_num": 93,
            "Remark": "<p>链接: https://pan.baidu.com/s/1mEUnNDaJqN1Uq18zQMZ4AA?pwd=2136 提取码: 2136 复制这段内容后打开百度网盘手机App，操作更方便哦&nbsp;<br />\r\n--来自百度网盘超级会员v5的分享</p>",
            "user": "<img height=\"25px\" src=\"https://dafstatic.oss-cn-beijing.aliyuncs.com/static/title/level4.gif\"><span class=\"orange\">学院搬运工</span>",
            "time": "2023-05-28 12:52:50"
        },
        {
            "id": 221,
            "VersionName": "100永恒大陆第二版<span style='margin-left: 2px;padding-left: 16px;color: blue;text-align: center;background: url(/static/images/msg.png) no-repeat; center' title='回复'>1</span>",
            "VersionType": "100版本",
            "view_num": 87,
            "Remark": "<p>链接: https://pan.baidu.com/s/137zZnU4RLQTQogrPTXyQtA?pwd=9i2f 提取码: 9i2f 复制这段内容后打开百度网盘手机App，操作更方便哦&nbsp;<br />\r\n--来自百度网盘超级会员v5的分享</p>",
            "user": "<img height=\"25px\" src=\"https://dafstatic.oss-cn-beijing.aliyuncs.com/static/title/level4.gif\"><span class=\"orange\">学院搬运工</span>",
            "time": "2023-05-28 12:54:39"
        },
        {
            "id": 254,
            "VersionName": "100诛仙雪域",
            "VersionType": "100版本",
            "view_num": 87,
            "Remark": "<p>链接: https://pan.baidu.com/s/1Es6yuldg7b5v_lfM40jqjg?pwd=37p8 提取码: 37p8 复制这段内容后打开百度网盘手机App，操作更方便哦&nbsp;<br />\r\n--来自百度网盘超级会员v5的分享</p>",
            "user": "<img height=\"25px\" src=\"https://dafstatic.oss-cn-beijing.aliyuncs.com/static/title/level4.gif\"><span class=\"orange\">学院搬运工</span>",
            "time": "2023-05-28 13:44:07"
        },
        {
            "id": 405,
            "VersionName": "100霸王端歼灭大战系列版本",
            "VersionType": "100版本",
            "view_num": 84,
            "Remark": "<p>链接: https://pan.baidu.com/s/1UZO4V97ByVlnKEqW52atFA?pwd=9vav 提取码: 9vav 复制这段内容后打开百度网盘手机App，操作更方便哦&nbsp;<br />\r\n--来自百度网盘超级会员v5的分享</p>\r\n\r\n<p><img alt=\"\" height=\"180\" src=\"/media/uploads/2023/07/22/image-20230722224247-1.png\" width=\"395\" /></p>",
            "user": "<img height=\"25px\" src=\"https://dafstatic.oss-cn-beijing.aliyuncs.com/static/title/level4.gif\"><span class=\"orange\">学院搬运工</span>",
            "time": "2023-07-22 22:42:50"
        },
        {
            "id": 215,
            "VersionName": "100独家",
            "VersionType": "100版本",
            "view_num": 79,
            "Remark": "<p>链接: https://pan.baidu.com/s/1vAWqvNG84QWPx8SMmNoQhQ?pwd=3qg5 提取码: 3qg5 复制这段内容后打开百度网盘手机App，操作更方便哦&nbsp;<br />\r\n--来自百度网盘超级会员v5的分享</p>",
            "user": "<img height=\"25px\" src=\"https://dafstatic.oss-cn-beijing.aliyuncs.com/static/title/level4.gif\"><span class=\"orange\">学院搬运工</span>",
            "time": "2023-05-28 12:52:32"
        },
        {
            "id": 251,
            "VersionName": "100精修",
            "VersionType": "100版本",
            "view_num": 79,
            "Remark": "<p>链接: https://pan.baidu.com/s/1wWbemR1678Jh0L5U_YYLLA?pwd=pufx 提取码: pufx 复制这段内容后打开百度网盘手机App，操作更方便哦&nbsp;<br />\r\n--来自百度网盘超级会员v5的分享</p>",
            "user": "<img height=\"25px\" src=\"https://dafstatic.oss-cn-beijing.aliyuncs.com/static/title/level4.gif\"><span class=\"orange\">学院搬运工</span>",
            "time": "2023-05-28 13:43:05"
        },
        {
            "id": 217,
            "VersionName": "100太狼群服版",
            "VersionType": "100版本",
            "view_num": 76,
            "Remark": "<p>链接: https://pan.baidu.com/s/1CWmH7BeO7pd6LVkxQEbG9A?pwd=hgmc 提取码: hgmc 复制这段内容后打开百度网盘手机App，操作更方便哦&nbsp;<br />\r\n--来自百度网盘超级会员v5的分享</p>",
            "user": "<img height=\"25px\" src=\"https://dafstatic.oss-cn-beijing.aliyuncs.com/static/title/level4.gif\"><span class=\"orange\">学院搬运工</span>",
            "time": "2023-05-28 12:53:07"
        },
        {
            "id": 264,
            "VersionName": "100西游",
            "VersionType": "100版本",
            "view_num": 75,
            "Remark": "<p>链接: https://pan.baidu.com/s/1do1Cs3tmofQI7giRN0PCIw?pwd=m85e 提取码: m85e 复制这段内容后打开百度网盘手机App，操作更方便哦&nbsp;<br />\r\n--来自百度网盘超级会员v5的分享</p>",
            "user": "<img height=\"25px\" src=\"https://dafstatic.oss-cn-beijing.aliyuncs.com/static/title/level4.gif\"><span class=\"orange\">学院搬运工</span>",
            "time": "2023-05-28 13:46:55"
        },
        {
            "id": 410,
            "VersionName": "100终结审判",
            "VersionType": "100版本",
            "view_num": 74,
            "Remark": "<p>链接: https://pan.baidu.com/s/1dsNHJhswg2fytUZ3agdjWQ?pwd=wnh4 提取码: wnh4 复制这段内容后打开百度网盘手机App，操作更方便哦&nbsp;<br />\r\n--来自百度网盘超级会员v5的分享</p>",
            "user": "<img height=\"25px\" src=\"https://dafstatic.oss-cn-beijing.aliyuncs.com/static/title/level4.gif\"><span class=\"orange\">学院搬运工</span>",
            "time": "2023-07-22 22:44:28"
        },
        {
            "id": 411,
            "VersionName": "100霞光",
            "VersionType": "100版本",
            "view_num": 71,
            "Remark": "<p>链接: https://pan.baidu.com/s/1dsNHJhswg2fytUZ3agdjWQ?pwd=wnh4 提取码: wnh4 复制这段内容后打开百度网盘手机App，操作更方便哦&nbsp;<br />\r\n--来自百度网盘超级会员v5的分享</p>",
            "user": "<img height=\"25px\" src=\"https://dafstatic.oss-cn-beijing.aliyuncs.com/static/title/level4.gif\"><span class=\"orange\">学院搬运工</span>",
            "time": "2023-07-22 22:44:45"
        },
        {
            "id": 209,
            "VersionName": "100魂改真三觉",
            "VersionType": "100版本",
            "view_num": 71,
            "Remark": "<p>链接: https://pan.baidu.com/s/1ZJM5Nx1XkeszoDAV0ZkDRw?pwd=pd4a 提取码: pd4a 复制这段内容后打开百度网盘手机App，操作更方便哦&nbsp;<br />\r\n--来自百度网盘超级会员v5的分享</p>",
            "user": "<img height=\"25px\" src=\"https://dafstatic.oss-cn-beijing.aliyuncs.com/static/title/level4.gif\"><span class=\"orange\">学院搬运工</span>",
            "time": "2023-05-28 12:50:26"
        },
        {
            "id": 223,
            "VersionName": "100天谕奥茨玛",
            "VersionType": "100版本",
            "view_num": 70,
            "Remark": "<p>链接: https://pan.baidu.com/s/1EP0ztIyLmSxwb6Tp_rfm9Q?pwd=y77k 提取码: y77k 复制这段内容后打开百度网盘手机App，操作更方便哦&nbsp;<br />\r\n--来自百度网盘超级会员v5的分享</p>",
            "user": "<img height=\"25px\" src=\"https://dafstatic.oss-cn-beijing.aliyuncs.com/static/title/level4.gif\"><span class=\"orange\">学院搬运工</span>",
            "time": "2023-05-28 12:55:17"
        },
        {
            "id": 261,
            "VersionName": "100长安轩 2",
            "VersionType": "100版本",
            "view_num": 67,
            "Remark": "<p>链接: https://pan.baidu.com/s/1kvT3fBQwrYw2_06rZQLa1w?pwd=pq3b 提取码: pq3b 复制这段内容后打开百度网盘手机App，操作更方便哦&nbsp;<br />\r\n--来自百度网盘超级会员v5的分享</p>",
            "user": "<img height=\"25px\" src=\"https://dafstatic.oss-cn-beijing.aliyuncs.com/static/title/level4.gif\"><span class=\"orange\">学院搬运工</span>",
            "time": "2023-05-28 13:46:04"
        },
        {
            "id": 407,
            "VersionName": "100梦姐",
            "VersionType": "100版本",
            "view_num": 67,
            "Remark": "<p>链接: https://pan.baidu.com/s/1FaDiswTA0vtXCr8YdTeUgQ?pwd=pkeb 提取码: pkeb 复制这段内容后打开百度网盘手机App，操作更方便哦&nbsp;<br />\r\n--来自百度网盘超级会员v5的分享</p>",
            "user": "<img height=\"25px\" src=\"https://dafstatic.oss-cn-beijing.aliyuncs.com/static/title/level4.gif\"><span class=\"orange\">学院搬运工</span>",
            "time": "2023-07-22 22:43:35"
        },
        {
            "id": 218,
            "VersionName": "100星辰大海5.0",
            "VersionType": "100版本",
            "view_num": 67,
            "Remark": "<p>链接: https://pan.baidu.com/s/1FyVJSQuYnYXjryrj2SOphQ?pwd=r1it 提取码: r1it 复制这段内容后打开百度网盘手机App，操作更方便哦&nbsp;<br />\r\n--来自百度网盘超级会员v5的分享</p>",
            "user": "<img height=\"25px\" src=\"https://dafstatic.oss-cn-beijing.aliyuncs.com/static/title/level4.gif\"><span class=\"orange\">学院搬运工</span>",
            "time": "2023-05-28 12:53:39"
        },
        {
            "id": 227,
            "VersionName": "100天涯超变",
            "VersionType": "100版本",
            "view_num": 64,
            "Remark": "<p>链接: https://pan.baidu.com/s/1svYs4IDKJnDwmJy1fmK2jw?pwd=q2ai 提取码: q2ai 复制这段内容后打开百度网盘手机App，操作更方便哦&nbsp;<br />\r\n--来自百度网盘超级会员v5的分享</p>",
            "user": "<img height=\"25px\" src=\"https://dafstatic.oss-cn-beijing.aliyuncs.com/static/title/level4.gif\"><span class=\"orange\">学院搬运工</span>",
            "time": "2023-05-28 12:56:31"
        },
        {
            "id": 269,
            "VersionName": "100柒月希洛克",
            "VersionType": "100版本",
            "view_num": 63,
            "Remark": "<p>链接: https://pan.baidu.com/s/1VnczES75U4h124XI3qzmOg?pwd=y4dk 提取码: y4dk 复制这段内容后打开百度网盘手机App，操作更方便哦&nbsp;<br />\r\n--来自百度网盘超级会员v5的分享</p>",
            "user": "<img height=\"25px\" src=\"https://dafstatic.oss-cn-beijing.aliyuncs.com/static/title/level4.gif\"><span class=\"orange\">学院搬运工</span>",
            "time": "2023-05-28 13:48:23"
        },
        {
            "id": 208,
            "VersionName": "100老友中变",
            "VersionType": "100版本",
            "view_num": 62,
            "Remark": "<p>链接: https://pan.baidu.com/s/1iWFrx3q0NsCN7mBG7JsXMQ?pwd=dvc6 提取码: dvc6 复制这段内容后打开百度网盘手机App，操作更方便哦&nbsp;<br />\r\n--来自百度网盘超级会员v5的分享</p>",
            "user": "<img height=\"25px\" src=\"https://dafstatic.oss-cn-beijing.aliyuncs.com/static/title/level4.gif\"><span class=\"orange\">学院搬运工</span>",
            "time": "2023-05-28 12:50:09"
        },
        {
            "id": 243,
            "VersionName": "100皓月阁",
            "VersionType": "100版本",
            "view_num": 61,
            "Remark": "<p>链接: https://pan.baidu.com/s/12GikuWYHgvohnqm-nq5gpQ?pwd=c83j 提取码: c83j 复制这段内容后打开百度网盘手机App，操作更方便哦&nbsp;<br />\r\n--来自百度网盘超级会员v5的分享</p>",
            "user": "<img height=\"25px\" src=\"https://dafstatic.oss-cn-beijing.aliyuncs.com/static/title/level4.gif\"><span class=\"orange\">学院搬运工</span>",
            "time": "2023-05-28 13:01:51"
        },
        {
            "id": 244,
            "VersionName": "100白龙4.0",
            "VersionType": "100版本",
            "view_num": 54,
            "Remark": "<p>链接: https://pan.baidu.com/s/12hDbMnQFGpxushMyn9LYjA?pwd=uyi6 提取码: uyi6 复制这段内容后打开百度网盘手机App，操作更方便哦&nbsp;<br />\r\n--来自百度网盘超级会员v5的分享</p>",
            "user": "<img height=\"25px\" src=\"https://dafstatic.oss-cn-beijing.aliyuncs.com/static/title/level4.gif\"><span class=\"orange\">学院搬运工</span>",
            "time": "2023-05-28 13:02:15"
        },
        {
            "id": 198,
            "VersionName": "100魂蝶18",
            "VersionType": "100版本",
            "view_num": 53,
            "Remark": "<p>链接: https://pan.baidu.com/s/1TBz6_TlGZB-5cgAMoD-1Ng?pwd=gm98 提取码: gm98 复制这段内容后打开百度网盘手机App，操作更方便哦&nbsp;<br />\r\n--来自百度网盘超级会员v5的分享</p>",
            "user": "<img height=\"25px\" src=\"https://dafstatic.oss-cn-beijing.aliyuncs.com/static/title/level4.gif\"><span class=\"orange\">学院搬运工</span>",
            "time": "2023-05-28 12:40:17"
        },
        {
            "id": 205,
            "VersionName": "100帝皇",
            "VersionType": "100版本",
            "view_num": 53,
            "Remark": "<p>链接: https://pan.baidu.com/s/1JwVPQirp3_OdRbqqtGdM_Q?pwd=5w4m 提取码: 5w4m 复制这段内容后打开百度网盘手机App，操作更方便哦&nbsp;<br />\r\n--来自百度网盘超级会员v5的分享</p>",
            "user": "<img height=\"25px\" src=\"https://dafstatic.oss-cn-beijing.aliyuncs.com/static/title/level4.gif\"><span class=\"orange\">学院搬运工</span>",
            "time": "2023-05-28 12:49:13"
        },
        {
            "id": 246,
            "VersionName": "100雪花",
            "VersionType": "100版本",
            "view_num": 52,
            "Remark": "<p>链接: https://pan.baidu.com/s/1yfPGfv9wdN1QE3NgnIMoNQ?pwd=hh7p 提取码: hh7p 复制这段内容后打开百度网盘手机App，操作更方便哦&nbsp;<br />\r\n--来自百度网盘超级会员v5的分享</p>",
            "user": "<img height=\"25px\" src=\"https://dafstatic.oss-cn-beijing.aliyuncs.com/static/title/level4.gif\"><span class=\"orange\">学院搬运工</span>",
            "time": "2023-05-28 13:02:48"
        },
        {
            "id": 260,
            "VersionName": "100魔界蚀刻",
            "VersionType": "100版本",
            "view_num": 51,
            "Remark": "<p>链接: https://pan.baidu.com/s/19a11uH6tULOll0lxaGxVUA?pwd=fdd4 提取码: fdd4 复制这段内容后打开百度网盘手机App，操作更方便哦&nbsp;<br />\r\n--来自百度网盘超级会员v5的分享</p>",
            "user": "<img height=\"25px\" src=\"https://dafstatic.oss-cn-beijing.aliyuncs.com/static/title/level4.gif\"><span class=\"orange\">学院搬运工</span>",
            "time": "2023-05-28 13:45:48"
        },
        {
            "id": 225,
            "VersionName": "100死神7.21",
            "VersionType": "100版本",
            "view_num": 48,
            "Remark": "<p>链接: https://pan.baidu.com/s/1OI4mM7cPZjKluLSqAkNT4g?pwd=aahk 提取码: aahk 复制这段内容后打开百度网盘手机App，操作更方便哦&nbsp;<br />\r\n--来自百度网盘超级会员v5的分享</p>",
            "user": "<img height=\"25px\" src=\"https://dafstatic.oss-cn-beijing.aliyuncs.com/static/title/level4.gif\"><span class=\"orange\">学院搬运工</span>",
            "time": "2023-05-28 12:55:53"
        },
        {
            "id": 270,
            "VersionName": "100溯源",
            "VersionType": "100版本",
            "view_num": 47,
            "Remark": "<p>链接: https://pan.baidu.com/s/1Gb8FZICss8ZM6eVWrRFCnw?pwd=23dd 提取码: 23dd 复制这段内容后打开百度网盘手机App，操作更方便哦&nbsp;<br />\r\n--来自百度网盘超级会员v5的分享</p>",
            "user": "<img height=\"25px\" src=\"https://dafstatic.oss-cn-beijing.aliyuncs.com/static/title/level4.gif\"><span class=\"orange\">学院搬运工</span>",
            "time": "2023-05-28 13:48:38"
        },
        {
            "id": 255,
            "VersionName": "100全明星",
            "VersionType": "100版本",
            "view_num": 46,
            "Remark": "<p>链接: https://pan.baidu.com/s/17-JRkI1pGAn-MhjeYvRoxQ?pwd=emsn 提取码: emsn 复制这段内容后打开百度网盘手机App，操作更方便哦&nbsp;<br />\r\n--来自百度网盘超级会员v5的分享</p>",
            "user": "<img height=\"25px\" src=\"https://dafstatic.oss-cn-beijing.aliyuncs.com/static/title/level4.gif\"><span class=\"orange\">学院搬运工</span>",
            "time": "2023-05-28 13:44:22"
        },
        {
            "id": 207,
            "VersionName": "100诛仙",
            "VersionType": "100版本",
            "view_num": 44,
            "Remark": "<p>链接: https://pan.baidu.com/s/1tpotw_TAOPpWvynWxvpIow?pwd=8xt8 提取码: 8xt8 复制这段内容后打开百度网盘手机App，操作更方便哦&nbsp;<br />\r\n--来自百度网盘超级会员v5的分享</p>",
            "user": "<img height=\"25px\" src=\"https://dafstatic.oss-cn-beijing.aliyuncs.com/static/title/level4.gif\"><span class=\"orange\">学院搬运工</span>",
            "time": "2023-05-28 12:49:50"
        },
        {
            "id": 235,
            "VersionName": "100天谕",
            "VersionType": "100版本",
            "view_num": 44,
            "Remark": "<p>链接: https://pan.baidu.com/s/1cDV9ynIbFWN4qV5VYwM7rg?pwd=u1g4 提取码: u1g4 复制这段内容后打开百度网盘手机App，操作更方便哦&nbsp;<br />\r\n--来自百度网盘超级会员v5的分享</p>",
            "user": "<img height=\"25px\" src=\"https://dafstatic.oss-cn-beijing.aliyuncs.com/static/title/level4.gif\"><span class=\"orange\">学院搬运工</span>",
            "time": "2023-05-28 12:59:19"
        },
        {
            "id": 204,
            "VersionName": "100椰子3.0",
            "VersionType": "100版本",
            "view_num": 42,
            "Remark": "<p>链接: https://pan.baidu.com/s/1NLcwwqlqFMZCzZnv2pd7FA?pwd=bc4t 提取码: bc4t 复制这段内容后打开百度网盘手机App，操作更方便哦&nbsp;<br />\r\n--来自百度网盘超级会员v5的分享</p>",
            "user": "<img height=\"25px\" src=\"https://dafstatic.oss-cn-beijing.aliyuncs.com/static/title/level4.gif\"><span class=\"orange\">学院搬运工</span>",
            "time": "2023-05-28 12:48:49"
        },
        {
            "id": 234,
            "VersionName": "100天选",
            "VersionType": "100版本",
            "view_num": 41,
            "Remark": "<p>链接: https://pan.baidu.com/s/1jV-ZPYodeBLoTw1hKckuRg?pwd=55kx 提取码: 55kx 复制这段内容后打开百度网盘手机App，操作更方便哦&nbsp;<br />\r\n--来自百度网盘超级会员v5的分享</p>",
            "user": "<img height=\"25px\" src=\"https://dafstatic.oss-cn-beijing.aliyuncs.com/static/title/level4.gif\"><span class=\"orange\">学院搬运工</span>",
            "time": "2023-05-28 12:59:03"
        },
        {
            "id": 248,
            "VersionName": "100熊猫",
            "VersionType": "100版本",
            "view_num": 41,
            "Remark": "<p>链接: https://pan.baidu.com/s/1Of_nzIQ7FVxEjTlQIMg05A?pwd=h4g5 提取码: h4g5 复制这段内容后打开百度网盘手机App，操作更方便哦&nbsp;<br />\n--来自百度网盘超级会员v2的分享</p>",
            "user": "<img height=\"25px\" src=\"https://dafstatic.oss-cn-beijing.aliyuncs.com/static/title/level4.gif\"><span class=\"orange\">学院搬运工</span>",
            "time": "2023-05-28 13:03:40"
        },
        {
            "id": 267,
            "VersionName": "100恩典",
            "VersionType": "100版本",
            "view_num": 38,
            "Remark": "<p>链接: https://pan.baidu.com/s/1W7qnXDL-cTbis8sz70RlZg?pwd=gwh7 提取码: gwh7 复制这段内容后打开百度网盘手机App，操作更方便哦&nbsp;<br />\r\n--来自百度网盘超级会员v5的分享</p>",
            "user": "<img height=\"25px\" src=\"https://dafstatic.oss-cn-beijing.aliyuncs.com/static/title/level4.gif\"><span class=\"orange\">学院搬运工</span>",
            "time": "2023-05-28 13:47:50"
        },
        {
            "id": 229,
            "VersionName": "100至尊宝4.0",
            "VersionType": "100版本",
            "view_num": 38,
            "Remark": "<p>链接: https://pan.baidu.com/s/1H-CAJhYF_AOxJCuK6ceCiA?pwd=tz4n 提取码: tz4n 复制这段内容后打开百度网盘手机App，操作更方便哦&nbsp;<br />\r\n--来自百度网盘超级会员v5的分享</p>",
            "user": "<img height=\"25px\" src=\"https://dafstatic.oss-cn-beijing.aliyuncs.com/static/title/level4.gif\"><span class=\"orange\">学院搬运工</span>",
            "time": "2023-05-28 12:57:22"
        },
        {
            "id": 249,
            "VersionName": "100希洛克",
            "VersionType": "100版本",
            "view_num": 38,
            "Remark": "<p>链接: https://pan.baidu.com/s/1VoUymrQAoiaz40awipm9Fg?pwd=vx3h 提取码: vx3h 复制这段内容后打开百度网盘手机App，操作更方便哦&nbsp;<br />\r\n--来自百度网盘超级会员v5的分享</p>",
            "user": "<img height=\"25px\" src=\"https://dafstatic.oss-cn-beijing.aliyuncs.com/static/title/level4.gif\"><span class=\"orange\">学院搬运工</span>",
            "time": "2023-05-28 13:04:02"
        },
        {
            "id": 268,
            "VersionName": "100蚀刻",
            "VersionType": "100版本",
            "view_num": 37,
            "Remark": "<p>链接: https://pan.baidu.com/s/1McBDiItfQBxU83C-83d9eg?pwd=8sy6 提取码: 8sy6 复制这段内容后打开百度网盘手机App，操作更方便哦&nbsp;<br />\r\n--来自百度网盘超级会员v5的分享</p>",
            "user": "<img height=\"25px\" src=\"https://dafstatic.oss-cn-beijing.aliyuncs.com/static/title/level4.gif\"><span class=\"orange\">学院搬运工</span>",
            "time": "2023-05-28 13:48:09"
        },
        {
            "id": 200,
            "VersionName": "100橙子库",
            "VersionType": "100版本",
            "view_num": 37,
            "Remark": "<p>链接: https://pan.baidu.com/s/17Q9y0_YwXh1INzSKWUK9Rw?pwd=3yda 提取码: 3yda 复制这段内容后打开百度网盘手机App，操作更方便哦&nbsp;<br />\r\n--来自百度网盘超级会员v5的分享</p>",
            "user": "<img height=\"25px\" src=\"https://dafstatic.oss-cn-beijing.aliyuncs.com/static/title/level4.gif\"><span class=\"orange\">学院搬运工</span>",
            "time": "2023-05-28 12:40:57"
        },
        {
            "id": 206,
            "VersionName": "100龙玉无CD",
            "VersionType": "100版本",
            "view_num": 36,
            "Remark": "<p>链接: https://pan.baidu.com/s/1bY4q8bmLv7MuLOg2OSM03Q?pwd=jkwt 提取码: jkwt 复制这段内容后打开百度网盘手机App，操作更方便哦&nbsp;<br />\r\n--来自百度网盘超级会员v5的分享</p>",
            "user": "<img height=\"25px\" src=\"https://dafstatic.oss-cn-beijing.aliyuncs.com/static/title/level4.gif\"><span class=\"orange\">学院搬运工</span>",
            "time": "2023-05-28 12:49:30"
        },
        {
            "id": 222,
            "VersionName": "100月宫",
            "VersionType": "100版本",
            "view_num": 36,
            "Remark": "<p>链接: https://pan.baidu.com/s/1Ln7NFcsIcliqOkIpmIJ0gg?pwd=adp6 提取码: adp6 复制这段内容后打开百度网盘手机App，操作更方便哦&nbsp;<br />\r\n--来自百度网盘超级会员v5的分享</p>",
            "user": "<img height=\"25px\" src=\"https://dafstatic.oss-cn-beijing.aliyuncs.com/static/title/level4.gif\"><span class=\"orange\">学院搬运工</span>",
            "time": "2023-05-28 12:54:58"
        },
        {
            "id": 213,
            "VersionName": "100夜魔",
            "VersionType": "100版本",
            "view_num": 35,
            "Remark": "<p>链接: https://pan.baidu.com/s/19_BZlPBWK5bTJnMmbaVBbA?pwd=xvxi 提取码: xvxi 复制这段内容后打开百度网盘手机App，操作更方便哦&nbsp;<br />\r\n--来自百度网盘超级会员v5的分享</p>",
            "user": "<img height=\"25px\" src=\"https://dafstatic.oss-cn-beijing.aliyuncs.com/static/title/level4.gif\"><span class=\"orange\">学院搬运工</span>",
            "time": "2023-05-28 12:51:55"
        },
        {
            "id": 240,
            "VersionName": "100大聪明2.2",
            "VersionType": "100版本",
            "view_num": 35,
            "Remark": "<p>链接: https://pan.baidu.com/s/1UY_8hkEk88vULMZ4i_1ujg?pwd=vnj9 提取码: vnj9 复制这段内容后打开百度网盘手机App，操作更方便哦&nbsp;<br />\r\n--来自百度网盘超级会员v5的分享</p>",
            "user": "<img height=\"25px\" src=\"https://dafstatic.oss-cn-beijing.aliyuncs.com/static/title/level4.gif\"><span class=\"orange\">学院搬运工</span>",
            "time": "2023-05-28 13:00:53"
        },
        {
            "id": 237,
            "VersionName": "100神王",
            "VersionType": "100版本",
            "view_num": 34,
            "Remark": "<p>链接: https://pan.baidu.com/s/1VaMAYNjQzwaBPpWwF1V_ug?pwd=vgqy 提取码: vgqy 复制这段内容后打开百度网盘手机App，操作更方便哦&nbsp;<br />\r\n--来自百度网盘超级会员v5的分享</p>",
            "user": "<img height=\"25px\" src=\"https://dafstatic.oss-cn-beijing.aliyuncs.com/static/title/level4.gif\"><span class=\"orange\">学院搬运工</span>",
            "time": "2023-05-28 13:00:02"
        },
        {
            "id": 236,
            "VersionName": "100云雪",
            "VersionType": "100版本",
            "view_num": 33,
            "Remark": "<p>链接: https://pan.baidu.com/s/1-dxhNDeMoDdvp2-e_PDVqQ?pwd=ygtn 提取码: ygtn 复制这段内容后打开百度网盘手机App，操作更方便哦&nbsp;<br />\r\n--来自百度网盘超级会员v5的分享</p>",
            "user": "<img height=\"25px\" src=\"https://dafstatic.oss-cn-beijing.aliyuncs.com/static/title/level4.gif\"><span class=\"orange\">学院搬运工</span>",
            "time": "2023-05-28 12:59:36"
        },
        {
            "id": 262,
            "VersionName": "100剑锋",
            "VersionType": "100版本",
            "view_num": 32,
            "Remark": "<p>链接: https://pan.baidu.com/s/1yXdSaaUekCaSMmzbmGVSaQ?pwd=8rui 提取码: 8rui 复制这段内容后打开百度网盘手机App，操作更方便哦&nbsp;<br />\r\n--来自百度网盘超级会员v5的分享</p>",
            "user": "<img height=\"25px\" src=\"https://dafstatic.oss-cn-beijing.aliyuncs.com/static/title/level4.gif\"><span class=\"orange\">学院搬运工</span>",
            "time": "2023-05-28 13:46:21"
        },
        {
            "id": 239,
            "VersionName": "100战神",
            "VersionType": "100版本",
            "view_num": 32,
            "Remark": "<p>链接: https://pan.baidu.com/s/1Yibn2Dfsyj9BIzkXrp58RQ?pwd=ccan 提取码: ccan 复制这段内容后打开百度网盘手机App，操作更方便哦&nbsp;<br />\r\n--来自百度网盘超级会员v5的分享</p>",
            "user": "<img height=\"25px\" src=\"https://dafstatic.oss-cn-beijing.aliyuncs.com/static/title/level4.gif\"><span class=\"orange\">学院搬运工</span>",
            "time": "2023-05-28 13:00:37"
        },
        {
            "id": 263,
            "VersionName": "100羽霞",
            "VersionType": "100版本",
            "view_num": 31,
            "Remark": "<p>链接: https://pan.baidu.com/s/1xV5iMqTeLvYYwnOiQxj-ug?pwd=y335 提取码: y335 复制这段内容后打开百度网盘手机App，操作更方便哦&nbsp;<br />\r\n--来自百度网盘超级会员v5的分享</p>",
            "user": "<img height=\"25px\" src=\"https://dafstatic.oss-cn-beijing.aliyuncs.com/static/title/level4.gif\"><span class=\"orange\">学院搬运工</span>",
            "time": "2023-05-28 13:46:37"
        },
        {
            "id": 214,
            "VersionName": "100神兽",
            "VersionType": "100版本",
            "view_num": 31,
            "Remark": "<p>链接: https://pan.baidu.com/s/1U0VJDHTNQeX9DjDdTDY29A?pwd=xmrp 提取码: xmrp 复制这段内容后打开百度网盘手机App，操作更方便哦&nbsp;<br />\r\n--来自百度网盘超级会员v5的分享</p>",
            "user": "<img height=\"25px\" src=\"https://dafstatic.oss-cn-beijing.aliyuncs.com/static/title/level4.gif\"><span class=\"orange\">学院搬运工</span>",
            "time": "2023-05-28 12:52:17"
        },
        {
            "id": 197,
            "VersionName": "100修罗",
            "VersionType": "100版本",
            "view_num": 30,
            "Remark": "<p>链接: https://pan.baidu.com/s/1awbRrRgKUPvG2HtB1ZjaIw?pwd=hhy2 提取码: hhy2 复制这段内容后打开百度网盘手机App，操作更方便哦&nbsp;<br />\r\n--来自百度网盘超级会员v5的分享</p>",
            "user": "<img height=\"25px\" src=\"https://dafstatic.oss-cn-beijing.aliyuncs.com/static/title/level4.gif\"><span class=\"orange\">学院搬运工</span>",
            "time": "2023-05-28 12:39:37"
        },
        {
            "id": 252,
            "VersionName": "100柏吉",
            "VersionType": "100版本",
            "view_num": 30,
            "Remark": "<p>链接: https://pan.baidu.com/s/1mec1Xe5WL_AkUdAZmt6JLg?pwd=483q 提取码: 483q 复制这段内容后打开百度网盘手机App，操作更方便哦&nbsp;<br />\r\n--来自百度网盘超级会员v5的分享</p>",
            "user": "<img height=\"25px\" src=\"https://dafstatic.oss-cn-beijing.aliyuncs.com/static/title/level4.gif\"><span class=\"orange\">学院搬运工</span>",
            "time": "2023-05-28 13:43:26"
        },
        {
            "id": 203,
            "VersionName": "100星空",
            "VersionType": "100版本",
            "view_num": 29,
            "Remark": "<p>链接: https://pan.baidu.com/s/1GtJ5TNCZwaWNjSfSawyVRw?pwd=nk8m 提取码: nk8m 复制这段内容后打开百度网盘手机App，操作更方便哦&nbsp;<br />\r\n--来自百度网盘超级会员v5的分享</p>",
            "user": "<img height=\"25px\" src=\"https://dafstatic.oss-cn-beijing.aliyuncs.com/static/title/level4.gif\"><span class=\"orange\">学院搬运工</span>",
            "time": "2023-05-28 12:41:59"
        },
        {
            "id": 228,
            "VersionName": "100将臣",
            "VersionType": "100版本",
            "view_num": 29,
            "Remark": "<p>链接: https://pan.baidu.com/s/1Wp8D_-Ap9j8knnmCho9-Uw?pwd=dwfx 提取码: dwfx 复制这段内容后打开百度网盘手机App，操作更方便哦&nbsp;<br />\r\n--来自百度网盘超级会员v5的分享</p>",
            "user": "<img height=\"25px\" src=\"https://dafstatic.oss-cn-beijing.aliyuncs.com/static/title/level4.gif\"><span class=\"orange\">学院搬运工</span>",
            "time": "2023-05-28 12:56:47"
        },
        {
            "id": 241,
            "VersionName": "100天人",
            "VersionType": "100版本",
            "view_num": 29,
            "Remark": "<p>链接: https://pan.baidu.com/s/16K0wufsusGKB_LaDOzQhlg?pwd=mkyy 提取码: mkyy 复制这段内容后打开百度网盘手机App，操作更方便哦&nbsp;<br />\r\n--来自百度网盘超级会员v5的分享</p>",
            "user": "<img height=\"25px\" src=\"https://dafstatic.oss-cn-beijing.aliyuncs.com/static/title/level4.gif\"><span class=\"orange\">学院搬运工</span>",
            "time": "2023-05-28 13:01:12"
        },
        {
            "id": 226,
            "VersionName": "100无双",
            "VersionType": "100版本",
            "view_num": 28,
            "Remark": "<p>链接: https://pan.baidu.com/s/1tnBfPtBX830b6qOtzKIUvg?pwd=7bbn 提取码: 7bbn 复制这段内容后打开百度网盘手机App，操作更方便哦&nbsp;<br />\r\n--来自百度网盘超级会员v5的分享</p>",
            "user": "<img height=\"25px\" src=\"https://dafstatic.oss-cn-beijing.aliyuncs.com/static/title/level4.gif\"><span class=\"orange\">学院搬运工</span>",
            "time": "2023-05-28 12:56:14"
        },
        {
            "id": 233,
            "VersionName": "100无畏网",
            "VersionType": "100版本",
            "view_num": 28,
            "Remark": "<p>链接: https://pan.baidu.com/s/1ky9joV70J_mc2jbfWO3joQ?pwd=3d66 提取码: 3d66 复制这段内容后打开百度网盘手机App，操作更方便哦&nbsp;<br />\r\n--来自百度网盘超级会员v5的分享</p>",
            "user": "<img height=\"25px\" src=\"https://dafstatic.oss-cn-beijing.aliyuncs.com/static/title/level4.gif\"><span class=\"orange\">学院搬运工</span>",
            "time": "2023-05-28 12:58:47"
        },
        {
            "id": 253,
            "VersionName": "100亦心",
            "VersionType": "100版本",
            "view_num": 28,
            "Remark": "<p>链接: https://pan.baidu.com/s/1p9Nm1Bcu8EmHeIO3yhCEYQ?pwd=8vx1 提取码: 8vx1 复制这段内容后打开百度网盘手机App，操作更方便哦&nbsp;<br />\r\n--来自百度网盘超级会员v5的分享</p>",
            "user": "<img height=\"25px\" src=\"https://dafstatic.oss-cn-beijing.aliyuncs.com/static/title/level4.gif\"><span class=\"orange\">学院搬运工</span>",
            "time": "2023-05-28 13:43:47"
        },
        {
            "id": 202,
            "VersionName": "100天堂",
            "VersionType": "100版本",
            "view_num": 27,
            "Remark": "<p>链接: https://pan.baidu.com/s/1VkELnzMKyrrNo2sNFr7mRQ?pwd=ahg1 提取码: ahg1 复制这段内容后打开百度网盘手机App，操作更方便哦&nbsp;<br />\r\n--来自百度网盘超级会员v5的分享</p>",
            "user": "<img height=\"25px\" src=\"https://dafstatic.oss-cn-beijing.aliyuncs.com/static/title/level4.gif\"><span class=\"orange\">学院搬运工</span>",
            "time": "2023-05-28 12:41:40"
        },
        {
            "id": 224,
            "VersionName": "100霸王",
            "VersionType": "100版本",
            "view_num": 27,
            "Remark": "<p>链接: https://pan.baidu.com/s/1fPYydsuaBGVTuYjUrQ6fPg?pwd=5fpr 提取码: 5fpr 复制这段内容后打开百度网盘手机App，操作更方便哦&nbsp;<br />\r\n--来自百度网盘超级会员v5的分享</p>",
            "user": "<img height=\"25px\" src=\"https://dafstatic.oss-cn-beijing.aliyuncs.com/static/title/level4.gif\"><span class=\"orange\">学院搬运工</span>",
            "time": "2023-05-28 12:55:37"
        },
        {
            "id": 230,
            "VersionName": "100畅游",
            "VersionType": "100版本",
            "view_num": 27,
            "Remark": "<p>链接: https://pan.baidu.com/s/19A5KCi1dVA2bD2sp1l0JAg?pwd=5v6f 提取码: 5v6f 复制这段内容后打开百度网盘手机App，操作更方便哦&nbsp;<br />\r\n--来自百度网盘超级会员v5的分享</p>",
            "user": "<img height=\"25px\" src=\"https://dafstatic.oss-cn-beijing.aliyuncs.com/static/title/level4.gif\"><span class=\"orange\">学院搬运工</span>",
            "time": "2023-05-28 12:57:43"
        },
        {
            "id": 219,
            "VersionName": "100龙见",
            "VersionType": "100版本",
            "view_num": 26,
            "Remark": "<p>链接: https://pan.baidu.com/s/1uyEKp6kRJOtcnlkAqQVKpg?pwd=yebi 提取码: yebi 复制这段内容后打开百度网盘手机App，操作更方便哦&nbsp;<br />\r\n--来自百度网盘超级会员v5的分享</p>",
            "user": "<img height=\"25px\" src=\"https://dafstatic.oss-cn-beijing.aliyuncs.com/static/title/level4.gif\"><span class=\"orange\">学院搬运工</span>",
            "time": "2023-05-28 12:53:56"
        }
    ]
}