{
    "total": 22,
    "rows": [
        {
            "id": 306,
            "VersionName": "【十佳版本】忆她APC-重走深渊路85",
            "VersionType": "85版本",
            "view_num": 3086,
            "Remark": "<p>链接: https://pan.baidu.com/s/1oxp6HrBkPxnsTeIBC5-06w?pwd=5etv 提取码: 5etv 复制这段内容后打开百度网盘手机App，操作更方便哦&nbsp;<br />\r\n--来自百度网盘超级会员v5的分享</p>\r\n\r\n<p style=\"text-align:left\"><span style=\"font-size:12pt\"><span style=\"font-family:Calibri\"><strong><span style=\"font-size:10.5000pt\"><span style=\"font-family:Calibri\"><span style=\"color:#0070c0\"><strong>APC<span style=\"font-family:宋体\">系统化重写的诚意</span><span style=\"font-family:Calibri\">85</span><span style=\"font-family:宋体\">版本，极富挑战性的深渊模式，体验老版本组队</span><span style=\"font-family:Calibri\">PVP</span><span style=\"font-family:宋体\">的快感</span></strong></span></span></span></strong></span></span></p>\r\n\r\n<p style=\"text-align:left\"><span style=\"font-size:12pt\"><span style=\"font-family:Calibri\"><span style=\"font-size:10.5000pt\"><span style=\"font-family:Calibri\"><span style=\"color:#000000\">1.<span style=\"font-family:宋体\">以老牛</span><span style=\"font-family:Calibri\">1.6</span><span style=\"font-family:宋体\">经典</span><span style=\"font-family:Calibri\">85</span><span style=\"font-family:宋体\">为蓝本。新增</span><span style=\"font-family:Calibri\">221</span><span style=\"font-family:宋体\">个</span><span style=\"font-family:Calibri\">APC</span><span style=\"font-family:宋体\">，深渊派对</span><span style=\"font-family:Calibri\">APC</span><span style=\"font-family:宋体\">大幅度改版</span></span></span></span></span></span></p>\r\n\r\n<p style=\"text-align:left\"><span style=\"font-size:12pt\"><span style=\"font-family:Calibri\"><span style=\"font-size:10.5000pt\"><span style=\"background-color:#ffffff\"><span style=\"font-family:Calibri\"><span style=\"color:#333333\">2.<span style=\"font-family:宋体\">总计</span><span style=\"font-family:Calibri\">132</span><span style=\"font-family:宋体\">个高智商，高水平</span><span style=\"font-family:Calibri\">APC</span><span style=\"font-family:宋体\">，新增自行设计的</span><span style=\"font-family:Calibri\">Ai</span><span style=\"font-family:宋体\">行为，挑战性极强的游戏体验</span></span></span></span></span></span></span></p>\r\n\r\n<p style=\"text-align:left\"><span style=\"font-size:12pt\"><span style=\"font-family:Calibri\"><span style=\"font-size:10.5000pt\"><span style=\"background-color:#ffffff\"><span style=\"font-family:Calibri\"><span style=\"color:#333333\">3.<span style=\"font-family:宋体\">还原经典深渊所有</span><span style=\"font-family:Calibri\">APC</span><span style=\"font-family:宋体\">，特殊深渊兵器依旧在特殊人物身上掉落</span></span></span></span></span></span></span></p>\r\n\r\n<p style=\"text-align:left\"><span style=\"font-size:12pt\"><span style=\"font-family:Calibri\"><span style=\"font-size:10.5000pt\"><span style=\"background-color:#ffffff\"><span style=\"font-family:Calibri\"><span style=\"color:#333333\">4.<span style=\"font-family:宋体\">商城新增</span><span style=\"font-family:Calibri\">75</span><span style=\"font-family:宋体\">页礼包，火罐</span><span style=\"font-family:Calibri\">/</span><span style=\"font-family:宋体\">爱丽丝新增</span><span style=\"font-family:Calibri\">56</span><span style=\"font-family:宋体\">个可召唤</span><span style=\"font-family:Calibri\">APC</span><span style=\"font-family:宋体\">，协助玩家共斗深渊模式</span></span></span></span></span></span></span></p>\r\n\r\n<p style=\"text-align:left\"><span style=\"font-size:12pt\"><span style=\"font-family:Calibri\"><span style=\"font-size:10.5000pt\"><span style=\"background-color:#ffffff\"><span style=\"font-family:Calibri\"><span style=\"color:#333333\">5.<span style=\"font-family:宋体\">附魔</span><span style=\"font-family:Calibri\">+</span><span style=\"font-family:宋体\">宠物系统改版，更多的策略性选择，详情于凯丽和奥兰奶奶处</span></span></span></span></span></span></span></p>\r\n\r\n<p style=\"text-align:left\"><span style=\"font-size:12pt\"><span style=\"font-family:Calibri\"><a href=\"https://tieba.baidu.com/p/6613117270\"><strong><u><span style=\"font-size:12.0000pt\"><span style=\"background-color:#ffffff\"><span style=\"font-family:Calibri\"><span style=\"color:#ff00df\"><strong><u><span style=\"font-family:宋体\">感谢原作者：忆她</span></u></strong></span></span></span></span></u></strong></a></span></span></p>",
            "user": "<img height=\"25px\" src=\"https://dafstatic.oss-cn-beijing.aliyuncs.com/static/title/level4.gif\"><span class=\"orange\">学院搬运工</span>",
            "time": "2023-06-22 10:08:59"
        },
        {
            "id": 574,
            "VersionName": "1031清风一体端-----超牛底板<span style='margin-left: 2px;padding-left: 16px;color: blue;text-align: center;background: url(/static/images/msg.png) no-repeat; center' title='回复'>5</span>",
            "VersionType": "85版本",
            "view_num": 1937,
            "Remark": "<p>链接: https://pan.baidu.com/s/1YKOuvzYe62Dha_BqGloknQ 提取码: v3ib 复制这段内容后打开百度网盘手机App，操作更方便哦</p>\n\n<p>&nbsp;</p>\n\n<p>&nbsp;</p>\n\n<p>直接食用<img alt=\"smiley\" height=\"23\" src=\"https://daf.linglonger.com/static/ckeditor/ckeditor/plugins/smiley/images/regular_smile.png\" title=\"smiley\" width=\"23\" /></p>",
            "user": "<img height=\"25px\" src=\"\">长青",
            "time": "2024-05-09 11:08:13"
        },
        {
            "id": 151,
            "VersionName": "1031_影子85极致防官<span style='margin-left: 2px;padding-left: 16px;color: blue;text-align: center;background: url(/static/images/msg.png) no-repeat; center' title='回复'>2</span>",
            "VersionType": "85版本",
            "view_num": 1521,
            "Remark": "<p>链接: https://pan.baidu.com/s/1E19aDIYyt2Wt-VKW3pwbXQ?pwd=buht 提取码: buht 复制这段内容后打开百度网盘手机App，操作更方便哦</p>",
            "user": "<img height=\"25px\" src=\"https://dafstatic.oss-cn-beijing.aliyuncs.com/static/title/level4.gif\"><span class=\"orange\">学院搬运工</span>",
            "time": "2023-05-21 21:34:56"
        },
        {
            "id": 540,
            "VersionName": "【昴昴九】昴昴九·2024·梦开始的地方·最终章<span style='margin-left: 2px;padding-left: 16px;color: blue;text-align: center;background: url(/static/images/msg.png) no-repeat; center' title='回复'>2</span>",
            "VersionType": "85版本",
            "view_num": 1517,
            "Remark": "<p>【昴昴九】昴昴九&middot;2024&middot;梦开始的地方&middot;最终章</p>\r\n\r\n<p>https://www.iopq.net/thread-17125364-1-1.html</p>\r\n\r\n<p>&nbsp;</p>\r\n\r\n<p>&nbsp;</p>\r\n\r\n<p>&nbsp;</p>",
            "user": "<img height=\"25px\" src=\"\">昴昴九",
            "time": "2024-01-30 21:48:10"
        },
        {
            "id": 514,
            "VersionName": "巴恩85<span style='margin-left: 2px;padding-left: 16px;color: blue;text-align: center;background: url(/static/images/msg.png) no-repeat; center' title='回复'>1</span>",
            "VersionType": "85版本",
            "view_num": 957,
            "Remark": "<p>链接：https://pan.baidu.com/s/1xV6HclogfO8NhiJ0tdsJYw?pwd=lmi1&nbsp;<br />\n提取码：lmi1</p>",
            "user": "<img height=\"25px\" src=\"\">牛牛好痒",
            "time": "2023-12-17 08:53:40"
        },
        {
            "id": 16,
            "VersionName": "85老牛",
            "VersionType": "85版本",
            "view_num": 952,
            "Remark": "<p>链接: https://pan.baidu.com/s/1t7TW-CnSDHPRalG3DyLj1Q?pwd=qens 提取码: qens 复制这段内容后打开百度网盘手机App，操作更方便哦</p>",
            "user": "<img height=\"25px\" src=\"https://dafstatic.oss-cn-beijing.aliyuncs.com/static/title/level4.gif\"><span class=\"orange\">学院搬运工</span>",
            "time": "2023-05-11 21:22:53"
        },
        {
            "id": 2,
            "VersionName": "85清风<span style='margin-left: 2px;padding-left: 16px;color: blue;text-align: center;background: url(/static/images/msg.png) no-repeat; center' title='回复'>1</span>",
            "VersionType": "85版本",
            "view_num": 901,
            "Remark": "<p>链接: https://pan.baidu.com/s/1ircNJm1VVHwaw3znSU2sOQ?pwd=8xkv 提取码: 8xkv 复制这段内容后打开百度网盘手机App，操作更方便哦</p>",
            "user": "<img height=\"25px\" src=\"https://dafstatic.oss-cn-beijing.aliyuncs.com/static/title/level4.gif\"><span class=\"orange\">学院搬运工</span>",
            "time": "2023-05-11 21:16:36"
        },
        {
            "id": 17,
            "VersionName": "85龙鸣",
            "VersionType": "85版本",
            "view_num": 600,
            "Remark": "<p>链接: https://pan.baidu.com/s/1bo_pkm1-oKCYw4cgvP3Ncg?pwd=mv9v 提取码: mv9v 复制这段内容后打开百度网盘手机App，操作更方便哦</p>",
            "user": "<img height=\"25px\" src=\"https://dafstatic.oss-cn-beijing.aliyuncs.com/static/title/level4.gif\"><span class=\"orange\">学院搬运工</span>",
            "time": "2023-05-11 21:23:11"
        },
        {
            "id": 19,
            "VersionName": "85忆她深渊APC终极强化版<span style='margin-left: 2px;padding-left: 16px;color: blue;text-align: center;background: url(/static/images/msg.png) no-repeat; center' title='回复'>1</span>",
            "VersionType": "85版本",
            "view_num": 473,
            "Remark": "<p>链接: https://pan.baidu.com/s/1z_7c_cQU7WHd7oOufYOqyg?pwd=wj1f 提取码: wj1f 复制这段内容后打开百度网盘手机App，操作更方便哦</p>",
            "user": "<img height=\"25px\" src=\"https://dafstatic.oss-cn-beijing.aliyuncs.com/static/title/level4.gif\"><span class=\"orange\">学院搬运工</span>",
            "time": "2023-05-11 21:23:58"
        },
        {
            "id": 23,
            "VersionName": "胖虎85神迹<span style='margin-left: 2px;padding-left: 16px;color: blue;text-align: center;background: url(/static/images/msg.png) no-repeat; center' title='回复'>3</span>",
            "VersionType": "85版本",
            "view_num": 313,
            "Remark": "<p>链接: https://pan.baidu.com/s/1Whm76jqDh7fPkldNBIzxYg?pwd=vftr 提取码: vftr 复制这段内容后打开百度网盘手机App，操作更方便哦</p>",
            "user": "<img height=\"25px\" src=\"https://dafstatic.oss-cn-beijing.aliyuncs.com/static/title/level4.gif\"><span class=\"orange\">学院搬运工</span>",
            "time": "2023-05-11 21:25:27"
        },
        {
            "id": 24,
            "VersionName": "怼怼自改85复古版<span style='margin-left: 2px;padding-left: 16px;color: blue;text-align: center;background: url(/static/images/msg.png) no-repeat; center' title='回复'>1</span>",
            "VersionType": "85版本",
            "view_num": 263,
            "Remark": "<p>链接: https://pan.baidu.com/s/104jsmLOsw4ToeE2b83FL7A?pwd=bqek 提取码: bqek 复制这段内容后打开百度网盘手机App，操作更方便哦</p>",
            "user": "<img height=\"25px\" src=\"https://dafstatic.oss-cn-beijing.aliyuncs.com/static/title/level4.gif\"><span class=\"orange\">学院搬运工</span>",
            "time": "2023-05-11 21:25:49"
        },
        {
            "id": 588,
            "VersionName": "游蝶网单DOF单机版85黑金版全职业二觉女鬼剑E2/E3异界巴卡尔",
            "VersionType": "85版本",
            "view_num": 259,
            "Remark": "<p>夸克链接：https://pan.quark.cn/s/89c217a76bfa<br />\n提取码：V4uk<br />\n&mdash;&mdash;&mdash;&mdash;&mdash;&mdash;&mdash;&mdash;&mdash;&mdash;&mdash;&mdash;&mdash;&mdash;&mdash;&mdash;&mdash;&mdash;&mdash;&mdash;&mdash;&mdash;&mdash;&mdash;&mdash;&mdash;&mdash;&mdash;&mdash;&mdash;&mdash;&mdash;&mdash;&mdash;&mdash;<br />\n百度链接：https://pan.baidu.com/s/1cCj-fqja2-UdmwCKWLBKHw<br />\n提取码：dci8<br />\n&ndash;来自百度网盘超级会员V6的分享<br />\n&mdash;&mdash;&mdash;&mdash;&mdash;&mdash;&mdash;&mdash;&mdash;&mdash;&mdash;&mdash;&mdash;&mdash;&mdash;&mdash;&mdash;&mdash;&mdash;&mdash;&mdash;&mdash;&mdash;&mdash;&mdash;&mdash;&mdash;&mdash;&mdash;&mdash;&mdash;&mdash;&mdash;&mdash;&mdash;<br />\n其他解压码：<br />\n&mdash;&mdash;&mdash;&mdash;&mdash;&mdash;&mdash;&mdash;&mdash;&mdash;&mdash;&mdash;&mdash;&mdash;&mdash;&mdash;&mdash;&mdash;&mdash;&mdash;&mdash;&mdash;&mdash;&mdash;&mdash;&mdash;&mdash;&mdash;&mdash;&mdash;&mdash;&mdash;&mdash;&mdash;&mdash;<br />\n【解压密码】：www.ydwgames.com<br />\n【如果有工具教程的解压密码就用这个】：ydwgame<br />\n【如有其他解压密码，请在文件夹内或者帖子介绍处细心查看】<br />\n&mdash;&mdash;&mdash;&mdash;&mdash;&mdash;&mdash;&mdash;&mdash;&mdash;&mdash;&mdash;&mdash;&mdash;&mdash;&mdash;&mdash;&mdash;&mdash;&mdash;&mdash;&mdash;&mdash;&mdash;&mdash;&mdash;&mdash;&mdash;&mdash;&mdash;&mdash;-</p>",
            "user": "<img height=\"25px\" src=\"\">蜜雪冰王",
            "time": "2024-06-10 18:01:13"
        },
        {
            "id": 21,
            "VersionName": "85斩龙",
            "VersionType": "85版本",
            "view_num": 194,
            "Remark": "<p>链接: https://pan.baidu.com/s/1mZghU34LmR5O5KNrNulnMQ?pwd=ipsd 提取码: ipsd 复制这段内容后打开百度网盘手机App，操作更方便哦</p>",
            "user": "<img height=\"25px\" src=\"https://dafstatic.oss-cn-beijing.aliyuncs.com/static/title/level4.gif\"><span class=\"orange\">学院搬运工</span>",
            "time": "2023-05-11 21:24:38"
        },
        {
            "id": 18,
            "VersionName": "85三国<span style='margin-left: 2px;padding-left: 16px;color: blue;text-align: center;background: url(/static/images/msg.png) no-repeat; center' title='回复'>1</span>",
            "VersionType": "85版本",
            "view_num": 144,
            "Remark": "<p>链接: https://pan.baidu.com/s/1POikujb1__VDz4yybzW5nQ?pwd=f72f 提取码: f72f 复制这段内容后打开百度网盘手机App，操作更方便哦</p>",
            "user": "<img height=\"25px\" src=\"https://dafstatic.oss-cn-beijing.aliyuncs.com/static/title/level4.gif\"><span class=\"orange\">学院搬运工</span>",
            "time": "2023-05-11 21:23:34"
        },
        {
            "id": 20,
            "VersionName": "85影子<span style='margin-left: 2px;padding-left: 16px;color: blue;text-align: center;background: url(/static/images/msg.png) no-repeat; center' title='回复'>2</span>",
            "VersionType": "85版本",
            "view_num": 133,
            "Remark": "<p>链接: https://pan.baidu.com/s/1vxJ4yEzRKbMqErgq1E3J2g?pwd=sv8t 提取码: sv8t 复制这段内容后打开百度网盘手机App，操作更方便哦</p>",
            "user": "<img height=\"25px\" src=\"https://dafstatic.oss-cn-beijing.aliyuncs.com/static/title/level4.gif\"><span class=\"orange\">学院搬运工</span>",
            "time": "2023-05-11 21:24:19"
        },
        {
            "id": 13,
            "VersionName": "85工业革命",
            "VersionType": "85版本",
            "view_num": 117,
            "Remark": "<p>链接: https://pan.baidu.com/s/1jldY1eHtw3N7VNNsCYftJA?pwd=gu8m 提取码: gu8m 复制这段内容后打开百度网盘手机App，操作更方便哦</p>",
            "user": "<img height=\"25px\" src=\"https://dafstatic.oss-cn-beijing.aliyuncs.com/static/title/level4.gif\"><span class=\"orange\">学院搬运工</span>",
            "time": "2023-05-11 21:21:51"
        },
        {
            "id": 25,
            "VersionName": "85狗熊（格斗新生）<span style='margin-left: 2px;padding-left: 16px;color: blue;text-align: center;background: url(/static/images/msg.png) no-repeat; center' title='回复'>2</span>",
            "VersionType": "85版本",
            "view_num": 109,
            "Remark": "<p>链接: https://pan.baidu.com/s/1HXsxXaQcvYIRnCPexfcSCg?pwd=28g2 提取码: 28g2 复制这段内容后打开百度网盘手机App，操作更方便哦</p>",
            "user": "<img height=\"25px\" src=\"https://dafstatic.oss-cn-beijing.aliyuncs.com/static/title/level4.gif\"><span class=\"orange\">学院搬运工</span>",
            "time": "2023-05-11 21:26:20"
        },
        {
            "id": 10,
            "VersionName": "85APC版本<span style='margin-left: 2px;padding-left: 16px;color: blue;text-align: center;background: url(/static/images/msg.png) no-repeat; center' title='回复'>3</span>",
            "VersionType": "85版本",
            "view_num": 95,
            "Remark": "<p>链接: https://pan.baidu.com/s/1lFogYAg5_shgntvciULyQw?pwd=8p3r 提取码: 8p3r 复制这段内容后打开百度网盘手机App，操作更方便哦</p>",
            "user": "<img height=\"25px\" src=\"https://dafstatic.oss-cn-beijing.aliyuncs.com/static/title/level4.gif\"><span class=\"orange\">学院搬运工</span>",
            "time": "2023-05-11 21:20:36"
        },
        {
            "id": 12,
            "VersionName": "85达文西<span style='margin-left: 2px;padding-left: 16px;color: blue;text-align: center;background: url(/static/images/msg.png) no-repeat; center' title='回复'>1</span>",
            "VersionType": "85版本",
            "view_num": 94,
            "Remark": "<p>链接: https://pan.baidu.com/s/1EdgLNtnF6qPYMh1STmgDPA?pwd=zqnu 提取码: zqnu 复制这段内容后打开百度网盘手机App，操作更方便哦</p>",
            "user": "<img height=\"25px\" src=\"https://dafstatic.oss-cn-beijing.aliyuncs.com/static/title/level4.gif\"><span class=\"orange\">学院搬运工</span>",
            "time": "2023-05-11 21:21:12"
        },
        {
            "id": 22,
            "VersionName": "85真紫<span style='margin-left: 2px;padding-left: 16px;color: blue;text-align: center;background: url(/static/images/msg.png) no-repeat; center' title='回复'>1</span>",
            "VersionType": "85版本",
            "view_num": 65,
            "Remark": "<p>链接: https://pan.baidu.com/s/1YwZytH_-Uje02q9mRrGFWQ?pwd=dgr1 提取码: dgr1 复制这段内容后打开百度网盘手机App，操作更方便哦</p>",
            "user": "<img height=\"25px\" src=\"https://dafstatic.oss-cn-beijing.aliyuncs.com/static/title/level4.gif\"><span class=\"orange\">学院搬运工</span>",
            "time": "2023-05-11 21:25:05"
        },
        {
            "id": 15,
            "VersionName": "85黑天<span style='margin-left: 2px;padding-left: 16px;color: blue;text-align: center;background: url(/static/images/msg.png) no-repeat; center' title='回复'>1</span>",
            "VersionType": "85版本",
            "view_num": 61,
            "Remark": "<p>链接: https://pan.baidu.com/s/1iTW3xIuRRMaPGJJAk5fq6g?pwd=7vyj 提取码: 7vyj 复制这段内容后打开百度网盘手机App，操作更方便哦</p>",
            "user": "<img height=\"25px\" src=\"https://dafstatic.oss-cn-beijing.aliyuncs.com/static/title/level4.gif\"><span class=\"orange\">学院搬运工</span>",
            "time": "2023-05-11 21:22:34"
        },
        {
            "id": 11,
            "VersionName": "85菜菜3.0<span style='margin-left: 2px;padding-left: 16px;color: blue;text-align: center;background: url(/static/images/msg.png) no-repeat; center' title='回复'>1</span>",
            "VersionType": "85版本",
            "view_num": 59,
            "Remark": "<p>链接: https://pan.baidu.com/s/1_9qF5G5G0TKZRUsR-6hLkQ?pwd=s43c 提取码: s43c 复制这段内容后打开百度网盘手机App，操作更方便哦</p>",
            "user": "<img height=\"25px\" src=\"https://dafstatic.oss-cn-beijing.aliyuncs.com/static/title/level4.gif\"><span class=\"orange\">学院搬运工</span>",
            "time": "2023-05-11 21:20:55"
        }
    ]
}