{
    "total": 74,
    "rows": [
        {
            "id": 300,
            "VersionName": "山河86复古修改<span style='margin-left: 2px;padding-left: 16px;color: blue;text-align: center;background: url(/static/images/msg.png) no-repeat; center' title='回复'>18</span>",
            "VersionType": "86版本",
            "view_num": 8454,
            "Remark": "<p>链接:&nbsp;<img alt=\"\" src=\"file:///C:\\Users\\Administrator\\AppData\\Roaming\\Tencent\\QQTempSys\\%W@GJ$ACOF(TYDYECOKVDYB.png\" />https://pan.baidu.com/s/1XXJvt8EShDC2af1uxNLYzg?pwd=dk8w&nbsp;提取码:&nbsp;dk8w&nbsp;复制这段内容后打开百度网盘手机App，操作更方便哦&nbsp;<br />\n--来自百度网盘超级会员v1的分享<br />\n&nbsp;</p>",
            "user": "<img height=\"25px\" src=\"\">初夏",
            "time": "2023-06-05 14:15:11"
        },
        {
            "id": 154,
            "VersionName": "稻香86（不限速下载）<span style='margin-left: 2px;padding-left: 16px;color: blue;text-align: center;background: url(/static/images/msg.png) no-repeat; center' title='回复'>2</span>",
            "VersionType": "86版本",
            "view_num": 4573,
            "Remark": "<p>https://www.123pan.com/s/tJCtVv-cULEH.html</p>\n\n<p>提取码:MIaT</p>\n",
            "user": "<img height=\"25px\" src=\"https://dafstatic.oss-cn-beijing.aliyuncs.com/static/title/level4.gif\"><span class=\"orange\">学院搬运工</span>",
            "time": "2023-05-25 12:48:41"
        },
        {
            "id": 446,
            "VersionName": "朝暮1031自改一体包（@珏珏子）<span style='margin-left: 2px;padding-left: 16px;color: blue;text-align: center;background: url(/static/images/msg.png) no-repeat; center' title='回复'>6</span>",
            "VersionType": "86版本",
            "view_num": 3910,
            "Remark": "<p>链接: https://pan.baidu.com/s/1JKcuCLqL8qo-bzX8I156Aw?pwd=fy3t 提取码: fy3t 复制这段内容后打开百度网盘手机App，操作更方便哦&nbsp;<br />\r\n--来自百度网盘超级会员v5的分享</p>\r\n\r\n<p>首先我用的豹佬的朝暮2.5含dp插件，覆盖清风一体端，在服务端添加dp，相当于朝暮开了镶嵌<br />\r\n修改了一些内容完全脱离gm<br />\r\n最近玩的刃影和剑宗<br />\r\n所以单独做了优化，比如鬼缚钉全图范围，剑宗短精调整，异界套略微加强，白金徽章重做适合特色，钝宗的幻剑术+雷鸣，短宗的短精+魔剑奥义，刃影的心斩+耀夜<br />\r\n拆分还原白字，朝暮原板白字用nut通和了<br />\r\n修复cd装备不生效<br />\r\n给大部分时装光环武器幻化开孔<br />\r\n还有一些其他更新内容<br />\r\n这个dp要先出五国再跑 ，不是出五国就能进游戏</p>\r\n\r\n<p><img alt=\"\" height=\"677\" src=\"/media/uploads/2023/07/27/image-20230727174332-2.png\" width=\"600\" /></p>\r\n\r\n<p><img alt=\"\" height=\"449\" src=\"/media/uploads/2023/07/27/image-20230727174400-3.png\" width=\"600\" /></p>\r\n\r\n<p><img alt=\"\" height=\"444\" src=\"/media/uploads/2023/07/27/image-20230727174436-4.png\" width=\"800\" /></p>\r\n\r\n<p><img alt=\"\" height=\"242\" src=\"/media/uploads/2023/07/27/image-20230727174455-5.png\" width=\"500\" /></p>\r\n\r\n<p>&nbsp;</p>\r\n\r\n<p>&nbsp;</p>",
            "user": "<img height=\"25px\" src=\"https://dafstatic.oss-cn-beijing.aliyuncs.com/static/title/level4.gif\"><span class=\"orange\">学院搬运工</span>",
            "time": "2023-07-27 17:45:38"
        },
        {
            "id": 492,
            "VersionName": "价值3000的初心精修<span style='margin-left: 2px;padding-left: 16px;color: blue;text-align: center;background: url(/static/images/msg.png) no-repeat; center' title='回复'>1</span>",
            "VersionType": "86版本",
            "view_num": 3560,
            "Remark": "<p>链接: https://pan.baidu.com/s/1yGEXCU3Nue_QNv6cj62mhg?pwd=m6f5 提取码: m6f5 复制这段内容后打开百度网盘手机App，操作更方便哦&nbsp;<br />\r\n--来自百度网盘超级会员v5的分享</p>",
            "user": "<img height=\"25px\" src=\"\">懒王机器人",
            "time": "2023-09-29 03:24:02"
        },
        {
            "id": 508,
            "VersionName": "朝暮3.0重制版（by守着她）<span style='margin-left: 2px;padding-left: 16px;color: blue;text-align: center;background: url(/static/images/msg.png) no-repeat; center' title='回复'>5</span>",
            "VersionType": "86版本",
            "view_num": 2548,
            "Remark": "<p>&nbsp;</p>\r\n\r\n<p><span style=\"color:#e74c3c\"><strong>链接：</strong></span></p>\r\n\r\n<p>链接: https://pan.baidu.com/s/1RExpRqpHQqQ-GQL2XrFNcg?pwd=ptd2 提取码: ptd2 复制这段内容后打开百度网盘手机App，操作更方便哦&nbsp;<br />\r\n--来自百度网盘超级会员v5的分享</p>\r\n\r\n<p>1、<br />\r\n朝暮3.0基于朝暮2.7，进行了大量内容删除，重新优化各方面内容，旨在减少版本闪退掉线、使内容更贴近于86仿官版本。<br />\r\n朝暮版本始终秉持着稳定、流畅、bug少的方向。<br />\r\n<br />\r\n2、装备篇<br />\r\n【删除了异界勇者品质装备，保留异界套装】<br />\r\n【删除了85版本以上的所有装备】<br />\r\n【部分史诗装备效果有所修改，例如手搓光剑不是真手搓】<br />\r\n【装备获取参考86版本怎么获取，朝暮就怎么获取】<br />\r\n【光环在凯丽的商店直接买】<br />\r\n【宠物需要做奥兰的任务，然后在奥兰商店兑换】<br />\r\n【称号抽赛丽亚魔盒，并且赛丽亚魔盒内只有称号】<br />\r\n【龙袍需要用合成器合成。女鬼剑没有时装、只有透明和龙袍（女鬼的龙袍是透明装扮，仅有特效没有外观）】<br />\r\n【武器装扮在商城购买】<br />\r\n【宠物装备刷月光酒馆的公会副本直接爆，异界属性加成、种类极多，大多修过的】<br />\r\n【版本内异常类装备造成的异常状态等级调整为130级，安徒恩副本也吃异常状态】<br />\r\n【版本内增加属强的宝珠有一定的说法，如果后续你自己增加了新的宝珠，这个宝珠有属强属性，建议搜一下版本内的老的属强宝珠怎么写的，不然会出现伤害异常】<br />\r\n<br />\r\n<br />\r\n3、副本篇<br />\r\n【副本内容仅到安徒恩，安徒恩之后的副本全部删除】<br />\r\n【月轮山副本可以获取强烈的气息】<br />\r\n【安徒恩副本没有搬僵尸的那个boss，其它boss机制没啥问题】<br />\r\n【镇魂曲副本可以获取传说装备和强力宝珠、传说装备为可以交易、并且为魔法封印状态】<br />\r\n【没有守护者祭坛和勇者之塔这类副本】<br />\r\n【副本难度比较贴近国服，一身+10红字也能打的动】<br />\r\n<br />\r\n4、nut篇<br />\r\n【3.0重制了附加伤害算法，默认附加伤害就能吃最高的属强<br />\r\n附加伤害的属强加成衰减算法如下<br />\r\n最终附加伤害=附加伤害/100*（1+最高属强/（200+最高属强/10））<br />\r\n重制后的附加伤害，跟国服的属性附加伤害有一点区别，无法完全还原国服那样的曲线提升，但也差不多<br />\r\n具体算法写法见sqr/common.nut文件（不建议自己修改，容易出现修改以后伤害异常的情况。比如修改后，实际造成的伤害跟字体显示的伤害不一致）】<br />\r\n<br />\r\n【新增了两个伤害类型、攻击强化和最终伤害，这两个类型之间乘算，得出的结果再与附加伤害加算。<br />\r\n附加伤害与角色造成的伤害乘算，详情见sqr/common.nut文件】<br />\r\n<br />\r\n【伤害字体仍是剑圣字体，自己在原有基础上进行了一定的修改，使字体显示更加美观、并且适配附加伤害，附加伤害显示额外1条小字伤害，不同装备的附加伤害合并计算汇总显示为一条小字，不是神迹字体那样的每一项附加伤害都额外显示一条小字】<br />\r\n<br />\r\n【角色方面仅额外添加缔造者改的女鬼剑士】<br />\r\n【技能方面为全职业主动二觉，和部分职业的二觉被动，被动二觉一般为改变技能效果没有增伤】<br />\r\n<br />\r\n【有一些便利性的nut<br />\r\n全职业技能柔化被动<br />\r\n怪物百分比血条显示<br />\r\nboss无法控制、无敌状态显示<br />\r\n】<br />\r\n<br />\r\n5、【魔法封印】<br />\r\n只有传说装备才能进行魔法封印解封，并且解开封印以后无法重新封印<br />\r\n魔法封印的所有随机词条全部重写过，极品属性的传说装备洗出来甚至比史诗装备更强<br />\r\n魔法封印详情见&lsquo;附件1&rsquo;<br />\r\n<br />\r\n以上内容基本介绍完朝暮3.0的大致框架了，没有过多的额外的玩法，但麻雀虽小，五脏俱全。<br />\r\n该有的基本都有，并且稳定、流畅方面远超其它版本，无论对于萌新小白、亦或是小团体，都是不二之选，可以自己开发特色玩法，又不用担心各种版本五花八门，这点不如意，那点不如意，自己从零开始又头大</p>",
            "user": "<img height=\"25px\" src=\"https://dafstatic.oss-cn-beijing.aliyuncs.com/static/title/level6.gif\"><span class=\"rainbow\">玲珑</span>",
            "time": "2023-12-01 10:51:17"
        },
        {
            "id": 504,
            "VersionName": "某碟86级益宏2.0女鬼剑完善版本<span style='margin-left: 2px;padding-left: 16px;color: blue;text-align: center;background: url(/static/images/msg.png) no-repeat; center' title='回复'>1</span>",
            "VersionType": "86版本",
            "view_num": 2261,
            "Remark": "<p>链接: https://pan.baidu.com/s/1xBtn31x39zuckHmBwrhu2w?pwd=ub5z 提取码: ub5z 复制这段内容后打开百度网盘手机App，操作更方便哦&nbsp;<br />\r\n--来自百度网盘超级会员v5的分享</p>\r\n\r\n<p>解压密码： ydwgame&nbsp;</p>",
            "user": "<img height=\"25px\" src=\"\">得鹿梦为鱼",
            "time": "2023-10-26 16:19:25"
        },
        {
            "id": 545,
            "VersionName": "茶服<span style='margin-left: 2px;padding-left: 16px;color: blue;text-align: center;background: url(/static/images/msg.png) no-repeat; center' title='回复'>4</span>",
            "VersionType": "86版本",
            "view_num": 1965,
            "Remark": "<p>链接: https://pan.baidu.com/s/1wKZS8Q4qGCoLVj1eofWJKw?pwd=7u3e 提取码: 7u3e 复制这段内容后打开百度网盘手机App，操作更方便哦&nbsp;<br />\r\n--来自百度网盘超级会员v5的分享</p>",
            "user": "<img height=\"25px\" src=\"\">神尘",
            "time": "2024-03-12 22:35:33"
        },
        {
            "id": 538,
            "VersionName": "86烟火全套<span style='margin-left: 2px;padding-left: 16px;color: blue;text-align: center;background: url(/static/images/msg.png) no-repeat; center' title='回复'>3</span>",
            "VersionType": "86版本",
            "view_num": 1811,
            "Remark": "<p>链接：https://pan.baidu.com/s/17kJubmJAI1Ht8FmLIyMVuQ?pwd=xy00&nbsp;<br />\n提取码：xy00</p>",
            "user": "<img height=\"25px\" src=\"\">会飞的驴",
            "time": "2024-01-22 13:11:08"
        },
        {
            "id": 505,
            "VersionName": "空服86<span style='margin-left: 2px;padding-left: 16px;color: blue;text-align: center;background: url(/static/images/msg.png) no-repeat; center' title='回复'>1</span>",
            "VersionType": "86版本",
            "view_num": 1700,
            "Remark": "<p>链接: https://pan.baidu.com/s/1Q7hx3mAirYkkws6P72MwdQ?pwd=r81d 提取码: r81d 复制这段内容后打开百度网盘手机App，操作更方便哦&nbsp;<br />\r\n--来自百度网盘超级会员v5的分享</p>",
            "user": "<img height=\"25px\" src=\"https://dafstatic.oss-cn-beijing.aliyuncs.com/static/title/level6.gif\"><span class=\"rainbow\">玲珑</span>",
            "time": "2023-11-06 14:45:44"
        },
        {
            "id": 599,
            "VersionName": "聚梦全套<span style='margin-left: 2px;padding-left: 16px;color: blue;text-align: center;background: url(/static/images/msg.png) no-repeat; center' title='回复'>4</span>",
            "VersionType": "86版本",
            "view_num": 1674,
            "Remark": "<p>链接：https://pan.baidu.com/s/1FAB-L4-NQL8NKKwvwQDccQ?pwd=ae0n&nbsp;<br />\n提取码：ae0n&nbsp;<br />\n--来自百度网盘超级会员V5的分享</p>",
            "user": "<img height=\"25px\" src=\"\">十年",
            "time": "2024-06-29 14:44:00"
        },
        {
            "id": 31,
            "VersionName": "86朝暮",
            "VersionType": "86版本",
            "view_num": 1590,
            "Remark": "<p>链接: https://pan.baidu.com/s/1FNAcFMno7rucc9fzIXIXLg?pwd=836p 提取码: 836p 复制这段内容后打开百度网盘手机App，操作更方便哦</p>",
            "user": "<img height=\"25px\" src=\"https://dafstatic.oss-cn-beijing.aliyuncs.com/static/title/level4.gif\"><span class=\"orange\">学院搬运工</span>",
            "time": "2023-05-11 21:29:22"
        },
        {
            "id": 542,
            "VersionName": "86风花雪月带忍者<span style='margin-left: 2px;padding-left: 16px;color: blue;text-align: center;background: url(/static/images/msg.png) no-repeat; center' title='回复'>1</span>",
            "VersionType": "86版本",
            "view_num": 1581,
            "Remark": "<p>链接: https://pan.baidu.com/s/19ig-8dAmbfU-YokiVPOwww?pwd=86t8 提取码: 86t8 复制这段内容后打开百度网盘手机App，操作更方便哦&nbsp;<br />\r\n--来自百度网盘超级会员v5的分享</p>",
            "user": "<img height=\"25px\" src=\"\">会飞的驴",
            "time": "2024-02-06 20:54:17"
        },
        {
            "id": 497,
            "VersionName": "破界86，可升级至100<span style='margin-left: 2px;padding-left: 16px;color: blue;text-align: center;background: url(/static/images/msg.png) no-repeat; center' title='回复'>6</span>",
            "VersionType": "86版本",
            "view_num": 1564,
            "Remark": "<p>攻略:&nbsp;https://docs.qq.com/doc/DVUVHclNSQ1VhbU5M</p>\r\n\r\n<p>链接: https://pan.baidu.com/s/1gf0Olc6zbdhmKnOUy7Bbrg?pwd=3cfm 提取码: 3cfm 复制这段内容后打开百度网盘手机App，操作更方便哦&nbsp;<br />\r\n--来自百度网盘超级会员v5的分享</p>",
            "user": "<img height=\"25px\" src=\"\">小八",
            "time": "2023-10-05 17:51:03"
        },
        {
            "id": 333,
            "VersionName": "86山河2.0<span style='margin-left: 2px;padding-left: 16px;color: blue;text-align: center;background: url(/static/images/msg.png) no-repeat; center' title='回复'>1</span>",
            "VersionType": "86版本",
            "view_num": 1418,
            "Remark": "<p>链接: https://pan.baidu.com/s/1aUVEsxz_YkSPQx3Vg-H0iA?pwd=rm9k 提取码: rm9k 复制这段内容后打开百度网盘手机App，操作更方便哦&nbsp;<br />\r\n--来自百度网盘超级会员v5的分享</p>\r\n\r\n<p><br />\r\n2023-09-02更新</p>\r\n\r\n<p>链接: https://pan.baidu.com/s/1skIPrsJIHtdRnpJ9MiMRQw?pwd=igub 提取码: igub 复制这段内容后打开百度网盘手机App，操作更方便哦&nbsp;<br />\r\n--来自百度网盘超级会员v3的分享</p>\r\n\r\n<pre>\r\n<code>更新，增加了异界\r\n\r\n加了异界宝珠，传说灵石，怎么爽怎么来\r\n修复了N多bug\r\n以及上次发帖大家提出的还未发现的闪退问题</code></pre>\r\n\r\n<p><img alt=\"\" height=\"551\" src=\"/media/uploads/2023/07/07/image-20230707101316-1.png\" width=\"400\" /></p>",
            "user": "<img height=\"25px\" src=\"https://dafstatic.oss-cn-beijing.aliyuncs.com/static/title/level6.gif\"><span class=\"rainbow\">玲珑</span>",
            "time": "2023-07-07 09:50:06"
        },
        {
            "id": 556,
            "VersionName": "86英雄无敌精修<span style='margin-left: 2px;padding-left: 16px;color: blue;text-align: center;background: url(/static/images/msg.png) no-repeat; center' title='回复'>1</span>",
            "VersionType": "86版本",
            "view_num": 1383,
            "Remark": "<p>链接：https://pan.baidu.com/s/1JkIJf25zwQyfCSDQ-ZvTBQ?pwd=xy00&nbsp;<br />\n提取码：xy00&nbsp;</p>",
            "user": "<img height=\"25px\" src=\"\">会飞的驴",
            "time": "2024-03-29 15:42:33"
        },
        {
            "id": 509,
            "VersionName": "沫沫86（贴吧分享：据说是买的不知真假）<span style='margin-left: 2px;padding-left: 16px;color: blue;text-align: center;background: url(/static/images/msg.png) no-repeat; center' title='回复'>2</span>",
            "VersionType": "86版本",
            "view_num": 1373,
            "Remark": "<p>链接: https://pan.baidu.com/s/1EmxFPEufH2S0hVx51urQqA?pwd=rtap 提取码: rtap 复制这段内容后打开百度网盘手机App，操作更方便哦&nbsp;<br />\r\n--来自百度网盘超级会员v5的分享</p>",
            "user": "<img height=\"25px\" src=\"https://dafstatic.oss-cn-beijing.aliyuncs.com/static/title/level6.gif\"><span class=\"rainbow\">玲珑</span>",
            "time": "2023-12-11 21:09:25"
        },
        {
            "id": 568,
            "VersionName": "福神86",
            "VersionType": "86版本",
            "view_num": 1359,
            "Remark": "<p>链接: https://pan.baidu.com/s/1_qvEmsAP_cRk_oZ9Qx8tqw?pwd=am46 提取码: am46 复制这段内容后打开百度网盘手机App，操作更方便哦&nbsp;<br />\r\n--来自百度网盘超级会员v5的分享</p>\r\n\r\n<p><img alt=\"\" height=\"469\" src=\"/media/uploads/2024/04/22/image-20240422143524-1.png\" width=\"431\" /></p>",
            "user": "<img height=\"25px\" src=\"https://dafstatic.oss-cn-beijing.aliyuncs.com/static/title/level4.gif\"><span class=\"orange\">学院搬运工</span>",
            "time": "2024-04-22 14:34:47"
        },
        {
            "id": 152,
            "VersionName": "【自改璀璨】虚拟一体端（by 希尔的守护）",
            "VersionType": "86版本",
            "view_num": 1350,
            "Remark": "<p>链接: https://pan.baidu.com/s/1oJfxUWDRTExCdck3KdpJtg?pwd=s3e5 提取码: s3e5 复制这段内容后打开百度网盘手机App，操作更方便哦&nbsp;<br />\r\n--来自百度网盘超级会员v5的分享</p>",
            "user": "<img height=\"25px\" src=\"https://dafstatic.oss-cn-beijing.aliyuncs.com/static/title/level4.gif\"><span class=\"orange\">学院搬运工</span>",
            "time": "2023-05-24 22:48:25"
        },
        {
            "id": 534,
            "VersionName": "86雷光（学员@查分享）<span style='margin-left: 2px;padding-left: 16px;color: blue;text-align: center;background: url(/static/images/msg.png) no-repeat; center' title='回复'>3</span>",
            "VersionType": "86版本",
            "view_num": 1215,
            "Remark": "<p>链接: https://pan.baidu.com/s/1oY5ay9_eI4-IbYICVB8ZIQ?pwd=pc6u 提取码: pc6u 复制这段内容后打开百度网盘手机App，操作更方便哦&nbsp;<br />\r\n--来自百度网盘超级会员v5的分享</p>",
            "user": "<img height=\"25px\" src=\"https://dafstatic.oss-cn-beijing.aliyuncs.com/static/title/level6.gif\"><span class=\"rainbow\">玲珑</span>",
            "time": "2024-01-21 21:59:35"
        },
        {
            "id": 39,
            "VersionName": "86老牛",
            "VersionType": "86版本",
            "view_num": 1180,
            "Remark": "<p>链接: https://pan.baidu.com/s/1jOIb3nXotug9n_lctsXwOQ?pwd=qkem 提取码: qkem 复制这段内容后打开百度网盘手机App，操作更方便哦</p>",
            "user": "<img height=\"25px\" src=\"https://dafstatic.oss-cn-beijing.aliyuncs.com/static/title/level4.gif\"><span class=\"orange\">学院搬运工</span>",
            "time": "2023-05-11 21:33:35"
        },
        {
            "id": 62,
            "VersionName": "幻想乡快餐版86<span style='margin-left: 2px;padding-left: 16px;color: blue;text-align: center;background: url(/static/images/msg.png) no-repeat; center' title='回复'>2</span>",
            "VersionType": "86版本",
            "view_num": 1180,
            "Remark": "<p>链接: https://pan.baidu.com/s/1v-aHP4WTG3gGWxZt-V7pKQ?pwd=2znb 提取码: 2znb 复制这段内容后打开百度网盘手机App，操作更方便哦</p>\n",
            "user": "<img height=\"25px\" src=\"https://dafstatic.oss-cn-beijing.aliyuncs.com/static/title/level4.gif\"><span class=\"orange\">学院搬运工</span>",
            "time": "2023-05-11 21:42:51"
        },
        {
            "id": 575,
            "VersionName": "从零开始大转移",
            "VersionType": "86版本",
            "view_num": 1083,
            "Remark": "<p>链接：https://pan.baidu.com/s/1Gj5wNUuXnKuHrZPoQB0Asw?pwd=c8dr&nbsp;<br />\n提取码：c8dr&nbsp;<br />\n--来自百度网盘超级会员V4的分享</p>\n\n<p>&nbsp;</p>\n\n<p>&nbsp;</p>",
            "user": "<img height=\"25px\" src=\"\">柜子",
            "time": "2024-05-13 11:48:43"
        },
        {
            "id": 596,
            "VersionName": "幻灭86",
            "VersionType": "86版本",
            "view_num": 909,
            "Remark": "<p>链接: https://pan.baidu.com/s/16L9FY1ivRiHNkjrxIe_3Kw?pwd=yfii 提取码: yfii 复制这段内容后打开百度网盘手机App，操作更方便哦&nbsp;<br />\r\n--来自百度网盘超级会员v5的分享</p>",
            "user": "<img height=\"25px\" src=\"\">001",
            "time": "2024-06-24 12:00:38"
        },
        {
            "id": 606,
            "VersionName": "稻香3.0",
            "VersionType": "86版本",
            "view_num": 873,
            "Remark": "<p>链接：https://pan.baidu.com/s/1fxZAiv43i2OqSdIR6H6p1g?pwd=q4ef&nbsp;<br />\n提取码：q4ef&nbsp;<br />\n--来自百度网盘超级会员V4的分享</p>\n\n<p><img alt=\"\" height=\"161\" src=\"https://dafstatic.oss-cn-beijing.aliyuncs.com/static/image/2024/7/2/2v17n5qdYEVXQfjzKl5J.png\" width=\"745\" /></p>",
            "user": "<img height=\"25px\" src=\"https://dafstatic.oss-cn-beijing.aliyuncs.com/static/title/level2.gif\">门卫大爷",
            "time": "2024-07-02 18:50:32"
        },
        {
            "id": 138,
            "VersionName": "86 镜花水月（代【@随心所欲】上传）<span style='margin-left: 2px;padding-left: 16px;color: blue;text-align: center;background: url(/static/images/msg.png) no-repeat; center' title='回复'>1</span>",
            "VersionType": "86版本",
            "view_num": 809,
            "Remark": "<p>版本链接：https://pan.baidu.com/s/15KjVNA0-r3r-et64NY3xsA?pwd=43kZ&amp;_client_version=12.39.7.2</p>\n\n<p>提取码：43kZ&nbsp;</p>\n",
            "user": "<img height=\"25px\" src=\"https://dafstatic.oss-cn-beijing.aliyuncs.com/static/title/level4.gif\"><span class=\"orange\">学院搬运工</span>",
            "time": "2023-05-14 20:26:21"
        },
        {
            "id": 61,
            "VersionName": "86朝暮版本自改",
            "VersionType": "86版本",
            "view_num": 787,
            "Remark": "<p>链接: https://pan.baidu.com/s/1M1J0y9eROBk49NEvTrEmcA?pwd=e4g6 提取码: e4g6 复制这段内容后打开百度网盘手机App，操作更方便哦</p>",
            "user": "<img height=\"25px\" src=\"https://dafstatic.oss-cn-beijing.aliyuncs.com/static/title/level4.gif\"><span class=\"orange\">学院搬运工</span>",
            "time": "2023-05-11 21:42:22"
        },
        {
            "id": 605,
            "VersionName": "光迹86 四女圣合金",
            "VersionType": "86版本",
            "view_num": 723,
            "Remark": "<p>链接：https://pan.baidu.com/s/13gJRrRIKrb3gZDNqbdEflw?pwd=8888&nbsp;<br />\n提取码：8888&nbsp;<br />\n--来自百度网盘超级会员V3的分享</p>",
            "user": "<img height=\"25px\" src=\"\">雷神科技",
            "time": "2024-07-02 13:06:40"
        },
        {
            "id": 593,
            "VersionName": "游蝶网单DOF86炫金单机版男/女鬼剑5职业一二觉主/被动柔化巴卡尔",
            "VersionType": "86版本",
            "view_num": 711,
            "Remark": "<p>&mdash;&mdash;&mdash;&mdash;&mdash;&mdash;&mdash;&mdash;&mdash;&mdash;&mdash;&mdash;&mdash;&mdash;&mdash;&mdash;&mdash;&mdash;&mdash;&mdash;&mdash;&mdash;&mdash;&mdash;&mdash;&mdash;&mdash;&mdash;&mdash;&mdash;&mdash;-<br />\n夸克我链接：https://pan.quark.cn/s/3cfac7aa7b34<br />\n提取码：fNQw<br />\n&mdash;&mdash;&mdash;&mdash;&mdash;&mdash;&mdash;&mdash;&mdash;&mdash;&mdash;&mdash;&mdash;&mdash;&mdash;&mdash;&mdash;&mdash;&mdash;&mdash;&mdash;&mdash;&mdash;&mdash;&mdash;&mdash;&mdash;&mdash;&mdash;&mdash;&mdash;&mdash;&mdash;&mdash;&mdash;<br />\n百度链接：https://pan.baidu.com/s/13u6vF0sEBZVspB3Nt9JLTw<br />\n提取码：408c<br />\n&ndash;来自百度网盘超级会员V6的分享<br />\n&mdash;&mdash;&mdash;&mdash;&mdash;&mdash;&mdash;&mdash;&mdash;&mdash;&mdash;&mdash;&mdash;&mdash;&mdash;&mdash;&mdash;&mdash;&mdash;&mdash;&mdash;&mdash;&mdash;&mdash;&mdash;&mdash;&mdash;&mdash;&mdash;&mdash;&mdash;&mdash;&mdash;&mdash;&mdash;<br />\n迅雷链接：https://pan.xunlei.com/s/VNxX5yy53G3cALJX2mIDNtL-A1#<br />\n提取码：trep<br />\n复制这段内容后打开手机迅雷App，查看更方便<br />\n&mdash;&mdash;&mdash;&mdash;&mdash;&mdash;&mdash;&mdash;&mdash;&mdash;&mdash;&mdash;&mdash;&mdash;&mdash;&mdash;&mdash;&mdash;&mdash;&mdash;&mdash;&mdash;&mdash;&mdash;&mdash;&mdash;&mdash;&mdash;&mdash;&mdash;&mdash;&mdash;&mdash;&mdash;&mdash;<br />\n其他解压码：<br />\n&mdash;&mdash;&mdash;&mdash;&mdash;&mdash;&mdash;&mdash;&mdash;&mdash;&mdash;&mdash;&mdash;&mdash;&mdash;&mdash;&mdash;&mdash;&mdash;&mdash;&mdash;&mdash;&mdash;&mdash;&mdash;&mdash;&mdash;&mdash;&mdash;&mdash;&mdash;&mdash;&mdash;&mdash;&mdash;<br />\n【解压密码】：www.ydwgames.com<br />\n【如果有工具教程的解压密码就用这个】：ydwgame<br />\n【如有其他解压密码，请在文件夹内或者帖子介绍处细心查看】<br />\n&mdash;&mdash;&mdash;&mdash;&mdash;&mdash;&mdash;&mdash;&mdash;&mdash;&mdash;&mdash;&mdash;&mdash;&mdash;&mdash;&mdash;&mdash;&mdash;&mdash;&mdash;&mdash;&mdash;&mdash;&mdash;&mdash;&mdash;&mdash;&mdash;&mdash;&mdash;-</p>",
            "user": "<img height=\"25px\" src=\"\">蜜雪冰王",
            "time": "2024-06-11 04:17:19"
        },
        {
            "id": 491,
            "VersionName": "86三绝版本",
            "VersionType": "86版本",
            "view_num": 687,
            "Remark": "<p>链接：https://pan.baidu.com/s/17SkMVF9zRvGeEJGwJqdbBQ?pwd=8888&nbsp;<br />\n提取码：8888&nbsp;<br />\n&nbsp;</p>",
            "user": "<img height=\"25px\" src=\"\">懒王机器人",
            "time": "2023-09-29 03:23:00"
        },
        {
            "id": 584,
            "VersionName": "游蝶86黑金单机版11版女鬼剑5职业魔枪士3职业徽章镶嵌幻化护石<span style='margin-left: 2px;padding-left: 16px;color: blue;text-align: center;background: url(/static/images/msg.png) no-repeat; center' title='回复'>4</span>",
            "VersionType": "86版本",
            "view_num": 666,
            "Remark": "<p>&mdash;&mdash;&mdash;&mdash;&mdash;&mdash;&mdash;&mdash;&mdash;&mdash;&mdash;&mdash;&mdash;&mdash;&mdash;&mdash;&mdash;&mdash;&mdash;&mdash;&mdash;&mdash;&mdash;&mdash;&mdash;&mdash;&mdash;&mdash;&mdash;&mdash;&mdash;-<br />\n夸克链接：https://pan.quark.cn/s/7b5c10848cdb<br />\n提取码：g1it<br />\n&mdash;&mdash;&mdash;&mdash;&mdash;&mdash;&mdash;&mdash;&mdash;&mdash;&mdash;&mdash;&mdash;&mdash;&mdash;&mdash;&mdash;&mdash;&mdash;&mdash;&mdash;&mdash;&mdash;&mdash;&mdash;&mdash;&mdash;&mdash;&mdash;&mdash;&mdash;&mdash;&mdash;&mdash;&mdash;<br />\n百度链接：https://pan.baidu.com/s/1LnRUkv6dZySQodS6sxSA7g<br />\n提取码：otys<br />\n&ndash;来自百度网盘超级会员V7的分享<br />\n&mdash;&mdash;&mdash;&mdash;&mdash;&mdash;&mdash;&mdash;&mdash;&mdash;&mdash;&mdash;&mdash;&mdash;&mdash;&mdash;&mdash;&mdash;&mdash;&mdash;&mdash;&mdash;&mdash;&mdash;&mdash;&mdash;&mdash;&mdash;&mdash;&mdash;&mdash;&mdash;&mdash;&mdash;&mdash;<img alt=\"\" src=\"http://www.leyxk.com/data/attachment/forum/202405/27/184741yuu3r5rvweupbbxz.jpg\" /><br />\n其他解压码：<br />\n&mdash;&mdash;&mdash;&mdash;&mdash;&mdash;&mdash;&mdash;&mdash;&mdash;&mdash;&mdash;&mdash;&mdash;&mdash;&mdash;&mdash;&mdash;&mdash;&mdash;&mdash;&mdash;&mdash;&mdash;&mdash;&mdash;&mdash;&mdash;&mdash;&mdash;&mdash;&mdash;&mdash;&mdash;&mdash;<br />\n【解压密码】：www.ydwgames.com<br />\n【如果有工具教程的解压密码就用这个】：ydwgame<br />\n【如有其他解压密码，请在文件夹内或者帖子介绍处细心查看】<br />\n&mdash;&mdash;&mdash;&mdash;&mdash;&mdash;&mdash;&mdash;&mdash;&mdash;&mdash;&mdash;&mdash;&mdash;&mdash;&mdash;&mdash;&mdash;&mdash;&mdash;&mdash;&mdash;&mdash;&mdash;&mdash;&mdash;&mdash;&mdash;&mdash;&mdash;&mdash;-<img alt=\"\" src=\"http://www.leyxk.com/data/attachment/forum/202405/27/184741yuu3r5rvweupbbxz.jpg\" /></p>\n",
            "user": "<img height=\"25px\" src=\"\">蜜雪冰王",
            "time": "2024-06-08 04:58:48"
        },
        {
            "id": 525,
            "VersionName": "86同学版本",
            "VersionType": "86版本",
            "view_num": 543,
            "Remark": "<p>链接：https://pan.baidu.com/s/1Zbj5_g-TzGmBzYi0FhLsnA&nbsp;<br />\n提取码：kopg</p>",
            "user": "<img height=\"25px\" src=\"\">索大大",
            "time": "2024-01-16 15:44:09"
        },
        {
            "id": 63,
            "VersionName": "快乐86精修<span style='margin-left: 2px;padding-left: 16px;color: blue;text-align: center;background: url(/static/images/msg.png) no-repeat; center' title='回复'>2</span>",
            "VersionType": "86版本",
            "view_num": 537,
            "Remark": "<p>链接: https://pan.baidu.com/s/19Iavg947qv-QKE-EWtOnOA?pwd=2rb2 提取码: 2rb2 复制这段内容后打开百度网盘手机App，操作更方便哦</p>",
            "user": "<img height=\"25px\" src=\"https://dafstatic.oss-cn-beijing.aliyuncs.com/static/title/level4.gif\"><span class=\"orange\">学院搬运工</span>",
            "time": "2023-05-11 21:43:09"
        },
        {
            "id": 49,
            "VersionName": "86独家版本",
            "VersionType": "86版本",
            "view_num": 533,
            "Remark": "<p>链接: https://pan.baidu.com/s/1TOFE4OSsv_tEVXz4XpZcmw?pwd=bk44 提取码: bk44 复制这段内容后打开百度网盘手机App，操作更方便哦</p>",
            "user": "<img height=\"25px\" src=\"https://dafstatic.oss-cn-beijing.aliyuncs.com/static/title/level4.gif\"><span class=\"orange\">学院搬运工</span>",
            "time": "2023-05-11 21:37:35"
        },
        {
            "id": 153,
            "VersionName": "【自改璀璨】-有持续更新（by charlie63328）",
            "VersionType": "86版本",
            "view_num": 525,
            "Remark": "<p>链接: https://pan.baidu.com/s/1GNruwoB9zYPEcL0OXItH9w?pwd=pk1i 提取码: pk1i 复制这段内容后打开百度网盘手机App，操作更方便哦</p>\r\n\r\n<p>&nbsp;</p>\r\n\r\n<p><img alt=\"\" height=\"585\" src=\"/media/uploads/2023/05/24/image-20230524225949-1.png\" width=\"832\" /></p>\r\n\r\n<p><img alt=\"\" height=\"238\" src=\"/media/uploads/2023/05/24/image-20230524230006-2.png\" width=\"218\" /><img alt=\"\" height=\"171\" src=\"/media/uploads/2023/05/24/image-20230524230012-3.png\" width=\"361\" /><img alt=\"\" height=\"434\" src=\"/media/uploads/2023/05/24/image-20230524230019-4.png\" width=\"313\" /></p>\r\n\r\n<p><img alt=\"\" height=\"451\" src=\"/media/uploads/2023/05/24/image-20230524230024-5.png\" width=\"246\" /><img alt=\"\" height=\"405\" src=\"/media/uploads/2023/05/24/image-20230524230031-6.png\" width=\"357\" /><img alt=\"\" height=\"261\" src=\"/media/uploads/2023/05/24/image-20230524230145-13.png\" width=\"264\" /></p>\r\n\r\n<p><img alt=\"\" height=\"211\" src=\"/media/uploads/2023/05/24/image-20230524230037-7.png\" width=\"271\" /><img alt=\"\" height=\"231\" src=\"/media/uploads/2023/05/24/image-20230524230043-8.png\" width=\"277\" /><img alt=\"\" height=\"229\" src=\"/media/uploads/2023/05/24/image-20230524230049-9.png\" width=\"260\" /></p>\r\n\r\n<p><img alt=\"\" height=\"512\" src=\"/media/uploads/2023/05/24/image-20230524230100-10.png\" width=\"317\" /><img alt=\"\" height=\"269\" src=\"/media/uploads/2023/05/24/image-20230524230107-11.png\" width=\"233\" /><img alt=\"\" height=\"280\" src=\"/media/uploads/2023/05/24/image-20230524230113-12.png\" width=\"233\" /></p>\r\n\r\n<p><img alt=\"\" height=\"249\" src=\"/media/uploads/2023/05/24/image-20230524230153-14.png\" width=\"284\" /></p>",
            "user": "<img height=\"25px\" src=\"https://dafstatic.oss-cn-beijing.aliyuncs.com/static/title/level4.gif\"><span class=\"orange\">学院搬运工</span>",
            "time": "2023-05-24 22:50:29"
        },
        {
            "id": 562,
            "VersionName": "不胜舟86版本-未修复bug",
            "VersionType": "86版本",
            "view_num": 519,
            "Remark": "<p>链接：https://pan.baidu.com/s/1VpFx07eJ23vqHQJXWqzXfQ?pwd=htmv&nbsp;<br />\n提取码：htmv&nbsp;<br />\n--来自百度网盘超级会员V2的分享</p>\n\n<p>&nbsp;</p>\n\n<p>此版本有bug&nbsp; 个人能力有限未修复&nbsp; 放出来给大家自己修复</p>",
            "user": "<img height=\"25px\" src=\"\">初夏",
            "time": "2024-04-05 15:15:33"
        },
        {
            "id": 26,
            "VersionName": "86安图恩",
            "VersionType": "86版本",
            "view_num": 446,
            "Remark": "<p>链接: https://pan.baidu.com/s/1Xazrt8OPyOHzh3h0XtblTw?pwd=b1fa 提取码: b1fa 复制这段内容后打开百度网盘手机App，操作更方便哦</p>",
            "user": "<img height=\"25px\" src=\"https://dafstatic.oss-cn-beijing.aliyuncs.com/static/title/level4.gif\"><span class=\"orange\">学院搬运工</span>",
            "time": "2023-05-11 21:26:45"
        },
        {
            "id": 490,
            "VersionName": "86独家普雷",
            "VersionType": "86版本",
            "view_num": 443,
            "Remark": "<p>链接：https://pan.baidu.com/s/17X2DGvCpcT-77s-XjJr-PQ?pwd=8888&nbsp;<br />\n提取码：8888&nbsp;<br />\n&nbsp;</p>",
            "user": "<img height=\"25px\" src=\"\">懒王机器人",
            "time": "2023-09-29 03:22:22"
        },
        {
            "id": 493,
            "VersionName": "86摸鱼",
            "VersionType": "86版本",
            "view_num": 390,
            "Remark": "<p>链接：https://pan.baidu.com/s/1V-exYpBMYX7rbIKurnOMLw?pwd=8888&nbsp;<br />\n提取码：8888&nbsp;<br />\n--来自百度网盘超级会员V3的分享</p>",
            "user": "<img height=\"25px\" src=\"\">懒王机器人",
            "time": "2023-09-29 03:24:54"
        },
        {
            "id": 590,
            "VersionName": "游蝶网单DOF86咒术回战超变单机版咒力装备超变爆装多种皮肤时装光环<span style='margin-left: 2px;padding-left: 16px;color: blue;text-align: center;background: url(/static/images/msg.png) no-repeat; center' title='回复'>1</span>",
            "VersionType": "86版本",
            "view_num": 349,
            "Remark": "<p>&mdash;&mdash;&mdash;&mdash;&mdash;&mdash;&mdash;&mdash;&mdash;&mdash;&mdash;&mdash;&mdash;&mdash;&mdash;&mdash;&mdash;&mdash;&mdash;&mdash;&mdash;&mdash;&mdash;&mdash;&mdash;&mdash;&mdash;&mdash;&mdash;&mdash;&mdash;-<br />\n夸克链接：https://pan.quark.cn/s/0c94aa49787a<br />\n提取码：BqbA<br />\n&mdash;&mdash;&mdash;&mdash;&mdash;&mdash;&mdash;&mdash;&mdash;&mdash;&mdash;&mdash;&mdash;&mdash;&mdash;&mdash;&mdash;&mdash;&mdash;&mdash;&mdash;&mdash;&mdash;&mdash;&mdash;&mdash;&mdash;&mdash;&mdash;&mdash;&mdash;&mdash;&mdash;&mdash;&mdash;<br />\n百度链接：https://pan.baidu.com/s/19zdSUzJ_SDJQhTt2FvaU9Q<br />\n提取码：8892<br />\n&ndash;来自百度网盘超级会员V7的分享<br />\n&mdash;&mdash;&mdash;&mdash;&mdash;&mdash;&mdash;&mdash;&mdash;&mdash;&mdash;&mdash;&mdash;&mdash;&mdash;&mdash;&mdash;&mdash;&mdash;&mdash;&mdash;&mdash;&mdash;&mdash;&mdash;&mdash;&mdash;&mdash;&mdash;&mdash;&mdash;&mdash;&mdash;&mdash;&mdash;<br />\n其他解压码：<br />\n&mdash;&mdash;&mdash;&mdash;&mdash;&mdash;&mdash;&mdash;&mdash;&mdash;&mdash;&mdash;&mdash;&mdash;&mdash;&mdash;&mdash;&mdash;&mdash;&mdash;&mdash;&mdash;&mdash;&mdash;&mdash;&mdash;&mdash;&mdash;&mdash;&mdash;&mdash;&mdash;&mdash;&mdash;&mdash;<br />\n【解压密码】：www.ydwgames.com<br />\n【如果有工具教程的解压密码就用这个】：ydwgame<br />\n【如有其他解压密码，请在文件夹内或者帖子介绍处细心查看】<br />\n&mdash;&mdash;&mdash;&mdash;&mdash;&mdash;&mdash;&mdash;&mdash;&mdash;&mdash;&mdash;&mdash;&mdash;&mdash;&mdash;&mdash;&mdash;&mdash;&mdash;&mdash;&mdash;&mdash;&mdash;&mdash;&mdash;&mdash;&mdash;&mdash;&mdash;&mdash;-</p>",
            "user": "<img height=\"25px\" src=\"\">蜜雪冰王",
            "time": "2024-06-11 04:13:02"
        },
        {
            "id": 489,
            "VersionName": "86带二觉",
            "VersionType": "86版本",
            "view_num": 335,
            "Remark": "<p>链接：https://pan.baidu.com/s/1YgfnFLnoFvcgrgT48Tp8WQ?pwd=8888&nbsp;<br />\n提取码：8888&nbsp;<br />\n&nbsp;</p>",
            "user": "<img height=\"25px\" src=\"\">懒王机器人",
            "time": "2023-09-29 03:21:44"
        },
        {
            "id": 298,
            "VersionName": "86山河23.5.25",
            "VersionType": "86版本",
            "view_num": 320,
            "Remark": "<p>链接: https://pan.baidu.com/s/1O4S1MpML9kX_igLM5dLncg?pwd=ac5e 提取码: ac5e 复制这段内容后打开百度网盘手机App，操作更方便哦&nbsp;<br />\r\n--来自百度网盘超级会员v5的分享</p>",
            "user": "<img height=\"25px\" src=\"https://dafstatic.oss-cn-beijing.aliyuncs.com/static/title/level4.gif\"><span class=\"orange\">学院搬运工</span>",
            "time": "2023-05-29 11:23:07"
        },
        {
            "id": 488,
            "VersionName": "86宾果<span style='margin-left: 2px;padding-left: 16px;color: blue;text-align: center;background: url(/static/images/msg.png) no-repeat; center' title='回复'>1</span>",
            "VersionType": "86版本",
            "view_num": 310,
            "Remark": "<p>链接：https://pan.baidu.com/s/1F8PfjfVrG2oKarCA9Kxp1w?pwd=8888&nbsp;<br />\n提取码：8888&nbsp;<br />\n&nbsp;</p>",
            "user": "<img height=\"25px\" src=\"\">懒王机器人",
            "time": "2023-09-29 03:21:02"
        },
        {
            "id": 27,
            "VersionName": "86安图恩女鬼9158",
            "VersionType": "86版本",
            "view_num": 295,
            "Remark": "<p>链接: https://pan.baidu.com/s/1j3ZEIRrNYtl1XWLa9vHIpg?pwd=jjeq 提取码: jjeq 复制这段内容后打开百度网盘手机App，操作更方便哦</p>",
            "user": "<img height=\"25px\" src=\"https://dafstatic.oss-cn-beijing.aliyuncs.com/static/title/level4.gif\"><span class=\"orange\">学院搬运工</span>",
            "time": "2023-05-11 21:27:30"
        },
        {
            "id": 66,
            "VersionName": "璀璨86",
            "VersionType": "86版本",
            "view_num": 292,
            "Remark": "<p>链接: https://pan.baidu.com/s/1JXmZ5in_XIpUbHii52LwdA?pwd=xa95 提取码: xa95 复制这段内容后打开百度网盘手机App，操作更方便哦</p>",
            "user": "<img height=\"25px\" src=\"https://dafstatic.oss-cn-beijing.aliyuncs.com/static/title/level4.gif\"><span class=\"orange\">学院搬运工</span>",
            "time": "2023-05-11 21:45:33"
        },
        {
            "id": 33,
            "VersionName": "86初心",
            "VersionType": "86版本",
            "view_num": 264,
            "Remark": "<p>链接: https://pan.baidu.com/s/1-ynaSEZgKSDkWaX7P4xcvg?pwd=sb6x 提取码: sb6x 复制这段内容后打开百度网盘手机App，操作更方便哦</p>",
            "user": "<img height=\"25px\" src=\"https://dafstatic.oss-cn-beijing.aliyuncs.com/static/title/level4.gif\"><span class=\"orange\">学院搬运工</span>",
            "time": "2023-05-11 21:29:58"
        },
        {
            "id": 58,
            "VersionName": "86再见阿拉德",
            "VersionType": "86版本",
            "view_num": 249,
            "Remark": "<p>链接: https://pan.baidu.com/s/1p2G94hyXvD6up9ljZDAKEg?pwd=wr7y 提取码: wr7y 复制这段内容后打开百度网盘手机App，操作更方便哦</p>",
            "user": "<img height=\"25px\" src=\"https://dafstatic.oss-cn-beijing.aliyuncs.com/static/title/level4.gif\"><span class=\"orange\">学院搬运工</span>",
            "time": "2023-05-11 21:41:02"
        },
        {
            "id": 42,
            "VersionName": "86琉璃",
            "VersionType": "86版本",
            "view_num": 243,
            "Remark": "<p>链接: https://pan.baidu.com/s/1eLpNpQQBgtvk3UNOPpdQng?pwd=mjk7 提取码: mjk7 复制这段内容后打开百度网盘手机App，操作更方便哦</p>",
            "user": "<img height=\"25px\" src=\"https://dafstatic.oss-cn-beijing.aliyuncs.com/static/title/level4.gif\"><span class=\"orange\">学院搬运工</span>",
            "time": "2023-05-11 21:34:44"
        },
        {
            "id": 53,
            "VersionName": "86新大陆",
            "VersionType": "86版本",
            "view_num": 212,
            "Remark": "<p>链接: https://pan.baidu.com/s/16mwVneVmhIijt4-xZOLnzg?pwd=v33g 提取码: v33g 复制这段内容后打开百度网盘手机App，操作更方便哦</p>",
            "user": "<img height=\"25px\" src=\"https://dafstatic.oss-cn-beijing.aliyuncs.com/static/title/level4.gif\"><span class=\"orange\">学院搬运工</span>",
            "time": "2023-05-11 21:38:46"
        },
        {
            "id": 37,
            "VersionName": "86将军阁",
            "VersionType": "86版本",
            "view_num": 202,
            "Remark": "<p>链接: https://pan.baidu.com/s/1f0Wnxv0oi51HH321LeGSNg?pwd=typa 提取码: typa 复制这段内容后打开百度网盘手机App，操作更方便哦</p>",
            "user": "<img height=\"25px\" src=\"https://dafstatic.oss-cn-beijing.aliyuncs.com/static/title/level4.gif\"><span class=\"orange\">学院搬运工</span>",
            "time": "2023-05-11 21:32:31"
        },
        {
            "id": 611,
            "VersionName": "旧梦86",
            "VersionType": "86版本",
            "view_num": 195,
            "Remark": "<p>https://pan.baidu.com/s/1Zqe3MfQ1alFV4pM4rZ1pbA?pwd=dkpp</p>\n\n<h3>&nbsp;</h3>\n\n<h3>&nbsp;</h3>\n\n<h3>Base64防炸</h3>\n\n<p>aHR0cHM6Ly9wYW4uYmFpZHUuY29tL3MvMXRKemZ0X2stcDExVDZwUnFGQ2txRkE/cHdkPTZ3eDY=</p>",
            "user": "<img height=\"25px\" src=\"https://dafstatic.oss-cn-beijing.aliyuncs.com/static/title/level2.gif\">北曱",
            "time": "2024-07-13 00:43:22"
        },
        {
            "id": 56,
            "VersionName": "86游碟黑金",
            "VersionType": "86版本",
            "view_num": 178,
            "Remark": "<p>链接: https://pan.baidu.com/s/1v-u2W1C6CwQ6nDrbmA4Mrw?pwd=qh3v 提取码: qh3v 复制这段内容后打开百度网盘手机App，操作更方便哦</p>",
            "user": "<img height=\"25px\" src=\"https://dafstatic.oss-cn-beijing.aliyuncs.com/static/title/level4.gif\"><span class=\"orange\">学院搬运工</span>",
            "time": "2023-05-11 21:40:18"
        },
        {
            "id": 57,
            "VersionName": "86月魂",
            "VersionType": "86版本",
            "view_num": 167,
            "Remark": "<p>链接: https://pan.baidu.com/s/1bJvISClGN3MhPQHNsBwkYQ?pwd=345m 提取码: 345m 复制这段内容后打开百度网盘手机App，操作更方便哦</p>",
            "user": "<img height=\"25px\" src=\"https://dafstatic.oss-cn-beijing.aliyuncs.com/static/title/level4.gif\"><span class=\"orange\">学院搬运工</span>",
            "time": "2023-05-11 21:40:43"
        },
        {
            "id": 59,
            "VersionName": "86追忆",
            "VersionType": "86版本",
            "view_num": 163,
            "Remark": "<p>链接: https://pan.baidu.com/s/1kH41-9Z0MsNCebYfTsZfBw?pwd=k54d 提取码: k54d 复制这段内容后打开百度网盘手机App，操作更方便哦</p>",
            "user": "<img height=\"25px\" src=\"https://dafstatic.oss-cn-beijing.aliyuncs.com/static/title/level4.gif\"><span class=\"orange\">学院搬运工</span>",
            "time": "2023-05-11 21:41:17"
        },
        {
            "id": 54,
            "VersionName": "86易鸿2.0",
            "VersionType": "86版本",
            "view_num": 135,
            "Remark": "<p>链接: https://pan.baidu.com/s/1uD3TwF0AK6dGvoJryuoyNw?pwd=j8p4 提取码: j8p4 复制这段内容后打开百度网盘手机App，操作更方便哦</p>",
            "user": "<img height=\"25px\" src=\"https://dafstatic.oss-cn-beijing.aliyuncs.com/static/title/level4.gif\"><span class=\"orange\">学院搬运工</span>",
            "time": "2023-05-11 21:39:23"
        },
        {
            "id": 50,
            "VersionName": "86神欢",
            "VersionType": "86版本",
            "view_num": 120,
            "Remark": "<p>链接: https://pan.baidu.com/s/11k97E4t6oWG4eyCvBg79sw?pwd=14w3 提取码: 14w3 复制这段内容后打开百度网盘手机App，操作更方便哦</p>",
            "user": "<img height=\"25px\" src=\"https://dafstatic.oss-cn-beijing.aliyuncs.com/static/title/level4.gif\"><span class=\"orange\">学院搬运工</span>",
            "time": "2023-05-11 21:37:54"
        },
        {
            "id": 41,
            "VersionName": "86灵渊",
            "VersionType": "86版本",
            "view_num": 111,
            "Remark": "<p>链接: https://pan.baidu.com/s/1dhr5GT6BjC8ib_L6Plq-Mw?pwd=wgy3 提取码: wgy3 复制这段内容后打开百度网盘手机App，操作更方便哦</p>",
            "user": "<img height=\"25px\" src=\"https://dafstatic.oss-cn-beijing.aliyuncs.com/static/title/level4.gif\"><span class=\"orange\">学院搬运工</span>",
            "time": "2023-05-11 21:34:25"
        },
        {
            "id": 28,
            "VersionName": "86白鸭",
            "VersionType": "86版本",
            "view_num": 108,
            "Remark": "<p>链接: https://pan.baidu.com/s/1VtVV5vUg6hufGU-LIA69ww?pwd=zhad 提取码: zhad 复制这段内容后打开百度网盘手机App，操作更方便哦</p>",
            "user": "<img height=\"25px\" src=\"https://dafstatic.oss-cn-beijing.aliyuncs.com/static/title/level4.gif\"><span class=\"orange\">学院搬运工</span>",
            "time": "2023-05-11 21:28:13"
        },
        {
            "id": 60,
            "VersionName": "86谛佬自改",
            "VersionType": "86版本",
            "view_num": 108,
            "Remark": "<p>链接: https://pan.baidu.com/s/1e83tBafLkY3__UImss8z6A?pwd=x3rh 提取码: x3rh 复制这段内容后打开百度网盘手机App，操作更方便哦</p>",
            "user": "<img height=\"25px\" src=\"https://dafstatic.oss-cn-beijing.aliyuncs.com/static/title/level4.gif\"><span class=\"orange\">学院搬运工</span>",
            "time": "2023-05-11 21:41:54"
        },
        {
            "id": 36,
            "VersionName": "86黑金",
            "VersionType": "86版本",
            "view_num": 99,
            "Remark": "<p>链接: https://pan.baidu.com/s/1H8dj9DbhCszDW8EbPlHZkQ?pwd=idiv 提取码: idiv 复制这段内容后打开百度网盘手机App，操作更方便哦</p>",
            "user": "<img height=\"25px\" src=\"https://dafstatic.oss-cn-beijing.aliyuncs.com/static/title/level4.gif\"><span class=\"orange\">学院搬运工</span>",
            "time": "2023-05-11 21:31:35"
        },
        {
            "id": 46,
            "VersionName": "86起源城镇",
            "VersionType": "86版本",
            "view_num": 91,
            "Remark": "<p>链接: https://pan.baidu.com/s/1_zr7CP_ram5lvwonI1NYTw?pwd=rum2 提取码: rum2 复制这段内容后打开百度网盘手机App，操作更方便哦</p>",
            "user": "<img height=\"25px\" src=\"https://dafstatic.oss-cn-beijing.aliyuncs.com/static/title/level4.gif\"><span class=\"orange\">学院搬运工</span>",
            "time": "2023-05-11 21:36:18"
        },
        {
            "id": 47,
            "VersionName": "86起源自改",
            "VersionType": "86版本",
            "view_num": 89,
            "Remark": "<p>链接: https://pan.baidu.com/s/1eBicW_BZ__qqlA3AJ97JCQ?pwd=mtuq 提取码: mtuq 复制这段内容后打开百度网盘手机App，操作更方便哦</p>",
            "user": "<img height=\"25px\" src=\"https://dafstatic.oss-cn-beijing.aliyuncs.com/static/title/level4.gif\"><span class=\"orange\">学院搬运工</span>",
            "time": "2023-05-11 21:36:39"
        },
        {
            "id": 40,
            "VersionName": "86黎明之光",
            "VersionType": "86版本",
            "view_num": 85,
            "Remark": "<p>链接: https://pan.baidu.com/s/1O2mYrumn7yDQnwcifGg1Dg?pwd=43mj 提取码: 43mj 复制这段内容后打开百度网盘手机App，操作更方便哦</p>",
            "user": "<img height=\"25px\" src=\"https://dafstatic.oss-cn-beijing.aliyuncs.com/static/title/level4.gif\"><span class=\"orange\">学院搬运工</span>",
            "time": "2023-05-11 21:33:53"
        },
        {
            "id": 38,
            "VersionName": "86快乐刀片",
            "VersionType": "86版本",
            "view_num": 78,
            "Remark": "<p>链接: https://pan.baidu.com/s/18YolGeHnA_i-wEgOFmA2Jg?pwd=9fzj 提取码: 9fzj 复制这段内容后打开百度网盘手机App，操作更方便哦</p>",
            "user": "<img height=\"25px\" src=\"https://dafstatic.oss-cn-beijing.aliyuncs.com/static/title/level4.gif\"><span class=\"orange\">学院搬运工</span>",
            "time": "2023-05-11 21:32:47"
        },
        {
            "id": 43,
            "VersionName": "86陆续更新",
            "VersionType": "86版本",
            "view_num": 78,
            "Remark": "<p>链接: https://pan.baidu.com/s/1eLpNpQQBgtvk3UNOPpdQng?pwd=mjk7 提取码: mjk7 复制这段内容后打开百度网盘手机App，操作更方便哦</p>",
            "user": "<img height=\"25px\" src=\"https://dafstatic.oss-cn-beijing.aliyuncs.com/static/title/level4.gif\"><span class=\"orange\">学院搬运工</span>",
            "time": "2023-05-11 21:35:23"
        },
        {
            "id": 32,
            "VersionName": "86初见",
            "VersionType": "86版本",
            "view_num": 74,
            "Remark": "<p>链接: https://pan.baidu.com/s/1ZQM5JVkSFuEUkRq880Jjrg?pwd=f9dh 提取码: f9dh 复制这段内容后打开百度网盘手机App，操作更方便哦</p>",
            "user": "<img height=\"25px\" src=\"https://dafstatic.oss-cn-beijing.aliyuncs.com/static/title/level4.gif\"><span class=\"orange\">学院搬运工</span>",
            "time": "2023-05-11 21:29:42"
        },
        {
            "id": 48,
            "VersionName": "86青玉案",
            "VersionType": "86版本",
            "view_num": 74,
            "Remark": "<p>链接: https://pan.baidu.com/s/10nI_tuZ-AaVbz3bI_rfl3w?pwd=nzii 提取码: nzii 复制这段内容后打开百度网盘手机App，操作更方便哦</p>",
            "user": "<img height=\"25px\" src=\"https://dafstatic.oss-cn-beijing.aliyuncs.com/static/title/level4.gif\"><span class=\"orange\">学院搬运工</span>",
            "time": "2023-05-11 21:37:07"
        },
        {
            "id": 52,
            "VersionName": "86天梦",
            "VersionType": "86版本",
            "view_num": 74,
            "Remark": "<p>链接: https://pan.baidu.com/s/13DCGe14_YqAufXIlAXEADQ?pwd=axfc 提取码: axfc 复制这段内容后打开百度网盘手机App，操作更方便哦</p>",
            "user": "<img height=\"25px\" src=\"https://dafstatic.oss-cn-beijing.aliyuncs.com/static/title/level4.gif\"><span class=\"orange\">学院搬运工</span>",
            "time": "2023-05-11 21:38:29"
        },
        {
            "id": 45,
            "VersionName": "86墨辰",
            "VersionType": "86版本",
            "view_num": 73,
            "Remark": "<p>链接: https://pan.baidu.com/s/1M237AOfrItIPNDU1oXVptw?pwd=jzwp 提取码: jzwp 复制这段内容后打开百度网盘手机App，操作更方便哦</p>",
            "user": "<img height=\"25px\" src=\"https://dafstatic.oss-cn-beijing.aliyuncs.com/static/title/level4.gif\"><span class=\"orange\">学院搬运工</span>",
            "time": "2023-05-11 21:36:02"
        },
        {
            "id": 51,
            "VersionName": "86天界",
            "VersionType": "86版本",
            "view_num": 73,
            "Remark": "<p>链接: https://pan.baidu.com/s/19WOJPae4oyIT42kkM-_Ifw?pwd=hr18 提取码: hr18 复制这段内容后打开百度网盘手机App，操作更方便哦</p>",
            "user": "<img height=\"25px\" src=\"https://dafstatic.oss-cn-beijing.aliyuncs.com/static/title/level4.gif\"><span class=\"orange\">学院搬运工</span>",
            "time": "2023-05-11 21:38:11"
        },
        {
            "id": 55,
            "VersionName": "86优化",
            "VersionType": "86版本",
            "view_num": 73,
            "Remark": "<p>链接: https://pan.baidu.com/s/1hUufhTtBU3avovgEA-b9Tg?pwd=rjtu 提取码: rjtu 复制这段内容后打开百度网盘手机App，操作更方便哦</p>",
            "user": "<img height=\"25px\" src=\"https://dafstatic.oss-cn-beijing.aliyuncs.com/static/title/level4.gif\"><span class=\"orange\">学院搬运工</span>",
            "time": "2023-05-11 21:40:01"
        },
        {
            "id": 29,
            "VersionName": "86北海",
            "VersionType": "86版本",
            "view_num": 66,
            "Remark": "<p>链接: https://pan.baidu.com/s/1CermP48c3tR3OVC5vTmMAQ?pwd=darv 提取码: darv 复制这段内容后打开百度网盘手机App，操作更方便哦</p>",
            "user": "<img height=\"25px\" src=\"https://dafstatic.oss-cn-beijing.aliyuncs.com/static/title/level4.gif\"><span class=\"orange\">学院搬运工</span>",
            "time": "2023-05-11 21:28:36"
        },
        {
            "id": 30,
            "VersionName": "86蝉意",
            "VersionType": "86版本",
            "view_num": 66,
            "Remark": "<p>链接: https://pan.baidu.com/s/1wT2JUPiGEF-O4bOotUxYWw?pwd=2v9u 提取码: 2v9u 复制这段内容后打开百度网盘手机App，操作更方便哦</p>",
            "user": "<img height=\"25px\" src=\"https://dafstatic.oss-cn-beijing.aliyuncs.com/static/title/level4.gif\"><span class=\"orange\">学院搬运工</span>",
            "time": "2023-05-11 21:29:04"
        },
        {
            "id": 35,
            "VersionName": "86故人",
            "VersionType": "86版本",
            "view_num": 65,
            "Remark": "<p>链接: https://pan.baidu.com/s/1tBl4DEST9NTzKqExxmnd9g?pwd=rc98 提取码: rc98 复制这段内容后打开百度网盘手机App，操作更方便哦</p>",
            "user": "<img height=\"25px\" src=\"https://dafstatic.oss-cn-beijing.aliyuncs.com/static/title/level4.gif\"><span class=\"orange\">学院搬运工</span>",
            "time": "2023-05-11 21:31:12"
        },
        {
            "id": 44,
            "VersionName": "86名称1.3",
            "VersionType": "86版本",
            "view_num": 65,
            "Remark": "<p>链接: https://pan.baidu.com/s/1cVtW0nghyebTkyb80ip7fg?pwd=c4ch 提取码: c4ch 复制这段内容后打开百度网盘手机App，操作更方便哦</p>",
            "user": "<img height=\"25px\" src=\"https://dafstatic.oss-cn-beijing.aliyuncs.com/static/title/level4.gif\"><span class=\"orange\">学院搬运工</span>",
            "time": "2023-05-11 21:35:43"
        }
    ]
}