{
    "total": 26,
    "rows": [
        {
            "id": 7,
            "VersionName": "110沫沫<span style='margin-left: 2px;padding-left: 16px;color: blue;text-align: center;background: url(/static/images/msg.png) no-repeat; center' title='回复'>12</span>",
            "VersionType": "110版本",
            "view_num": 6355,
            "Remark": "<p>链接: https://pan.baidu.com/s/1PZuwaW78Xuxjk45DwM4Mnw?pwd=hew5 提取码: hew5 复制这段内容后打开百度网盘手机App，操作更方便哦</p>",
            "user": "<img height=\"25px\" src=\"https://dafstatic.oss-cn-beijing.aliyuncs.com/static/title/level4.gif\"><span class=\"orange\">学院搬运工</span>",
            "time": "2023-05-11 21:19:13"
        },
        {
            "id": 328,
            "VersionName": "110级仿官大作<span style='margin-left: 2px;padding-left: 16px;color: blue;text-align: center;background: url(/static/images/msg.png) no-repeat; center' title='回复'>8</span>",
            "VersionType": "110版本",
            "view_num": 4365,
            "Remark": "<p>链接: https://pan.baidu.com/s/1dPJh64Y0RinO_QjvIpitFA?pwd=xaba 提取码: xaba 复制这段内容后打开百度网盘手机App，操作更方便哦</p>\r\n\r\n<p>&nbsp;</p>\r\n\r\n<div style=\"text-align:start\">&nbsp;</div>\r\n\r\n<div style=\"text-align:start\">\r\n<div>\r\n<h1 style=\"text-align:left\"><span style=\"font-size:medium\"><span style=\"color:#000000\"><span style=\"font-size:24pt\"><span style=\"font-size:24pt\"><strong><span style=\"color:#ff0000\">110级仿官大服&nbsp;圣殿之歌</span></strong></span></span></span></span></h1>\r\n\r\n<p style=\"text-align:left\"><span style=\"font-size:medium\"><span style=\"color:#000000\"><span style=\"font-size:12pt\"><span style=\"font-family:等线\"><span style=\"font-size:11pt\"><span style=\"color:#333333\">&nbsp;&nbsp;&nbsp;&nbsp;&nbsp;&nbsp;&nbsp;&nbsp;&nbsp;&nbsp;&nbsp;110级仿官大服-圣殿之歌</span></span></span></span></span></span></p>\r\n\r\n<h1 style=\"text-align:center\"><span style=\"font-size:medium\"><span style=\"color:#000000\"><span style=\"font-size:24pt\"><span style=\"font-size:24pt\"><strong><span style=\"color:#ff0000\">图文攻略</span></strong></span></span></span></span></h1>\r\n\r\n<p style=\"text-align:left\">&nbsp;</p>\r\n\r\n<p style=\"text-align:left\">&nbsp;</p>\r\n\r\n<p style=\"text-align:left\"><span style=\"font-size:medium\"><span style=\"color:#000000\"><span style=\"font-size:12pt\"><span style=\"font-family:等线\"><span style=\"font-size:11pt\"><span style=\"font-family:&quot;Helvetica Neue&quot;\"><span style=\"color:#333333\">本服为精品中的精品，百级仿官超一线大服，各种流程&nbsp;细节&nbsp;内容&nbsp;机制等等都是超一线水准。</span></span></span></span></span></span></span></p>\r\n\r\n<p style=\"text-align:left\"><span style=\"font-size:medium\"><span style=\"color:#000000\"><span style=\"font-size:12pt\"><span style=\"font-family:等线\"><span style=\"font-size:11pt\"><span style=\"font-family:&quot;Helvetica Neue&quot;\"><span style=\"color:#333333\">一定是你没玩过的纯百级精致仿官版本。您的支持是我们最大的动力。</span></span></span></span></span></span></span></p>\r\n\r\n<h1 style=\"text-align:center\"><span style=\"font-size:medium\"><span style=\"color:#000000\"><span style=\"font-size:24pt\"><span style=\"font-size:24pt\"><strong><span style=\"color:#ff0000\">新手上线流程</span></strong></span></span></span></span></h1>\r\n\r\n<h1 style=\"text-align:center\"><span style=\"font-size:medium\"><span style=\"color:#000000\"><span style=\"font-size:24pt\"><span style=\"font-size:24pt\"><strong><span style=\"color:#ff0000\">图文解释</span></strong></span></span></span></span></h1>\r\n\r\n<p style=\"text-align:left\"><span style=\"font-size:medium\"><span style=\"color:#000000\"><span style=\"font-size:12pt\"><span style=\"font-family:等线\"><span style=\"font-size:11pt\"><span style=\"font-family:&quot;Helvetica Neue&quot;\"><span style=\"color:#333333\">注释：攻略只是参考，具体细节还请玩家自行体验，说再多不如进游戏体验一下、</span></span></span></span></span></span></span></p>\r\n\r\n<p style=\"text-align:left\"><span style=\"font-size:medium\"><span style=\"color:#000000\"><span style=\"font-size:12pt\"><span style=\"font-family:等线\"><span style=\"font-size:11pt\"><span style=\"font-family:&quot;Helvetica Neue&quot;\"><span style=\"color:#333333\">新手上线以后先领取赛利亚福利，如下图</span></span></span></span></span></span></span></p>\r\n\r\n<p style=\"text-align:left\"><span style=\"font-size:medium\"><span style=\"color:#000000\"><span style=\"font-size:12pt\"><span style=\"font-family:等线\"><span style=\"font-size:11pt\"><span style=\"font-family:&quot;Helvetica Neue&quot;\"><span style=\"color:#333333\">穿上装备&nbsp;&nbsp;增幅后&nbsp;&nbsp;&nbsp;&nbsp;可以直接传送到比拉谢尔进行初始流程</span></span></span></span></span></span></span></p>\r\n\r\n<p style=\"text-align:left\"><span style=\"font-size:medium\"><span style=\"color:#000000\"><span style=\"font-size:12pt\"><span style=\"font-family:等线\"><span style=\"font-size:11pt\"><span style=\"font-family:&quot;Helvetica Neue&quot;\"><span style=\"color:#333333\">（新手礼包含字体及觉醒插图&nbsp;账号内一个角色购买&nbsp;所有角色均享用&nbsp;进副本前记得配置好）</span></span></span></span></span></span></span></p>\r\n\r\n<p style=\"text-align:left\"><span style=\"font-size:medium\"><span style=\"color:#000000\"><span style=\"font-size:12pt\"><span style=\"font-family:等线\"><span style=\"font-size:11pt\"><span style=\"font-family:&quot;Helvetica Neue&quot;\"><span style=\"color:#333333\">进入各个副本前先领取副本对应任务。比拉谢尔也是本版本搬砖图&nbsp;获取不要的SS可以分解成泪之源&nbsp;出售给商店&nbsp;</span></span></span></span></span></span></span></p>\r\n\r\n<h3 style=\"text-align:left\"><span style=\"font-size:medium\"><span style=\"color:#000000\"><span style=\"font-size:14pt\"><span style=\"font-size:14pt\"><strong><span style=\"color:#ff0000\">副本流程</span></strong></span></span></span></span></h3>\r\n\r\n<p style=\"text-align:left\"><span style=\"font-size:medium\"><span style=\"color:#000000\"><span style=\"font-size:12pt\"><span style=\"font-family:等线\"><span style=\"font-size:11pt\"><span style=\"font-family:&quot;Helvetica Neue&quot;\"><span style=\"color:#333333\">比拉谢尔-冥域时空-云上长安战未央-希洛克攻坚战-黑鸦之境-永恒大陆-奥兹玛-混沌之神</span></span></span></span></span></span></span></p>\r\n\r\n<h5 style=\"text-align:left\"><span style=\"font-size:medium\"><span style=\"color:#000000\"><span style=\"font-size:11pt\"><span style=\"font-size:11pt\"><strong><span style=\"color:#ff0000\">特色城镇副本</span></strong></span></span></span></span></h5>\r\n\r\n<p style=\"text-align:left\"><span style=\"font-size:medium\"><span style=\"color:#000000\"><span style=\"font-size:12pt\"><span style=\"font-family:等线\"><span style=\"font-size:11pt\"><span style=\"font-family:&quot;Helvetica Neue&quot;\"><span style=\"color:#333333\">西海岸联盟（每日任务获取心悦筹码）-艾尔丁纪念馆（符咒）-切斯特小镇(灾难勋章)-次元之庭（皮肤&nbsp;武器装扮）-夏特利（宝珠）-凛冬&nbsp;活动城镇（活动材料）</span></span></span></span></span></span></span></p>\r\n\r\n<p style=\"text-align:left\">&nbsp;</p>\r\n\r\n<p style=\"text-align:left\">&nbsp;</p>\r\n\r\n<p style=\"text-align:left\"><span style=\"font-size:medium\"><span style=\"color:#000000\"><span style=\"font-size:12pt\"><span style=\"font-family:等线\"><span style=\"font-size:11pt\"><span style=\"font-family:&quot;Helvetica Neue&quot;\"><span style=\"color:#333333\">下面有各个副本的详细介绍图，方便各位玩家参考&nbsp;&nbsp;左边有内容注释&nbsp;可以自行选择观看</span></span></span></span></span></span></span></p>\r\n\r\n<p style=\"text-align:left\"><img alt=\"\" height=\"368\" src=\"/media/uploads/2023/07/04/image-20230704200327-1.png\" width=\"500\" /></p>\r\n\r\n<p style=\"text-align:left\"><img alt=\"\" height=\"374\" src=\"/media/uploads/2023/07/04/image-20230704200345-2.png\" width=\"500\" /></p>\r\n\r\n<p style=\"text-align:left\"><img alt=\"\" height=\"373\" src=\"/media/uploads/2023/07/04/image-20230704200413-3.png\" width=\"500\" /></p>\r\n\r\n<div>&nbsp;</div>\r\n\r\n<div>\r\n<div>\r\n<h5 style=\"text-align:left\"><span style=\"font-size:11pt\"><span style=\"font-size:11pt\"><strong><span style=\"color:#ff0000\">角色介绍</span></strong></span></span></h5>\r\n\r\n<p style=\"text-align:left\"><span style=\"font-size:11pt\"><span style=\"font-family:Helvetica Neue\"><span style=\"color:#333333\">所有角色的技能都做了平衡伤害调整，也经过无数次测试，因为有下水道这个词，普遍玩家就只认准一个职业，哪怕别的职业在好玩，伤害不够&nbsp;导致仅有几个职业能玩，所以技能伤害问题&nbsp;&nbsp;做了一个平衡调整，让所有职业都可以去玩。</span></span></span></p>\r\n\r\n<p style=\"text-align:left\">&nbsp;</p>\r\n\r\n<p style=\"text-align:left\">&nbsp;</p>\r\n\r\n<p style=\"text-align:left\"><span style=\"font-size:11pt\"><span style=\"font-family:Helvetica Neue\"><span style=\"color:#333333\">此次职业介绍除了&nbsp;通常的职业&nbsp;还附加了以下职业&nbsp;所有新增职业机制都完善&nbsp;装备&nbsp;配置齐全&nbsp;</span></span></span></p>\r\n\r\n<h5 style=\"text-align:left\"><span style=\"font-size:11pt\"><span style=\"font-size:11pt\"><strong><span style=\"color:#ff0000\">技能介绍</span></strong></span></span></h5>\r\n\r\n<p style=\"text-align:left\"><span style=\"font-size:11pt\"><span style=\"font-family:Helvetica Neue\"><span style=\"color:#333333\">全职业都标配&nbsp;一觉&nbsp;二觉&nbsp;三觉&nbsp;&nbsp;所有技能伤害细致调整&nbsp;技能释放柔滑&nbsp;&nbsp;打击感同步国服&nbsp;没有卡顿现象&nbsp;&nbsp;四人组队乱按键盘也不会卡顿&nbsp;闪退。</span></span></span></p>\r\n\r\n<p style=\"text-align:left\"><span style=\"font-size:11pt\"><span style=\"font-family:Helvetica Neue\"><span style=\"color:#333333\">&nbsp;&nbsp;&nbsp;&nbsp;&nbsp;&nbsp;&nbsp;&nbsp;&nbsp;&nbsp;&nbsp;&nbsp;&nbsp;&nbsp;&nbsp;&nbsp;&nbsp;&nbsp;&nbsp;&nbsp;&nbsp;&nbsp;&nbsp;&nbsp;&nbsp;&nbsp;全职业被动都是有效果的，全职业TP技能</span></span></span></p>\r\n\r\n<h5 style=\"text-align:left\"><span style=\"font-size:11pt\"><span style=\"font-size:11pt\"><strong><span style=\"color:#ff0000\">常规职业</span></strong></span></span></h5>\r\n\r\n<p style=\"text-align:left\"><span style=\"font-size:11pt\"><span style=\"font-family:Helvetica Neue\"><span style=\"color:#333333\">鬼剑士（剑圣&nbsp;魔神&nbsp;阿修罗&nbsp;&nbsp;鬼泣&nbsp;剑鬼）</span></span></span></p>\r\n\r\n<p style=\"text-align:left\"><span style=\"font-size:11pt\"><span style=\"font-family:Helvetica Neue\"><span style=\"color:#333333\">男格斗（气功&nbsp;街霸&nbsp;&nbsp;散打&nbsp;柔道）</span></span></span></p>\r\n\r\n<p style=\"text-align:left\"><span style=\"font-size:11pt\"><span style=\"font-family:Helvetica Neue\"><span style=\"color:#333333\">女格斗（气功&nbsp;散打&nbsp;街霸&nbsp;柔道&nbsp;）</span></span></span></p>\r\n\r\n<p style=\"text-align:left\"><span style=\"font-size:11pt\"><span style=\"font-family:Helvetica Neue\"><span style=\"color:#333333\">男抢手（漫游&nbsp;枪炮&nbsp;机械&nbsp;</span></span></span><span style=\"font-size:11pt\"><span style=\"font-family:Helvetica Neue\"><span style=\"color:#333333\">弹药）</span></span></span></p>\r\n\r\n<p style=\"text-align:left\"><span style=\"font-size:11pt\"><span style=\"font-family:Helvetica Neue\"><span style=\"color:#333333\">女抢手（漫游&nbsp;枪炮&nbsp;机械&nbsp;弹药）</span></span></span></p>\r\n\r\n<p style=\"text-align:left\"><span style=\"font-size:11pt\"><span style=\"font-family:Helvetica Neue\"><span style=\"color:#333333\">男魔法（血法&nbsp;风法&nbsp;次元行者）</span></span></span></p>\r\n\r\n<p style=\"text-align:left\"><span style=\"font-size:11pt\"><span style=\"font-family:Helvetica Neue\"><span style=\"color:#333333\">女魔法（奶萝&nbsp;元素&nbsp;召唤&nbsp;战法&nbsp;魔道学者&nbsp;）</span></span></span></p>\r\n\r\n<p style=\"text-align:left\"><span style=\"font-size:11pt\"><span style=\"font-family:Helvetica Neue\"><span style=\"color:#333333\">圣职者（蓝拳&nbsp;圣骑士&nbsp;驱魔者&nbsp;复仇者&nbsp;）</span></span></span></p>\r\n\r\n<p style=\"text-align:left\"><span style=\"font-size:11pt\"><span style=\"font-family:Helvetica Neue\"><span style=\"color:#333333\">女鬼剑（驭剑士&nbsp;剑帝&nbsp;弑神者）</span></span></span></p>\r\n\r\n<p style=\"text-align:left\"><span style=\"font-size:11pt\"><span style=\"font-family:Helvetica Neue\"><span style=\"color:#333333\">枪剑士（苍幕&nbsp;特工）</span></span></span></p>\r\n\r\n<h5 style=\"text-align:left\"><span style=\"font-size:11pt\"><span style=\"font-size:11pt\"><strong><span style=\"color:#ff0000\">剑鬼</span></strong></span></span></h5>\r\n\r\n<p style=\"text-align:left\"><span style=\"font-size:11pt\"><span style=\"font-family:Helvetica Neue\"><span style=\"color:#333333\">鬼剑士不转职即是&nbsp;&nbsp;带有一觉&nbsp;二觉&nbsp;三觉&nbsp;&nbsp;&nbsp;装备武器&nbsp;和鬼剑士通用&nbsp;</span></span></span></p>\r\n\r\n<p style=\"text-align:left\"><img alt=\"\" height=\"558\" src=\"/media/uploads/2023/07/04/image-20230704200437-4.png\" width=\"776\" /></p>\r\n\r\n<p style=\"text-align:left\"><img alt=\"\" height=\"537\" src=\"/media/uploads/2023/07/04/image-20230704200437-5.png\" width=\"754\" /></p>\r\n\r\n<p style=\"text-align:left\"><img alt=\"\" height=\"206\" src=\"/media/uploads/2023/07/04/image-20230704200437-6.png\" width=\"388\" /></p>\r\n\r\n<p style=\"text-align:left\">&nbsp;</p>\r\n\r\n<h5 style=\"text-align:left\"><span style=\"font-size:11pt\"><span style=\"font-size:11pt\"><strong><span style=\"color:#ff0000\">&nbsp;小魔女（奶萝）</span></strong></span></span></h5>\r\n\r\n<p style=\"text-align:left\"><span style=\"font-size:11pt\"><span style=\"font-family:Helvetica Neue\"><span style=\"color:#333333\">&nbsp;&nbsp;&nbsp;&nbsp;&nbsp;&nbsp;&nbsp;&nbsp;&nbsp;&nbsp;&nbsp;女魔法不转职即是&nbsp;带有一觉&nbsp;二觉&nbsp;三觉&nbsp;装备武器&nbsp;和魔法师通用&nbsp;&nbsp;</span></span></span></p>\r\n\r\n<p style=\"text-align:left\"><img alt=\"\" height=\"553\" src=\"/media/uploads/2023/07/04/image-20230704200437-7.png\" width=\"761\" /></p>\r\n\r\n<p style=\"text-align:left\"><img alt=\"\" height=\"565\" src=\"/media/uploads/2023/07/04/image-20230704200437-8.png\" width=\"761\" /></p>\r\n\r\n<p style=\"text-align:left\">&nbsp;</p>\r\n\r\n<p style=\"text-align:left\">&nbsp;</p>\r\n\r\n<h5 style=\"text-align:left\"><span style=\"font-size:11pt\"><span style=\"font-size:11pt\"><strong><span style=\"color:#ff0000\">&nbsp;风法&nbsp;血法&nbsp;次元行者</span></strong></span></span></h5>\r\n\r\n<p style=\"text-align:left\"><span style=\"font-size:11pt\"><span style=\"font-family:Helvetica Neue\"><span style=\"color:#333333\">&nbsp;&nbsp;&nbsp;&nbsp;&nbsp;&nbsp;&nbsp;&nbsp;&nbsp;&nbsp;&nbsp;&nbsp;&nbsp;&nbsp;&nbsp;&nbsp;&nbsp;&nbsp;&nbsp;&nbsp;&nbsp;&nbsp;&nbsp;&nbsp;&nbsp;&nbsp;&nbsp;&nbsp;&nbsp;&nbsp;&nbsp;&nbsp;&nbsp;&nbsp;&nbsp;&nbsp;&nbsp;&nbsp;&nbsp;&nbsp;&nbsp;&nbsp;&nbsp;&nbsp;&nbsp;&nbsp;&nbsp;&nbsp;&nbsp;&nbsp;&nbsp;&nbsp;&nbsp;&nbsp;&nbsp;&nbsp;&nbsp;&nbsp;&nbsp;&nbsp;&nbsp;三职业</span></span></span></p>\r\n\r\n<p style=\"text-align:left\"><span style=\"font-size:11pt\"><span style=\"font-family:Helvetica Neue\"><span style=\"color:#333333\">也就是男魔法师&nbsp;不转职即是风法&nbsp;&nbsp;转职可选择血法或者次元行者&nbsp;全部带一觉二觉三觉&nbsp;装备武器&nbsp;&nbsp;通用魔法师</span></span></span></p>\r\n\r\n<p style=\"text-align:left\">&nbsp;</p>\r\n\r\n<p style=\"text-align:left\">&nbsp;</p>\r\n\r\n<div>&nbsp;</div>\r\n\r\n<div>\r\n<div>\r\n<h5 style=\"text-align:left\"><span style=\"font-size:11pt\"><span style=\"font-size:11pt\"><strong><span style=\"color:#ff0000\">&nbsp;驭剑士&nbsp;剑帝&nbsp;噬神者</span></strong></span></span></h5>\r\n\r\n<p style=\"text-align:left\"><span style=\"font-size:11pt\"><span style=\"font-family:Helvetica Neue\"><span style=\"color:#333333\">女鬼&nbsp;三职业&nbsp;标配一觉二觉三觉&nbsp;&nbsp;装备武器&nbsp;和鬼剑士通用（所说通用&nbsp;但是武器外观都不同。</span></span></span></p>\r\n\r\n<p style=\"text-align:left\"><img alt=\"\" height=\"556\" src=\"/media/uploads/2023/07/04/image-20230704200458-9.png\" width=\"751\" /></p>\r\n\r\n<div style=\"text-align:start\">&nbsp;</div>\r\n\r\n<div style=\"text-align:start\">\r\n<div>\r\n<p style=\"text-align:left\"><span style=\"font-size:medium\"><span style=\"color:#000000\"><span style=\"font-size:12pt\"><span style=\"font-family:等线\"><span style=\"font-size:11pt\"><span style=\"font-family:&quot;Helvetica Neue&quot;\"><span style=\"color:#ff0000\">比拉谢尔</span></span></span></span></span></span></span></p>\r\n\r\n<p style=\"text-align:left\"><span style=\"font-size:medium\"><span style=\"color:#000000\"><span style=\"font-size:12pt\"><span style=\"font-family:等线\"><span style=\"font-size:11pt\"><span style=\"font-family:&quot;Helvetica Neue&quot;\"><span style=\"color:#333333\">暗魂水晶（可交易）&nbsp;&nbsp;智慧引导掉落</span></span></span></span></span></span></span></p>\r\n\r\n<p style=\"text-align:left\"><span style=\"font-size:medium\"><span style=\"color:#000000\"><span style=\"font-size:12pt\"><span style=\"font-family:等线\"><span style=\"font-size:11pt\"><span style=\"font-family:&quot;Helvetica Neue&quot;\"><span style=\"color:#333333\">智慧结晶（可交易）&nbsp;&nbsp;史诗之祭坛掉落</span></span></span></span></span></span></span></p>\r\n\r\n<p style=\"text-align:left\"><span style=\"font-size:medium\"><span style=\"color:#000000\"><span style=\"font-size:12pt\"><span style=\"font-family:等线\"><span style=\"font-size:11pt\"><span style=\"font-family:&quot;Helvetica Neue&quot;\"><span style=\"color:#333333\">时间引导石（可交易）（门票）</span></span></span></span></span></span></span></p>\r\n\r\n<p style=\"text-align:left\"><span style=\"font-size:medium\"><span style=\"color:#000000\"><span style=\"font-size:12pt\"><span style=\"font-family:等线\"><span style=\"font-size:11pt\"><span style=\"font-family:&quot;Helvetica Neue&quot;\"><span style=\"color:#333333\">凝视之光（无法交易）（终末的引导门票）&nbsp;裂缝注视者掉落</span></span></span></span></span></span></span></p>\r\n\r\n<p style=\"text-align:left\"><span style=\"font-size:medium\"><span style=\"color:#000000\"><span style=\"font-size:12pt\"><span style=\"font-family:等线\"><span style=\"font-size:11pt\"><span style=\"font-family:&quot;Helvetica Neue&quot;\"><span style=\"color:#333333\">灵魂之源（可交易）分解SS获得&nbsp;&nbsp;价值5万&nbsp;可作为搬砖材料</span></span></span></span></span></span></span></p>\r\n\r\n<p style=\"text-align:left\"><span style=\"font-size:medium\"><span style=\"color:#000000\"><span style=\"font-size:12pt\"><span style=\"font-family:等线\"><span style=\"font-size:11pt\"><span style=\"font-family:&quot;Helvetica Neue&quot;\"><span style=\"color:#333333\">比拉谢尔机制</span></span></span></span></span></span></span></p>\r\n\r\n<p style=\"text-align:left\"><span style=\"font-size:medium\"><span style=\"color:#000000\"><span style=\"font-size:12pt\"><span style=\"font-family:等线\"><span style=\"font-size:11pt\"><span style=\"font-family:&quot;Helvetica Neue&quot;\"><span style=\"color:#333333\">史诗之祭坛：&nbsp;&nbsp;每次必爆成品100SS装备（彩色柱子三件&nbsp;&nbsp;彩色柱子可爆稀有SS）。&nbsp;&nbsp;</span></span></span></span></span></span></span></p>\r\n\r\n<p style=\"text-align:left\"><span style=\"font-size:medium\"><span style=\"color:#000000\"><span style=\"font-size:12pt\"><span style=\"font-family:等线\"><span style=\"font-size:11pt\"><span style=\"font-family:&quot;Helvetica Neue&quot;\"><span style=\"color:#333333\">裂缝注视者：每次必爆100SS装备&nbsp;可爆稀有SS&nbsp;&nbsp;且每次必爆一个凝视之光</span></span></span></span></span></span></span></p>\r\n\r\n<p style=\"text-align:left\"><span style=\"font-size:medium\"><span style=\"color:#000000\"><span style=\"font-size:12pt\"><span style=\"font-family:等线\"><span style=\"font-size:11pt\"><span style=\"font-family:&quot;Helvetica Neue&quot;\"><span style=\"color:#333333\">终末的引导：每次必爆100SS&nbsp;（可爆稀有SS&nbsp;百分之50几率爆出乌恩商店处成品防具、武器）</span></span></span></span></span></span></span></p>\r\n</div>\r\n</div>\r\n</div>\r\n</div>\r\n</div>\r\n</div>\r\n</div>\r\n</div>",
            "user": "<img height=\"25px\" src=\"https://dafstatic.oss-cn-beijing.aliyuncs.com/static/title/level4.gif\"><span class=\"orange\">学院搬运工</span>",
            "time": "2023-07-04 20:05:25"
        },
        {
            "id": 506,
            "VersionName": "110 沫沫单机版 【十一月版本】<span style='margin-left: 2px;padding-left: 16px;color: blue;text-align: center;background: url(/static/images/msg.png) no-repeat; center' title='回复'>6</span>",
            "VersionType": "110版本",
            "view_num": 3043,
            "Remark": "<p style=\"text-align:center\"><span style=\"font-size:10.5pt\"><span style=\"font-family:Calibri\"><strong><span style=\"font-size:24.0000pt\"><span style=\"font-family:宋体\"><strong><span style=\"font-family:宋体\">游戏攻略</span></strong></span></span></strong></span></span></p>\r\n\r\n<p style=\"text-align:left\">链接: https://pan.baidu.com/s/1gJ6PdEIyH2JFMu8pSQCjyQ?pwd=hifp 提取码: hifp 复制这段内容后打开百度网盘手机App，操作更方便哦&nbsp;<br />\r\n--来自百度网盘超级会员v5的分享</p>\r\n\r\n<p style=\"text-align:left\"><span style=\"font-size:10.5pt\"><span style=\"font-family:Calibri\"><strong><span style=\"font-size:24.0000pt\"><span style=\"font-family:宋体\"><span style=\"color:#92d050\"><strong><span style=\"font-family:宋体\">想要快速入门直接到最下面查看</span></strong></span></span></span></strong></span></span></p>\r\n\r\n<ol>\r\n\t<li style=\"text-align:justify\"><span style=\"font-size:10.5pt\"><span style=\"font-family:Calibri\"><span style=\"font-size:10.5000pt\"><span style=\"font-family:宋体\"><span style=\"font-family:宋体\">创建角色后，到赛丽亚接取任务，自选领取</span></span></span><span style=\"font-size:10.5000pt\"><span style=\"font-family:宋体\"><span style=\"color:#4f81bd\"><span style=\"font-family:宋体\">手动</span></span></span></span><span style=\"font-size:10.5000pt\"><span style=\"font-family:宋体\"><span style=\"font-family:宋体\">或</span></span></span><span style=\"font-size:10.5000pt\"><span style=\"font-family:宋体\"><span style=\"color:#8064a2\"><span style=\"font-family:宋体\">飞升</span></span></span></span><span style=\"font-size:10.5000pt\"><span style=\"font-family:宋体\"><span style=\"font-family:宋体\">礼盒。</span></span></span></span></span></li>\r\n\t<li style=\"text-align:justify\"><span style=\"font-size:10.5pt\"><span style=\"font-family:Calibri\"><span style=\"font-size:10.5000pt\"><span style=\"font-family:宋体\"><span style=\"font-family:宋体\">不想做主线任务的，飞升后商城购买主线完成券完成任务。</span></span></span></span></span></li>\r\n\t<li style=\"text-align:justify\"><span style=\"font-size:10.5pt\"><span style=\"font-family:Calibri\"><span style=\"font-size:10.5000pt\"><span style=\"font-family:宋体\"><span style=\"font-family:宋体\">瞬间移动药剂任务，左右槽任务，转职和觉醒任务均在赛丽亚。</span></span></span></span></span></li>\r\n\t<li style=\"text-align:justify\"><span style=\"font-size:10.5pt\"><span style=\"font-family:Calibri\"><span style=\"font-size:10.5000pt\"><span style=\"font-family:宋体\"><span style=\"font-family:宋体\">每次上线可以创建</span>2<span style=\"font-family:宋体\">个角色，然后大退游戏重新上线即可再次创建。</span></span></span></span></span></li>\r\n\t<li style=\"text-align:justify\"><span style=\"font-size:10.5pt\"><span style=\"font-family:Calibri\"><span style=\"font-size:10.5000pt\"><span style=\"font-family:宋体\"><span style=\"font-family:宋体\">每天记得吃防</span>buff<span style=\"font-family:宋体\">消失药剂，防止装备效果叠加太多引起的技能</span><span style=\"font-family:Calibri\">buff</span><span style=\"font-family:宋体\">消失持续</span><span style=\"font-family:Calibri\">24</span><span style=\"font-family:宋体\">小时。</span></span></span></span></span></li>\r\n\t<li style=\"text-align:justify\"><span style=\"font-size:10.5pt\"><span style=\"font-family:Calibri\"><span style=\"font-size:10.5000pt\"><span style=\"font-family:宋体\"><span style=\"font-family:宋体\">通用货币为起源金币，每日任务或者</span>gm<span style=\"font-family:宋体\">可获取。</span></span></span></span></span></li>\r\n\t<li style=\"text-align:justify\"><span style=\"font-size:10.5pt\"><span style=\"font-family:Calibri\"><span style=\"font-size:10.5000pt\"><span style=\"font-family:宋体\"><span style=\"font-family:宋体\">怎么转职</span>-赛丽亚20级-觉醒-赛丽亚50级</span></span></span></span></li>\r\n\t<li style=\"text-align:justify\"><span style=\"font-size:10.5pt\"><span style=\"font-family:Calibri\"><span style=\"font-size:10.5000pt\"><span style=\"font-family:宋体\"><span style=\"font-family:宋体\">女鬼按键怎么搞？群文件女鬼按键指南</span></span></span></span></span></li>\r\n\t<li style=\"text-align:justify\"><span style=\"font-size:10.5pt\"><span style=\"font-family:Calibri\"><span style=\"font-size:10.5000pt\"><span style=\"font-family:宋体\"><span style=\"font-family:宋体\">称号</span>/光环/宠物/宝珠在哪？赛丽亚商店</span></span></span></span></li>\r\n\t<li style=\"text-align:justify\"><span style=\"font-size:10.5pt\"><span style=\"font-family:Calibri\"><span style=\"font-size:10.5000pt\"><span style=\"font-family:宋体\"><span style=\"font-family:宋体\">时装在哪？商城购买</span></span></span><br />\r\n\t<span style=\"font-size:10.5000pt\"><span style=\"font-family:宋体\">12.</span></span><span style=\"font-size:10.5000pt\"><span style=\"font-family:宋体\"><span style=\"font-family:宋体\">字体怎么换？左曹下面有个皮肤仓库，点击更换，如果里面为空先到赛丽亚商店购买</span></span></span></span></span></li>\r\n</ol>\r\n\r\n<ol start=\"13\">\r\n\t<li style=\"text-align:justify\"><span style=\"font-size:10.5pt\"><span style=\"font-family:Calibri\"><span style=\"font-size:10.5000pt\"><span style=\"font-family:宋体\"><span style=\"font-family:宋体\">深渊多少级可以打？深渊要从冰雪女王开始，门票是黄金之破魔石，商城有卖，</span>100级深渊是引导石门票</span></span></span></span></li>\r\n\t<li style=\"text-align:justify\"><span style=\"font-size:10.5pt\"><span style=\"font-family:Calibri\"><span style=\"font-size:10.5000pt\"><span style=\"font-family:宋体\"><span style=\"font-family:宋体\">耳环为什么不能增幅？台服是没有耳环位置，</span></span></span><span style=\"font-size:10.5000pt\"><span style=\"font-family:宋体\"><span style=\"font-family:宋体\">是</span></span></span><span style=\"font-size:10.5000pt\"><span style=\"font-family:宋体\"><span style=\"font-family:宋体\">宠物装备改的不能增幅</span></span></span></span></span></li>\r\n\t<li style=\"text-align:justify\"><span style=\"font-size:10.5pt\"><span style=\"font-family:Calibri\"><span style=\"font-size:10.5000pt\"><span style=\"font-family:宋体\"><span style=\"font-family:宋体\">武器装扮为什么在脸部？台服是不支持武器装扮的，放到脸部影响最小</span></span></span><br />\r\n\t<span style=\"font-size:10.5000pt\"><span style=\"font-family:宋体\">16.</span></span><span style=\"font-size:10.5000pt\"><span style=\"font-family:宋体\"><span style=\"font-family:宋体\">任务材料在哪？对应区域对应商店，如果没有就到</span>gm看看</span></span></span></span></li>\r\n</ol>\r\n\r\n<p style=\"text-align:justify\"><span style=\"font-size:10.5pt\"><span style=\"font-family:Calibri\"><span style=\"font-size:10.5000pt\"><span style=\"font-family:宋体\">17.</span></span><span style=\"font-size:10.5000pt\"><span style=\"font-family:宋体\"><span style=\"font-family:宋体\">锻造最高多少？锻造上限</span>10</span></span></span></span></p>\r\n\r\n<p style=\"text-align:justify\"><span style=\"font-size:10.5pt\"><span style=\"font-family:Calibri\"><span style=\"font-size:10.5000pt\"><span style=\"font-family:宋体\">18.</span></span><span style=\"font-size:10.5000pt\"><span style=\"font-family:宋体\"><span style=\"font-family:宋体\">怎么转职其他职业？</span>GM高级功能里面，把你要改的角色切到其他角色，再到高级功能里面右下角进行转职操作</span></span></span></span></p>\r\n\r\n<p style=\"text-align:justify\"><span style=\"font-size:10.5pt\"><span style=\"font-family:Calibri\"><span style=\"font-size:10.5000pt\"><span style=\"font-family:宋体\">19.圣职者的二觉三觉释放就卡主，用gm转成其他职业再转回来就正常了</span></span></span></span></p>\r\n\r\n<p style=\"text-align:justify\"><span style=\"font-size:10.5pt\"><span style=\"font-family:Calibri\"><span style=\"font-size:10.5000pt\"><span style=\"font-family:宋体\">20.</span></span><span style=\"font-size:10.5000pt\"><span style=\"font-family:宋体\"><span style=\"font-family:宋体\">任务完成券怎么用？使用后完成当前等级及以下的全部主线任务，然后商城买个升级券，又会有下一级的主线任务</span></span></span></span></span></p>\r\n\r\n<p style=\"text-align:justify\"><span style=\"font-size:10.5pt\"><span style=\"font-family:Calibri\"><span style=\"font-size:10.5000pt\"><span style=\"font-family:宋体\">21.</span></span><span style=\"font-size:10.5000pt\"><span style=\"font-family:宋体\"><span style=\"font-family:宋体\">怎么改</span>pk段位？GM高级功能里面，把你要改的角色切到其他角色，再到高级功能里面左下角进行修改操作</span></span></span></span></p>\r\n\r\n<p style=\"text-align:justify\"><span style=\"font-size:10.5pt\"><span style=\"font-family:Calibri\"><span style=\"font-size:10.5000pt\"><span style=\"font-family:宋体\">22.</span></span><span style=\"font-size:10.5000pt\"><span style=\"font-family:宋体\"><span style=\"font-family:宋体\">怎么清理宠物？商城购买宠物清理券，使用后清理前两排的宠物</span></span></span></span></span></p>\r\n\r\n<p style=\"text-align:justify\"><span style=\"font-size:10.5pt\"><span style=\"font-family:Calibri\"><span style=\"font-size:10.5000pt\"><span style=\"font-family:宋体\">23.</span></span><span style=\"font-size:10.5000pt\"><span style=\"font-family:宋体\"><span style=\"font-family:宋体\">怎么清理装备和时装？</span>GM高级功能里面，把你要改的角色切到其他角色，再到高级功能里面上面部分，清理要勾选的内容，进行操作</span></span><br />\r\n<span style=\"font-size:10.5000pt\"><span style=\"font-family:宋体\">2</span></span><span style=\"font-size:10.5000pt\"><span style=\"font-family:宋体\">4</span></span><span style=\"font-size:10.5000pt\"><span style=\"font-family:宋体\">.我角色上不去了咋办？</span></span><span style=\"font-size:10.5000pt\"><span style=\"font-family:宋体\"><span style=\"font-family:宋体\">切换角色</span></span></span><span style=\"font-size:10.5000pt\"><span style=\"font-family:宋体\"><span style=\"font-family:宋体\">用</span></span></span><span style=\"font-size:10.5000pt\"><span style=\"font-family:宋体\">gm</span></span><span style=\"font-size:10.5000pt\"><span style=\"font-family:宋体\"><span style=\"font-family:宋体\">清理背包</span></span></span></span></span></p>\r\n\r\n<p style=\"text-align:justify\"><span style=\"font-size:10.5pt\"><span style=\"font-family:Calibri\"><span style=\"font-size:10.5000pt\"><span style=\"font-family:宋体\">25.</span></span><span style=\"font-size:10.5000pt\"><span style=\"font-family:宋体\"><span style=\"font-family:宋体\">强化武器在哪里？</span>55以上装备才能增幅，强化武器在凯丽</span></span></span></span></p>\r\n\r\n<p style=\"text-align:justify\"><span style=\"font-size:10.5pt\"><span style=\"font-family:Calibri\"><span style=\"font-size:10.5000pt\"><span style=\"font-family:宋体\">26.ctrl和alt是不能手动放入技能的，学了95和100技能自动填装，不可放其他技能</span></span></span></span></p>\r\n\r\n<p style=\"text-align:justify\"><span style=\"font-size:10.5pt\"><span style=\"font-family:Calibri\"><span style=\"font-size:10.5000pt\"><span style=\"font-family:宋体\">27.手动做任务时，任务指引不要点，有些可能会引起掉线，是因为指引都是老地图的，起源版本地图全改了，无法适配，如果这种原因引起的掉线后角色进游戏崩溃，则采用以下办法：</span></span></span></span></p>\r\n\r\n<p style=\"text-align:justify\"><span style=\"font-size:10.5pt\"><span style=\"font-family:Calibri\"><span style=\"font-size:10.5000pt\"><span style=\"font-family:宋体\"><span style=\"font-family:宋体\">一</span></span></span><span style=\"font-size:10.5000pt\"><span style=\"font-family:宋体\">.打开文件夹隐藏按钮-文件夹打开-查看-隐藏的项目</span></span></span></span></p>\r\n\r\n<p style=\"text-align:justify\"><span style=\"font-size:10.5pt\"><span style=\"font-family:Calibri\"><span style=\"font-size:10.5000pt\"><span style=\"font-family:宋体\"><span style=\"font-family:宋体\">二</span>.</span></span><span style=\"font-size:10.5000pt\"><span style=\"font-family:宋体\"><span style=\"font-family:宋体\">找到这个路径</span>C:\\Users\\Administrator\\AppData\\LocalLow\\DNF</span></span></span></span></p>\r\n\r\n<p style=\"text-align:justify\"><span style=\"font-size:10.5pt\"><span style=\"font-family:Calibri\"><span style=\"font-size:10.5000pt\"><span style=\"font-family:宋体\"><span style=\"font-family:宋体\">三</span>.</span></span><span style=\"font-size:10.5000pt\"><span style=\"font-family:宋体\"><span style=\"font-family:宋体\">删除这个路径下面的文件</span></span></span></span></span></p>\r\n\r\n<p style=\"text-align:justify\"><span style=\"font-size:10.5pt\"><span style=\"font-family:Calibri\"><span style=\"font-size:10.5000pt\"><span style=\"font-family:宋体\"><span style=\"font-family:宋体\">然后重新登陆即可解决</span></span></span></span></span></p>\r\n\r\n<p style=\"text-align:justify\">&nbsp;</p>\r\n\r\n<p style=\"text-align:justify\"><br />\r\n&nbsp;</p>\r\n\r\n<p style=\"text-align:justify\">&nbsp;</p>\r\n\r\n<p style=\"text-align:justify\"><img alt=\"\" height=\"762\" src=\"/media/uploads/2023/11/09/image-20231109161817-1.png\" width=\"1246\" /></p>\r\n\r\n<p style=\"text-align:justify\"><img alt=\"\" height=\"672\" src=\"/media/uploads/2023/11/09/image-20231109161817-2.png\" width=\"624\" /></p>\r\n\r\n<p style=\"text-align:justify\"><span style=\"font-size:10.5pt\"><span style=\"font-family:Calibri\"><span style=\"font-size:14.0000pt\"><span style=\"font-family:宋体\"><span style=\"font-family:宋体\">将这个觉醒之心称号放到称号铺来获取成长属性</span></span></span></span></span></p>\r\n\r\n<p style=\"text-align:justify\">&nbsp;</p>\r\n\r\n<p style=\"text-align:justify\"><span style=\"font-size:10.5pt\"><span style=\"font-family:Calibri\"><span style=\"font-size:14.0000pt\"><span style=\"font-family:宋体\"><span style=\"font-family:宋体\">瞬间移动药剂有两种，一种是普通一种是高级，</span>1<span style=\"font-family:宋体\">级即可使用</span></span></span></span></span></p>\r\n\r\n<p style=\"text-align:justify\"><img alt=\"\" height=\"808\" src=\"/media/uploads/2023/11/09/image-20231109161817-3.png\" width=\"236\" /><img alt=\"\" height=\"817\" src=\"/media/uploads/2023/11/09/image-20231109161817-4.png\" width=\"227\" /></p>\r\n\r\n<p style=\"text-align:justify\">&nbsp;</p>\r\n\r\n<p style=\"text-align:justify\">&nbsp;</p>\r\n\r\n<p style=\"text-align:justify\"><span style=\"font-size:10.5pt\"><span style=\"font-family:Calibri\"><span style=\"font-size:14.0000pt\"><span style=\"font-family:宋体\"><span style=\"font-family:宋体\">副职业只有分解师了，分解师用</span>gm<span style=\"font-family:宋体\">升级后还要去诺顿那边升级分解机才行，诺顿在西海岸港口，炼金，人偶，附魔均可在赛丽亚处购买。</span></span></span></span></span></p>\r\n\r\n<p style=\"text-align:justify\"><img alt=\"\" height=\"359\" src=\"/media/uploads/2023/11/09/image-20231109161817-5.png\" width=\"248\" /><img alt=\"\" height=\"354\" src=\"/media/uploads/2023/11/09/image-20231109161817-6.png\" width=\"244\" /><img alt=\"\" height=\"359\" src=\"/media/uploads/2023/11/09/image-20231109161817-7.png\" width=\"245\" /></p>\r\n\r\n<p style=\"text-align:justify\">&nbsp;</p>\r\n\r\n<p style=\"text-align:justify\"><span style=\"font-size:10.5pt\"><span style=\"font-family:Calibri\"><span style=\"font-size:14.0000pt\"><span style=\"font-family:宋体\"><span style=\"font-family:宋体\">赛丽亚商店整合了称号，光环，宠物，宝珠</span></span></span></span></span></p>\r\n\r\n<p style=\"text-align:justify\"><img alt=\"\" height=\"347\" src=\"/media/uploads/2023/11/09/image-20231109161817-8.png\" width=\"245\" /><img alt=\"\" height=\"358\" src=\"/media/uploads/2023/11/09/image-20231109161817-9.png\" width=\"244\" /></p>\r\n\r\n<p style=\"text-align:justify\"><img alt=\"\" height=\"361\" src=\"/media/uploads/2023/11/09/image-20231109161817-10.png\" width=\"246\" /><img alt=\"\" height=\"352\" src=\"/media/uploads/2023/11/09/image-20231109161817-11.png\" width=\"236\" /></p>\r\n\r\n<p style=\"text-align:justify\">&nbsp;</p>\r\n\r\n<p style=\"text-align:justify\"><span style=\"font-size:10.5pt\"><span style=\"font-family:Calibri\"><span style=\"font-size:10.5000pt\"><span style=\"font-family:宋体\"><span style=\"font-family:宋体\">光环属性全部一致，可以根据自己的喜好来带</span></span></span></span></span></p>\r\n\r\n<p style=\"text-align:justify\">&nbsp;</p>\r\n\r\n<p style=\"text-align:justify\">&nbsp;</p>\r\n\r\n<p style=\"text-align:justify\"><span style=\"font-size:10.5pt\"><span style=\"font-family:Calibri\"><span style=\"font-size:12.0000pt\"><span style=\"font-family:宋体\"><span style=\"color:#ff0000\"><span style=\"font-family:宋体\">宠物删除券</span> <span style=\"font-family:宋体\">删除前</span>2<span style=\"font-family:宋体\">排的宠物 </span></span></span></span></span></span></p>\r\n\r\n<p style=\"text-align:justify\"><span style=\"font-size:10.5pt\"><span style=\"font-family:Calibri\"><span style=\"font-size:12.0000pt\"><span style=\"font-family:宋体\"><span style=\"color:#ff0000\"><span style=\"font-family:宋体\">装备跨界石</span> <span style=\"font-family:宋体\">将装备栏左上角的装备转移到共享仓库</span></span></span></span></span></span></p>\r\n\r\n<p style=\"text-align:justify\"><span style=\"font-size:10.5pt\"><span style=\"font-family:Calibri\"><span style=\"font-size:12.0000pt\"><span style=\"font-family:宋体\"><span style=\"color:#ff0000\"><span style=\"font-family:宋体\">装备继承券</span> <span style=\"font-family:宋体\">将装备栏左上角第一个栏位装备的强化或者增幅效果转移到装备栏左上角第二个栏位的装备上面</span></span></span></span></span></span></p>\r\n\r\n<p style=\"text-align:justify\">&nbsp;</p>\r\n\r\n<p style=\"text-align:justify\"><span style=\"font-size:10.5pt\"><span style=\"font-family:Calibri\"><span style=\"font-size:12.0000pt\"><span style=\"font-family:宋体\"><span style=\"color:#f79646\"><span style=\"font-family:宋体\">重要：女鬼键位参照女鬼剑键位指南</span></span></span></span></span></span></p>\r\n\r\n<p style=\"text-align:justify\">&nbsp;</p>\r\n\r\n<p style=\"text-align:justify\"><span style=\"font-size:10.5pt\"><span style=\"font-family:Calibri\"><span style=\"font-size:12.0000pt\"><span style=\"font-family:宋体\"><span style=\"color:#f79646\"><span style=\"font-family:宋体\">拓展键位，默认学习了</span>95<span style=\"font-family:宋体\">和</span><span style=\"font-family:Calibri\">100</span><span style=\"font-family:宋体\">技能后会自动填充到</span><span style=\"font-family:Calibri\">CTRL</span><span style=\"font-family:宋体\">和</span><span style=\"font-family:Calibri\">ALT</span><span style=\"font-family:宋体\">键</span></span></span></span></span></span></p>\r\n\r\n<p style=\"text-align:justify\"><img alt=\"\" height=\"267\" src=\"/media/uploads/2023/11/09/image-20231109161817-12.png\" width=\"968\" /></p>\r\n\r\n<p style=\"text-align:justify\">&nbsp;</p>\r\n\r\n<p style=\"text-align:justify\"><span style=\"font-size:10.5pt\"><span style=\"font-family:Calibri\"><span style=\"font-size:18.0000pt\"><span style=\"font-family:宋体\"><span style=\"font-family:宋体\">装备和材料获取攻略</span></span></span></span></span></p>\r\n\r\n<p style=\"text-align:justify\"><img alt=\"\" height=\"345\" src=\"/media/uploads/2023/11/09/image-20231109161817-13.png\" width=\"950\" /></p>\r\n\r\n<p style=\"text-align:justify\">&nbsp;</p>\r\n\r\n<p style=\"text-align:justify\"><img alt=\"\" height=\"111\" src=\"/media/uploads/2023/11/09/image-20231109161817-14.png\" width=\"684\" /></p>\r\n\r\n<p style=\"text-align:justify\">&nbsp;</p>\r\n\r\n<p style=\"text-align:justify\"><img alt=\"\" height=\"49\" src=\"/media/uploads/2023/11/09/image-20231109161817-15.png\" width=\"630\" /></p>\r\n\r\n<p style=\"text-align:justify\"><img alt=\"\" height=\"48\" src=\"/media/uploads/2023/11/09/image-20231109161817-16.png\" width=\"617\" /></p>\r\n\r\n<p style=\"text-align:justify\">&nbsp;</p>\r\n\r\n<p style=\"text-align:justify\"><span style=\"font-size:10.5pt\"><span style=\"font-family:Calibri\"><span style=\"font-size:12.0000pt\"><span style=\"font-family:宋体\"><span style=\"color:#ff0000\"><span style=\"font-family:宋体\">希洛克和奥兹玛装备</span></span></span></span></span></span></p>\r\n\r\n<p style=\"text-align:justify\">&nbsp;</p>\r\n\r\n<p style=\"text-align:justify\"><span style=\"font-size:10.5pt\"><span style=\"font-family:Calibri\"><span style=\"font-size:12.0000pt\"><span style=\"font-family:宋体\"><span style=\"font-family:宋体\">通过解决化的紫英花瓣礼盒和毁灭的混沌宝箱获取没有套装效果的底板，然后与</span>100<span style=\"font-family:宋体\">史诗融合后获取带套装效果的希洛克和奥兹玛装备</span></span></span></span></span></p>\r\n\r\n<p style=\"text-align:justify\">&nbsp;</p>\r\n\r\n<p style=\"text-align:justify\"><span style=\"font-size:10.5pt\"><span style=\"font-family:Calibri\"><span style=\"font-size:12.0000pt\"><span style=\"font-family:宋体\"><span style=\"color:#ff0000\">LV105<span style=\"font-family:宋体\">装备</span></span></span></span></span></span></p>\r\n\r\n<p style=\"text-align:justify\">&nbsp;</p>\r\n\r\n<p style=\"text-align:justify\"><span style=\"font-size:10.5pt\"><span style=\"font-family:Calibri\"><span style=\"font-size:12.0000pt\"><span style=\"font-family:宋体\"><span style=\"font-family:宋体\">副本获取后的</span>105<span style=\"font-family:宋体\">白板装备，通过光之铁匠克雷欧，副队长施米特，梅丽，奥德伊兹商店将副属性升级到</span><span style=\"font-family:Calibri\">LV60</span><span style=\"font-family:宋体\">，每</span><span style=\"font-family:Calibri\">10</span><span style=\"font-family:宋体\">级大约提升</span><span style=\"font-family:Calibri\">5%</span><span style=\"font-family:宋体\">伤害。</span></span></span></span></span></p>\r\n\r\n<p style=\"text-align:justify\">&nbsp;</p>\r\n\r\n<p style=\"text-align:justify\">&nbsp;</p>\r\n\r\n<p style=\"text-align:justify\">&nbsp;</p>\r\n\r\n<p style=\"text-align:justify\"><span style=\"font-size:10.5pt\"><span style=\"font-family:Calibri\"><span style=\"font-size:18.0000pt\"><span style=\"font-family:宋体\"><span style=\"color:#ffc000\"><span style=\"font-family:宋体\">毕业装备获取指南：</span></span></span></span></span></span></p>\r\n\r\n<p style=\"text-align:justify\"><span style=\"font-size:10.5pt\"><span style=\"font-family:Calibri\"><span style=\"font-size:14.0000pt\"><span style=\"font-family:宋体\"><span style=\"color:#70ad47\"><span style=\"font-family:宋体\">智慧的引导</span>---100<span style=\"font-family:宋体\">级史诗和</span><span style=\"font-family:Calibri\">105</span><span style=\"font-family:宋体\">级神话装备</span></span></span></span></span></span></p>\r\n\r\n<p style=\"text-align:justify\"><span style=\"font-size:10.5pt\"><span style=\"font-family:Calibri\"><span style=\"font-size:14.0000pt\"><span style=\"font-family:宋体\"><span style=\"color:#70ad47\"><span style=\"font-family:宋体\">流放者山脉</span>---CP</span></span></span><span style=\"font-size:14.0000pt\"><span style=\"font-family:Calibri\"><span style=\"color:#70ad47\"><span style=\"font-family:宋体\">符石</span></span></span></span></span></span></p>\r\n\r\n<p style=\"text-align:justify\"><span style=\"font-size:10.5pt\"><span style=\"font-family:Calibri\"><span style=\"font-size:14.0000pt\"><span style=\"font-family:宋体\"><span style=\"color:#70ad47\"><span style=\"font-family:宋体\">黑鸦之境</span>---<span style=\"font-family:宋体\">黑色龙语武器赋予属性</span></span></span></span></span></span></p>\r\n\r\n<p style=\"text-align:justify\"><span style=\"font-size:10.5pt\"><span style=\"font-family:Calibri\"><span style=\"font-size:14.0000pt\"><span style=\"font-family:宋体\"><span style=\"color:#70ad47\"><span style=\"font-family:宋体\">未央幻境</span>---<span style=\"font-family:宋体\">辟邪玉</span></span></span></span></span></span></p>\r\n\r\n<p style=\"text-align:justify\"><span style=\"font-size:10.5pt\"><span style=\"font-family:Calibri\"><span style=\"font-size:14.0000pt\"><span style=\"font-family:宋体\"><span style=\"color:#70ad47\"><span style=\"font-family:宋体\">希洛克装备</span></span></span></span></span></span></p>\r\n\r\n<p style=\"text-align:justify\"><span style=\"font-size:10.5pt\"><span style=\"font-family:Calibri\"><span style=\"font-size:14.0000pt\"><span style=\"font-family:宋体\"><span style=\"color:#70ad47\">100<span style=\"font-family:宋体\">级史诗&rarr;无形残香武器</span></span></span></span></span></span></p>\r\n\r\n<p style=\"text-align:justify\"><span style=\"font-size:10.5pt\"><span style=\"font-family:Calibri\"><span style=\"font-size:14.0000pt\"><span style=\"font-family:宋体\"><span style=\"color:#70ad47\">100<span style=\"font-family:宋体\">史诗&rarr;无形裤子</span><span style=\"font-family:Calibri\">---</span><span style=\"font-family:宋体\">无欲戒指</span><span style=\"font-family:Calibri\">---</span><span style=\"font-family:宋体\">幻影左曹</span></span></span></span></span></span></p>\r\n\r\n<p style=\"text-align:justify\"><span style=\"font-size:10.5pt\"><span style=\"font-family:Calibri\"><span style=\"font-size:14.0000pt\"><span style=\"font-family:宋体\"><span style=\"color:#70ad47\"><span style=\"font-family:宋体\">奥兹玛装备</span></span></span></span></span></span></p>\r\n\r\n<p style=\"text-align:justify\"><span style=\"font-size:10.5pt\"><span style=\"font-family:Calibri\"><span style=\"font-size:14.0000pt\"><span style=\"font-family:宋体\"><span style=\"color:#70ad47\">100<span style=\"font-family:宋体\">级史诗&rarr;奥兹玛头肩、腰带、鞋子、项链、魔法石</span></span></span></span></span></span></p>\r\n\r\n<p style=\"text-align:justify\"><span style=\"font-size:10.5pt\"><span style=\"font-family:Calibri\"><span style=\"font-size:14.0000pt\"><span style=\"font-family:宋体\"><span style=\"color:#ffc000\">LV110<span style=\"font-family:宋体\">级新增攻略</span></span></span></span></span></span></p>\r\n\r\n<p style=\"text-align:justify\"><span style=\"font-size:10.5pt\"><span style=\"font-family:Calibri\"><span style=\"font-size:14.0000pt\"><span style=\"font-family:宋体\"><span style=\"color:#92d050\">105<span style=\"font-family:宋体\">级史诗装备</span></span></span></span><span style=\"font-size:14.0000pt\"><span style=\"font-family:宋体\"><span style=\"color:#70ad47\">&rarr;</span></span></span><span style=\"font-size:14.0000pt\"><span style=\"font-family:Calibri\"><span style=\"color:#92d050\"><span style=\"font-family:宋体\">通过光之铁匠克雷欧，副队长施米特，梅丽，奥德伊兹商店将副属性升级到</span>LV60</span></span></span><span style=\"font-size:14.0000pt\"><span style=\"font-family:宋体\"><span style=\"color:#92d050\"><span style=\"font-family:宋体\">即可毕业</span></span></span></span></span></span></p>\r\n\r\n<p style=\"text-align:justify\"><span style=\"font-size:10.5pt\"><span style=\"font-family:Calibri\"><span style=\"font-size:14.0000pt\"><span style=\"font-family:宋体\"><span style=\"color:#92d050\"><span style=\"font-family:宋体\">机械战神装备</span></span></span></span></span></span></p>\r\n\r\n<p style=\"text-align:justify\"><span style=\"font-size:10.5pt\"><span style=\"font-family:Calibri\"><span style=\"font-size:14.0000pt\"><span style=\"font-family:宋体\"><span style=\"color:#92d050\"><span style=\"font-family:宋体\">纳门洛斯</span>-<span style=\"font-family:宋体\">第七战神库里欧商店</span><span style=\"font-family:Calibri\">-</span><span style=\"font-family:宋体\">机械战神装备</span></span></span></span></span></span></p>\r\n\r\n<p style=\"text-align:justify\"><span style=\"font-size:10.5pt\"><span style=\"font-family:Calibri\"><span style=\"font-size:14.0000pt\"><span style=\"font-family:宋体\"><span style=\"color:#92d050\"><span style=\"font-family:宋体\">军团装备</span></span></span></span></span></span></p>\r\n\r\n<p style=\"text-align:justify\"><span style=\"font-size:10.5pt\"><span style=\"font-family:Calibri\"><span style=\"font-size:14.0000pt\"><span style=\"font-family:宋体\"><span style=\"color:#92d050\"><span style=\"font-family:宋体\">临时营地</span>-<span style=\"font-family:宋体\">机动装备仓</span><span style=\"font-family:Calibri\">-</span><span style=\"font-family:宋体\">军团装备</span></span></span></span></span></span></p>\r\n\r\n<p style=\"text-align:justify\">&nbsp;</p>\r\n\r\n<p style=\"text-align:justify\">&nbsp;</p>\r\n\r\n<p style=\"text-align:center\"><span style=\"font-size:10.5pt\"><span style=\"font-family:Calibri\"><span style=\"font-size:22.0000pt\"><span style=\"font-family:宋体\"><span style=\"color:#92d050\">110<span style=\"font-family:宋体\">快速入门攻略</span></span></span></span></span></span></p>\r\n\r\n<ol>\r\n\t<li style=\"text-align:justify\"><span style=\"font-size:10.5pt\"><span style=\"font-family:Calibri\"><span style=\"font-size:14.0000pt\"><span style=\"font-family:宋体\"><span style=\"font-family:宋体\">飞升到</span>110<span style=\"font-family:宋体\">级，到赛丽亚做完左右槽和瞬间移动药剂任务，移动药剂有</span><span style=\"font-family:Calibri\">2</span><span style=\"font-family:宋体\">个，分别对应低级和高级区域。</span></span></span></span></span></li>\r\n\t<li style=\"text-align:justify\"><span style=\"font-size:10.5pt\"><span style=\"font-family:Calibri\"><span style=\"font-size:14.0000pt\"><span style=\"font-family:宋体\"><span style=\"font-family:宋体\">刷装备</span> <span style=\"font-family:宋体\">先去智慧的引导刷一套</span>100<span style=\"font-family:宋体\">史诗，如何去</span><span style=\"font-family:Calibri\">(</span><span style=\"font-family:宋体\">高级移动药剂</span><span style=\"font-family:Calibri\">-</span><span style=\"font-family:宋体\">风暴航线</span><span style=\"font-family:Calibri\">)</span><span style=\"font-family:宋体\">，凑齐一套</span><span style=\"font-family:Calibri\">100</span><span style=\"font-family:宋体\">史诗然后去旁边的副本风暴逆鳞去刷</span><span style=\"font-family:Calibri\">105</span><span style=\"font-family:宋体\">的史诗。护石去流放者山脉刷</span><span style=\"font-family:Calibri\">(</span><span style=\"font-family:宋体\">夏特利</span><span style=\"font-family:Calibri\">)</span><span style=\"font-family:宋体\">，辟邪玉去未央幻境刷。</span></span></span></span></span></li>\r\n\t<li style=\"text-align:justify\"><span style=\"font-size:10.5pt\"><span style=\"font-family:Calibri\"><span style=\"font-size:14.0000pt\"><span style=\"font-family:宋体\"><span style=\"font-family:宋体\">赛丽亚商店有称号，宝珠，宠物，达芙妮商店有时装徽章，商城买的时装盒子打开后，对着时装</span>shift+<span style=\"font-family:宋体\">右键即可镶嵌徽章。</span></span></span></span></span></li>\r\n\t<li style=\"text-align:justify\"><span style=\"font-size:10.5pt\"><span style=\"font-family:Calibri\"><span style=\"font-size:14.0000pt\"><span style=\"font-family:宋体\">105<span style=\"font-family:宋体\">级史诗装备到纳门洛斯，圣域边界，西陵诸岛，毁坏的寂静城门口的</span><span style=\"font-family:Calibri\">npc</span><span style=\"font-family:宋体\">通过图纸升级。胜负之役武器在毁坏的寂静城和贵族机要掉落。</span></span></span></span></span></li>\r\n\t<li style=\"text-align:justify\"><span style=\"font-size:10.5pt\"><span style=\"font-family:Calibri\"><span style=\"font-size:14.0000pt\"><span style=\"font-family:宋体\"><span style=\"font-family:宋体\">机械七战神在纳门洛斯，可以兑换七战神装备。</span></span></span></span></span></li>\r\n\t<li style=\"text-align:justify\"><span style=\"font-size:10.5pt\"><span style=\"font-family:Calibri\"><span style=\"font-size:14.0000pt\"><span style=\"font-family:宋体\"><span style=\"font-family:宋体\">军团本</span>-<span style=\"font-family:宋体\">伊斯大陆在临时营地传送，可兑换军团首饰。</span></span></span></span></span></li>\r\n\t<li style=\"text-align:justify\"><span style=\"font-size:10.5pt\"><span style=\"font-family:Calibri\"><span style=\"font-size:14.0000pt\"><span style=\"font-family:宋体\"><span style=\"font-family:宋体\">所有高级本的门票在商城都可购买，每日任务是重复的，可一直刷。</span></span></span></span></span></li>\r\n\t<li style=\"text-align:justify\"><span style=\"font-size:10.5pt\"><span style=\"font-family:Calibri\"><span style=\"font-size:14.0000pt\"><span style=\"font-family:宋体\"><span style=\"font-family:宋体\">装备搭配：当前毕业装备</span></span></span></span></span></li>\r\n</ol>\r\n\r\n<p style=\"text-align:justify\"><span style=\"font-size:10.5pt\"><span style=\"font-family:Calibri\"><span style=\"font-size:14.0000pt\"><span style=\"font-family:宋体\"><span style=\"font-family:宋体\">武器</span> <span style=\"font-family:宋体\">吞噬本源</span></span></span></span></span></p>\r\n\r\n<p style=\"text-align:justify\"><span style=\"font-size:10.5pt\"><span style=\"font-family:Calibri\"><span style=\"font-size:14.0000pt\"><span style=\"font-family:宋体\"><span style=\"font-family:宋体\">首饰</span> <span style=\"font-family:宋体\">军团首饰</span></span></span></span></span></p>\r\n\r\n<p style=\"text-align:justify\"><span style=\"font-size:10.5pt\"><span style=\"font-family:Calibri\"><span style=\"font-size:14.0000pt\"><span style=\"font-family:宋体\"><span style=\"font-family:宋体\">左右槽</span> <span style=\"font-family:宋体\">机械七战神</span></span></span></span></span></p>\r\n\r\n<p style=\"text-align:justify\"><span style=\"font-size:10.5pt\"><span style=\"font-family:Calibri\"><span style=\"font-size:14.0000pt\"><span style=\"font-family:宋体\"><span style=\"font-family:宋体\">防具</span> <span style=\"font-family:宋体\">机械七战神或者自选</span>105<span style=\"font-family:宋体\">史诗</span></span></span></span></span></p>\r\n\r\n<p style=\"text-align:justify\">&nbsp;</p>\r\n\r\n<p style=\"text-align:justify\">&nbsp;</p>\r\n\r\n<p style=\"text-align:justify\">&nbsp;</p>",
            "user": "<img height=\"25px\" src=\"\">Mysir",
            "time": "2023-11-09 16:20:08"
        },
        {
            "id": 513,
            "VersionName": "破界新生110级女圣职初版<span style='margin-left: 2px;padding-left: 16px;color: blue;text-align: center;background: url(/static/images/msg.png) no-repeat; center' title='回复'>8</span>",
            "VersionType": "110版本",
            "view_num": 2452,
            "Remark": "<p><img alt=\"image.png\" src=\"https://sc.630660.com/config/ueditor/php/upload/image/20231011/1696989875567536.png\" title=\"1696989875567536.png\" /></p>\r\n\r\n<p><img alt=\"image.png\" src=\"https://sc.630660.com/config/ueditor/php/upload/image/20231011/1696989920770446.png\" title=\"1696989920770446.png\" /></p>\r\n\r\n<p><img alt=\"image.png\" src=\"https://sc.630660.com/config/ueditor/php/upload/image/20231011/1696989963609284.png\" title=\"1696989963609284.png\" /></p>\r\n\r\n<p><img alt=\"image.png\" src=\"https://sc.630660.com/config/ueditor/php/upload/image/20231011/1696990007440928.png\" title=\"1696990007440928.png\" /></p>\r\n\r\n<p><img alt=\"image.png\" src=\"https://sc.630660.com/config/ueditor/php/upload/image/20231011/1696990020110689.png\" title=\"1696990020110689.png\" /></p>\r\n\r\n<p><img alt=\"image.png\" src=\"https://sc.630660.com/config/ueditor/php/upload/image/20231011/1696990067731242.png\" title=\"1696990067731242.png\" /></p>\r\n\r\n<p><img alt=\"image.png\" src=\"https://sc.630660.com/config/ueditor/php/upload/image/20231011/1696990093792703.png\" title=\"1696990093792703.png\" /></p>\r\n\r\n<p><img alt=\"image.png\" src=\"https://sc.630660.com/config/ueditor/php/upload/image/20231011/1696990111535127.png\" title=\"1696990111535127.png\" /></p>\r\n\r\n<p><img alt=\"image.png\" src=\"https://sc.630660.com/config/ueditor/php/upload/image/20231011/1696990158754551.png\" title=\"1696990158754551.png\" /></p>\r\n\r\n<p><img alt=\"image.png\" src=\"https://sc.630660.com/config/ueditor/php/upload/image/20231011/1696990172264874.png\" title=\"1696990172264874.png\" /></p>\r\n\r\n<p>链接: https://pan.baidu.com/s/12gj9qNPs1l8Gd4yVgnEdgQ?pwd=8hmt 提取码: 8hmt 复制这段内容后打开百度网盘手机App，操作更方便哦&nbsp;<br />\r\n--来自百度网盘超级会员v5的分享</p>\r\n\r\n<p>DOF一键端说明https://docs.qq.com/doc/DRVFmeGNLSWNRRUxG</p>",
            "user": "<img height=\"25px\" src=\"\">偏爱网络",
            "time": "2023-12-14 20:06:05"
        },
        {
            "id": 450,
            "VersionName": "沫沫110七月版本<span style='margin-left: 2px;padding-left: 16px;color: blue;text-align: center;background: url(/static/images/msg.png) no-repeat; center' title='回复'>2</span>",
            "VersionType": "110版本",
            "view_num": 1778,
            "Remark": "<p>链接: https://pan.baidu.com/s/1xvhRNdJXCNWSA8dSmb-teg?pwd=zy7e 提取码: zy7e 复制这段内容后打开百度网盘手机App，操作更方便哦&nbsp;<br />\r\n--来自百度网盘超级会员v5的分享</p>",
            "user": "<img height=\"25px\" src=\"https://dafstatic.oss-cn-beijing.aliyuncs.com/static/title/level6.gif\"><span class=\"rainbow\">玲珑</span>",
            "time": "2023-08-24 16:23:01"
        },
        {
            "id": 449,
            "VersionName": "榴莲110（含巴卡尔）<span style='margin-left: 2px;padding-left: 16px;color: blue;text-align: center;background: url(/static/images/msg.png) no-repeat; center' title='回复'>2</span>",
            "VersionType": "110版本",
            "view_num": 1674,
            "Remark": "<p>链接: https://pan.baidu.com/s/1NOVAKekuQ2p7kgIMgwxOBg?pwd=4mig 提取码: 4mig 复制这段内容后打开百度网盘手机App，操作更方便哦&nbsp;<br />\r\n--来自百度网盘超级会员v5的分享<br />\r\n榴莲110开放</p>\r\n\r\n<p>攻略</p>\r\n\r\n<p>【腾讯文档】榴莲独家110级版本五期攻略全书<br />\r\n<img alt=\"\" src=\"file:///C:\\Users\\Administrator\\AppData\\Roaming\\Tencent\\QQ\\Temp\\%W@GJ$ACOF(TYDYECOKVDYB.png\" />https://docs.qq.com/doc/DQm9yRVdTV0RjalJH</p>",
            "user": "<img height=\"25px\" src=\"\">初夏",
            "time": "2023-08-24 16:16:18"
        },
        {
            "id": 595,
            "VersionName": "飘雪110",
            "VersionType": "110版本",
            "view_num": 1530,
            "Remark": "<p>链接：https://pan.baidu.com/s/1FMfSDFWfpfsGHhpsqkJZvA?pwd=6666&nbsp;<br />\n攻略自己去100发布站上面找<br />\n&nbsp;</p>",
            "user": "<img height=\"25px\" src=\"\">小卡拉米丶",
            "time": "2024-06-11 17:51:31"
        },
        {
            "id": 451,
            "VersionName": "110超变龙泉<span style='margin-left: 2px;padding-left: 16px;color: blue;text-align: center;background: url(/static/images/msg.png) no-repeat; center' title='回复'>6</span>",
            "VersionType": "110版本",
            "view_num": 1432,
            "Remark": "<p>链接：https://pan.baidu.com/s/14omFeSjWql2j8MsrI898Og?pwd=91fq&nbsp;<br />\n提取码：91fq&nbsp;<br />\n--来自百度网盘超级会员V3的分享</p>\n",
            "user": "<img height=\"25px\" src=\"\">布丁",
            "time": "2023-09-03 15:28:20"
        },
        {
            "id": 572,
            "VersionName": "沫沫110版本部分bug修正版<span style='margin-left: 2px;padding-left: 16px;color: blue;text-align: center;background: url(/static/images/msg.png) no-repeat; center' title='回复'>2</span>",
            "VersionType": "110版本",
            "view_num": 1407,
            "Remark": "<p>https://pan.baidu.com/s/149T_R4t4qGUw_e_NtINrqA</p>\n\n<p>1234</p>",
            "user": "<img height=\"25px\" src=\"\">水煮鱼",
            "time": "2024-05-07 07:35:52"
        },
        {
            "id": 585,
            "VersionName": "游蝶DOF110级神话8.0真女鬼剑龙之庭院机械七战神实验室龙之怒完美版<span style='margin-left: 2px;padding-left: 16px;color: blue;text-align: center;background: url(/static/images/msg.png) no-repeat; center' title='回复'>2</span>",
            "VersionType": "110版本",
            "view_num": 1171,
            "Remark": "<p>夸克链接：https://pan.quark.cn/s/14ca435173be<br />\n提取码：qF3c<br />\n&mdash;&mdash;&mdash;&mdash;&mdash;&mdash;&mdash;&mdash;&mdash;&mdash;&mdash;&mdash;&mdash;&mdash;&mdash;&mdash;&mdash;&mdash;&mdash;&mdash;&mdash;&mdash;&mdash;&mdash;&mdash;&mdash;&mdash;&mdash;&mdash;&mdash;&mdash;&mdash;&mdash;&mdash;&mdash;<br />\n百度链接：https://pan.baidu.com/s/1JDl4XtNe8z5QjBJEGYw54A<br />\n提取码：0cbs<br />\n&ndash;来自百度网盘超级会员V7的分享<br />\n&mdash;&mdash;&mdash;&mdash;&mdash;&mdash;&mdash;&mdash;&mdash;&mdash;&mdash;&mdash;&mdash;&mdash;&mdash;&mdash;&mdash;&mdash;&mdash;&mdash;&mdash;&mdash;&mdash;&mdash;&mdash;&mdash;&mdash;&mdash;&mdash;&mdash;&mdash;&mdash;&mdash;&mdash;&mdash;<br />\n其他解压码：<br />\n&mdash;&mdash;&mdash;&mdash;&mdash;&mdash;&mdash;&mdash;&mdash;&mdash;&mdash;&mdash;&mdash;&mdash;&mdash;&mdash;&mdash;&mdash;&mdash;&mdash;&mdash;&mdash;&mdash;&mdash;&mdash;&mdash;&mdash;&mdash;&mdash;&mdash;&mdash;&mdash;&mdash;&mdash;&mdash;<br />\n【解压密码】：ydwgames.com<br />\n【如果有工具教程的解压密码就用这个】：ydwgame<br />\n【如有其他解压密码，请在文件夹内或者帖子介绍处细心查看】</p>",
            "user": "<img height=\"25px\" src=\"\">蜜雪冰王",
            "time": "2024-06-08 05:00:22"
        },
        {
            "id": 447,
            "VersionName": "110游碟头等舱超变版本<span style='margin-left: 2px;padding-left: 16px;color: blue;text-align: center;background: url(/static/images/msg.png) no-repeat; center' title='回复'>3</span>",
            "VersionType": "110版本",
            "view_num": 1113,
            "Remark": "<p>链接：https://pan.baidu.com/s/1Rz-FEp7e1cq_V-mVtKsQfQ?pwd=jcue&nbsp;<br />\n提取码：jcue&nbsp;<br />\n--来自百度网盘超级会员V1的分享</p>\n\n<h5 style=\"text-align:left\"><span style=\"font-size:11pt\"><span style=\"font-family:等线\"><span style=\"color:#1a1a1a\"><strong><strong><span style=\"font-size:11.0000pt\"><span style=\"font-family:等线\"><span style=\"color:#1a1a1a\"><strong><span style=\"font-family:等线\">游戏介绍</span></strong></span></span></span></strong></strong></span></span></span></h5>\n\n<p style=\"text-align:left\"><span style=\"font-size:11pt\"><span style=\"font-family:等线\"><span style=\"color:#333333\"><span style=\"font-size:10.5000pt\"><span style=\"font-family:等线\"><span style=\"color:#000000\"><span style=\"font-family:等线\">优化</span>8K高清画质体验、告别低俗的PS画面</span></span></span></span></span></span></p>\n\n<p style=\"text-align:left\"><span style=\"font-size:11pt\"><span style=\"font-family:等线\"><span style=\"color:#333333\"><span style=\"font-size:10.5000pt\"><span style=\"font-family:等线\"><span style=\"color:#000000\"><span style=\"font-family:等线\">每日任务奖励已上调</span>10倍！轻松护肝畅玩！</span></span></span><strong><span style=\"font-size:10.5000pt\"><span style=\"font-family:等线\"><span style=\"color:#de3c36\"><span style=\"font-family:等线\">全职业真实二觉三觉</span></span></span></span></strong></span></span></span></p>\n\n<p style=\"text-align:left\"><span style=\"font-size:11pt\"><span style=\"font-family:等线\"><span style=\"color:#333333\"><span style=\"font-size:10.5000pt\"><span style=\"font-family:等线\"><span style=\"color:#000000\"><span style=\"font-family:等线\">独家</span></span></span></span><strong><span style=\"font-size:10.5000pt\"><span style=\"font-family:等线\"><span style=\"color:#00a3f5\"><span style=\"font-family:等线\">冒险家名望系统</span></span></span></span></strong><span style=\"font-size:10.5000pt\"><span style=\"font-family:等线\"><span style=\"color:#000000\">(和最终伤害修正协调）</span></span></span></span></span></span></p>\n\n<p style=\"text-align:left\"><span style=\"font-size:11pt\"><span style=\"font-family:等线\"><span style=\"color:#333333\"><span style=\"font-size:10.5000pt\"><span style=\"background-color:#ffffff\"><span style=\"font-family:等线\"><span style=\"color:#000000\"><span style=\"font-family:等线\">衡量自身伤害的一个标准！也是副本的门槛！名望越高越强！</span></span></span></span></span></span></span></span></p>\n\n<p style=\"text-align:left\"><span style=\"font-size:11pt\"><span style=\"font-family:等线\"><span style=\"color:#333333\"><span style=\"font-size:10.5000pt\"><span style=\"background-color:#ffffff\"><span style=\"font-family:等线\"><span style=\"color:#000000\"><span style=\"font-family:等线\">爆率对市面服上升百倍不止！</span> </span></span></span></span><span style=\"font-size:10.5000pt\"><span style=\"font-family:等线\"><span style=\"color:#000000\"><span style=\"font-family:等线\">本服为长久特色的超变服！注重每一阶段的养成体验！</span></span></span></span></span></span></span></p>\n\n<p style=\"text-align:left\"><span style=\"font-size:11pt\"><span style=\"font-family:等线\"><span style=\"color:#333333\"><span style=\"font-size:10.5000pt\"><span style=\"background-color:#ffffff\"><span style=\"font-family:等线\"><span style=\"color:#000000\"><span style=\"font-family:等线\">精心打造独家插件：</span></span></span></span></span><strong><em><span style=\"font-size:10.5000pt\"><span style=\"background-color:#ffffff\"><span style=\"font-family:等线\"><span style=\"color:#319b62\"><span style=\"font-family:等线\">马战大赛惊险刺激！</span></span></span></span></span></em></strong><span style=\"font-size:10.5000pt\"><span style=\"background-color:#ffffff\"><span style=\"font-family:等线\"><span style=\"color:#000000\"><span style=\"font-family:等线\">兑换商店皆可白嫖</span>VIP道具！</span></span></span></span></span></span></span></p>\n\n<p style=\"text-align:left\"><span style=\"font-size:11pt\"><span style=\"font-family:等线\"><span style=\"color:#333333\"><span style=\"font-size:10.5000pt\"><span style=\"background-color:#ffffff\"><span style=\"font-family:等线\"><span style=\"color:#000000\"><span style=\"font-family:等线\">无任何游戏暗坑！每阶段装备毕业不会存在打不过的现象！</span></span></span></span></span></span></span></span></p>\n\n<p style=\"text-align:left\"><span style=\"font-size:11pt\"><span style=\"font-family:等线\"><span style=\"color:#333333\"><span style=\"font-size:10.5000pt\"><span style=\"background-color:#ffffff\"><span style=\"font-family:等线\"><span style=\"color:#000000\"><span style=\"font-family:等线\">新人会送</span></span></span></span></span><strong><em><span style=\"font-size:10.5000pt\"><span style=\"background-color:#ffffff\"><span style=\"font-family:等线\"><span style=\"color:#de3c36\"><span style=\"font-family:等线\">无</span>CD称号上线即可体验无限技能快感</span></span></span></span></em></strong><em><span style=\"font-size:10.5000pt\"><span style=\"background-color:#ffffff\"><span style=\"font-family:等线\"><span style=\"color:#000000\"><span style=\"font-family:等线\">！</span></span></span></span></span></em></span></span></span></p>\n\n<p style=\"text-align:left\"><span style=\"font-size:11pt\"><span style=\"font-family:等线\"><span style=\"color:#333333\"><strong><span style=\"font-size:13.0000pt\"><span style=\"font-family:等线\"><span style=\"color:#de3c36\"><span style=\"font-family:等线\">职业介绍</span></span></span></span></strong></span></span></span></p>\n\n<p style=\"text-align:left\"><span style=\"font-size:11pt\"><span style=\"font-family:等线\"><span style=\"color:#333333\"><strong><span style=\"font-size:11.0000pt\"><span style=\"font-family:等线\"><span style=\"color:#000000\"><span style=\"font-family:等线\">推荐</span><span style=\"font-family:等线\">T0职业 男女大枪 男女散打 &nbsp;弹药 瞎子 剑魂 </span></span></span></span></strong><strong><span style=\"font-size:11.0000pt\"><span style=\"font-family:等线\"><span style=\"color:#000000\"><span style=\"font-family:等线\">全职业真实二觉三觉：真实伤害</span></span></span></span></strong><strong><span style=\"font-size:11.0000pt\"><span style=\"font-family:等线\"><span style=\"color:#000000\">&nbsp;<span style=\"font-family:等线\">女鬼魔枪暂时不推荐</span> <span style=\"font-family:等线\">后期优化好开放</span></span></span></span></strong></span></span></span></p>\n\n<p style=\"text-align:left\"><span style=\"font-size:11pt\"><span style=\"font-family:等线\"><span style=\"color:#333333\"><strong><span style=\"font-size:11.0000pt\"><span style=\"font-family:等线\"><span style=\"color:#000000\"><span style=\"font-family:等线\">技能经过特别精心优化，流畅的一批。全职业技能伤害平衡，经过无数次测试！！！</span></span></span></span></strong></span></span></span></p>\n",
            "user": "<img height=\"25px\" src=\"\">畅三",
            "time": "2023-08-20 12:04:49"
        },
        {
            "id": 566,
            "VersionName": "橙子-110超变头等舱<span style='margin-left: 2px;padding-left: 16px;color: blue;text-align: center;background: url(/static/images/msg.png) no-repeat; center' title='回复'>5</span>",
            "VersionType": "110版本",
            "view_num": 977,
            "Remark": "<p>链接: https://pan.baidu.com/s/1-O4bNvsmagZTRk3lgWMUgw?pwd=tjjm 提取码: tjjm 复制这段内容后打开百度网盘手机App，操作更方便哦&nbsp;<br />\r\n--来自百度网盘超级会员v5的分享</p>\r\n\r\n<p><img alt=\"\" height=\"328\" src=\"/media/uploads/2024/04/17/image-20240417085843-1.png\" width=\"477\" /></p>",
            "user": "<img height=\"25px\" src=\"https://dafstatic.oss-cn-beijing.aliyuncs.com/static/title/level6.gif\"><span class=\"rainbow\">玲珑</span>",
            "time": "2024-04-17 08:58:17"
        },
        {
            "id": 6,
            "VersionName": "110游碟-神话",
            "VersionType": "110版本",
            "view_num": 895,
            "Remark": "<p>链接: https://pan.baidu.com/s/1GKggj-E04muq8LAh-_0sZg?pwd=2hvu 提取码: 2hvu 复制这段内容后打开百度网盘手机App，操作更方便哦</p>",
            "user": "<img height=\"25px\" src=\"https://dafstatic.oss-cn-beijing.aliyuncs.com/static/title/level4.gif\"><span class=\"orange\">学院搬运工</span>",
            "time": "2023-05-11 21:18:51"
        },
        {
            "id": 422,
            "VersionName": "110真起源奥兹玛联网神话网游送gm工具",
            "VersionType": "110版本",
            "view_num": 866,
            "Remark": "<p>链接: https://pan.baidu.com/s/1Y4YitwlkCaD2FV8-yxXBow?pwd=3p73 提取码: 3p73 复制这段内容后打开百度网盘手机App，操作更方便哦&nbsp;<br />\r\n--来自百度网盘超级会员v5的分享</p>",
            "user": "<img height=\"25px\" src=\"https://dafstatic.oss-cn-beijing.aliyuncs.com/static/title/level4.gif\"><span class=\"orange\">学院搬运工</span>",
            "time": "2023-07-22 22:54:03"
        },
        {
            "id": 156,
            "VersionName": "战神110",
            "VersionType": "110版本",
            "view_num": 787,
            "Remark": "<p>链接:https://pan.baidu.com/s/1Y3qsDiBVCHOw-OPfnFnxyw?pwd=6666&nbsp;提取码:6666</p>",
            "user": "<img height=\"25px\" src=\"\">桀骜",
            "time": "2023-05-28 10:08:46"
        },
        {
            "id": 417,
            "VersionName": "110诛仙记超变<span style='margin-left: 2px;padding-left: 16px;color: blue;text-align: center;background: url(/static/images/msg.png) no-repeat; center' title='回复'>3</span>",
            "VersionType": "110版本",
            "view_num": 700,
            "Remark": "<p>链接: https://pan.baidu.com/s/1bAPwn1DIsWLe9CjlT0Pbfg?pwd=4c6i 提取码: 4c6i 复制这段内容后打开百度网盘手机App，操作更方便哦&nbsp;<br />\r\n--来自百度网盘超级会员v5的分享</p>\r\n\r\n<p><img alt=\"\" height=\"686\" src=\"/media/uploads/2023/07/22/image-20230722224807-1.png\" width=\"627\" /></p>",
            "user": "<img height=\"25px\" src=\"https://dafstatic.oss-cn-beijing.aliyuncs.com/static/title/level4.gif\"><span class=\"orange\">学院搬运工</span>",
            "time": "2023-07-22 22:48:17"
        },
        {
            "id": 607,
            "VersionName": "盗墓笔记第十五季全套",
            "VersionType": "110版本",
            "view_num": 680,
            "Remark": "<p><img alt=\"\" height=\"461\" src=\"https://dafstatic.oss-cn-beijing.aliyuncs.com/static/image/2024/7/5/dA5qCFBxjN7DnuG2x7m4.png\" width=\"818\" /></p>\n\n<p>链接：https://pan.baidu.com/s/1Qag1_CsU2jesrD-ErFGoTw?pwd=8888&nbsp;<br />\n提取码：8888&nbsp;<br />\n--来自百度网盘超级会员V3的分享</p>",
            "user": "<img height=\"25px\" src=\"\">雷神科技",
            "time": "2024-07-05 12:02:01"
        },
        {
            "id": 416,
            "VersionName": "110领航仿官<span style='margin-left: 2px;padding-left: 16px;color: blue;text-align: center;background: url(/static/images/msg.png) no-repeat; center' title='回复'>1</span>",
            "VersionType": "110版本",
            "view_num": 659,
            "Remark": "<p>链接: https://pan.baidu.com/s/1gC2mjxrNgPIMkxPlpW5h1Q?pwd=m4jj 提取码: m4jj 复制这段内容后打开百度网盘手机App，操作更方便哦&nbsp;<br />\r\n--来自百度网盘超级会员v5的分享</p>\r\n\r\n<p><img alt=\"\" height=\"720\" src=\"/media/uploads/2023/07/22/image-20230722224730-1.png\" width=\"626\" /></p>",
            "user": "<img height=\"25px\" src=\"https://dafstatic.oss-cn-beijing.aliyuncs.com/static/title/level4.gif\"><span class=\"orange\">学院搬运工</span>",
            "time": "2023-07-22 22:47:32"
        },
        {
            "id": 135,
            "VersionName": "110终结审判",
            "VersionType": "110版本",
            "view_num": 570,
            "Remark": "<p>链接: https://pan.baidu.com/s/18qoDa-wsYtHZQQOvItskAg?pwd=gqeb 提取码: gqeb 复制这段内容后打开百度网盘手机App，操作更方便哦</p>",
            "user": "<img height=\"25px\" src=\"\">可乐",
            "time": "2023-05-14 11:14:25"
        },
        {
            "id": 421,
            "VersionName": "110游蝶神话2.0",
            "VersionType": "110版本",
            "view_num": 570,
            "Remark": "<p>链接: https://pan.baidu.com/s/1_aU04K0Ww0-JSX70S00Okg?pwd=aqpt 提取码: aqpt 复制这段内容后打开百度网盘手机App，操作更方便哦&nbsp;<br />\r\n--来自百度网盘超级会员v5的分享</p>\r\n\r\n<p>&nbsp;</p>\r\n\r\n<p><img alt=\"\" height=\"1407\" src=\"/media/uploads/2023/07/22/image-20230722225320-1.png\" width=\"800\" /></p>",
            "user": "<img height=\"25px\" src=\"https://dafstatic.oss-cn-beijing.aliyuncs.com/static/title/level4.gif\"><span class=\"orange\">学院搬运工</span>",
            "time": "2023-07-22 22:53:27"
        },
        {
            "id": 420,
            "VersionName": "110天谕<span style='margin-left: 2px;padding-left: 16px;color: blue;text-align: center;background: url(/static/images/msg.png) no-repeat; center' title='回复'>4</span>",
            "VersionType": "110版本",
            "view_num": 513,
            "Remark": "<p>链接: https://pan.baidu.com/s/1vIr-5-de25YUJ9fjxHIsOA?pwd=q45a 提取码: q45a 复制这段内容后打开百度网盘手机App，操作更方便哦&nbsp;<br />\r\n--来自百度网盘超级会员v5的分享</p>\r\n\r\n<p>&nbsp;</p>\r\n\r\n<p style=\"text-align:left\">&nbsp;</p>\r\n\r\n<p style=\"text-align:left\"><span style=\"font-size:12pt\"><span style=\"font-family:微软雅黑\"><strong><span style=\"font-family:微软雅黑\"><span style=\"color:#ff0000\"><span style=\"font-family:微软雅黑\">真</span><span style=\"font-family:微软雅黑\">&middot;100级版本.全网唯一.细节优化极致</span></span></span></strong></span></span></p>\r\n\r\n<p style=\"text-align:left\"><span style=\"font-size:12pt\"><span style=\"font-family:微软雅黑\"><strong><span style=\"font-family:微软雅黑\"><span style=\"color:#ff0000\"><span style=\"font-family:微软雅黑\">全职业真</span>2觉.全职业3觉.同步国服.</span></span></strong></span></span></p>\r\n\r\n<p style=\"text-align:left\"><span style=\"font-size:12pt\"><span style=\"font-family:微软雅黑\"><strong><span style=\"background-color:#a3e043\"><span style=\"font-family:微软雅黑\"><span style=\"color:#ff0000\"><span style=\"font-family:微软雅黑\">职业介绍：</span></span></span></span></strong><strong><span style=\"font-family:微软雅黑\"><span style=\"color:#ff0000\"><span style=\"font-family:微软雅黑\">全职业平衡</span>.</span></span></strong><strong><span style=\"font-family:微软雅黑\"><span style=\"color:#0000ff\"><span style=\"font-family:微软雅黑\">全职业</span></span></span></strong><strong><span style=\"font-family:微软雅黑\"><span style=\"color:#0000ff\"><span style=\"font-family:微软雅黑\">技能加强</span></span></span></strong><strong><span style=\"font-family:微软雅黑\"><span style=\"color:#ff0000\"><span style=\"font-family:微软雅黑\">，所有职业都有</span></span></span></strong><strong><span style=\"font-family:微软雅黑\"><span style=\"color:#ff0000\"><span style=\"font-family:微软雅黑\">全屏技能</span>.</span></span></strong></span></span></p>\r\n\r\n<p style=\"text-align:left\"><span style=\"font-size:12pt\"><span style=\"font-family:微软雅黑\"><strong><span style=\"font-family:微软雅黑\"><span style=\"color:#ff0000\"><span style=\"font-family:微软雅黑\">比如大枪激光炮</span>.</span></span></strong><strong><span style=\"font-family:微软雅黑\"><span style=\"color:#ff0000\"><span style=\"font-family:微软雅黑\">气功</span></span></span></strong><strong><span style=\"font-family:微软雅黑\"><span style=\"color:#ff0000\"><span style=\"font-family:微软雅黑\">念气波等等</span></span></span></strong><strong><span style=\"font-family:微软雅黑\"><span style=\"color:#ff0000\"><span style=\"font-family:微软雅黑\">，</span></span></span></strong><strong><span style=\"font-family:微软雅黑\"><span style=\"color:#ff0000\"><span style=\"font-family:微软雅黑\">不点</span><span style=\"font-family:微软雅黑\">tp个别技能就是</span></span></span></strong><strong><span style=\"font-family:微软雅黑\"><span style=\"color:#ff0000\"><span style=\"font-family:微软雅黑\">全屏</span></span></span></strong></span></span></p>\r\n\r\n<p style=\"text-align:left\"><img alt=\"\" height=\"851\" src=\"/media/uploads/2023/07/22/image-20230722225056-1.png\" width=\"876\" /></p>\r\n\r\n<p style=\"text-align:left\"><img alt=\"\" height=\"470\" src=\"/media/uploads/2023/07/22/image-20230722225120-2.png\" width=\"900\" /></p>\r\n\r\n<p style=\"text-align:left\"><span style=\"font-size:12pt\"><span style=\"font-family:微软雅黑\"><strong><span style=\"background-color:#f9eda6\"><span style=\"font-family:微软雅黑\"><span style=\"color:#ff0000\"><span style=\"font-family:微软雅黑\">副本介绍：</span></span></span></span></strong></span></span></p>\r\n\r\n<p style=\"text-align:left\"><span style=\"font-size:12pt\"><span style=\"font-family:微软雅黑\"><strong><span style=\"background-color:#f9eda6\"><span style=\"font-family:微软雅黑\"><span style=\"color:#ff0000\"><span style=\"font-family:微软雅黑\">已开放国服所有最新副本：希洛克</span>.末央幻境.流放者山脉.黑鸦之镜.永恒大陆.</span></span></span></strong><strong><span style=\"background-color:#a3e043\"><span style=\"font-family:微软雅黑\"><span style=\"color:#000000\"><span style=\"font-family:微软雅黑\">奥兹玛团本</span></span></span></span></strong><strong><span style=\"background-color:#f9eda6\"><span style=\"font-family:微软雅黑\"><span style=\"color:#ff0000\"><span style=\"font-family:微软雅黑\">等等</span>.....（还有独家自制副本）</span></span></span></strong></span></span></p>\r\n\r\n<p style=\"text-align:left\"><span style=\"font-size:12pt\"><span style=\"font-family:微软雅黑\"><strong><span style=\"background-color:#a3e043\"><span style=\"font-family:微软雅黑\"><span style=\"color:#ff0000\"><span style=\"font-family:微软雅黑\">技能冷却</span>CD介绍：白嫖平民毕业100% </span></span></span></strong></span></span></p>\r\n\r\n<p style=\"text-align:left\"><span style=\"font-size:12pt\"><span style=\"font-family:微软雅黑\"><strong><span style=\"background-color:#000000\"><span style=\"font-family:微软雅黑\"><span style=\"color:#ffffff\"><span style=\"font-family:微软雅黑\">新手上线</span></span></span></span></strong><strong><span style=\"background-color:#000000\"><span style=\"font-family:微软雅黑\"><span style=\"color:#ffffff\"><span style=\"font-family:微软雅黑\">点任务领取</span><span style=\"font-family:微软雅黑\">1</span></span></span></span></strong><strong><span style=\"background-color:#000000\"><span style=\"font-family:微软雅黑\"><span style=\"color:#ffffff\">00元充值</span></span></span></strong><strong><span style=\"background-color:#000000\"><span style=\"font-family:微软雅黑\"><span style=\"color:#ffffff\"><span style=\"font-family:微软雅黑\">点奖励</span></span></span></span></strong><strong><span style=\"background-color:#000000\"><span style=\"font-family:微软雅黑\"><span style=\"color:#ffffff\">.</span></span></span></strong></span></span></p>\r\n\r\n<p style=\"text-align:left\"><span style=\"font-size:12pt\"><span style=\"font-family:微软雅黑\"><strong><span style=\"background-color:#ff0000\"><span style=\"font-family:微软雅黑\"><span style=\"color:#ffffff\"><span style=\"font-family:微软雅黑\">创建好角色点击赛利亚即可领取</span></span></span></span></strong><strong><span style=\"background-color:#ff0000\"><span style=\"font-family:微软雅黑\"><span style=\"color:#ffffff\"><span style=\"font-family:微软雅黑\">新人福利</span></span></span></span></strong></span></span></p>\r\n\r\n<p style=\"text-align:left\"><span style=\"font-size:12pt\"><span style=\"font-family:微软雅黑\"><strong><span style=\"font-family:微软雅黑\"><span style=\"color:#000000\"><span style=\"font-family:微软雅黑\">不管什么防具首饰必须成套再带</span></span></span></strong></span></span></p>\r\n\r\n<p style=\"text-align:left\"><span style=\"font-size:12pt\"><span style=\"font-family:微软雅黑\"><strong><span style=\"font-family:微软雅黑\"><span style=\"color:#000000\"><span style=\"font-family:微软雅黑\">否则单件没伤害</span></span></span></strong></span></span></p>\r\n\r\n<p style=\"text-align:left\">&nbsp;</p>\r\n\r\n<p style=\"text-align:left\"><span style=\"font-size:12pt\"><span style=\"font-family:微软雅黑\"><strong><span style=\"background-color:#ff00ff\"><span style=\"font-family:微软雅黑\"><span style=\"color:#000000\"><span style=\"font-family:微软雅黑\">装备升级路线：</span></span></span></span></strong></span></span></p>\r\n\r\n<p style=\"text-align:left\"><img alt=\"\" height=\"314\" src=\"/media/uploads/2023/07/22/image-20230722225144-3.png\" width=\"950\" /></p>\r\n\r\n<p style=\"text-align:left\"><span style=\"font-size:12pt\"><span style=\"font-family:微软雅黑\"><strong><span style=\"background-color:#ff00ff\"><span style=\"font-family:微软雅黑\"><span style=\"color:#000000\"><span style=\"font-family:微软雅黑\">常见材料出处以及用途：</span></span></span></span></strong></span></span></p>\r\n\r\n<p style=\"text-align:left\"><img alt=\"\" height=\"710\" src=\"/media/uploads/2023/07/22/image-20230722225203-4.png\" width=\"792\" /></p>",
            "user": "<img height=\"25px\" src=\"https://dafstatic.oss-cn-beijing.aliyuncs.com/static/title/level4.gif\"><span class=\"orange\">学院搬运工</span>",
            "time": "2023-07-22 22:52:11"
        },
        {
            "id": 418,
            "VersionName": "110萍盖爱游豪华版",
            "VersionType": "110版本",
            "view_num": 413,
            "Remark": "<p>链接: https://pan.baidu.com/s/1ui4DaWdr1bwf1lNf747aXA?pwd=q3c4 提取码: q3c4 复制这段内容后打开百度网盘手机App，操作更方便哦&nbsp;<br />\r\n--来自百度网盘超级会员v5的分享</p>\r\n\r\n<p><img alt=\"\" height=\"513\" src=\"/media/uploads/2023/07/22/image-20230722224842-1.png\" width=\"527\" /></p>",
            "user": "<img height=\"25px\" src=\"https://dafstatic.oss-cn-beijing.aliyuncs.com/static/title/level4.gif\"><span class=\"orange\">学院搬运工</span>",
            "time": "2023-07-22 22:48:43"
        },
        {
            "id": 419,
            "VersionName": "110血魔",
            "VersionType": "110版本",
            "view_num": 358,
            "Remark": "<p>链接: https://pan.baidu.com/s/1AHLwdaYFZeJxYW-ZMGrXuQ?pwd=v7vk 提取码: v7vk 复制这段内容后打开百度网盘手机App，操作更方便哦&nbsp;<br />\r\n--来自百度网盘超级会员v5的分享</p>\r\n\r\n<p><img alt=\"\" height=\"250\" src=\"/media/uploads/2023/07/22/image-20230722224923-1.png\" width=\"519\" /></p>",
            "user": "<img height=\"25px\" src=\"https://dafstatic.oss-cn-beijing.aliyuncs.com/static/title/level4.gif\"><span class=\"orange\">学院搬运工</span>",
            "time": "2023-07-22 22:49:26"
        },
        {
            "id": 415,
            "VersionName": "110幻境",
            "VersionType": "110版本",
            "view_num": 310,
            "Remark": "<p>链接: https://pan.baidu.com/s/1gC2mjxrNgPIMkxPlpW5h1Q?pwd=m4jj 提取码: m4jj 复制这段内容后打开百度网盘手机App，操作更方便哦&nbsp;<br />\r\n--来自百度网盘超级会员v5的分享</p>",
            "user": "<img height=\"25px\" src=\"https://dafstatic.oss-cn-beijing.aliyuncs.com/static/title/level4.gif\"><span class=\"orange\">学院搬运工</span>",
            "time": "2023-07-22 22:46:06"
        },
        {
            "id": 136,
            "VersionName": "110爱游",
            "VersionType": "110版本",
            "view_num": 284,
            "Remark": "<p>链接: https://pan.baidu.com/s/1BBF7Hv7EwY6gBwIGhYsUnA?pwd=cj34 提取码: cj34 复制这段内容后打开百度网盘手机App，操作更方便哦</p>",
            "user": "<img height=\"25px\" src=\"\">可乐",
            "time": "2023-05-14 11:15:45"
        },
        {
            "id": 134,
            "VersionName": "110聚宝",
            "VersionType": "110版本",
            "view_num": 283,
            "Remark": "<p>链接: https://pan.baidu.com/s/1J8UPx9BABPmeIa4aIleMLw?pwd=vndm 提取码: vndm 复制这段内容后打开百度网盘手机App，操作更方便哦</p>",
            "user": "<img height=\"25px\" src=\"\">可乐",
            "time": "2023-05-14 11:12:55"
        }
    ]
}