{
    "total": 49,
    "rows": [
        {
            "id": 445,
            "VersionName": "95神迹-狗哥（近百项修改）-最新的0713<span style='margin-left: 2px;padding-left: 16px;color: blue;text-align: center;background: url(/static/images/msg.png) no-repeat; center' title='回复'>4</span>",
            "VersionType": "95版本",
            "view_num": 5075,
            "Remark": "<p>链接: https://pan.baidu.com/s/19KBFBjSN9PODAT2z81nm6Q?pwd=be5e 提取码: be5e 复制这段内容后打开百度网盘手机App，操作更方便哦&nbsp;<br />\r\n--来自百度网盘超级会员v5的分享</p>\r\n\r\n<p><img alt=\"\" height=\"650\" src=\"/media/uploads/2023/07/27/image-20230727094923-1.png\" width=\"434\" /></p>",
            "user": "<img height=\"25px\" src=\"https://dafstatic.oss-cn-beijing.aliyuncs.com/static/title/level6.gif\"><span class=\"rainbow\">玲珑</span>",
            "time": "2023-07-27 09:49:35"
        },
        {
            "id": 544,
            "VersionName": "神迹·因果（来自贴吧）<span style='margin-left: 2px;padding-left: 16px;color: blue;text-align: center;background: url(/static/images/msg.png) no-repeat; center' title='回复'>4</span>",
            "VersionType": "95版本",
            "view_num": 2570,
            "Remark": "<p>链接: https://pan.baidu.com/s/1VEmPDJH9Yn6qrCWRY4qypA?pwd=njki 提取码: njki 复制这段内容后打开百度网盘手机App，操作更方便哦&nbsp;<br />\r\n--来自百度网盘超级会员v5的分享</p>\r\n\r\n<p>&nbsp;</p>\r\n\r\n<p>原贴：https://tieba.baidu.com/p/8909912941</p>\r\n\r\n<p>角色：<br />\r\n添加5女鬼、5男法、4女圣职、小魔女、剑影、忍者、影武者<br />\r\n11角色共计48个转职，除影武者外完美二觉（影武者暂时没有50级以上的技能）<br />\r\n技能：<br />\r\n缝合众多版本，热门职业二觉被动完善<br />\r\n时装：<br />\r\n全职业补齐时装至24年新春套，包括女圣职者，完善程度不逊色于500页时装<br />\r\n玩法：<br />\r\n继承幻风95神迹玩法，普雷毕业，魔界大战副本异界宝珠<br />\r\n可选1级、60级、86级、90级开局，可手动升级，双城镇旧版、大转移双线主线任务到黑市93级<br />\r\n后期添加20层红玉诅咒奖励强化、增幅材料<br />\r\n添加强力魔法封印属性、侍魂宝珠等少量微变内容<br />\r\n<br />\r\n版本已经迭代一年，基本无恶性bug<br />\r\n旧贴链接：<a href=\"http://jump2.bdimg.com/safecheck/index?url=rN3wPs8te/q5OliqKZYDxPDqAWItH18D/FF0q+Kb9SEjaFhxY5VfRGcIflzVgnmQhaBne5qUfHltazECumS5Gtk/SBKLnz3mAnTaLK0/HsCF+N/SrCiWH0LFlKOrmMQFbf4RgtMtRJrB9rg8SudwwXY9qHh6BM0y\" rel=\"noopener noreferrer nofollow\" target=\"_blank\">【分享】自改缝合95神迹，近百项修改</a><br />\r\n攻略贴和部署教程（感谢各位吧友分享）：<br />\r\n攻略贴：<a href=\"http://jump2.bdimg.com/safecheck/index?url=rN3wPs8te/q5OliqKZYDxPDqAWItH18D/FF0q+Kb9SGUINMr/9oVk8k+JoQryFzshaBne5qUfHltazECumS5Gtk/SBKLnz3mAnTaLK0/HsCF+N/SrCiWH0LFlKOrmMQFbf4RgtMtRJrB9rg8SudwwXY9qHh6BM0y\" rel=\"noopener noreferrer nofollow\" target=\"_blank\">白嫖玩太久，做点贡献，先发个狗哥神迹大...</a><br />\r\n部署教程：https://tieba.baidu.com/p/8763625754</p>\r\n\r\n<p>&nbsp;</p>\r\n\r\n<p>2024-03-02更新</p>\r\n\r\n<p><img alt=\"\" height=\"740\" src=\"/media/uploads/2024/03/02/image-20240302182018-1.jpeg\" width=\"800\" /></p>\r\n\r\n<p>&nbsp;</p>\r\n\r\n<p><img alt=\"\" height=\"600\" src=\"/media/uploads/2024/03/02/5_PL76eNC.jpg\" width=\"800\" /><img alt=\"\" height=\"600\" src=\"/media/uploads/2024/03/02/6_4VSmiU7.jpg\" width=\"800\" /><img alt=\"\" height=\"600\" src=\"/media/uploads/2024/03/02/7_ty8oQEV.jpg\" width=\"800\" /><img alt=\"\" height=\"600\" src=\"/media/uploads/2024/03/02/8_xfTsboq.jpg\" width=\"800\" /><img alt=\"\" height=\"600\" src=\"/media/uploads/2024/03/02/1_JymgwfJ.jpg\" width=\"800\" /><img alt=\"\" height=\"600\" src=\"/media/uploads/2024/03/02/2_TQET0qT.jpg\" width=\"800\" /><img alt=\"\" height=\"600\" src=\"/media/uploads/2024/03/02/3_ZeB7mqM.jpg\" width=\"800\" /><img alt=\"\" height=\"600\" src=\"/media/uploads/2024/03/02/4_wQRxmXr.jpg\" width=\"800\" /></p>\r\n\r\n<p>&nbsp;</p>",
            "user": "<img height=\"25px\" src=\"https://dafstatic.oss-cn-beijing.aliyuncs.com/static/title/level6.gif\"><span class=\"rainbow\">玲珑</span>",
            "time": "2024-02-29 17:49:23"
        },
        {
            "id": 4,
            "VersionName": "95神迹-狗哥改",
            "VersionType": "95版本",
            "view_num": 1365,
            "Remark": "<p>链接: https://pan.baidu.com/s/1wf2rTHZMRWXBh8wPaqygmw?pwd=x9z3 提取码: x9z3 复制这段内容后打开百度网盘手机App，操作更方便哦</p>",
            "user": "<img height=\"25px\" src=\"https://dafstatic.oss-cn-beijing.aliyuncs.com/static/title/level4.gif\"><span class=\"orange\">学院搬运工</span>",
            "time": "2023-05-11 21:17:31"
        },
        {
            "id": 527,
            "VersionName": "95神迹服改版（加入大量女角色皮，自己找彩蛋）",
            "VersionType": "95版本",
            "view_num": 1157,
            "Remark": "<p>链接: https://pan.baidu.com/s/1U9gX2qhcF9aeVryrEA_ZyA?pwd=bxpe 提取码: bxpe 复制这段内容后打开百度网盘手机App，操作更方便哦&nbsp;<br />\r\n--来自百度网盘超级会员v5的分享</p>",
            "user": "<img height=\"25px\" src=\"\">索大大",
            "time": "2024-01-16 15:49:14"
        },
        {
            "id": 526,
            "VersionName": "中国史记传<span style='margin-left: 2px;padding-left: 16px;color: blue;text-align: center;background: url(/static/images/msg.png) no-repeat; center' title='回复'>5</span>",
            "VersionType": "95版本",
            "view_num": 796,
            "Remark": "<p>链接：https://pan.baidu.com/s/1cMIAM6-BIFenRkHGFktTWQ&nbsp;<br />\n提取码：x9tw</p>\n\n<p>内容丰富，比较耐玩的魔改版本（不好意思之前传错了。。。）</p>\n",
            "user": "<img height=\"25px\" src=\"\">索大大",
            "time": "2024-01-16 15:46:08"
        },
        {
            "id": 518,
            "VersionName": "95微变",
            "VersionType": "95版本",
            "view_num": 493,
            "Remark": "<p>这个有点小问题,鸟背那里城镇门有时候会卡一下</p>\n\n<p>微变版本</p>\n\n<p>&nbsp;</p>\n\n<p>链接：https://pan.baidu.com/s/1XtDynsRrZmmy3bAwBGx1DQ&nbsp;<br />\n提取码：PPX0&nbsp;<br />\n--来自百度网盘超级会员V5的分享</p>\n\n<p><span style=\"font-size:36px\">提取码直接复制&nbsp; &nbsp; &nbsp;不要再说提取码错误</span></p>\n",
            "user": "<img height=\"25px\" src=\"\">迩丶为何如此虚伪。",
            "time": "2024-01-06 17:04:51"
        },
        {
            "id": 5,
            "VersionName": "95神迹-幻风改",
            "VersionType": "95版本",
            "view_num": 486,
            "Remark": "<p>链接: https://pan.baidu.com/s/1YdKj4Avi6zNT1iGctFpfjg?pwd=i69w 提取码: i69w 复制这段内容后打开百度网盘手机App，操作更方便哦</p>",
            "user": "<img height=\"25px\" src=\"https://dafstatic.oss-cn-beijing.aliyuncs.com/static/title/level4.gif\"><span class=\"orange\">学院搬运工</span>",
            "time": "2023-05-11 21:17:58"
        },
        {
            "id": 159,
            "VersionName": "95新大陆仿官",
            "VersionType": "95版本",
            "view_num": 459,
            "Remark": "<p>链接: https://pan.baidu.com/s/1x8INMW74Pae9yOcw4CPlNQ?pwd=4h5a 提取码: 4h5a 复制这段内容后打开百度网盘手机App，操作更方便哦&nbsp;<br />\r\n--来自百度网盘超级会员v5的分享</p>",
            "user": "<img height=\"25px\" src=\"https://dafstatic.oss-cn-beijing.aliyuncs.com/static/title/level4.gif\"><span class=\"orange\">学院搬运工</span>",
            "time": "2023-05-28 10:09:56"
        },
        {
            "id": 592,
            "VersionName": "游蝶DOF单机95仿官焰金版第3版女圣职者4职业合金战士晴空之岚",
            "VersionType": "95版本",
            "view_num": 396,
            "Remark": "<p>&mdash;&mdash;&mdash;&mdash;&mdash;&mdash;&mdash;&mdash;&mdash;&mdash;&mdash;&mdash;&mdash;&mdash;&mdash;&mdash;&mdash;&mdash;&mdash;&mdash;&mdash;&mdash;&mdash;&mdash;&mdash;&mdash;&mdash;&mdash;&mdash;&mdash;&mdash;-<br />\n夸克链接：https://pan.quark.cn/s/7cf113567703<br />\n提取码：cbhj<br />\n&mdash;&mdash;&mdash;&mdash;&mdash;&mdash;&mdash;&mdash;&mdash;&mdash;&mdash;&mdash;&mdash;&mdash;&mdash;&mdash;&mdash;&mdash;&mdash;&mdash;&mdash;&mdash;&mdash;&mdash;&mdash;&mdash;&mdash;&mdash;&mdash;&mdash;&mdash;&mdash;&mdash;&mdash;&mdash;<br />\n百度链接：https://pan.baidu.com/s/1o8_VREyiMPHS9UfCAnmvlQ<br />\n提取码：671u<br />\n&ndash;来自百度网盘超级会员V6的分享<br />\n&mdash;&mdash;&mdash;&mdash;&mdash;&mdash;&mdash;&mdash;&mdash;&mdash;&mdash;&mdash;&mdash;&mdash;&mdash;&mdash;&mdash;&mdash;&mdash;&mdash;&mdash;&mdash;&mdash;&mdash;&mdash;&mdash;&mdash;&mdash;&mdash;&mdash;&mdash;&mdash;&mdash;&mdash;&mdash;<br />\n其他解压码：<br />\n&mdash;&mdash;&mdash;&mdash;&mdash;&mdash;&mdash;&mdash;&mdash;&mdash;&mdash;&mdash;&mdash;&mdash;&mdash;&mdash;&mdash;&mdash;&mdash;&mdash;&mdash;&mdash;&mdash;&mdash;&mdash;&mdash;&mdash;&mdash;&mdash;&mdash;&mdash;&mdash;&mdash;&mdash;&mdash;<br />\n【解压密码】：www.ydwgames.com<br />\n【如果有工具教程的解压密码就用这个】：ydwgame<br />\n【如有其他解压密码，请在文件夹内或者帖子介绍处细心查看】<br />\n&mdash;&mdash;&mdash;&mdash;&mdash;&mdash;&mdash;&mdash;&mdash;&mdash;&mdash;&mdash;&mdash;&mdash;&mdash;&mdash;&mdash;&mdash;&mdash;&mdash;&mdash;&mdash;&mdash;&mdash;&mdash;&mdash;&mdash;&mdash;&mdash;&mdash;&mdash;-</p>",
            "user": "<img height=\"25px\" src=\"\">蜜雪冰王",
            "time": "2024-06-11 04:16:00"
        },
        {
            "id": 176,
            "VersionName": "95开天超变修仙",
            "VersionType": "95版本",
            "view_num": 392,
            "Remark": "<p>链接: https://pan.baidu.com/s/1v5vQw82s-YDNBWKeGyqr-g?pwd=ghqj 提取码: ghqj 复制这段内容后打开百度网盘手机App，操作更方便哦&nbsp;<br />\r\n--来自百度网盘超级会员v5的分享</p>",
            "user": "<img height=\"25px\" src=\"https://dafstatic.oss-cn-beijing.aliyuncs.com/static/title/level4.gif\"><span class=\"orange\">学院搬运工</span>",
            "time": "2023-05-28 11:06:16"
        },
        {
            "id": 188,
            "VersionName": "95黑岩春节",
            "VersionType": "95版本",
            "view_num": 337,
            "Remark": "<p>链接: https://pan.baidu.com/s/1orzyzUvgwdAIpoXmkL8lDQ?pwd=yv64 提取码: yv64 复制这段内容后打开百度网盘手机App，操作更方便哦&nbsp;<br />\r\n--来自百度网盘超级会员v5的分享</p>",
            "user": "<img height=\"25px\" src=\"https://dafstatic.oss-cn-beijing.aliyuncs.com/static/title/level4.gif\"><span class=\"orange\">学院搬运工</span>",
            "time": "2023-05-28 12:36:30"
        },
        {
            "id": 193,
            "VersionName": "95神界超变2.0",
            "VersionType": "95版本",
            "view_num": 267,
            "Remark": "<p>链接: https://pan.baidu.com/s/1F1irpKh1HrCo0rikr7ENMw?pwd=bwc5 提取码: bwc5 复制这段内容后打开百度网盘手机App，操作更方便哦&nbsp;<br />\r\n--来自百度网盘超级会员v5的分享</p>",
            "user": "<img height=\"25px\" src=\"https://dafstatic.oss-cn-beijing.aliyuncs.com/static/title/level4.gif\"><span class=\"orange\">学院搬运工</span>",
            "time": "2023-05-28 12:38:05"
        },
        {
            "id": 192,
            "VersionName": "95魔兽超变（星宇网单）",
            "VersionType": "95版本",
            "view_num": 262,
            "Remark": "<p>链接: https://pan.baidu.com/s/1hPXi14OjocPYFrhozNbs0g?pwd=p5ai 提取码: p5ai 复制这段内容后打开百度网盘手机App，操作更方便哦&nbsp;<br />\r\n--来自百度网盘超级会员v5的分享</p>",
            "user": "<img height=\"25px\" src=\"https://dafstatic.oss-cn-beijing.aliyuncs.com/static/title/level4.gif\"><span class=\"orange\">学院搬运工</span>",
            "time": "2023-05-28 12:37:47"
        },
        {
            "id": 310,
            "VersionName": "造魔计划95",
            "VersionType": "95版本",
            "view_num": 250,
            "Remark": "<p>链接: https://pan.baidu.com/s/1IPIVvh3hT7KUvHnXoJ1DUQ?pwd=hfpb 提取码: hfpb 复制这段内容后打开百度网盘手机App，操作更方便哦&nbsp;<br />\r\n--来自百度网盘超级会员v5的分享</p>\r\n\r\n<p style=\"text-align:center\"><span style=\"font-size:10.5pt\"><span style=\"font-family:Calibri\"><strong><span style=\"font-size:24.0000pt\"><span style=\"font-family:宋体\"><span style=\"color:#333333\"><strong><span style=\"font-family:宋体\">造魔计划</span></strong></span></span></span></strong><strong><span style=\"font-size:24.0000pt\"><span style=\"font-family:Helvetica\"><span style=\"color:#333333\"><strong>DNF </strong></span></span></span></strong></span></span></p>\r\n\r\n<ol start=\"12\" style=\"list-style-type:lower-alpha\">\r\n\t<li style=\"text-align:left\" value=\"50\"><span style=\"font-size:10.5pt\"><span style=\"font-family:Calibri\"><strong><span style=\"font-size:18.0000pt\"><span style=\"font-family:宋体\"><span style=\"color:#1a1a1a\"><strong><span style=\"font-family:宋体\">游戏简介</span></strong></span></span></span></strong></span></span></li>\r\n</ol>\r\n\r\n<ol>\r\n\t<li style=\"text-align:left\"><span style=\"font-size:10.5pt\"><span style=\"font-family:Calibri\"><span style=\"font-size:11.0000pt\"><span style=\"font-family:宋体\"><span style=\"color:#333333\"><span style=\"font-family:宋体\">游戏为</span></span></span></span><span style=\"font-size:11.0000pt\"><span style=\"font-family:Helvetica\"><span style=\"color:#333333\">Lv95</span></span></span><span style=\"font-size:11.0000pt\"><span style=\"font-family:宋体\"><span style=\"color:#333333\"><span style=\"font-family:宋体\">仿官。</span></span></span></span></span></span></li>\r\n\t<li style=\"text-align:left\"><span style=\"font-size:10.5pt\"><span style=\"font-family:Calibri\"><span style=\"font-size:11.0000pt\"><span style=\"font-family:宋体\"><span style=\"color:#333333\"><span style=\"font-family:宋体\">所有副本均完美机制</span></span></span></span><span style=\"font-size:11.0000pt\"><span style=\"font-family:宋体\"><span style=\"color:#333333\"><span style=\"font-family:宋体\">，仿官路线。</span></span></span></span></span></span></li>\r\n\t<li style=\"text-align:left\"><span style=\"font-size:10.5pt\"><span style=\"font-family:Calibri\"><span style=\"font-size:11.0000pt\"><span style=\"font-family:宋体\"><span style=\"color:#333333\"><span style=\"font-family:宋体\">全职业二觉、三觉已极致优化，带柔化技能。</span></span></span></span></span></span></li>\r\n\t<li style=\"text-align:left\"><span style=\"font-size:10.5pt\"><span style=\"font-family:Calibri\"><span style=\"font-size:11.0000pt\"><span style=\"font-family:宋体\"><span style=\"color:#333333\"><span style=\"font-family:宋体\">赛利亚礼盒上线就送，刷图就爆，实现开盒子自由。</span></span></span></span></span></span></li>\r\n\t<li style=\"text-align:left\"><span style=\"font-size:10.5pt\"><span style=\"font-family:Calibri\"><span style=\"font-size:11.0000pt\"><span style=\"font-family:宋体\"><span style=\"color:#333333\"><span style=\"font-family:宋体\">加入史诗跨界石，打到不是自己的史诗可以跨界</span></span></span></span><span style=\"font-size:11.0000pt\"><span style=\"font-family:宋体\"><span style=\"color:#333333\"><span style=\"font-family:宋体\">。</span></span></span></span></span></span></li>\r\n\t<li style=\"text-align:left\"><span style=\"font-size:10.5pt\"><span style=\"font-family:Calibri\"><span style=\"font-size:11.0000pt\"><span style=\"font-family:宋体\"><span style=\"color:#333333\"><span style=\"font-family:宋体\">添加了奥兹玛副本，正常属性即可打</span></span></span></span></span></span></li>\r\n\t<li style=\"text-align:left\"><span style=\"font-size:10.5pt\"><span style=\"font-family:Calibri\"><span style=\"font-size:11.0000pt\"><span style=\"font-family:宋体\"><span style=\"color:#333333\"><span style=\"font-family:宋体\">没有添加任何变态装备，属性！打击感十足！</span></span></span></span></span></span></li>\r\n\t<li style=\"text-align:left\"><span style=\"font-size:10.5pt\"><span style=\"font-family:Calibri\"><span style=\"font-size:11.0000pt\"><span style=\"font-family:宋体\"><span style=\"color:#333333\"><span style=\"font-family:宋体\">添加个性独家神兽宠物、帅气光环、超炫称号</span></span></span></span></span></span></li>\r\n\t<li style=\"text-align:left\"><span style=\"font-size:10.5pt\"><span style=\"font-family:Calibri\"><span style=\"font-size:11.0000pt\"><span style=\"font-family:宋体\"><span style=\"color:#333333\"><span style=\"font-family:宋体\">补全所有城镇、副本、怪物</span>BGM。</span></span></span></span></span></li>\r\n</ol>\r\n\r\n<p style=\"margin-left:56px; text-align:left\">&nbsp;</p>\r\n\r\n<p style=\"margin-left:74px; text-align:left\">&nbsp;</p>\r\n\r\n<ol start=\"12\" style=\"list-style-type:lower-alpha\">\r\n\t<li style=\"text-align:left\" value=\"50\"><span style=\"font-size:10.5pt\"><span style=\"font-family:Calibri\"><strong><span style=\"font-size:14.0000pt\"><span style=\"background-color:#ffff00\"><span style=\"font-family:宋体\"><span style=\"color:#1a1a1a\"><strong><span style=\"font-family:宋体\">新手引导</span></strong></span></span></span></span></strong></span></span></li>\r\n</ol>\r\n\r\n<ol>\r\n\t<li style=\"text-align:left\"><span style=\"font-size:10.5pt\"><span style=\"font-family:Calibri\"><span style=\"font-size:11.0000pt\"><span style=\"font-family:宋体\"><span style=\"color:#333333\"><span style=\"font-family:宋体\">新手上线直接返回城镇，点击赛利亚领取新手礼包。</span></span></span></span></span></span></li>\r\n\t<li style=\"text-align:left\"><span style=\"font-size:10.5pt\"><span style=\"font-family:Calibri\"><span style=\"font-size:11.0000pt\"><span style=\"font-family:宋体\"><span style=\"color:#333333\"><span style=\"font-family:宋体\">本服分为直升和手动升级，主线可以通过赠送的主线清除劵清除。剧情党可以做着玩玩。（下图展示手动与直升区别）</span></span></span></span></span></span></li>\r\n</ol>\r\n\r\n<p style=\"text-align:left\"><img alt=\"\" height=\"610\" src=\"/media/uploads/2023/06/26/image-20230626211134-1.png\" width=\"815\" /><img alt=\"\" height=\"592\" src=\"/media/uploads/2023/06/26/image-20230626211134-2.png\" width=\"685\" /></p>\r\n\r\n<p style=\"text-align:left\"><img alt=\"\" height=\"208\" src=\"/media/uploads/2023/06/26/image-20230626211134-3.png\" width=\"217\" /></p>\r\n\r\n<p style=\"text-align:left\"><span style=\"font-size:10.5pt\"><span style=\"font-family:Calibri\">&nbsp;&nbsp;&nbsp;&nbsp;&nbsp;&nbsp;&nbsp;</span></span></p>\r\n\r\n<ol start=\"2\">\r\n\t<li style=\"text-align:left\"><span style=\"font-size:10.5pt\"><span style=\"font-family:Calibri\"><span style=\"font-size:11.0000pt\"><span style=\"font-family:宋体\"><span style=\"color:#333333\"><span style=\"font-family:宋体\">新增护石等装备，加强技能伤害，配合勋章加技能装备使用效果更佳！</span></span></span></span></span></span></li>\r\n\t<li style=\"text-align:left\"><img alt=\"\" height=\"490\" src=\"/media/uploads/2023/06/26/image-20230626211134-4.png\" width=\"284\" /><img alt=\"\" height=\"500\" src=\"/media/uploads/2023/06/26/image-20230626211134-5.png\" width=\"295\" /></li>\r\n\t<li style=\"text-align:left\"><span style=\"font-size:10.5pt\"><span style=\"font-family:Calibri\"><span style=\"font-size:10.0000pt\"><span style=\"font-family:宋体\"><span style=\"color:#000000\"><span style=\"font-family:宋体\">最高副本是奥兹玛副本，一套</span></span></span></span><span style=\"font-size:10.0000pt\"><span style=\"font-family:Helvetica\"><span style=\"color:#000000\">100</span></span></span><span style=\"font-size:10.0000pt\"><span style=\"font-family:宋体\"><span style=\"color:#000000\"><span style=\"font-family:宋体\">特色装备，特色宠物、特色光环、特色称号，都是顶级毕业的哦。</span></span></span></span></span></span></li>\r\n\t<li style=\"text-align:left\"><img alt=\"\" height=\"598\" src=\"/media/uploads/2023/06/26/image-20230626211134-6.png\" width=\"850\" /><img alt=\"\" height=\"315\" src=\"/media/uploads/2023/06/26/image-20230626211134-7.png\" width=\"301\" /><img alt=\"\" height=\"682\" src=\"/media/uploads/2023/06/26/image-20230626211134-8.png\" width=\"516\" /><img alt=\"\" height=\"270\" src=\"/media/uploads/2023/06/26/image-20230626211134-9.png\" width=\"327\" /><img alt=\"\" height=\"351\" src=\"/media/uploads/2023/06/26/image-20230626211134-10.png\" width=\"343\" /><img alt=\"\" height=\"644\" src=\"/media/uploads/2023/06/26/image-20230626211134-11.png\" width=\"329\" /><img alt=\"\" height=\"579\" src=\"/media/uploads/2023/06/26/image-20230626211134-12.png\" width=\"339\" /><img alt=\"\" height=\"375\" src=\"/media/uploads/2023/06/26/image-20230626211134-13.png\" width=\"307\" /><img alt=\"\" height=\"637\" src=\"/media/uploads/2023/06/26/image-20230626211134-14.png\" width=\"391\" /><img alt=\"\" height=\"768\" src=\"/media/uploads/2023/06/26/image-20230626211134-15.png\" width=\"1024\" /><span style=\"font-size:10.5pt\"><span style=\"font-family:Calibri\"><span style=\"font-size:10.0000pt\"><span style=\"font-family:宋体\"><span style=\"color:#000000\"><span style=\"font-family:宋体\">宠物、光环都有好几种，都是自选的，属性一样的。</span></span></span></span></span></span></li>\r\n\t<li style=\"text-align:left\"><span style=\"font-size:10.5pt\"><span style=\"font-family:Calibri\"><span style=\"font-size:11.0000pt\"><span style=\"font-family:宋体\"><span style=\"color:#333333\"><span style=\"font-family:宋体\">主线可以通过特别任务清除（如需清除则不要做主线），部分引导主线需要自己手动完成。</span></span></span></span></span></span></li>\r\n\t<li style=\"text-align:left\"><span style=\"font-size:10.5pt\"><span style=\"font-family:Calibri\"><span style=\"font-size:11.0000pt\"><span style=\"font-family:宋体\"><span style=\"color:#333333\"><span style=\"font-family:宋体\">大概刷图流程：中央公园深渊</span><span style=\"font-family:宋体\">&rarr;月轮山&rarr;安徒恩&rarr;卢克&rarr;超时空&rarr;超星空裂缝&rarr;鸟贝&rarr;普雷&rarr;奥兹玛（其中还有很多分支区域）</span></span></span></span></span></span></li>\r\n\t<li style=\"text-align:left\"><span style=\"font-size:10.5pt\"><span style=\"font-family:Calibri\"><span style=\"font-size:11.0000pt\"><span style=\"font-family:宋体\"><span style=\"color:#333333\"><span style=\"font-family:宋体\">记得武器用晶体契约增加属性攻击，首饰可以购买商场礼包附魔属性强化（例如：</span>2019极限礼包，2021新春永恒礼包）。</span></span></span></span></span></li>\r\n</ol>\r\n\r\n<p style=\"margin-left:51px; text-align:left\"><span style=\"font-size:10.5pt\"><span style=\"font-family:Calibri\"><span style=\"font-size:11.0000pt\"><span style=\"font-family:宋体\"><span style=\"color:#ff0000\"><span style=\"font-family:宋体\">切记：每个副本进之前一定要查看一下是否有任务或附近</span>NPC是否有特殊道具。</span></span></span></span></span></p>\r\n\r\n<p style=\"margin-left:51px; text-align:left\"><span style=\"font-size:10.5pt\"><span style=\"font-family:Calibri\"><span style=\"font-size:11.0000pt\"><span style=\"font-family:宋体\"><span style=\"color:#ff0000\"><span style=\"font-family:宋体\">点券一会就够买</span>2021春节礼包了，记得早点买，提升大！</span></span></span></span></span></p>\r\n\r\n<p style=\"margin-left:51px; text-align:left\">&nbsp;</p>\r\n\r\n<ol start=\"12\" style=\"list-style-type:lower-alpha\">\r\n\t<li style=\"text-align:left\" value=\"50\"><span style=\"font-size:10.5pt\"><span style=\"font-family:Calibri\"><strong><span style=\"font-size:14.0000pt\"><span style=\"background-color:#ffff00\"><span style=\"font-family:宋体\"><span style=\"color:#1a1a1a\"><strong><span style=\"font-family:宋体\">装备线路（</span></strong></span></span></span></span></strong><strong><span style=\"font-size:14.0000pt\"><span style=\"background-color:#ffff00\"><span style=\"font-family:Helvetica\"><span style=\"color:#1a1a1a\"><strong>95</strong></span></span></span></span></strong><strong><span style=\"font-size:14.0000pt\"><span style=\"background-color:#ffff00\"><span style=\"font-family:宋体\"><span style=\"color:#1a1a1a\"><strong><span style=\"font-family:宋体\">史诗是毕业装和次等级装备）</span></strong></span></span></span></span></strong></span></span></li>\r\n</ol>\r\n\r\n<ol>\r\n\t<li style=\"text-align:left\"><span style=\"font-size:10.5pt\"><span style=\"font-family:Calibri\"><span style=\"font-size:11.0000pt\"><span style=\"background-color:#ffd966\"><span style=\"font-family:宋体\"><span style=\"color:#333333\"><span style=\"font-family:宋体\">武器：</span></span></span></span></span></span></span></li>\r\n</ol>\r\n\r\n<p style=\"margin-left:51px; text-align:left\"><span style=\"font-size:10.5pt\"><span style=\"font-family:Calibri\"><span style=\"font-size:11.0000pt\"><span style=\"font-family:Helvetica\"><span style=\"color:#333333\">Lv85</span></span></span><span style=\"font-size:11.0000pt\"><span style=\"font-family:宋体\"><span style=\"color:#333333\"><span style=\"font-family:宋体\">史诗</span> <span style=\"font-family:宋体\">&rarr;</span></span></span></span><span style=\"font-size:11.0000pt\"><span style=\"font-family:Helvetica\"><span style=\"color:#333333\">90</span></span></span><span style=\"font-size:11.0000pt\"><span style=\"font-family:宋体\"><span style=\"color:#333333\"><span style=\"font-family:宋体\">史诗</span><span style=\"font-family:宋体\">&rarr; </span></span></span></span><span style=\"font-size:11.0000pt\"><span style=\"font-family:Helvetica\"><span style=\"color:#333333\">&nbsp;Lv95史诗</span></span></span><span style=\"font-size:11.0000pt\"><span style=\"font-family:宋体\"><span style=\"color:#333333\"><span style=\"font-family:宋体\">&rarr;</span></span></span></span><span style=\"font-size:11.0000pt\"><span style=\"font-family:Helvetica\"><span style=\"color:#333333\">100</span></span></span><span style=\"font-size:11.0000pt\"><span style=\"font-family:宋体\"><span style=\"color:#333333\"><span style=\"font-family:宋体\">史诗</span></span></span></span></span></span></p>\r\n\r\n<ol>\r\n\t<li style=\"text-align:left\"><span style=\"font-size:10.5pt\"><span style=\"font-family:Calibri\"><span style=\"font-size:11.0000pt\"><span style=\"background-color:#ffd966\"><span style=\"font-family:宋体\"><span style=\"color:#333333\"><span style=\"font-family:宋体\">防具：</span></span></span></span></span></span></span></li>\r\n</ol>\r\n\r\n<p style=\"margin-left:51px; text-align:left\"><span style=\"font-size:10.5pt\"><span style=\"font-family:Calibri\"><span style=\"font-size:11.0000pt\"><span style=\"font-family:Helvetica\"><span style=\"color:#333333\">Lv85</span></span></span><span style=\"font-size:11.0000pt\"><span style=\"font-family:宋体\"><span style=\"color:#333333\"><span style=\"font-family:宋体\">史诗</span> <span style=\"font-family:宋体\">&rarr;</span></span></span></span><span style=\"font-size:11.0000pt\"><span style=\"font-family:Helvetica\"><span style=\"color:#333333\">90</span></span></span><span style=\"font-size:11.0000pt\"><span style=\"font-family:宋体\"><span style=\"color:#333333\"><span style=\"font-family:宋体\">史诗</span><span style=\"font-family:宋体\">&rarr; </span></span></span></span><span style=\"font-size:11.0000pt\"><span style=\"font-family:Helvetica\"><span style=\"color:#333333\">&nbsp;Lv95史诗 </span></span></span><span style=\"font-size:11.0000pt\"><span style=\"font-family:宋体\"><span style=\"color:#333333\"><span style=\"font-family:宋体\">&rarr;</span></span></span></span><span style=\"font-size:11.0000pt\"><span style=\"font-family:Helvetica\"><span style=\"color:#333333\">100</span></span></span><span style=\"font-size:11.0000pt\"><span style=\"font-family:宋体\"><span style=\"color:#333333\"><span style=\"font-family:宋体\">史诗</span></span></span></span></span></span></p>\r\n\r\n<ol start=\"2\">\r\n\t<li style=\"text-align:left\"><span style=\"font-size:10.5pt\"><span style=\"font-family:Calibri\">&nbsp;&nbsp;&nbsp;&nbsp;<span style=\"font-size:11.0000pt\"><span style=\"background-color:#ffd966\"><span style=\"font-family:宋体\"><span style=\"color:#333333\"><span style=\"font-family:宋体\">首饰：</span></span></span></span></span></span></span></li>\r\n</ol>\r\n\r\n<p style=\"margin-left:51px; text-align:left\"><span style=\"font-size:10.5pt\"><span style=\"font-family:Calibri\"><span style=\"font-size:11.0000pt\"><span style=\"font-family:Helvetica\"><span style=\"color:#333333\">Lv85</span></span></span><span style=\"font-size:11.0000pt\"><span style=\"font-family:宋体\"><span style=\"color:#333333\"><span style=\"font-family:宋体\">史诗</span> <span style=\"font-family:宋体\">&rarr;</span></span></span></span><span style=\"font-size:11.0000pt\"><span style=\"font-family:Helvetica\"><span style=\"color:#333333\">90</span></span></span><span style=\"font-size:11.0000pt\"><span style=\"font-family:宋体\"><span style=\"color:#333333\"><span style=\"font-family:宋体\">史诗</span><span style=\"font-family:宋体\">&rarr;</span></span></span></span><span style=\"font-size:11.0000pt\"><span style=\"font-family:Helvetica\"><span style=\"color:#333333\">&nbsp;Lv95史诗</span></span></span><span style=\"font-size:11.0000pt\"><span style=\"font-family:宋体\"><span style=\"color:#333333\"><span style=\"font-family:宋体\">&rarr;</span></span></span></span><span style=\"font-size:11.0000pt\"><span style=\"font-family:Helvetica\"><span style=\"color:#333333\">100</span></span></span><span style=\"font-size:11.0000pt\"><span style=\"font-family:宋体\"><span style=\"color:#333333\"><span style=\"font-family:宋体\">史诗</span></span></span></span></span></span></p>\r\n\r\n<p style=\"margin-left:51px; text-align:left\"><span style=\"font-size:10.5pt\"><span style=\"font-family:Calibri\"><span style=\"font-size:11.0000pt\"><span style=\"background-color:#ffd966\"><span style=\"font-family:宋体\"><span style=\"color:#333333\"><span style=\"font-family:宋体\">特殊装备：</span></span></span></span></span></span></span></p>\r\n\r\n<p style=\"margin-left:51px; text-align:left\"><span style=\"font-size:10.5pt\"><span style=\"font-family:Calibri\"><span style=\"font-size:11.0000pt\"><span style=\"font-family:Helvetica\"><span style=\"color:#333333\">Lv85</span></span></span><span style=\"font-size:11.0000pt\"><span style=\"font-family:宋体\"><span style=\"color:#333333\"><span style=\"font-family:宋体\">史诗</span></span></span></span><span style=\"font-size:11.0000pt\"><span style=\"font-family:Helvetica\"><span style=\"color:#333333\">&nbsp;<span style=\"font-family:Arial,Helvetica,sans-serif\">&rarr; Lv95史诗</span></span></span></span><span style=\"font-size:11.0000pt\"><span style=\"font-family:宋体\"><span style=\"color:#333333\"><span style=\"font-family:宋体\">&rarr;</span></span></span></span> <span style=\"font-size:11.0000pt\"><span style=\"font-family:Helvetica\"><span style=\"color:#333333\">95</span></span></span><span style=\"font-size:11.0000pt\"><span style=\"font-family:宋体\"><span style=\"color:#333333\"><span style=\"font-family:宋体\">史诗</span><span style=\"font-family:宋体\">&rarr;</span></span></span></span><span style=\"font-size:11.0000pt\"><span style=\"font-family:Helvetica\"><span style=\"color:#333333\">100</span></span></span><span style=\"font-size:11.0000pt\"><span style=\"font-family:宋体\"><span style=\"color:#333333\"><span style=\"font-family:宋体\">史诗</span></span></span></span></span></span></p>\r\n\r\n<p style=\"margin-left:51px; text-align:left\">&nbsp;</p>\r\n\r\n<ol start=\"12\" style=\"list-style-type:lower-alpha\">\r\n\t<li style=\"text-align:left\" value=\"50\"><span style=\"font-size:10.5pt\"><span style=\"font-family:Calibri\"><strong><span style=\"font-size:14.0000pt\"><span style=\"background-color:#ffff00\"><span style=\"font-family:宋体\"><span style=\"color:#000000\"><strong><span style=\"font-family:宋体\">使用装备增幅劵时请注意</span></strong></span></span></span></span></strong></span></span></li>\r\n</ol>\r\n\r\n<p style=\"margin-left:26px; text-align:left\"><span style=\"font-size:10.5pt\"><span style=\"font-family:Calibri\"><span style=\"font-size:11.0000pt\"><span style=\"font-family:宋体\"><span style=\"color:#333333\"><span style=\"font-family:宋体\">当使用增幅劵给装备增幅成功后，请整理下背包或者小退下，这样装备等级才会正常显示。</span></span></span></span></span></span></p>\r\n\r\n<p style=\"margin-left:26px; text-align:left\"><span style=\"font-size:10.5pt\"><span style=\"font-family:Calibri\"><span style=\"font-size:11.0000pt\"><span style=\"font-family:宋体\"><span style=\"color:#333333\"><span style=\"font-family:宋体\">如果没有正常显示，可能会在增幅时不提示使用保护卷造成装备损坏。</span></span></span></span></span></span></p>\r\n\r\n<p style=\"margin-left:26px; text-align:left\"><span style=\"font-size:10.5pt\"><span style=\"font-family:Calibri\"><span style=\"font-size:11.0000pt\"><span style=\"font-family:宋体\"><span style=\"color:#333333\"><span style=\"font-family:宋体\">游戏内副本称号，任务称号，礼包称号等等都可以收集来获得强大的称号属性，全部集齐大概快</span>2000四维的属性，所以有能力的早点搞！</span></span></span></span></span></p>\r\n\r\n<p style=\"margin-left:26px; text-align:left\">&nbsp;</p>\r\n\r\n<ol start=\"12\" style=\"list-style-type:lower-alpha\">\r\n\t<li style=\"text-align:left\" value=\"50\"><span style=\"font-size:10.5pt\"><span style=\"font-family:Calibri\"><strong><span style=\"font-size:14.0000pt\"><span style=\"background-color:#ffff00\"><span style=\"font-family:宋体\"><span style=\"color:#1a1a1a\"><strong><span style=\"font-family:宋体\">勋章（点击放大看图片）</span></strong></span></span></span></span></strong></span></span></li>\r\n</ol>\r\n\r\n<p style=\"margin-left:26px; text-align:left\"><span style=\"font-size:10.5pt\"><span style=\"font-family:Calibri\"><span style=\"font-size:11.0000pt\"><span style=\"background-color:#ffffff\"><span style=\"font-family:宋体\"><span style=\"color:#333333\"><span style=\"font-family:宋体\">游戏内勋章会加各种技能特色，特别是会提升</span>BUFF等级和BUFF属性，早搞早享受！</span></span></span></span></span></span></p>\r\n\r\n<p style=\"margin-left:26px; text-align:left\"><img alt=\"\" height=\"507\" src=\"/media/uploads/2023/06/26/image-20230626211134-16.png\" width=\"215\" /><img alt=\"\" height=\"506\" src=\"/media/uploads/2023/06/26/image-20230626211134-17.png\" width=\"217\" /><img alt=\"\" height=\"507\" src=\"/media/uploads/2023/06/26/image-20230626211134-18.png\" width=\"446\" /></p>\r\n\r\n<p style=\"margin-left:26px; text-align:left\">&nbsp;</p>\r\n\r\n<ol start=\"12\" style=\"list-style-type:lower-alpha\">\r\n\t<li style=\"text-align:left\" value=\"50\"><span style=\"font-size:10.5pt\"><span style=\"font-family:Calibri\"><strong><span style=\"font-size:14.0000pt\"><span style=\"background-color:#ffff00\"><span style=\"font-family:宋体\"><span style=\"color:#1a1a1a\"><strong><span style=\"font-family:宋体\">纹章（点击放大看图片</span> - 快捷栏装备）</strong></span></span></span></span></strong></span></span></li>\r\n</ol>\r\n\r\n<p style=\"margin-left:26px; text-align:left\"><span style=\"font-size:10.5pt\"><span style=\"font-family:Calibri\"><span style=\"font-size:11.0000pt\"><span style=\"font-family:宋体\"><span style=\"color:#333333\"><span style=\"font-family:宋体\">能源中心、寂静城、地轨中心、月轮山、安徒恩、卢克这些地区每个副本的</span>BOSS都会掉落相应的纹章碎片，到指定NPC兑换纹章并升级，集齐纹章可以获得额外属性！</span></span></span></span></span></p>\r\n\r\n<p style=\"margin-left:26px; text-align:left\"><img alt=\"\" height=\"337\" src=\"/media/uploads/2023/06/26/image-20230626211134-19.png\" width=\"215\" /></p>\r\n\r\n<p style=\"margin-left:26px; text-align:left\"><img alt=\"\" height=\"311\" src=\"/media/uploads/2023/06/26/image-20230626211134-20.png\" width=\"216\" /></p>\r\n\r\n<p style=\"margin-left:26px; text-align:left\"><img alt=\"\" height=\"297\" src=\"/media/uploads/2023/06/26/image-20230626211134-21.png\" width=\"215\" /></p>\r\n\r\n<p style=\"margin-left:26px; text-align:left\">&nbsp;</p>\r\n\r\n<p style=\"text-align:justify\"><span style=\"font-size:10.5pt\"><span style=\"font-family:Calibri\"><span style=\"font-size:10.0000pt\"><span style=\"font-family:等线\"><span style=\"color:#000000\">1.最后一点，鸟贝门票是需要做超时空任务才能给的，超时空第二阶段任务完成后</span></span></span></span></span><img alt=\"\" height=\"457\" src=\"/media/uploads/2023/06/26/image-20230626211134-22.png\" width=\"350\" /><img alt=\"\" height=\"370\" src=\"/media/uploads/2023/06/26/image-20230626211134-23.png\" width=\"313\" /><img alt=\"\" height=\"358\" src=\"/media/uploads/2023/06/26/image-20230626211134-24.png\" width=\"315\" /></p>\r\n\r\n<p style=\"text-align:justify\"><span style=\"font-size:10.5pt\"><span style=\"font-family:Calibri\"><span style=\"font-size:10.0000pt\"><span style=\"font-family:等线\"><span style=\"color:#000000\">2.普雷门票是打鸟贝副本给，boss打死百分百掉落1&middot;2张门票，</span></span></span></span></span></p>\r\n\r\n<p style=\"text-align:justify\"><img alt=\"\" height=\"289\" src=\"/media/uploads/2023/06/26/image-20230626211134-25.png\" width=\"320\" /></p>\r\n\r\n<ol start=\"3\">\r\n\t<li style=\"text-align:justify\"><span style=\"font-size:10.5pt\"><span style=\"font-family:Calibri\"><span style=\"font-size:10.0000pt\"><span style=\"font-family:等线\"><span style=\"color:#000000\"><span style=\"font-family:等线\">普雷打了可以获得奥兹玛和魔界大战门票，总之门票都是一环扣一环的，环环相扣</span></span></span></span></span></span></li>\r\n</ol>\r\n\r\n<p style=\"margin-left:48px; text-align:justify\">&nbsp;</p>",
            "user": "<img height=\"25px\" src=\"https://dafstatic.oss-cn-beijing.aliyuncs.com/static/title/level4.gif\"><span class=\"orange\">学院搬运工</span>",
            "time": "2023-06-26 21:12:01"
        },
        {
            "id": 189,
            "VersionName": "95超星河防官",
            "VersionType": "95版本",
            "view_num": 222,
            "Remark": "<p>链接: https://pan.baidu.com/s/1Bx4OcufWcNmX0ciwatL4mg?pwd=rt77 提取码: rt77 复制这段内容后打开百度网盘手机App，操作更方便哦&nbsp;<br />\r\n--来自百度网盘超级会员v5的分享</p>",
            "user": "<img height=\"25px\" src=\"https://dafstatic.oss-cn-beijing.aliyuncs.com/static/title/level4.gif\"><span class=\"orange\">学院搬运工</span>",
            "time": "2023-05-28 12:36:50"
        },
        {
            "id": 173,
            "VersionName": "95幻风自改23.3.22",
            "VersionType": "95版本",
            "view_num": 144,
            "Remark": "<p>链接: https://pan.baidu.com/s/1Y467J1Cw2UlbtF2cwqitiA?pwd=xvy5 提取码: xvy5 复制这段内容后打开百度网盘手机App，操作更方便哦&nbsp;<br />\r\n--来自百度网盘超级会员v5的分享</p>",
            "user": "<img height=\"25px\" src=\"https://dafstatic.oss-cn-beijing.aliyuncs.com/static/title/level4.gif\"><span class=\"orange\">学院搬运工</span>",
            "time": "2023-05-28 11:05:10"
        },
        {
            "id": 155,
            "VersionName": "95普雷四届神超变",
            "VersionType": "95版本",
            "view_num": 140,
            "Remark": "<p>链接: https://pan.baidu.com/s/1uBMGdrtU_9dXdIxc6jmU_g?pwd=8vft 提取码: 8vft 复制这段内容后打开百度网盘手机App，操作更方便哦&nbsp;<br />\r\n--来自百度网盘超级会员v5的分享</p>",
            "user": "<img height=\"25px\" src=\"https://dafstatic.oss-cn-beijing.aliyuncs.com/static/title/level4.gif\"><span class=\"orange\">学院搬运工</span>",
            "time": "2023-05-28 10:08:41"
        },
        {
            "id": 196,
            "VersionName": "95星辰阁",
            "VersionType": "95版本",
            "view_num": 139,
            "Remark": "<p>链接: https://pan.baidu.com/s/19Te4-sXsjunL1Mp4CgD6ZQ?pwd=uyf3 提取码: uyf3 复制这段内容后打开百度网盘手机App，操作更方便哦&nbsp;<br />\r\n--来自百度网盘超级会员v5的分享</p>",
            "user": "<img height=\"25px\" src=\"https://dafstatic.oss-cn-beijing.aliyuncs.com/static/title/level4.gif\"><span class=\"orange\">学院搬运工</span>",
            "time": "2023-05-28 12:39:10"
        },
        {
            "id": 175,
            "VersionName": "95山海经2.1",
            "VersionType": "95版本",
            "view_num": 111,
            "Remark": "<p>链接: https://pan.baidu.com/s/1YkWYSHKG0yP9vox-UvXp8Q?pwd=et55 提取码: et55 复制这段内容后打开百度网盘手机App，操作更方便哦&nbsp;<br />\r\n--来自百度网盘超级会员v5的分享</p>",
            "user": "<img height=\"25px\" src=\"https://dafstatic.oss-cn-beijing.aliyuncs.com/static/title/level4.gif\"><span class=\"orange\">学院搬运工</span>",
            "time": "2023-05-28 11:05:45"
        },
        {
            "id": 158,
            "VersionName": "95贪玩修仙版",
            "VersionType": "95版本",
            "view_num": 100,
            "Remark": "<p>链接: https://pan.baidu.com/s/17pzuKVXtPjWbNuneJ74bsQ?pwd=ykpu 提取码: ykpu 复制这段内容后打开百度网盘手机App，操作更方便哦&nbsp;<br />\r\n--来自百度网盘超级会员v5的分享</p>",
            "user": "<img height=\"25px\" src=\"https://dafstatic.oss-cn-beijing.aliyuncs.com/static/title/level4.gif\"><span class=\"orange\">学院搬运工</span>",
            "time": "2023-05-28 10:09:36"
        },
        {
            "id": 167,
            "VersionName": "95凡人修仙中变",
            "VersionType": "95版本",
            "view_num": 100,
            "Remark": "<p>链接: https://pan.baidu.com/s/1H-EvoGvhU_dbrV520Mhw1A?pwd=ui6s 提取码: ui6s 复制这段内容后打开百度网盘手机App，操作更方便哦&nbsp;<br />\r\n--来自百度网盘超级会员v5的分享</p>",
            "user": "<img height=\"25px\" src=\"https://dafstatic.oss-cn-beijing.aliyuncs.com/static/title/level4.gif\"><span class=\"orange\">学院搬运工</span>",
            "time": "2023-05-28 10:16:48"
        },
        {
            "id": 172,
            "VersionName": "95智慧的引导超变",
            "VersionType": "95版本",
            "view_num": 93,
            "Remark": "<p>链接: https://pan.baidu.com/s/1PR9_Ft0XQ90BEERZSpw2sg?pwd=k54m 提取码: k54m 复制这段内容后打开百度网盘手机App，操作更方便哦&nbsp;<br />\r\n--来自百度网盘超级会员v5的分享</p>",
            "user": "<img height=\"25px\" src=\"https://dafstatic.oss-cn-beijing.aliyuncs.com/static/title/level4.gif\"><span class=\"orange\">学院搬运工</span>",
            "time": "2023-05-28 11:04:47"
        },
        {
            "id": 179,
            "VersionName": "95魂碟16.3",
            "VersionType": "95版本",
            "view_num": 71,
            "Remark": "<p>链接: https://pan.baidu.com/s/1AxSIy7w2C8VkUC9_3vMw-A?pwd=b2x8 提取码: b2x8 复制这段内容后打开百度网盘手机App，操作更方便哦&nbsp;<br />\r\n--来自百度网盘超级会员v5的分享</p>",
            "user": "<img height=\"25px\" src=\"https://dafstatic.oss-cn-beijing.aliyuncs.com/static/title/level4.gif\"><span class=\"orange\">学院搬运工</span>",
            "time": "2023-05-28 11:07:51"
        },
        {
            "id": 184,
            "VersionName": "95修罗超变",
            "VersionType": "95版本",
            "view_num": 68,
            "Remark": "<p>链接: https://pan.baidu.com/s/1p4woxQCunInQxauc9zfTXQ?pwd=k1h3 提取码: k1h3 复制这段内容后打开百度网盘手机App，操作更方便哦&nbsp;<br />\r\n--来自百度网盘超级会员v5的分享</p>",
            "user": "<img height=\"25px\" src=\"https://dafstatic.oss-cn-beijing.aliyuncs.com/static/title/level4.gif\"><span class=\"orange\">学院搬运工</span>",
            "time": "2023-05-28 12:33:59"
        },
        {
            "id": 186,
            "VersionName": "95帝皇诛仙",
            "VersionType": "95版本",
            "view_num": 61,
            "Remark": "<p>链接: https://pan.baidu.com/s/1d6MuVt2D6qujDka1OujVYw?pwd=eiv1 提取码: eiv1 复制这段内容后打开百度网盘手机App，操作更方便哦&nbsp;<br />\r\n--来自百度网盘超级会员v5的分享</p>",
            "user": "<img height=\"25px\" src=\"https://dafstatic.oss-cn-beijing.aliyuncs.com/static/title/level4.gif\"><span class=\"orange\">学院搬运工</span>",
            "time": "2023-05-28 12:35:30"
        },
        {
            "id": 168,
            "VersionName": "95修仙分神期",
            "VersionType": "95版本",
            "view_num": 59,
            "Remark": "<p>链接: https://pan.baidu.com/s/1nvIS_xvalXynDLZhHIE8aQ?pwd=q76u 提取码: q76u 复制这段内容后打开百度网盘手机App，操作更方便哦&nbsp;<br />\r\n--来自百度网盘超级会员v5的分享</p>",
            "user": "<img height=\"25px\" src=\"https://dafstatic.oss-cn-beijing.aliyuncs.com/static/title/level4.gif\"><span class=\"orange\">学院搬运工</span>",
            "time": "2023-05-28 10:17:07"
        },
        {
            "id": 166,
            "VersionName": "95踏月传奇",
            "VersionType": "95版本",
            "view_num": 54,
            "Remark": "<p>链接: https://pan.baidu.com/s/1c5VOnuRyqeb-KHXrHFBosw?pwd=zrht 提取码: zrht 复制这段内容后打开百度网盘手机App，操作更方便哦&nbsp;<br />\r\n--来自百度网盘超级会员v5的分享</p>",
            "user": "<img height=\"25px\" src=\"https://dafstatic.oss-cn-beijing.aliyuncs.com/static/title/level4.gif\"><span class=\"orange\">学院搬运工</span>",
            "time": "2023-05-28 10:16:23"
        },
        {
            "id": 174,
            "VersionName": "95月影中变",
            "VersionType": "95版本",
            "view_num": 54,
            "Remark": "<p>链接: https://pan.baidu.com/s/1SZYgzTyXKsrcjurjbfRNFA?pwd=5tay 提取码: 5tay 复制这段内容后打开百度网盘手机App，操作更方便哦&nbsp;<br />\r\n--来自百度网盘超级会员v5的分享</p>",
            "user": "<img height=\"25px\" src=\"https://dafstatic.oss-cn-beijing.aliyuncs.com/static/title/level4.gif\"><span class=\"orange\">学院搬运工</span>",
            "time": "2023-05-28 11:05:26"
        },
        {
            "id": 191,
            "VersionName": "95天涯超变",
            "VersionType": "95版本",
            "view_num": 53,
            "Remark": "<p>链接: https://pan.baidu.com/s/1ce1HWrJGhjGeZuxF1Xo8Og?pwd=3g1i 提取码: 3g1i 复制这段内容后打开百度网盘手机App，操作更方便哦&nbsp;<br />\r\n--来自百度网盘超级会员v5的分享</p>",
            "user": "<img height=\"25px\" src=\"https://dafstatic.oss-cn-beijing.aliyuncs.com/static/title/level4.gif\"><span class=\"orange\">学院搬运工</span>",
            "time": "2023-05-28 12:37:27"
        },
        {
            "id": 165,
            "VersionName": "95史记8.0",
            "VersionType": "95版本",
            "view_num": 52,
            "Remark": "<p>链接: https://pan.baidu.com/s/1UhYxUJBN56jfnAzjqhF_Ww?pwd=qens 提取码: qens 复制这段内容后打开百度网盘手机App，操作更方便哦&nbsp;<br />\n--来自百度网盘超级会员v2的分享</p>",
            "user": "<img height=\"25px\" src=\"https://dafstatic.oss-cn-beijing.aliyuncs.com/static/title/level4.gif\"><span class=\"orange\">学院搬运工</span>",
            "time": "2023-05-28 10:15:59"
        },
        {
            "id": 180,
            "VersionName": "95王者之路起源",
            "VersionType": "95版本",
            "view_num": 51,
            "Remark": "<p>链接: https://pan.baidu.com/s/13QOP7sonsxulntaq_vUUWQ?pwd=42xc 提取码: 42xc 复制这段内容后打开百度网盘手机App，操作更方便哦&nbsp;<br />\r\n--来自百度网盘超级会员v5的分享</p>",
            "user": "<img height=\"25px\" src=\"https://dafstatic.oss-cn-beijing.aliyuncs.com/static/title/level4.gif\"><span class=\"orange\">学院搬运工</span>",
            "time": "2023-05-28 12:32:13"
        },
        {
            "id": 171,
            "VersionName": "95神兽魔兽",
            "VersionType": "95版本",
            "view_num": 50,
            "Remark": "<p>链接: https://pan.baidu.com/s/19YJKybT-cCWopnwyt6C8aw?pwd=58s4 提取码: 58s4 复制这段内容后打开百度网盘手机App，操作更方便哦&nbsp;<br />\r\n--来自百度网盘超级会员v5的分享</p>",
            "user": "<img height=\"25px\" src=\"https://dafstatic.oss-cn-beijing.aliyuncs.com/static/title/level4.gif\"><span class=\"orange\">学院搬运工</span>",
            "time": "2023-05-28 11:04:27"
        },
        {
            "id": 169,
            "VersionName": "95非尊超变",
            "VersionType": "95版本",
            "view_num": 49,
            "Remark": "<p>链接: https://pan.baidu.com/s/1m-Lg2qQiSAXaf2bBDq-M6g?pwd=8t18 提取码: 8t18 复制这段内容后打开百度网盘手机App，操作更方便哦&nbsp;<br />\r\n--来自百度网盘超级会员v5的分享</p>",
            "user": "<img height=\"25px\" src=\"https://dafstatic.oss-cn-beijing.aliyuncs.com/static/title/level4.gif\"><span class=\"orange\">学院搬运工</span>",
            "time": "2023-05-28 11:03:39"
        },
        {
            "id": 162,
            "VersionName": "95帝皇神魔",
            "VersionType": "95版本",
            "view_num": 48,
            "Remark": "<p>链接: https://pan.baidu.com/s/1iCT8BuiZ_4rvZA_4Uep1nA?pwd=dg79 提取码: dg79 复制这段内容后打开百度网盘手机App，操作更方便哦&nbsp;<br />\r\n--来自百度网盘超级会员v5的分享</p>",
            "user": "<img height=\"25px\" src=\"https://dafstatic.oss-cn-beijing.aliyuncs.com/static/title/level4.gif\"><span class=\"orange\">学院搬运工</span>",
            "time": "2023-05-28 10:11:33"
        },
        {
            "id": 185,
            "VersionName": "95天使",
            "VersionType": "95版本",
            "view_num": 47,
            "Remark": "<p>链接: https://pan.baidu.com/s/1__mx-gysQnBLORUxPCcyxw?pwd=gh2y 提取码: gh2y 复制这段内容后打开百度网盘手机App，操作更方便哦&nbsp;<br />\r\n--来自百度网盘超级会员v5的分享</p>\r\n\r\n<p>&nbsp;</p>\r\n\r\n<p>&nbsp;</p>\r\n\r\n<p><code>本服为95级仿官版本，活动超多，长久耐玩 </code></p>\r\n\r\n<p>&nbsp;</p>\r\n\r\n<p><code>下面说攻略</code></p>\r\n\r\n<p><code>创建角色&nbsp; 进入游戏之后 直接回城镇 找赛利亚 领取新手起步装</code></p>\r\n\r\n<p><code>-----------------------------------------------------------------------------------</code></p>\r\n\r\n<p><code>上线送+12全套装备，秒升95级，无需练级</code></p>\r\n\r\n<p>&nbsp;</p>\r\n\r\n<p><code>新人上线出门往左，直奔副本区，先刷一套90SS装备（爆率合理）</code></p>\r\n\r\n<p>&nbsp;</p>\r\n\r\n<p><code>多余的90SS武器，不要扔掉，查看任务列表，支持回收。</code></p>\r\n\r\n<p>&nbsp;</p>\r\n\r\n<p><code>凑齐28把90SS武器，给150个安图恩的神经细胞，可刷150次安图恩地图</code></p>\r\n\r\n<p>&nbsp;</p>\r\n\r\n<p><code>安图恩的神经细胞还可以在凯蒂NPC处兑换，5W金币+5个史诗灵魂</code></p>\r\n\r\n<p>&nbsp;</p>\r\n\r\n<p><code>史诗灵魂可以通过分解装备获得。</code></p>\r\n\r\n<p>&nbsp;</p>\r\n\r\n<p><code>安图恩副本可直接掉落荒古装备和材料，宝珠等等。</code></p>\r\n\r\n<p>&nbsp;</p>\r\n\r\n<p><code>刷时间广场建议刷到BOSS，因为BOSS掉落时空石，时空石可合成精炼的时空石，精炼时空石就是卢克门票，后期很多装备都会用的到。</code></p>\r\n\r\n<p>&nbsp;</p>\r\n\r\n<p><code>卢克刷完可获得圣耀武器，B套防具和卢克首饰。</code></p>\r\n\r\n<p>&nbsp;</p>\r\n\r\n<p><code>刷安图恩的时候，切记要接取安图恩的称号任务，完成前置任务才会触发后续的卢克称号任务，并且才能获得哈林深渊凭证和超时空作战证明。</code></p>\r\n\r\n<p>&nbsp;</p>\r\n\r\n<p><code>哈林可掉落95SS武器和装备，超时空之战地图可掉落进阶地狱武器装备等等。</code></p>\r\n\r\n<p>&nbsp;</p>\r\n\r\n<p><code>-----------------------------------------------------------------------------------</code></p>\r\n\r\n<p><code>装备顺序介绍</code></p>\r\n\r\n<p>&nbsp;</p>\r\n\r\n<p><code>武器 </code></p>\r\n\r\n<p>&nbsp;</p>\r\n\r\n<p><code>90A--90荒古武器-90救赎武器-90自制武器-95哈林SS--95超时空武器-95苍穹武器</code></p>\r\n\r\n<p>&nbsp;</p>\r\n\r\n<p><code>防具 </code></p>\r\n\r\n<p>&nbsp;</p>\r\n\r\n<p><code>首饰 90A-90B-95哈林防具-95A苍穹防具-95B超界套系列</code></p>\r\n\r\n<p><code>-----------------------------------------------------------------------------------</code></p>\r\n\r\n<p><code>材料介绍</code></p>\r\n\r\n<p>&nbsp;</p>\r\n\r\n<p><code>史诗灵魂：可用灿烂的宇宙灵魂兑换，（宇宙灵魂通过分解史诗获得）</code></p>\r\n\r\n<p>&nbsp;</p>\r\n\r\n<p><code>安图恩的神经细胞：完成武器回收任务或可用史诗灵魂兑换。</code></p>\r\n\r\n<p>&nbsp;</p>\r\n\r\n<p><code>时空石：刷时间广场BOSS，或刷图会随机出现黄金哥布林，击杀可获得。</code></p>\r\n\r\n<p>&nbsp;</p>\r\n\r\n<p><code>精炼的时空石：可由时空石兑换获得。</code></p>\r\n\r\n<p>&nbsp;</p>\r\n\r\n<p><code>超时空之战证明：完成卢克称号任务才会奖励。注意，必须要完成安图恩称号任务才能解锁。</code></p>\r\n\r\n<p>&nbsp;</p>\r\n\r\n<p><code>哈林深渊证明：完成卢克称号任务才会奖励。注意，必须要完成安图恩称号任务才能解锁。</code></p>\r\n\r\n<p>&nbsp;</p>\r\n\r\n<p><code>星蓝宝石：可用于合成95SSA套防具，全地图掉落。</code></p>\r\n\r\n<p>&nbsp;</p>\r\n\r\n<p><code>天空之愿：可在鸟背和团队鸟背副本中掉落，用于合成苍穹碎片</code></p>\r\n\r\n<p>&nbsp;</p>\r\n\r\n<p><code>苍穹碎片：可用于合成苍穹武器和95SSA套防具的重要材料。</code></p>\r\n\r\n<p>&nbsp;</p>\r\n\r\n<p><code>暗物质：可在超时空之战副本内掉落，用于合成地狱武器和地狱首饰。</code></p>\r\n\r\n<p>&nbsp;</p>\r\n\r\n<p><code>地狱系列图纸：可在超时空之战副本BOSS掉落。</code></p>\r\n\r\n<p>&nbsp;</p>\r\n\r\n<p><code>异形结晶：可在哈林副本深渊模式掉落</code></p>\r\n\r\n<p>&nbsp;</p>\r\n\r\n<p><code>特殊能量隐藏装置：用于进入超时空之战的门票，可用诞生之芽兑换。</code></p>\r\n\r\n<p>&nbsp;</p>\r\n\r\n<p><code>诞生之芽：可全地图掉落。</code></p>\r\n\r\n<p>&nbsp;</p>\r\n\r\n<p><code>-----------------------------------------------------------------------------------</code></p>\r\n\r\n<p><code>本服特色</code></p>\r\n\r\n<p>&nbsp;</p>\r\n\r\n<p><code>1，本服采纳对比国服1：1的城镇设计</code></p>\r\n\r\n<p>&nbsp;</p>\r\n\r\n<p><code>2，技能有真二觉等各种特色技能</code></p>\r\n\r\n<p>&nbsp;</p>\r\n\r\n<p><code>3，全网最新独家的奶萝职业</code></p>\r\n\r\n<p>&nbsp;</p>\r\n\r\n<p><code>4，武器特色，每档武器都有自己独家特色特效。</code></p>\r\n\r\n<p>&nbsp;</p>\r\n\r\n<p><code>5，副本设计，本服所有副本都以优化，</code></p>\r\n\r\n<p>&nbsp;</p>\r\n\r\n<p><code>&nbsp;&nbsp;&nbsp;&nbsp;&nbsp;</code><code>从防御到攻击到特色都有调整。</code></p>\r\n\r\n<p>&nbsp;</p>\r\n\r\n<p><code>6，杜绝无脑坑钱，杜绝低爆率，爆率合理。</code></p>\r\n\r\n<p>&nbsp;</p>\r\n\r\n<p><code>7，全网独家的国服画质提升，感官提升。</code></p>\r\n\r\n<p>&nbsp;</p>\r\n\r\n<p><code>8，所有装备全部对照国服，细节狠好。</code></p>\r\n\r\n<p>&nbsp;</p>\r\n\r\n<p><code>9，活动超多，进游戏即可看。</code></p>\r\n\r\n<p>&nbsp;</p>\r\n\r\n<p><code>-----------------------------------------------------------------------------------</code></p>\r\n\r\n<p><code>活动地图介绍</code></p>\r\n\r\n<p>&nbsp;</p>\r\n\r\n<p><code>1：卡修斯的封印，</code></p>\r\n\r\n<p>&nbsp;</p>\r\n\r\n<p><code>&nbsp;&nbsp;&nbsp;</code><code>该地图于每天8:00&mdash;24：00开放，每小时的前五分钟开放，开放会有全服提示，</code></p>\r\n\r\n<p>&nbsp;</p>\r\n\r\n<p><code>&nbsp;&nbsp;&nbsp;</code><code>掉落：各种材料，皮肤晶石，精炼的时空石等等。</code></p>\r\n\r\n<p>&nbsp;</p>\r\n\r\n<p><code>2：牛头怪乐园，</code></p>\r\n\r\n<p>&nbsp;</p>\r\n\r\n<p><code>&nbsp;&nbsp;&nbsp;</code><code>打金币的好去处，商城泡点五个小时即可购买日常活动礼盒，此礼盒可永久使用，每天开启门票。</code></p>\r\n\r\n<p>&nbsp;</p>\r\n\r\n<p><code>3：马蒂亚的要塞，</code></p>\r\n\r\n<p>&nbsp;</p>\r\n\r\n<p><code>&nbsp;&nbsp;&nbsp;</code><code>每天晚上八点只开放五分钟，可有几率掉落各种材料，疲劳药，保护卷等等。</code></p>\r\n\r\n<p>&nbsp;</p>\r\n\r\n<p><code>4：黄金哥布林，</code></p>\r\n\r\n<p>&nbsp;</p>\r\n\r\n<p><code>&nbsp;&nbsp;&nbsp;</code><code>此怪物会出现于全服各种地图，只要你遇到了他，你基本就等于看到了钱。</code></p>",
            "user": "<img height=\"25px\" src=\"https://dafstatic.oss-cn-beijing.aliyuncs.com/static/title/level4.gif\"><span class=\"orange\">学院搬运工</span>",
            "time": "2023-05-28 12:34:55"
        },
        {
            "id": 187,
            "VersionName": "95天选",
            "VersionType": "95版本",
            "view_num": 47,
            "Remark": "<p>链接: https://pan.baidu.com/s/1qV8wbbg4JzQywQqgLuaFjg?pwd=gtti 提取码: gtti 复制这段内容后打开百度网盘手机App，操作更方便哦&nbsp;<br />\r\n--来自百度网盘超级会员v5的分享</p>",
            "user": "<img height=\"25px\" src=\"https://dafstatic.oss-cn-beijing.aliyuncs.com/static/title/level4.gif\"><span class=\"orange\">学院搬运工</span>",
            "time": "2023-05-28 12:36:04"
        },
        {
            "id": 190,
            "VersionName": "95阿吉",
            "VersionType": "95版本",
            "view_num": 43,
            "Remark": "<p>链接: https://pan.baidu.com/s/1HLjMbpDOX9YiQaDmqcW6_g?pwd=iwyt 提取码: iwyt 复制这段内容后打开百度网盘手机App，操作更方便哦&nbsp;<br />\r\n--来自百度网盘超级会员v5的分享</p>",
            "user": "<img height=\"25px\" src=\"https://dafstatic.oss-cn-beijing.aliyuncs.com/static/title/level4.gif\"><span class=\"orange\">学院搬运工</span>",
            "time": "2023-05-28 12:37:09"
        },
        {
            "id": 194,
            "VersionName": "95级01",
            "VersionType": "95版本",
            "view_num": 43,
            "Remark": "<p>链接: https://pan.baidu.com/s/1GNkE4AGG5h6ELg2s1H9yhw?pwd=fiki 提取码: fiki 复制这段内容后打开百度网盘手机App，操作更方便哦&nbsp;<br />\r\n--来自百度网盘超级会员v5的分享</p>",
            "user": "<img height=\"25px\" src=\"https://dafstatic.oss-cn-beijing.aliyuncs.com/static/title/level4.gif\"><span class=\"orange\">学院搬运工</span>",
            "time": "2023-05-28 12:38:29"
        },
        {
            "id": 181,
            "VersionName": "95红叶二觉",
            "VersionType": "95版本",
            "view_num": 41,
            "Remark": "<p>链接: https://pan.baidu.com/s/1D3RxFYiTsH5qT6UR5Wf7lA?pwd=ug7m 提取码: ug7m 复制这段内容后打开百度网盘手机App，操作更方便哦&nbsp;<br />\r\n--来自百度网盘超级会员v5的分享</p>",
            "user": "<img height=\"25px\" src=\"https://dafstatic.oss-cn-beijing.aliyuncs.com/static/title/level4.gif\"><span class=\"orange\">学院搬运工</span>",
            "time": "2023-05-28 12:32:45"
        },
        {
            "id": 157,
            "VersionName": "95战网6.0",
            "VersionType": "95版本",
            "view_num": 40,
            "Remark": "<p>链接: https://pan.baidu.com/s/1iBdyjtPsIHi-zEF4eIktmg?pwd=kjg6 提取码: kjg6 复制这段内容后打开百度网盘手机App，操作更方便哦&nbsp;<br />\r\n--来自百度网盘超级会员v5的分享</p>",
            "user": "<img height=\"25px\" src=\"https://dafstatic.oss-cn-beijing.aliyuncs.com/static/title/level4.gif\"><span class=\"orange\">学院搬运工</span>",
            "time": "2023-05-28 10:09:15"
        },
        {
            "id": 160,
            "VersionName": "95三界",
            "VersionType": "95版本",
            "view_num": 40,
            "Remark": "<p>链接: https://pan.baidu.com/s/1nCeq-_9PZSU3lrJGyfnSPA?pwd=urq2 提取码: urq2 复制这段内容后打开百度网盘手机App，操作更方便哦&nbsp;<br />\r\n--来自百度网盘超级会员v5的分享</p>",
            "user": "<img height=\"25px\" src=\"https://dafstatic.oss-cn-beijing.aliyuncs.com/static/title/level4.gif\"><span class=\"orange\">学院搬运工</span>",
            "time": "2023-05-28 10:10:18"
        },
        {
            "id": 177,
            "VersionName": "95十荒",
            "VersionType": "95版本",
            "view_num": 40,
            "Remark": "<p>链接: https://pan.baidu.com/s/1y3TuxExJ4oGpqpCxQj8vUQ?pwd=wper 提取码: wper 复制这段内容后打开百度网盘手机App，操作更方便哦&nbsp;<br />\r\n--来自百度网盘超级会员v5的分享</p>",
            "user": "<img height=\"25px\" src=\"https://dafstatic.oss-cn-beijing.aliyuncs.com/static/title/level4.gif\"><span class=\"orange\">学院搬运工</span>",
            "time": "2023-05-28 11:06:38"
        },
        {
            "id": 182,
            "VersionName": "95诸天",
            "VersionType": "95版本",
            "view_num": 40,
            "Remark": "<p>链接: https://pan.baidu.com/s/12-79KMxGayAsgnfDBP2MlQ?pwd=2kuw 提取码: 2kuw 复制这段内容后打开百度网盘手机App，操作更方便哦&nbsp;<br />\r\n--来自百度网盘超级会员v5的分享</p>",
            "user": "<img height=\"25px\" src=\"https://dafstatic.oss-cn-beijing.aliyuncs.com/static/title/level4.gif\"><span class=\"orange\">学院搬运工</span>",
            "time": "2023-05-28 12:33:09"
        },
        {
            "id": 195,
            "VersionName": "95赤壁",
            "VersionType": "95版本",
            "view_num": 40,
            "Remark": "<p>链接: https://pan.baidu.com/s/1xQkfvasIVXWHbTHXx6fWcg?pwd=96bb 提取码: 96bb 复制这段内容后打开百度网盘手机App，操作更方便哦&nbsp;<br />\r\n--来自百度网盘超级会员v5的分享</p>",
            "user": "<img height=\"25px\" src=\"https://dafstatic.oss-cn-beijing.aliyuncs.com/static/title/level4.gif\"><span class=\"orange\">学院搬运工</span>",
            "time": "2023-05-28 12:38:48"
        },
        {
            "id": 164,
            "VersionName": "95至尊宝3.0",
            "VersionType": "95版本",
            "view_num": 35,
            "Remark": "<p>链接: https://pan.baidu.com/s/1wwjl0pK0ImKLJXgnIQsRqQ?pwd=bqhg 提取码: bqhg 复制这段内容后打开百度网盘手机App，操作更方便哦&nbsp;<br />\r\n--来自百度网盘超级会员v5的分享</p>",
            "user": "<img height=\"25px\" src=\"https://dafstatic.oss-cn-beijing.aliyuncs.com/static/title/level4.gif\"><span class=\"orange\">学院搬运工</span>",
            "time": "2023-05-28 10:15:26"
        },
        {
            "id": 178,
            "VersionName": "95金点",
            "VersionType": "95版本",
            "view_num": 34,
            "Remark": "<p>链接: https://pan.baidu.com/s/1A3ZqJIwyp-aRe_Uuelj8bg?pwd=jnwj 提取码: jnwj 复制这段内容后打开百度网盘手机App，操作更方便哦&nbsp;<br />\r\n--来自百度网盘超级会员v5的分享</p>",
            "user": "<img height=\"25px\" src=\"https://dafstatic.oss-cn-beijing.aliyuncs.com/static/title/level4.gif\"><span class=\"orange\">学院搬运工</span>",
            "time": "2023-05-28 11:07:09"
        },
        {
            "id": 163,
            "VersionName": "95千山",
            "VersionType": "95版本",
            "view_num": 30,
            "Remark": "<p>链接: https://pan.baidu.com/s/1xw7QFJZLlensVqXvrujD0w?pwd=s25x 提取码: s25x 复制这段内容后打开百度网盘手机App，操作更方便哦&nbsp;<br />\r\n--来自百度网盘超级会员v5的分享</p>",
            "user": "<img height=\"25px\" src=\"https://dafstatic.oss-cn-beijing.aliyuncs.com/static/title/level4.gif\"><span class=\"orange\">学院搬运工</span>",
            "time": "2023-05-28 10:11:59"
        },
        {
            "id": 170,
            "VersionName": "95将臣",
            "VersionType": "95版本",
            "view_num": 30,
            "Remark": "<p>链接: https://pan.baidu.com/s/1NHR0bY4TiZLUyXTOCmmwhA?pwd=fyzt 提取码: fyzt 复制这段内容后打开百度网盘手机App，操作更方便哦&nbsp;<br />\r\n--来自百度网盘超级会员v5的分享</p>",
            "user": "<img height=\"25px\" src=\"https://dafstatic.oss-cn-beijing.aliyuncs.com/static/title/level4.gif\"><span class=\"orange\">学院搬运工</span>",
            "time": "2023-05-28 11:04:07"
        },
        {
            "id": 183,
            "VersionName": "95龙见",
            "VersionType": "95版本",
            "view_num": 30,
            "Remark": "<p>链接: https://pan.baidu.com/s/1N2DEdKY1xJOyt2lRvnNuDQ?pwd=c23g 提取码: c23g 复制这段内容后打开百度网盘手机App，操作更方便哦&nbsp;<br />\r\n--来自百度网盘超级会员v5的分享</p>",
            "user": "<img height=\"25px\" src=\"https://dafstatic.oss-cn-beijing.aliyuncs.com/static/title/level4.gif\"><span class=\"orange\">学院搬运工</span>",
            "time": "2023-05-28 12:33:34"
        }
    ]
}