{
    "total": 11,
    "rows": [
        {
            "id": 292,
            "VersionName": "80龙鸣<span style='margin-left: 2px;padding-left: 16px;color: blue;text-align: center;background: url(/static/images/msg.png) no-repeat; center' title='回复'>1</span>",
            "VersionType": "80版本",
            "view_num": 1188,
            "Remark": "<p>链接: https://pan.baidu.com/s/1r8Z7ezlMfN2_MGWGZBTfhg?pwd=5dws 提取码: 5dws 复制这段内容后打开百度网盘手机App，操作更方便哦&nbsp;<br />\r\n--来自百度网盘超级会员v5的分享</p>",
            "user": "<img height=\"25px\" src=\"https://dafstatic.oss-cn-beijing.aliyuncs.com/static/title/level4.gif\"><span class=\"orange\">学院搬运工</span>",
            "time": "2023-05-28 14:02:59"
        },
        {
            "id": 377,
            "VersionName": "70侍魂顾惜精修二觉",
            "VersionType": "80版本",
            "view_num": 391,
            "Remark": "<p>链接: https://pan.baidu.com/s/1elaej7CS972LpKR5YVXFlA?pwd=hdqp 提取码: hdqp 复制这段内容后打开百度网盘手机App，操作更方便哦&nbsp;<br />\r\n--来自百度网盘超级会员v5的分享</p>",
            "user": "<img height=\"25px\" src=\"https://dafstatic.oss-cn-beijing.aliyuncs.com/static/title/level4.gif\"><span class=\"orange\">学院搬运工</span>",
            "time": "2023-07-22 22:30:19"
        },
        {
            "id": 291,
            "VersionName": "80牧野4阶",
            "VersionType": "80版本",
            "view_num": 281,
            "Remark": "<p>链接: https://pan.baidu.com/s/1tCu5Xp2pi0udOBUZ3lxgMw?pwd=t725 提取码: t725 复制这段内容后打开百度网盘手机App，操作更方便哦&nbsp;<br />\r\n--来自百度网盘超级会员v5的分享</p>",
            "user": "<img height=\"25px\" src=\"https://dafstatic.oss-cn-beijing.aliyuncs.com/static/title/level4.gif\"><span class=\"orange\">学院搬运工</span>",
            "time": "2023-05-28 14:02:44"
        },
        {
            "id": 296,
            "VersionName": "80梦谣二觉",
            "VersionType": "80版本",
            "view_num": 228,
            "Remark": "<p>链接: https://pan.baidu.com/s/1rsciKxHguBBieYmKwBPpAw?pwd=mpqn 提取码: mpqn 复制这段内容后打开百度网盘手机App，操作更方便哦&nbsp;<br />\r\n--来自百度网盘超级会员v5的分享</p>",
            "user": "<img height=\"25px\" src=\"https://dafstatic.oss-cn-beijing.aliyuncs.com/static/title/level4.gif\"><span class=\"orange\">学院搬运工</span>",
            "time": "2023-05-28 14:04:07"
        },
        {
            "id": 295,
            "VersionName": "80南天国",
            "VersionType": "80版本",
            "view_num": 227,
            "Remark": "<p>链接: https://pan.baidu.com/s/1DVi-CdfIScj-TLUjbbkxKw?pwd=wezu 提取码: wezu 复制这段内容后打开百度网盘手机App，操作更方便哦&nbsp;<br />\r\n--来自百度网盘超级会员v5的分享</p>",
            "user": "<img height=\"25px\" src=\"https://dafstatic.oss-cn-beijing.aliyuncs.com/static/title/level4.gif\"><span class=\"orange\">学院搬运工</span>",
            "time": "2023-05-28 14:03:51"
        },
        {
            "id": 290,
            "VersionName": "80橙子库",
            "VersionType": "80版本",
            "view_num": 179,
            "Remark": "<p>链接: https://pan.baidu.com/s/1TiTAwqiB3FWHxuJH5Rq8wg?pwd=dpam 提取码: dpam 复制这段内容后打开百度网盘手机App，操作更方便哦&nbsp;<br />\r\n--来自百度网盘超级会员v5的分享</p>",
            "user": "<img height=\"25px\" src=\"https://dafstatic.oss-cn-beijing.aliyuncs.com/static/title/level4.gif\"><span class=\"orange\">学院搬运工</span>",
            "time": "2023-05-28 14:02:30"
        },
        {
            "id": 289,
            "VersionName": "80超能",
            "VersionType": "80版本",
            "view_num": 136,
            "Remark": "<p>链接: https://pan.baidu.com/s/1Ci7UJzBygvJ3V45u3FStIw?pwd=hrtg 提取码: hrtg 复制这段内容后打开百度网盘手机App，操作更方便哦&nbsp;<br />\r\n--来自百度网盘超级会员v5的分享</p>",
            "user": "<img height=\"25px\" src=\"https://dafstatic.oss-cn-beijing.aliyuncs.com/static/title/level4.gif\"><span class=\"orange\">学院搬运工</span>",
            "time": "2023-05-28 14:02:15"
        },
        {
            "id": 297,
            "VersionName": "80V神",
            "VersionType": "80版本",
            "view_num": 129,
            "Remark": "<p>链接: https://pan.baidu.com/s/1qiuCT8e0gjXvG0pOko7Vtg?pwd=kyad 提取码: kyad 复制这段内容后打开百度网盘手机App，操作更方便哦&nbsp;<br />\r\n--来自百度网盘超级会员v5的分享</p>",
            "user": "<img height=\"25px\" src=\"https://dafstatic.oss-cn-beijing.aliyuncs.com/static/title/level4.gif\"><span class=\"orange\">学院搬运工</span>",
            "time": "2023-05-28 14:04:22"
        },
        {
            "id": 150,
            "VersionName": "孤风80版本",
            "VersionType": "80版本",
            "view_num": 115,
            "Remark": "<p>链接：https://pan.baidu.com/s/18BmqnVqGAUHtDdiUmm1yrA&nbsp;<br />\n提取码：w3r5</p>",
            "user": "<img height=\"25px\" src=\"https://dafstatic.oss-cn-beijing.aliyuncs.com/static/title/level4.gif\"><span class=\"orange\">学院搬运工</span>",
            "time": "2023-05-17 21:59:30"
        },
        {
            "id": 294,
            "VersionName": "80孤风",
            "VersionType": "80版本",
            "view_num": 103,
            "Remark": "<p>链接: https://pan.baidu.com/s/1s0WqaIAxJJOjfavGtMSsTg?pwd=phnx 提取码: phnx 复制这段内容后打开百度网盘手机App，操作更方便哦&nbsp;<br />\r\n--来自百度网盘超级会员v5的分享</p>",
            "user": "<img height=\"25px\" src=\"https://dafstatic.oss-cn-beijing.aliyuncs.com/static/title/level4.gif\"><span class=\"orange\">学院搬运工</span>",
            "time": "2023-05-28 14:03:35"
        },
        {
            "id": 293,
            "VersionName": "80魔都",
            "VersionType": "80版本",
            "view_num": 99,
            "Remark": "<p>链接: https://pan.baidu.com/s/1f493duf7ALoxJum2nzvFJw?pwd=cq8x 提取码: cq8x 复制这段内容后打开百度网盘手机App，操作更方便哦&nbsp;<br />\r\n--来自百度网盘超级会员v5的分享</p>",
            "user": "<img height=\"25px\" src=\"https://dafstatic.oss-cn-beijing.aliyuncs.com/static/title/level4.gif\"><span class=\"orange\">学院搬运工</span>",
            "time": "2023-05-28 14:03:15"
        }
    ]
}