{
    "content": "<p>&nbsp;</p>\r\n\r\n<p>&nbsp;</p>\r\n\r\n<p><br />\r\n对象：自己，数值为范围。-1为自身，若数值增加则对象影响范围增加。</p>\r\n\r\n<p>[target]<br />\r\n&#39;myself&#39; -1<br />\r\n相关参数：</p>\r\n\r\n<p>自己：myself<br />\r\n敌人：enemy<br />\r\n附近敌人：enemy near<br />\r\n所有敌人：all enemy<br />\r\n全体队员：party</p>\r\n\r\n<p>&nbsp;</p>",
    "auth_users": "学院搬运工",
    "img": "https://dafstatic.oss-cn-beijing.aliyuncs.com/static/title/level4.gif",
    "create_at": "2023-04-16T09:35:04.010",
    "view_num": 496
}